2026/08/07 14:04:16.186, 0, 103100, 0, 200.30
2026/08/07 14:04:16.202, 1, 103096, 100, 203.67
2026/08/07 14:04:16.216, 2, 103096, 100, 195.16
2026/08/07 14:04:16.227, 3, 103096, 100, 209.40
2026/08/07 14:04:16.235, 4, 103110, 0, 196.53
2026/08/07 14:04:16.243, 5, 103106, 27, 198.59
2026/08/07 14:04:16.250, 6, 103106, 72, 197.20
2026/08/07 14:04:16.258, 7, 103106, 49, 202.13
2026/08/07 14:04:16.767, 0, 103100, 0, 200.30
2026/08/07 14:04:16.767, 1, 103096, 100, 203.71
2026/08/07 14:04:16.767, 2, 103096, 100, 195.62
2026/08/07 14:04:16.767, 3, 103096, 100, 209.55
2026/08/07 14:04:16.767, 4, 103110, 0, 196.60
2026/08/07 14:04:16.767, 5, 103106, 100, 199.29
2026/08/07 14:04:16.767, 6, 103106, 100, 197.60
2026/08/07 14:04:16.767, 7, 103106, 100, 202.24
2026/08/07 14:04:17.267, 0, 103100, 0, 200.57
2026/08/07 14:04:17.267, 1, 103096, 100, 204.01
2026/08/07 14:04:17.267, 2, 103096, 100, 196.02
2026/08/07 14:04:17.267, 3, 103096, 100, 209.77
2026/08/07 14:04:17.267, 4, 103110, 0, 196.44
2026/08/07 14:04:17.267, 5, 103106, 100, 199.41
2026/08/07 14:04:17.267, 6, 103106, 100, 197.51
2026/08/07 14:04:17.267, 7, 103106, 100, 202.13
2026/08/07 14:04:17.767, 0, 103100, 0, 200.64
2026/08/07 14:04:17.767, 1, 103096, 100, 204.01
2026/08/07 14:04:17.767, 2, 103096, 100, 196.06
2026/08/07 14:04:17.767, 3, 103096, 100, 209.66
2026/08/07 14:04:17.767, 4, 103110, 0, 196.69
2026/08/07 14:04:17.767, 5, 103106, 100, 199.56
2026/08/07 14:04:17.767, 6, 103106, 100, 197.94
2026/08/07 14:04:17.767, 7, 103106, 100, 202.66
2026/08/07 14:04:18.267, 0, 103100, 0, 200.38
2026/08/07 14:04:18.267, 1, 103096, 100, 203.75
2026/08/07 14:04:18.267, 2, 103096, 100, 195.78
2026/08/07 14:04:18.267, 3, 103096, 100, 209.40
2026/08/07 14:04:18.267, 4, 103110, 0, 196.53
2026/08/07 14:04:18.268, 5, 103106, 100, 199.79
2026/08/07 14:04:18.268, 6, 103106, 100, 197.98
2026/08/07 14:04:18.268, 7, 103106, 100, 202.57
2026/08/07 14:04:18.768, 0, 103100, 0, 200.26
2026/08/07 14:04:18.768, 1, 103096, 100, 203.75
2026/08/07 14:04:18.768, 2, 103096, 100, 195.94
2026/08/07 14:04:18.768, 3, 103096, 100, 209.40
2026/08/07 14:04:18.768, 4, 103110, 0, 196.26
2026/08/07 14:04:18.768, 5, 103106, 100, 199.64
2026/08/07 14:04:18.768, 6, 103106, 100, 197.60
2026/08/07 14:04:18.768, 7, 103106, 100, 202.10
2026/08/07 14:04:19.269, 0, 103100, 0, 215.72
2026/08/07 14:04:19.270, 1, 103096, 100, 237.78
2026/08/07 14:04:19.270, 2, 103096, 100, 195.75
2026/08/07 14:04:19.271, 3, 103096, 100, 209.43
2026/08/07 14:04:19.272, 4, 103110, 0, 196.23
2026/08/07 14:04:19.272, 5, 103106, 100, 199.21
2026/08/07 14:04:19.273, 6, 103106, 100, 197.34
2026/08/07 14:04:19.274, 7, 103106, 100, 202.13
2026/08/07 14:04:19.774, 0, 103100, 0, 378.22
2026/08/07 14:04:19.774, 1, 103096, 0, 385.54
2026/08/07 14:04:19.774, 2, 103096, 41, 381.19
2026/08/07 14:04:19.774, 3, 103096, 66, 384.65
2026/08/07 14:04:19.774, 4, 103110, 86, 363.75
2026/08/07 14:04:19.774, 5, 103106, 90, 364.44
2026/08/07 14:04:19.774, 6, 103106, 97, 364.57
2026/08/07 14:04:19.774, 7, 103106, 97, 376.88
2026/08/07 14:04:20.275, 0, 103100, 0, 376.70
2026/08/07 14:04:20.275, 1, 103096, 0, 364.84
2026/08/07 14:04:20.275, 2, 103096, 0, 381.63
2026/08/07 14:04:20.275, 3, 103096, 0, 388.78
2026/08/07 14:04:20.275, 4, 103110, 0, 377.75
2026/08/07 14:04:20.275, 5, 103106, 0, 377.16
2026/08/07 14:04:20.275, 6, 103106, 0, 371.51
2026/08/07 14:04:20.275, 7, 103106, 0, 383.24
2026/08/07 14:04:20.775, 0, 103100, 0, 218.93
2026/08/07 14:04:20.775, 1, 104260, 40, 262.99
2026/08/07 14:04:20.775, 2, 104260, 0, 196.51
2026/08/07 14:04:20.775, 3, 104260, 12, 210.59
2026/08/07 14:04:20.775, 4, 103110, 0, 224.39
2026/08/07 14:04:20.775, 5, 103106, 0, 224.56
2026/08/07 14:04:20.775, 6, 103106, 0, 218.54
2026/08/07 14:04:20.775, 7, 103106, 0, 214.06
2026/08/07 14:04:21.275, 0, 103100, 97, 525.95
2026/08/07 14:04:21.275, 1, 104260, 96, 549.59
2026/08/07 14:04:21.276, 2, 104260, 94, 469.88
2026/08/07 14:04:21.276, 3, 104260, 98, 488.79
2026/08/07 14:04:21.276, 4, 103110, 0, 198.09
2026/08/07 14:04:21.276, 5, 103106, 0, 200.02
2026/08/07 14:04:21.276, 6, 104270, 17, 197.87
2026/08/07 14:04:21.276, 7, 103106, 0, 202.62
2026/08/07 14:04:21.776, 0, 103100, 100, 848.15
2026/08/07 14:04:21.776, 1, 104260, 100, 838.63
2026/08/07 14:04:21.776, 2, 104260, 100, 811.51
2026/08/07 14:04:21.776, 3, 104260, 99, 832.16
2026/08/07 14:04:21.776, 4, 103110, 100, 441.98
2026/08/07 14:04:21.776, 5, 104270, 100, 451.59
2026/08/07 14:04:21.776, 6, 104270, 100, 444.44
2026/08/07 14:04:21.776, 7, 104270, 100, 464.53
2026/08/07 14:04:22.276, 0, 103100, 99, 880.89
2026/08/07 14:04:22.276, 1, 104260, 99, 889.39
2026/08/07 14:04:22.276, 2, 104260, 99, 873.79
2026/08/07 14:04:22.276, 3, 104260, 99, 885.83
2026/08/07 14:04:22.276, 4, 103110, 100, 773.59
2026/08/07 14:04:22.276, 5, 104270, 100, 790.92
2026/08/07 14:04:22.276, 6, 104270, 100, 766.84
2026/08/07 14:04:22.276, 7, 104270, 100, 808.63
2026/08/07 14:04:22.776, 0, 103100, 100, 878.33
2026/08/07 14:04:22.776, 1, 104260, 100, 885.94
2026/08/07 14:04:22.776, 2, 104260, 100, 879.17
2026/08/07 14:04:22.776, 3, 104260, 99, 889.90
2026/08/07 14:04:22.776, 4, 103110, 100, 866.89
2026/08/07 14:04:22.776, 5, 104270, 100, 881.01
2026/08/07 14:04:22.776, 6, 104270, 100, 865.61
2026/08/07 14:04:22.776, 7, 104270, 100, 892.78
2026/08/07 14:04:23.276, 0, 103100, 99, 881.48
2026/08/07 14:04:23.276, 1, 104260, 99, 890.05
2026/08/07 14:04:23.276, 2, 104260, 99, 875.53
2026/08/07 14:04:23.276, 3, 104260, 99, 890.16
2026/08/07 14:04:23.276, 4, 103110, 100, 871.13
2026/08/07 14:04:23.276, 5, 104270, 100, 882.41
2026/08/07 14:04:23.276, 6, 104270, 100, 860.37
2026/08/07 14:04:23.276, 7, 104270, 100, 894.19
2026/08/07 14:04:23.779, 0, 103100, 0, 663.98
2026/08/07 14:04:23.783, 1, 104260, 100, 653.87
2026/08/07 14:04:23.783, 2, 104260, 100, 631.83
2026/08/07 14:04:23.783, 3, 104260, 1, 710.30
2026/08/07 14:04:23.784, 4, 103110, 100, 872.37
2026/08/07 14:04:23.784, 5, 104270, 100, 876.44
2026/08/07 14:04:23.784, 6, 104270, 100, 860.41
2026/08/07 14:04:23.784, 7, 104270, 100, 895.31
2026/08/07 14:04:24.288, 0, 103100, 0, 339.37
2026/08/07 14:04:24.288, 1, 104260, 0, 317.96
2026/08/07 14:04:24.288, 2, 104260, 0, 303.14
2026/08/07 14:04:24.288, 3, 104260, 0, 372.63
2026/08/07 14:04:24.288, 4, 103110, 0, 725.43
2026/08/07 14:04:24.288, 5, 104270, 0, 730.25
2026/08/07 14:04:24.288, 6, 104270, 0, 719.03
2026/08/07 14:04:24.288, 7, 104270, 0, 734.62
2026/08/07 14:04:24.788, 0, 103100, 0, 220.11
2026/08/07 14:04:24.789, 1, 104260, 0, 208.76
2026/08/07 14:04:24.789, 2, 104260, 0, 199.24
2026/08/07 14:04:24.789, 3, 104260, 0, 214.76
2026/08/07 14:04:24.789, 4, 103110, 0, 389.55
2026/08/07 14:04:24.789, 5, 104270, 100, 397.55
2026/08/07 14:04:24.789, 6, 104270, 100, 396.36
2026/08/07 14:04:24.789, 7, 104270, 100, 397.58
2026/08/07 14:04:25.295, 0, 103100, 0, 202.17
2026/08/07 14:04:25.295, 1, 104260, 0, 205.72
2026/08/07 14:04:25.295, 2, 104260, 0, 196.25
2026/08/07 14:04:25.295, 3, 104260, 0, 211.21
2026/08/07 14:04:25.295, 4, 103110, 0, 198.69
2026/08/07 14:04:25.295, 5, 104270, 100, 202.04
2026/08/07 14:04:25.295, 6, 104270, 100, 199.07
2026/08/07 14:04:25.295, 7, 104270, 100, 204.71
2026/08/07 14:04:25.795, 0, 103100, 0, 201.98
2026/08/07 14:04:25.795, 1, 104260, 0, 205.49
2026/08/07 14:04:25.795, 2, 104260, 0, 196.25
2026/08/07 14:04:25.796, 3, 104260, 0, 211.14
2026/08/07 14:04:25.796, 4, 103110, 0, 198.05
2026/08/07 14:04:25.796, 5, 104270, 100, 200.85
2026/08/07 14:04:25.796, 6, 104270, 100, 198.27
2026/08/07 14:04:25.796, 7, 104270, 100, 203.96
2026/08/07 14:04:26.296, 0, 103100, 17, 224.92
2026/08/07 14:04:26.296, 1, 104260, 0, 217.29
2026/08/07 14:04:26.296, 2, 104260, 42, 222.14
2026/08/07 14:04:26.296, 3, 104260, 99, 234.36
2026/08/07 14:04:26.296, 4, 103110, 0, 216.15
2026/08/07 14:04:26.297, 5, 104270, 0, 203.27
2026/08/07 14:04:26.297, 6, 104270, 0, 200.74
2026/08/07 14:04:26.297, 7, 104270, 0, 206.26
2026/08/07 14:04:26.799, 0, 103100, 87, 514.53
2026/08/07 14:04:26.799, 1, 104260, 95, 546.17
2026/08/07 14:04:26.800, 2, 104260, 92, 531.73
2026/08/07 14:04:26.800, 3, 104260, 91, 544.90
2026/08/07 14:04:26.800, 4, 103110, 0, 216.51
2026/08/07 14:04:26.800, 5, 104270, 0, 203.01
2026/08/07 14:04:26.800, 6, 104270, 0, 200.46
2026/08/07 14:04:26.800, 7, 104270, 0, 206.25
2026/08/07 14:04:27.300, 0, 103100, 99, 829.62
2026/08/07 14:04:27.301, 1, 104260, 100, 868.61
2026/08/07 14:04:27.301, 2, 104260, 87, 829.98
2026/08/07 14:04:27.301, 3, 104260, 100, 866.16
2026/08/07 14:04:27.301, 4, 103110, 0, 197.93
2026/08/07 14:04:27.302, 5, 104270, 0, 199.87
2026/08/07 14:04:27.302, 6, 104270, 0, 197.62
2026/08/07 14:04:27.302, 7, 104270, 0, 203.65
2026/08/07 14:04:27.802, 0, 103100, 97, 898.47
2026/08/07 14:04:27.802, 1, 104260, 100, 882.36
2026/08/07 14:04:27.802, 2, 104260, 100, 848.68
2026/08/07 14:04:27.802, 3, 104260, 100, 908.51
2026/08/07 14:04:27.802, 4, 103110, 0, 246.80
2026/08/07 14:04:27.802, 5, 104270, 0, 249.99
2026/08/07 14:04:27.802, 6, 104270, 10, 251.60
2026/08/07 14:04:27.802, 7, 104270, 0, 268.68
2026/08/07 14:04:28.302, 0, 103100, 100, 928.43
2026/08/07 14:04:28.302, 1, 104260, 100, 922.18
2026/08/07 14:04:28.302, 2, 104260, 100, 908.50
2026/08/07 14:04:28.302, 3, 104260, 100, 936.00
2026/08/07 14:04:28.302, 4, 103110, 100, 613.76
2026/08/07 14:04:28.303, 5, 104270, 100, 625.51
2026/08/07 14:04:28.303, 6, 104270, 100, 605.84
2026/08/07 14:04:28.303, 7, 104270, 100, 644.92
2026/08/07 14:04:28.803, 0, 103100, 100, 951.82
2026/08/07 14:04:28.803, 1, 104260, 100, 962.10
2026/08/07 14:04:28.803, 2, 104260, 100, 954.93
2026/08/07 14:04:28.803, 3, 104260, 100, 952.25
2026/08/07 14:04:28.803, 4, 103110, 100, 935.26
2026/08/07 14:04:28.803, 5, 104270, 100, 948.02
2026/08/07 14:04:28.803, 6, 104270, 100, 929.59
2026/08/07 14:04:28.803, 7, 104270, 100, 962.37
2026/08/07 14:04:29.303, 0, 103100, 100, 942.57
2026/08/07 14:04:29.303, 1, 104260, 100, 962.12
2026/08/07 14:04:29.303, 2, 104260, 100, 951.62
2026/08/07 14:04:29.304, 3, 104260, 100, 952.41
2026/08/07 14:04:29.304, 4, 103110, 100, 937.38
2026/08/07 14:04:29.305, 5, 104270, 100, 954.35
2026/08/07 14:04:29.305, 6, 104270, 100, 938.15
2026/08/07 14:04:29.306, 7, 104270, 100, 967.46
2026/08/07 14:04:29.806, 0, 103100, 100, 944.77
2026/08/07 14:04:29.806, 1, 104260, 100, 948.87
2026/08/07 14:04:29.806, 2, 104260, 100, 934.75
2026/08/07 14:04:29.806, 3, 104260, 100, 949.74
2026/08/07 14:04:29.806, 4, 103110, 100, 939.98
2026/08/07 14:04:29.806, 5, 104270, 100, 962.59
2026/08/07 14:04:29.806, 6, 104270, 100, 942.27
2026/08/07 14:04:29.806, 7, 104270, 100, 969.67
2026/08/07 14:04:30.306, 0, 103100, 100, 938.63
2026/08/07 14:04:30.306, 1, 104260, 100, 945.95
2026/08/07 14:04:30.306, 2, 104260, 100, 935.53
2026/08/07 14:04:30.306, 3, 104260, 100, 941.97
2026/08/07 14:04:30.306, 4, 103110, 100, 939.10
2026/08/07 14:04:30.306, 5, 104270, 100, 953.95
2026/08/07 14:04:30.306, 6, 104270, 100, 934.17
2026/08/07 14:04:30.306, 7, 104270, 100, 973.13
2026/08/07 14:04:30.806, 0, 103100, 100, 943.55
2026/08/07 14:04:30.806, 1, 104260, 100, 953.09
2026/08/07 14:04:30.806, 2, 104260, 100, 951.83
2026/08/07 14:04:30.806, 3, 104260, 100, 947.30
2026/08/07 14:04:30.806, 4, 103110, 100, 935.06
2026/08/07 14:04:30.806, 5, 104270, 100, 945.75
2026/08/07 14:04:30.806, 6, 104270, 100, 932.22
2026/08/07 14:04:30.807, 7, 104270, 100, 964.81
2026/08/07 14:04:31.307, 0, 103100, 0, 695.28
2026/08/07 14:04:31.307, 1, 104260, 0, 660.11
2026/08/07 14:04:31.307, 2, 104260, 0, 649.08
2026/08/07 14:04:31.307, 3, 104260, 0, 655.46
2026/08/07 14:04:31.307, 4, 103110, 100, 934.98
2026/08/07 14:04:31.307, 5, 104270, 100, 942.85
2026/08/07 14:04:31.307, 6, 104270, 100, 930.20
2026/08/07 14:04:31.307, 7, 104270, 100, 955.15
2026/08/07 14:04:31.807, 0, 103100, 100, 318.96
2026/08/07 14:04:31.807, 1, 104260, 0, 297.22
2026/08/07 14:04:31.808, 2, 104260, 0, 284.48
2026/08/07 14:04:31.809, 3, 104260, 0, 300.07
2026/08/07 14:04:31.809, 4, 103110, 100, 936.21
2026/08/07 14:04:31.810, 5, 104270, 100, 948.40
2026/08/07 14:04:31.811, 6, 104270, 100, 932.23
2026/08/07 14:04:31.812, 7, 104270, 100, 957.87
2026/08/07 14:04:32.312, 0, 103100, 100, 214.15
2026/08/07 14:04:32.312, 1, 104260, 0, 220.35
2026/08/07 14:04:32.312, 2, 104260, 0, 213.11
2026/08/07 14:04:32.312, 3, 104260, 100, 233.83
2026/08/07 14:04:32.312, 4, 103110, 0, 754.75
2026/08/07 14:04:32.312, 5, 104270, 0, 840.48
2026/08/07 14:04:32.312, 6, 104270, 0, 830.58
2026/08/07 14:04:32.312, 7, 104270, 0, 839.72
2026/08/07 14:04:32.812, 0, 103100, 100, 275.60
2026/08/07 14:04:32.812, 1, 104260, 0, 291.77
2026/08/07 14:04:32.812, 2, 104260, 1, 285.56
2026/08/07 14:04:32.812, 3, 104260, 100, 310.54
2026/08/07 14:04:32.812, 4, 103110, 100, 399.80
2026/08/07 14:04:32.812, 5, 104270, 0, 478.17
2026/08/07 14:04:32.812, 6, 104270, 0, 464.05
2026/08/07 14:04:32.812, 7, 104270, 0, 467.16
2026/08/07 14:04:33.312, 0, 103100, 100, 632.50
2026/08/07 14:04:33.312, 1, 104260, 100, 657.37
2026/08/07 14:04:33.312, 2, 104260, 100, 648.35
2026/08/07 14:04:33.312, 3, 104260, 100, 652.29
2026/08/07 14:04:33.312, 4, 103110, 100, 282.91
2026/08/07 14:04:33.312, 5, 104270, 100, 237.04
2026/08/07 14:04:33.312, 6, 104270, 100, 233.90
2026/08/07 14:04:33.312, 7, 104270, 13, 251.78
2026/08/07 14:04:33.812, 0, 103100, 100, 937.91
2026/08/07 14:04:33.812, 1, 104260, 100, 959.65
2026/08/07 14:04:33.812, 2, 104260, 100, 950.54
2026/08/07 14:04:33.812, 3, 104260, 100, 949.17
2026/08/07 14:04:33.812, 4, 103110, 100, 424.24
2026/08/07 14:04:33.812, 5, 104270, 100, 362.53
2026/08/07 14:04:33.812, 6, 104270, 100, 351.83
2026/08/07 14:04:33.812, 7, 104270, 0, 374.22
2026/08/07 14:04:34.313, 0, 103100, 100, 955.63
2026/08/07 14:04:34.313, 1, 104260, 100, 971.31
2026/08/07 14:04:34.313, 2, 104260, 100, 956.01
2026/08/07 14:04:34.313, 3, 104260, 100, 963.57
2026/08/07 14:04:34.313, 4, 103110, 100, 722.31
2026/08/07 14:04:34.313, 5, 104270, 100, 707.72
2026/08/07 14:04:34.313, 6, 104270, 100, 691.33
2026/08/07 14:04:34.313, 7, 104270, 100, 715.51
2026/08/07 14:04:34.813, 0, 103100, 100, 965.46
2026/08/07 14:04:34.813, 1, 104260, 100, 972.93
2026/08/07 14:04:34.813, 2, 104260, 100, 962.10
2026/08/07 14:04:34.813, 3, 104260, 100, 965.02
2026/08/07 14:04:34.813, 4, 103110, 100, 942.22
2026/08/07 14:04:34.813, 5, 104270, 100, 954.76
2026/08/07 14:04:34.813, 6, 104270, 100, 940.48
2026/08/07 14:04:34.813, 7, 104270, 100, 972.54
2026/08/07 14:04:35.313, 0, 103100, 100, 964.11
2026/08/07 14:04:35.313, 1, 104260, 100, 959.83
2026/08/07 14:04:35.313, 2, 104260, 100, 953.76
2026/08/07 14:04:35.313, 3, 104260, 100, 969.45
2026/08/07 14:04:35.313, 4, 103110, 100, 944.62
2026/08/07 14:04:35.313, 5, 104270, 100, 968.55
2026/08/07 14:04:35.313, 6, 104270, 100, 942.91
2026/08/07 14:04:35.313, 7, 104270, 100, 968.15
2026/08/07 14:04:35.813, 0, 103100, 100, 960.23
2026/08/07 14:04:35.813, 1, 104260, 100, 957.54
2026/08/07 14:04:35.814, 2, 104260, 100, 944.11
2026/08/07 14:04:35.814, 3, 104260, 100, 957.75
2026/08/07 14:04:35.814, 4, 103110, 100, 943.61
2026/08/07 14:04:35.814, 5, 104270, 100, 966.17
2026/08/07 14:04:35.814, 6, 104270, 100, 936.84
2026/08/07 14:04:35.814, 7, 104270, 100, 967.57
2026/08/07 14:04:36.314, 0, 103100, 100, 952.28
2026/08/07 14:04:36.314, 1, 104260, 100, 964.69
2026/08/07 14:04:36.314, 2, 104260, 100, 939.76
2026/08/07 14:04:36.314, 3, 104260, 100, 951.99
2026/08/07 14:04:36.314, 4, 103110, 100, 941.11
2026/08/07 14:04:36.314, 5, 104270, 100, 958.80
2026/08/07 14:04:36.314, 6, 104270, 100, 933.41
2026/08/07 14:04:36.314, 7, 104270, 100, 966.38
2026/08/07 14:04:36.814, 0, 103100, 100, 942.73
2026/08/07 14:04:36.816, 1, 104260, 100, 966.51
2026/08/07 14:04:36.817, 2, 104260, 100, 945.64
2026/08/07 14:04:36.820, 3, 104260, 100, 951.33
2026/08/07 14:04:36.820, 4, 103110, 100, 936.29
2026/08/07 14:04:36.824, 5, 104270, 100, 957.36
2026/08/07 14:04:36.824, 6, 104270, 100, 933.94
2026/08/07 14:04:36.828, 7, 104270, 100, 955.79
2026/08/07 14:04:37.328, 0, 103100, 99, 937.26
2026/08/07 14:04:37.328, 1, 104260, 99, 954.04
2026/08/07 14:04:37.328, 2, 104260, 100, 945.78
2026/08/07 14:04:37.328, 3, 104260, 99, 946.64
2026/08/07 14:04:37.328, 4, 103110, 100, 941.46
2026/08/07 14:04:37.328, 5, 104270, 100, 953.02
2026/08/07 14:04:37.328, 6, 104270, 100, 939.70
2026/08/07 14:04:37.328, 7, 104270, 100, 957.38
2026/08/07 14:04:37.829, 0, 103100, 100, 943.34
2026/08/07 14:04:37.829, 1, 104260, 100, 958.76
2026/08/07 14:04:37.829, 2, 104260, 100, 945.24
2026/08/07 14:04:37.829, 3, 104260, 100, 956.54
2026/08/07 14:04:37.829, 4, 103110, 100, 940.03
2026/08/07 14:04:37.829, 5, 104270, 100, 947.16
2026/08/07 14:04:37.829, 6, 104270, 100, 934.67
2026/08/07 14:04:37.829, 7, 104270, 100, 968.28
2026/08/07 14:04:38.329, 0, 103100, 100, 960.63
2026/08/07 14:04:38.329, 1, 104260, 100, 979.28
2026/08/07 14:04:38.329, 2, 104260, 100, 946.05
2026/08/07 14:04:38.329, 3, 104260, 100, 966.68
2026/08/07 14:04:38.329, 4, 103110, 100, 933.09
2026/08/07 14:04:38.329, 5, 104270, 100, 934.70
2026/08/07 14:04:38.329, 6, 104270, 100, 927.28
2026/08/07 14:04:38.329, 7, 104270, 100, 969.14
2026/08/07 14:04:38.829, 0, 103100, 100, 961.42
2026/08/07 14:04:38.829, 1, 104260, 100, 976.11
2026/08/07 14:04:38.829, 2, 104260, 100, 950.16
2026/08/07 14:04:38.829, 3, 104260, 100, 960.23
2026/08/07 14:04:38.829, 4, 103110, 100, 935.98
2026/08/07 14:04:38.829, 5, 104270, 100, 951.11
2026/08/07 14:04:38.829, 6, 104270, 100, 933.46
2026/08/07 14:04:38.829, 7, 104270, 100, 957.94
2026/08/07 14:04:39.329, 0, 103100, 100, 957.42
2026/08/07 14:04:39.330, 1, 104260, 100, 973.60
2026/08/07 14:04:39.331, 2, 104260, 100, 951.15
2026/08/07 14:04:39.333, 3, 104260, 100, 957.89
2026/08/07 14:04:39.334, 4, 103110, 100, 948.32
2026/08/07 14:04:39.335, 5, 104270, 100, 964.31
2026/08/07 14:04:39.336, 6, 104270, 100, 944.65
2026/08/07 14:04:39.337, 7, 104270, 100, 963.55
2026/08/07 14:04:39.838, 0, 103100, 100, 955.49
2026/08/07 14:04:39.838, 1, 104260, 100, 973.34
2026/08/07 14:04:39.838, 2, 104260, 100, 953.72
2026/08/07 14:04:39.838, 3, 104260, 100, 960.62
2026/08/07 14:04:39.838, 4, 103110, 100, 947.16
2026/08/07 14:04:39.838, 5, 104270, 100, 962.59
2026/08/07 14:04:39.838, 6, 104270, 100, 946.89
2026/08/07 14:04:39.838, 7, 104270, 100, 970.46
2026/08/07 14:04:40.338, 0, 103100, 100, 957.29
2026/08/07 14:04:40.338, 1, 104260, 100, 967.20
2026/08/07 14:04:40.338, 2, 104260, 100, 950.32
2026/08/07 14:04:40.338, 3, 104260, 100, 962.11
2026/08/07 14:04:40.338, 4, 103110, 100, 945.14
2026/08/07 14:04:40.338, 5, 104270, 100, 968.18
2026/08/07 14:04:40.338, 6, 104270, 100, 939.69
2026/08/07 14:04:40.338, 7, 104270, 100, 973.42
2026/08/07 14:04:40.838, 0, 103100, 100, 952.82
2026/08/07 14:04:40.838, 1, 104260, 100, 968.39
2026/08/07 14:04:40.838, 2, 104260, 100, 936.82
2026/08/07 14:04:40.838, 3, 104260, 100, 955.50
2026/08/07 14:04:40.838, 4, 103110, 100, 940.30
2026/08/07 14:04:40.838, 5, 104270, 100, 956.13
2026/08/07 14:04:40.838, 6, 104270, 100, 935.46
2026/08/07 14:04:40.839, 7, 104270, 100, 970.72
2026/08/07 14:04:41.339, 0, 103100, 100, 950.43
2026/08/07 14:04:41.339, 1, 104260, 100, 963.71
2026/08/07 14:04:41.339, 2, 104260, 100, 931.12
2026/08/07 14:04:41.339, 3, 104260, 100, 953.54
2026/08/07 14:04:41.339, 4, 103110, 100, 939.11
2026/08/07 14:04:41.339, 5, 104270, 100, 943.07
2026/08/07 14:04:41.339, 6, 104270, 100, 935.98
2026/08/07 14:04:41.339, 7, 104270, 100, 961.76
2026/08/07 14:04:41.839, 0, 103100, 100, 949.74
2026/08/07 14:04:41.839, 1, 104260, 100, 953.50
2026/08/07 14:04:41.839, 2, 104260, 100, 937.80
2026/08/07 14:04:41.839, 3, 104260, 100, 954.94
2026/08/07 14:04:41.839, 4, 103110, 100, 942.91
2026/08/07 14:04:41.839, 5, 104270, 100, 950.64
2026/08/07 14:04:41.839, 6, 104270, 100, 928.61
2026/08/07 14:04:41.839, 7, 104270, 100, 955.21
2026/08/07 14:04:42.339, 0, 103100, 100, 955.19
2026/08/07 14:04:42.339, 1, 104260, 100, 958.82
2026/08/07 14:04:42.339, 2, 104260, 100, 950.55
2026/08/07 14:04:42.339, 3, 104260, 100, 969.05
2026/08/07 14:04:42.339, 4, 103110, 100, 930.48
2026/08/07 14:04:42.339, 5, 104270, 100, 948.08
2026/08/07 14:04:42.339, 6, 104270, 100, 934.16
2026/08/07 14:04:42.339, 7, 104270, 100, 958.78
2026/08/07 14:04:42.839, 0, 103100, 100, 967.18
2026/08/07 14:04:42.839, 1, 104260, 100, 968.67
2026/08/07 14:04:42.839, 2, 104260, 100, 958.78
2026/08/07 14:04:42.839, 3, 104260, 100, 978.28
2026/08/07 14:04:42.839, 4, 103110, 100, 916.91
2026/08/07 14:04:42.839, 5, 104270, 100, 946.18
2026/08/07 14:04:42.839, 6, 104270, 100, 934.24
2026/08/07 14:04:42.839, 7, 104270, 100, 963.60
2026/08/07 14:04:43.339, 0, 103100, 100, 971.14
2026/08/07 14:04:43.340, 1, 104260, 100, 971.52
2026/08/07 14:04:43.341, 2, 104260, 100, 960.61
2026/08/07 14:04:43.342, 3, 104260, 100, 980.23
2026/08/07 14:04:43.343, 4, 103110, 100, 934.73
2026/08/07 14:04:43.344, 5, 104270, 100, 960.13
2026/08/07 14:04:43.345, 6, 104270, 100, 935.22
2026/08/07 14:04:43.346, 7, 104270, 100, 962.62
2026/08/07 14:04:43.847, 0, 103100, 100, 965.30
2026/08/07 14:04:43.847, 1, 104260, 100, 974.11
2026/08/07 14:04:43.847, 2, 104260, 100, 958.78
2026/08/07 14:04:43.847, 3, 104260, 100, 973.47
2026/08/07 14:04:43.847, 4, 103110, 100, 953.01
2026/08/07 14:04:43.847, 5, 104270, 100, 972.04
2026/08/07 14:04:43.847, 6, 104270, 100, 942.22
2026/08/07 14:04:43.847, 7, 104270, 100, 973.50
2026/08/07 14:04:44.347, 0, 103100, 100, 950.39
2026/08/07 14:04:44.347, 1, 104260, 100, 968.24
2026/08/07 14:04:44.347, 2, 104260, 100, 949.80
2026/08/07 14:04:44.347, 3, 104260, 100, 963.62
2026/08/07 14:04:44.347, 4, 103110, 100, 948.90
2026/08/07 14:04:44.347, 5, 104270, 100, 971.12
2026/08/07 14:04:44.347, 6, 104270, 100, 945.59
2026/08/07 14:04:44.347, 7, 104270, 100, 983.22
2026/08/07 14:04:44.847, 0, 103100, 100, 947.09
2026/08/07 14:04:44.847, 1, 104260, 100, 960.33
2026/08/07 14:04:44.847, 2, 104260, 100, 948.38
2026/08/07 14:04:44.847, 3, 104260, 100, 959.80
2026/08/07 14:04:44.847, 4, 103110, 100, 951.09
2026/08/07 14:04:44.847, 5, 104270, 100, 967.49
2026/08/07 14:04:44.847, 6, 104270, 100, 942.97
2026/08/07 14:04:44.847, 7, 104270, 100, 971.03
2026/08/07 14:04:45.347, 0, 103100, 100, 954.78
2026/08/07 14:04:45.347, 1, 104260, 100, 966.63
2026/08/07 14:04:45.347, 2, 104260, 100, 954.85
2026/08/07 14:04:45.347, 3, 104260, 100, 967.04
2026/08/07 14:04:45.347, 4, 103110, 100, 937.91
2026/08/07 14:04:45.347, 5, 104270, 100, 955.95
2026/08/07 14:04:45.347, 6, 104270, 100, 944.74
2026/08/07 14:04:45.347, 7, 104270, 100, 960.62
2026/08/07 14:04:45.847, 0, 103100, 100, 952.41
2026/08/07 14:04:45.848, 1, 104260, 100, 969.64
2026/08/07 14:04:45.848, 2, 104260, 100, 948.31
2026/08/07 14:04:45.848, 3, 104260, 100, 959.13
2026/08/07 14:04:45.848, 4, 103110, 100, 930.20
2026/08/07 14:04:45.848, 5, 104270, 100, 952.89
2026/08/07 14:04:45.848, 6, 104270, 100, 940.35
2026/08/07 14:04:45.848, 7, 104270, 100, 961.08
2026/08/07 14:04:46.348, 0, 103100, 100, 948.34
2026/08/07 14:04:46.348, 1, 104260, 100, 971.62
2026/08/07 14:04:46.348, 2, 104260, 100, 945.92
2026/08/07 14:04:46.348, 3, 104260, 100, 952.07
2026/08/07 14:04:46.348, 4, 103110, 100, 940.42
2026/08/07 14:04:46.348, 5, 104270, 100, 953.26
2026/08/07 14:04:46.348, 6, 104270, 100, 932.24
2026/08/07 14:04:46.348, 7, 104270, 100, 958.77
2026/08/07 14:04:46.848, 0, 103100, 100, 957.05
2026/08/07 14:04:46.848, 1, 104260, 100, 983.25
2026/08/07 14:04:46.848, 2, 104260, 100, 953.01
2026/08/07 14:04:46.848, 3, 104260, 100, 957.57
2026/08/07 14:04:46.848, 4, 103110, 99, 935.98
2026/08/07 14:04:46.848, 5, 104270, 99, 955.74
2026/08/07 14:04:46.848, 6, 104270, 100, 938.32
2026/08/07 14:04:46.848, 7, 104270, 100, 962.90
2026/08/07 14:04:47.348, 0, 103100, 100, 966.15
2026/08/07 14:04:47.348, 1, 104260, 100, 987.73
2026/08/07 14:04:47.348, 2, 104260, 100, 961.54
2026/08/07 14:04:47.348, 3, 104260, 100, 969.67
2026/08/07 14:04:47.348, 4, 103110, 100, 940.12
2026/08/07 14:04:47.348, 5, 104270, 100, 961.76
2026/08/07 14:04:47.348, 6, 104270, 100, 936.68
2026/08/07 14:04:47.348, 7, 104270, 100, 965.18
2026/08/07 14:04:47.848, 0, 103100, 100, 970.50
2026/08/07 14:04:47.848, 1, 104260, 100, 983.92
2026/08/07 14:04:47.848, 2, 104260, 100, 958.37
2026/08/07 14:04:47.849, 3, 104260, 100, 973.84
2026/08/07 14:04:47.849, 4, 103110, 100, 945.66
2026/08/07 14:04:47.849, 5, 104270, 100, 966.13
2026/08/07 14:04:47.849, 6, 104270, 100, 938.31
2026/08/07 14:04:47.849, 7, 104270, 100, 970.42
2026/08/07 14:04:48.349, 0, 103100, 100, 964.68
2026/08/07 14:04:48.349, 1, 104260, 100, 976.62
2026/08/07 14:04:48.349, 2, 104260, 100, 949.00
2026/08/07 14:04:48.349, 3, 104260, 100, 965.31
2026/08/07 14:04:48.349, 4, 103110, 100, 942.15
2026/08/07 14:04:48.349, 5, 104270, 100, 960.49
2026/08/07 14:04:48.349, 6, 104270, 100, 946.55
2026/08/07 14:04:48.349, 7, 104270, 100, 978.44
2026/08/07 14:04:48.849, 0, 103100, 100, 954.83
2026/08/07 14:04:48.849, 1, 104260, 100, 971.56
2026/08/07 14:04:48.849, 2, 104260, 100, 948.07
2026/08/07 14:04:48.849, 3, 104260, 100, 956.64
2026/08/07 14:04:48.849, 4, 103110, 100, 944.55
2026/08/07 14:04:48.849, 5, 104270, 100, 964.54
2026/08/07 14:04:48.849, 6, 104270, 100, 943.82
2026/08/07 14:04:48.849, 7, 104270, 100, 975.32
2026/08/07 14:04:49.349, 0, 103100, 100, 948.00
2026/08/07 14:04:49.349, 1, 104260, 100, 961.15
2026/08/07 14:04:49.349, 2, 104260, 100, 943.78
2026/08/07 14:04:49.349, 3, 104260, 100, 955.26
2026/08/07 14:04:49.349, 4, 103110, 100, 945.54
2026/08/07 14:04:49.349, 5, 104270, 100, 965.15
2026/08/07 14:04:49.349, 6, 104270, 100, 937.93
2026/08/07 14:04:49.349, 7, 104270, 100, 975.50
2026/08/07 14:04:49.849, 0, 103100, 100, 948.36
2026/08/07 14:04:49.850, 1, 104260, 100, 955.99
2026/08/07 14:04:49.851, 2, 104260, 100, 945.65
2026/08/07 14:04:49.852, 3, 104260, 100, 952.76
2026/08/07 14:04:49.853, 4, 103110, 100, 939.60
2026/08/07 14:04:49.855, 5, 104270, 100, 958.77
2026/08/07 14:04:49.856, 6, 104270, 100, 938.89
2026/08/07 14:04:49.857, 7, 104270, 100, 966.04
2026/08/07 14:04:50.358, 0, 103100, 99, 947.48
2026/08/07 14:04:50.358, 1, 104260, 100, 965.83
2026/08/07 14:04:50.358, 2, 104260, 100, 947.65
2026/08/07 14:04:50.358, 3, 104260, 100, 957.50
2026/08/07 14:04:50.358, 4, 103110, 100, 941.05
2026/08/07 14:04:50.358, 5, 104270, 100, 957.32
2026/08/07 14:04:50.358, 6, 104270, 100, 941.81
2026/08/07 14:04:50.358, 7, 104270, 100, 966.55
2026/08/07 14:04:50.858, 0, 103100, 100, 954.47
2026/08/07 14:04:50.858, 1, 104260, 100, 968.90
2026/08/07 14:04:50.858, 2, 104260, 100, 946.26
2026/08/07 14:04:50.858, 3, 104260, 100, 962.56
2026/08/07 14:04:50.858, 4, 103110, 100, 936.22
2026/08/07 14:04:50.858, 5, 104270, 100, 956.91
2026/08/07 14:04:50.858, 6, 104270, 100, 943.57
2026/08/07 14:04:50.858, 7, 104270, 100, 960.92
2026/08/07 14:04:51.358, 0, 103100, 100, 958.90
2026/08/07 14:04:51.358, 1, 104260, 100, 973.79
2026/08/07 14:04:51.358, 2, 104260, 100, 952.99
2026/08/07 14:04:51.358, 3, 104260, 100, 964.68
2026/08/07 14:04:51.358, 4, 103110, 99, 931.80
2026/08/07 14:04:51.358, 5, 104270, 99, 957.06
2026/08/07 14:04:51.358, 6, 104270, 100, 943.21
2026/08/07 14:04:51.358, 7, 104270, 100, 951.20
2026/08/07 14:04:51.858, 0, 103100, 100, 954.32
2026/08/07 14:04:51.858, 1, 104260, 100, 976.60
2026/08/07 14:04:51.858, 2, 104260, 100, 958.41
2026/08/07 14:04:51.858, 3, 104260, 100, 972.15
2026/08/07 14:04:51.858, 4, 103110, 100, 933.55
2026/08/07 14:04:51.858, 5, 104270, 100, 959.45
2026/08/07 14:04:51.859, 6, 104270, 100, 941.66
2026/08/07 14:04:51.859, 7, 104270, 100, 956.41
2026/08/07 14:04:52.359, 0, 103100, 100, 953.05
2026/08/07 14:04:52.360, 1, 104260, 100, 975.57
2026/08/07 14:04:52.360, 2, 104260, 100, 949.09
2026/08/07 14:04:52.363, 3, 104260, 100, 965.11
2026/08/07 14:04:52.364, 4, 103110, 100, 950.16
2026/08/07 14:04:52.367, 5, 104270, 100, 964.79
2026/08/07 14:04:52.367, 6, 104270, 100, 948.43
2026/08/07 14:04:52.370, 7, 104270, 100, 973.89
2026/08/07 14:04:52.871, 0, 103100, 100, 956.13
2026/08/07 14:04:52.871, 1, 104260, 100, 977.98
2026/08/07 14:04:52.871, 2, 104260, 100, 945.51
2026/08/07 14:04:52.871, 3, 104260, 100, 958.41
2026/08/07 14:04:52.871, 4, 103110, 100, 955.68
2026/08/07 14:04:52.871, 5, 104270, 100, 974.13
2026/08/07 14:04:52.871, 6, 104270, 100, 956.15
2026/08/07 14:04:52.871, 7, 104270, 100, 978.50
2026/08/07 14:04:53.371, 0, 103100, 100, 960.19
2026/08/07 14:04:53.371, 1, 104260, 100, 971.94
2026/08/07 14:04:53.371, 2, 104260, 100, 956.06
2026/08/07 14:04:53.371, 3, 104260, 100, 960.67
2026/08/07 14:04:53.371, 4, 103110, 100, 951.23
2026/08/07 14:04:53.371, 5, 104270, 100, 979.89
2026/08/07 14:04:53.371, 6, 104270, 100, 953.86
2026/08/07 14:04:53.371, 7, 104270, 100, 975.11
2026/08/07 14:04:53.871, 0, 103100, 100, 953.88
2026/08/07 14:04:53.872, 1, 104260, 100, 967.36
2026/08/07 14:04:53.872, 2, 104260, 100, 949.78
2026/08/07 14:04:53.872, 3, 104260, 100, 961.98
2026/08/07 14:04:53.872, 4, 103110, 100, 938.93
2026/08/07 14:04:53.872, 5, 104270, 100, 968.13
2026/08/07 14:04:53.872, 6, 104270, 100, 952.23
2026/08/07 14:04:53.872, 7, 104270, 100, 979.00
2026/08/07 14:04:54.372, 0, 103100, 100, 949.42
2026/08/07 14:04:54.375, 1, 104260, 100, 971.43
2026/08/07 14:04:54.375, 2, 104260, 100, 938.73
2026/08/07 14:04:54.379, 3, 104260, 100, 953.43
2026/08/07 14:04:54.380, 4, 103110, 100, 933.29
2026/08/07 14:04:54.384, 5, 104270, 100, 953.72
2026/08/07 14:04:54.384, 6, 104270, 100, 947.17
2026/08/07 14:04:54.388, 7, 104270, 100, 967.64
2026/08/07 14:04:54.889, 0, 103100, 99, 939.08
2026/08/07 14:04:54.892, 1, 104260, 99, 957.92
2026/08/07 14:04:54.892, 2, 104260, 99, 931.97
2026/08/07 14:04:54.892, 3, 104260, 100, 954.96
2026/08/07 14:04:54.892, 4, 103110, 100, 936.70
2026/08/07 14:04:54.892, 5, 104270, 100, 947.06
2026/08/07 14:04:54.892, 6, 104270, 100, 941.24
2026/08/07 14:04:54.892, 7, 104270, 100, 954.42
2026/08/07 14:04:55.392, 0, 103100, 100, 944.86
2026/08/07 14:04:55.392, 1, 104260, 100, 960.63
2026/08/07 14:04:55.392, 2, 104260, 100, 942.59
2026/08/07 14:04:55.392, 3, 104260, 100, 967.98
2026/08/07 14:04:55.392, 4, 103110, 100, 935.26
2026/08/07 14:04:55.392, 5, 104270, 100, 955.55
2026/08/07 14:04:55.392, 6, 104270, 100, 927.77
2026/08/07 14:04:55.392, 7, 104270, 100, 961.68
2026/08/07 14:04:55.893, 0, 103100, 100, 956.15
2026/08/07 14:04:55.893, 1, 104260, 100, 986.41
2026/08/07 14:04:55.893, 2, 104260, 100, 953.62
2026/08/07 14:04:55.893, 3, 104260, 100, 966.10
2026/08/07 14:04:55.893, 4, 103110, 100, 937.30
2026/08/07 14:04:55.893, 5, 104270, 100, 959.23
2026/08/07 14:04:55.893, 6, 104270, 100, 922.14
2026/08/07 14:04:55.893, 7, 104270, 100, 961.38
2026/08/07 14:04:56.393, 0, 103100, 100, 957.53
2026/08/07 14:04:56.393, 1, 104260, 100, 990.08
2026/08/07 14:04:56.393, 2, 104260, 100, 954.57
2026/08/07 14:04:56.393, 3, 104260, 100, 968.18
2026/08/07 14:04:56.393, 4, 103110, 100, 939.72
2026/08/07 14:04:56.393, 5, 104270, 100, 962.72
2026/08/07 14:04:56.393, 6, 104270, 100, 932.17
2026/08/07 14:04:56.393, 7, 104270, 100, 961.72
2026/08/07 14:04:56.893, 0, 103100, 100, 959.54
2026/08/07 14:04:56.893, 1, 104260, 100, 987.43
2026/08/07 14:04:56.893, 2, 104260, 100, 962.98
2026/08/07 14:04:56.893, 3, 104260, 100, 972.20
2026/08/07 14:04:56.893, 4, 103110, 100, 944.10
2026/08/07 14:04:56.893, 5, 104270, 100, 962.64
2026/08/07 14:04:56.893, 6, 104270, 100, 941.03
2026/08/07 14:04:56.893, 7, 104270, 100, 966.67
2026/08/07 14:04:57.393, 0, 103100, 100, 958.82
2026/08/07 14:04:57.393, 1, 104260, 100, 985.54
2026/08/07 14:04:57.393, 2, 104260, 100, 948.55
2026/08/07 14:04:57.393, 3, 104260, 100, 966.82
2026/08/07 14:04:57.393, 4, 103110, 100, 951.11
2026/08/07 14:04:57.393, 5, 104270, 100, 973.54
2026/08/07 14:04:57.393, 6, 104270, 100, 942.97
2026/08/07 14:04:57.393, 7, 104270, 100, 970.49
2026/08/07 14:04:57.893, 0, 103100, 100, 958.69
2026/08/07 14:04:57.894, 1, 104260, 100, 976.51
2026/08/07 14:04:57.894, 2, 104260, 100, 936.31
2026/08/07 14:04:57.894, 3, 104260, 100, 961.74
2026/08/07 14:04:57.894, 4, 103110, 100, 946.45
2026/08/07 14:04:57.894, 5, 104270, 100, 970.36
2026/08/07 14:04:57.894, 6, 104270, 100, 943.75
2026/08/07 14:04:57.894, 7, 104270, 100, 979.14
2026/08/07 14:04:58.394, 0, 103100, 100, 949.54
2026/08/07 14:04:58.394, 1, 104260, 100, 967.93
2026/08/07 14:04:58.394, 2, 104260, 100, 942.84
2026/08/07 14:04:58.394, 3, 104260, 100, 961.78
2026/08/07 14:04:58.394, 4, 103110, 100, 935.64
2026/08/07 14:04:58.394, 5, 104270, 100, 965.56
2026/08/07 14:04:58.394, 6, 104270, 100, 934.85
2026/08/07 14:04:58.394, 7, 104270, 100, 973.89
2026/08/07 14:04:58.894, 0, 103100, 100, 948.78
2026/08/07 14:04:58.894, 1, 104260, 100, 965.13
2026/08/07 14:04:58.894, 2, 104260, 100, 945.13
2026/08/07 14:04:58.894, 3, 104260, 100, 954.30
2026/08/07 14:04:58.894, 4, 103110, 100, 936.78
2026/08/07 14:04:58.894, 5, 104270, 100, 960.24
2026/08/07 14:04:58.894, 6, 104270, 100, 931.11
2026/08/07 14:04:58.894, 7, 104270, 100, 972.58
2026/08/07 14:04:59.394, 0, 103100, 100, 942.95
2026/08/07 14:04:59.394, 1, 104260, 100, 966.63
2026/08/07 14:04:59.394, 2, 104260, 100, 946.98
2026/08/07 14:04:59.394, 3, 104260, 100, 947.22
2026/08/07 14:04:59.394, 4, 103110, 100, 944.35
2026/08/07 14:04:59.394, 5, 104270, 100, 958.29
2026/08/07 14:04:59.394, 6, 104270, 100, 938.97
2026/08/07 14:04:59.394, 7, 104270, 100, 970.40
2026/08/07 14:04:59.894, 0, 103100, 100, 945.66
2026/08/07 14:04:59.894, 1, 104260, 100, 966.88
2026/08/07 14:04:59.894, 2, 104260, 100, 949.26
2026/08/07 14:04:59.894, 3, 104260, 100, 957.01
2026/08/07 14:04:59.894, 4, 103110, 100, 928.87
2026/08/07 14:04:59.894, 5, 104270, 100, 958.22
2026/08/07 14:04:59.894, 6, 104270, 100, 939.82
2026/08/07 14:04:59.894, 7, 104270, 100, 969.53
2026/08/07 14:05:00.395, 0, 103100, 100, 958.08
2026/08/07 14:05:00.395, 1, 104260, 100, 980.94
2026/08/07 14:05:00.395, 2, 104260, 100, 953.53
2026/08/07 14:05:00.395, 3, 104260, 100, 965.64
2026/08/07 14:05:00.395, 4, 103110, 100, 921.63
2026/08/07 14:05:00.395, 5, 104270, 100, 946.07
2026/08/07 14:05:00.395, 6, 104270, 100, 926.77
2026/08/07 14:05:00.395, 7, 104270, 100, 961.33
2026/08/07 14:05:00.895, 0, 103100, 100, 961.93
2026/08/07 14:05:00.897, 1, 104260, 100, 988.75
2026/08/07 14:05:00.897, 2, 104260, 100, 952.55
2026/08/07 14:05:00.901, 3, 104260, 100, 966.36
2026/08/07 14:05:00.902, 4, 103110, 100, 938.93
2026/08/07 14:05:00.906, 5, 104270, 100, 961.34
2026/08/07 14:05:00.906, 6, 104270, 100, 928.15
2026/08/07 14:05:00.910, 7, 104270, 100, 968.20
2026/08/07 14:05:01.411, 0, 103100, 100, 964.84
2026/08/07 14:05:01.411, 1, 104260, 100, 981.98
2026/08/07 14:05:01.411, 2, 104260, 100, 962.32
2026/08/07 14:05:01.411, 3, 104260, 100, 966.56
2026/08/07 14:05:01.411, 4, 103110, 100, 948.88
2026/08/07 14:05:01.411, 5, 104270, 100, 968.82
2026/08/07 14:05:01.411, 6, 104270, 100, 943.51
2026/08/07 14:05:01.411, 7, 104270, 100, 972.82
2026/08/07 14:05:01.911, 0, 103100, 100, 955.97
2026/08/07 14:05:01.911, 1, 104260, 100, 978.57
2026/08/07 14:05:01.911, 2, 104260, 100, 952.27
2026/08/07 14:05:01.911, 3, 104260, 100, 961.25
2026/08/07 14:05:01.911, 4, 103110, 100, 949.73
2026/08/07 14:05:01.911, 5, 104270, 100, 962.95
2026/08/07 14:05:01.911, 6, 104270, 100, 946.71
2026/08/07 14:05:01.911, 7, 104270, 100, 982.41
2026/08/07 14:05:02.411, 0, 103100, 100, 946.07
2026/08/07 14:05:02.411, 1, 104260, 100, 973.49
2026/08/07 14:05:02.411, 2, 104260, 100, 938.95
2026/08/07 14:05:02.411, 3, 104260, 100, 962.71
2026/08/07 14:05:02.411, 4, 103110, 100, 952.86
2026/08/07 14:05:02.411, 5, 104270, 100, 974.55
2026/08/07 14:05:02.411, 6, 104270, 100, 954.74
2026/08/07 14:05:02.411, 7, 104270, 100, 976.31
2026/08/07 14:05:02.911, 0, 103100, 100, 942.77
2026/08/07 14:05:02.911, 1, 104260, 100, 970.22
2026/08/07 14:05:02.911, 2, 104260, 100, 943.19
2026/08/07 14:05:02.911, 3, 104260, 100, 958.20
2026/08/07 14:05:02.911, 4, 103110, 100, 942.12
2026/08/07 14:05:02.911, 5, 104270, 100, 969.90
2026/08/07 14:05:02.911, 6, 104270, 100, 956.47
2026/08/07 14:05:02.912, 7, 104270, 100, 964.35
2026/08/07 14:05:03.412, 0, 103100, 100, 949.95
2026/08/07 14:05:03.412, 1, 104260, 100, 958.12
2026/08/07 14:05:03.412, 2, 104260, 100, 941.63
2026/08/07 14:05:03.412, 3, 104260, 100, 953.02
2026/08/07 14:05:03.412, 4, 103110, 100, 933.28
2026/08/07 14:05:03.412, 5, 104270, 100, 960.68
2026/08/07 14:05:03.412, 6, 104270, 100, 946.55
2026/08/07 14:05:03.412, 7, 104270, 100, 963.49
2026/08/07 14:05:03.912, 0, 103100, 100, 945.10
2026/08/07 14:05:03.912, 1, 104260, 100, 957.03
2026/08/07 14:05:03.912, 2, 104260, 100, 941.03
2026/08/07 14:05:03.912, 3, 104260, 100, 951.55
2026/08/07 14:05:03.912, 4, 103110, 100, 935.64
2026/08/07 14:05:03.912, 5, 104270, 100, 958.49
2026/08/07 14:05:03.912, 6, 104270, 100, 941.47
2026/08/07 14:05:03.912, 7, 104270, 100, 951.80
2026/08/07 14:05:04.412, 0, 103100, 100, 945.45
2026/08/07 14:05:04.412, 1, 104260, 100, 968.49
2026/08/07 14:05:04.412, 2, 104260, 100, 946.09
2026/08/07 14:05:04.412, 3, 104260, 100, 957.56
2026/08/07 14:05:04.412, 4, 103110, 100, 931.07
2026/08/07 14:05:04.412, 5, 104270, 100, 960.56
2026/08/07 14:05:04.412, 6, 104270, 100, 930.89
2026/08/07 14:05:04.412, 7, 104270, 100, 959.31
2026/08/07 14:05:04.912, 0, 103100, 100, 956.57
2026/08/07 14:05:04.912, 1, 104260, 100, 974.92
2026/08/07 14:05:04.912, 2, 104260, 100, 956.94
2026/08/07 14:05:04.912, 3, 104260, 100, 967.44
2026/08/07 14:05:04.912, 4, 103110, 100, 933.56
2026/08/07 14:05:04.912, 5, 104270, 100, 951.19
2026/08/07 14:05:04.912, 6, 104270, 100, 919.02
2026/08/07 14:05:04.912, 7, 104270, 100, 966.23
2026/08/07 14:05:05.413, 0, 103100, 100, 961.49
2026/08/07 14:05:05.413, 1, 104260, 100, 977.06
2026/08/07 14:05:05.413, 2, 104260, 100, 960.51
2026/08/07 14:05:05.413, 3, 104260, 100, 972.20
2026/08/07 14:05:05.413, 4, 103110, 100, 940.81
2026/08/07 14:05:05.413, 5, 104270, 100, 957.48
2026/08/07 14:05:05.413, 6, 104270, 100, 928.27
2026/08/07 14:05:05.413, 7, 104270, 100, 964.86
2026/08/07 14:05:05.913, 0, 103100, 100, 961.46
2026/08/07 14:05:05.913, 1, 104260, 100, 980.99
2026/08/07 14:05:05.913, 2, 104260, 100, 950.15
2026/08/07 14:05:05.913, 3, 104260, 100, 970.10
2026/08/07 14:05:05.913, 4, 103110, 100, 942.46
2026/08/07 14:05:05.913, 5, 104270, 100, 970.95
2026/08/07 14:05:05.913, 6, 104270, 100, 941.52
2026/08/07 14:05:05.913, 7, 104270, 100, 974.85
2026/08/07 14:05:06.413, 0, 103100, 100, 953.78
2026/08/07 14:05:06.413, 1, 104260, 100, 977.86
2026/08/07 14:05:06.413, 2, 104260, 100, 949.67
2026/08/07 14:05:06.413, 3, 104260, 100, 957.23
2026/08/07 14:05:06.413, 4, 103110, 100, 948.39
2026/08/07 14:05:06.413, 5, 104270, 100, 964.01
2026/08/07 14:05:06.413, 6, 104270, 100, 941.72
2026/08/07 14:05:06.413, 7, 104270, 100, 971.49
2026/08/07 14:05:06.913, 0, 103100, 100, 938.41
2026/08/07 14:05:06.913, 1, 104260, 100, 969.31
2026/08/07 14:05:06.913, 2, 104260, 100, 952.10
2026/08/07 14:05:06.913, 3, 104260, 100, 952.20
2026/08/07 14:05:06.913, 4, 103110, 100, 947.30
2026/08/07 14:05:06.913, 5, 104270, 100, 968.37
2026/08/07 14:05:06.914, 6, 104270, 100, 935.09
2026/08/07 14:05:06.914, 7, 104270, 100, 966.96
2026/08/07 14:05:07.414, 0, 103100, 100, 934.03
2026/08/07 14:05:07.414, 1, 104260, 100, 954.17
2026/08/07 14:05:07.415, 2, 104260, 100, 943.89
2026/08/07 14:05:07.415, 3, 104260, 100, 960.44
2026/08/07 14:05:07.415, 4, 103110, 100, 940.93
2026/08/07 14:05:07.415, 5, 104270, 100, 968.36
2026/08/07 14:05:07.415, 6, 104270, 100, 931.34
2026/08/07 14:05:07.415, 7, 104270, 100, 971.28
2026/08/07 14:05:07.915, 0, 103100, 100, 936.96
2026/08/07 14:05:07.918, 1, 104260, 100, 956.03
2026/08/07 14:05:07.919, 2, 104260, 100, 944.84
2026/08/07 14:05:07.923, 3, 104260, 100, 957.88
2026/08/07 14:05:07.923, 4, 103110, 100, 935.34
2026/08/07 14:05:07.927, 5, 104270, 100, 956.02
2026/08/07 14:05:07.928, 6, 104270, 100, 933.73
2026/08/07 14:05:07.932, 7, 104270, 100, 965.38
2026/08/07 14:05:08.432, 0, 103100, 100, 945.79
2026/08/07 14:05:08.432, 1, 104260, 100, 968.72
2026/08/07 14:05:08.432, 2, 104260, 100, 950.32
2026/08/07 14:05:08.433, 3, 104260, 100, 956.48
2026/08/07 14:05:08.433, 4, 103110, 100, 938.46
2026/08/07 14:05:08.433, 5, 104270, 100, 942.86
2026/08/07 14:05:08.433, 6, 104270, 100, 934.07
2026/08/07 14:05:08.433, 7, 104270, 100, 953.92
2026/08/07 14:05:08.933, 0, 103100, 100, 957.33
2026/08/07 14:05:08.933, 1, 104260, 100, 972.27
2026/08/07 14:05:08.933, 2, 104260, 100, 947.51
2026/08/07 14:05:08.933, 3, 104260, 100, 965.97
2026/08/07 14:05:08.933, 4, 103110, 99, 935.19
2026/08/07 14:05:08.933, 5, 104270, 99, 951.06
2026/08/07 14:05:08.933, 6, 104270, 99, 925.32
2026/08/07 14:05:08.933, 7, 104270, 100, 959.79
2026/08/07 14:05:09.433, 0, 103100, 100, 958.81
2026/08/07 14:05:09.433, 1, 104260, 100, 975.96
2026/08/07 14:05:09.433, 2, 104260, 100, 954.66
2026/08/07 14:05:09.433, 3, 104260, 100, 972.80
2026/08/07 14:05:09.433, 4, 103110, 100, 940.16
2026/08/07 14:05:09.433, 5, 104270, 100, 960.96
2026/08/07 14:05:09.433, 6, 104270, 100, 927.91
2026/08/07 14:05:09.433, 7, 104270, 100, 967.79
2026/08/07 14:05:09.933, 0, 103100, 100, 957.69
2026/08/07 14:05:09.933, 1, 104260, 100, 974.93
2026/08/07 14:05:09.933, 2, 104260, 100, 950.91
2026/08/07 14:05:09.933, 3, 104260, 100, 967.57
2026/08/07 14:05:09.933, 4, 103110, 100, 947.70
2026/08/07 14:05:09.933, 5, 104270, 100, 959.53
2026/08/07 14:05:09.933, 6, 104270, 100, 943.31
2026/08/07 14:05:09.933, 7, 104270, 100, 969.19
2026/08/07 14:05:10.433, 0, 103100, 100, 957.95
2026/08/07 14:05:10.433, 1, 104260, 100, 979.03
2026/08/07 14:05:10.433, 2, 104260, 100, 948.38
2026/08/07 14:05:10.433, 3, 104260, 100, 959.72
2026/08/07 14:05:10.433, 4, 103110, 100, 949.12
2026/08/07 14:05:10.433, 5, 104270, 100, 969.55
2026/08/07 14:05:10.433, 6, 104270, 100, 945.99
2026/08/07 14:05:10.433, 7, 104270, 100, 979.90
2026/08/07 14:05:10.933, 0, 103100, 100, 956.94
2026/08/07 14:05:10.934, 1, 104260, 100, 973.44
2026/08/07 14:05:10.934, 2, 104260, 100, 950.98
2026/08/07 14:05:10.934, 3, 104260, 100, 963.18
2026/08/07 14:05:10.934, 4, 103110, 100, 945.78
2026/08/07 14:05:10.934, 5, 104270, 100, 969.89
2026/08/07 14:05:10.934, 6, 104270, 100, 949.52
2026/08/07 14:05:10.934, 7, 104270, 100, 984.54
2026/08/07 14:05:11.434, 0, 103100, 100, 952.82
2026/08/07 14:05:11.434, 1, 104260, 100, 971.28
2026/08/07 14:05:11.434, 2, 104260, 100, 952.14
2026/08/07 14:05:11.434, 3, 104260, 100, 959.36
2026/08/07 14:05:11.434, 4, 103110, 100, 950.90
2026/08/07 14:05:11.434, 5, 104270, 100, 962.53
2026/08/07 14:05:11.434, 6, 104270, 100, 945.31
2026/08/07 14:05:11.434, 7, 104270, 100, 972.96
2026/08/07 14:05:11.934, 0, 103100, 100, 955.96
2026/08/07 14:05:11.934, 1, 104260, 100, 962.66
2026/08/07 14:05:11.934, 2, 104260, 100, 948.25
2026/08/07 14:05:11.934, 3, 104260, 100, 962.44
2026/08/07 14:05:11.934, 4, 103110, 100, 947.54
2026/08/07 14:05:11.934, 5, 104270, 100, 959.59
2026/08/07 14:05:11.934, 6, 104270, 100, 940.88
2026/08/07 14:05:11.934, 7, 104270, 100, 963.40
2026/08/07 14:05:12.434, 0, 103100, 100, 956.57
2026/08/07 14:05:12.434, 1, 104260, 100, 960.95
2026/08/07 14:05:12.434, 2, 104260, 100, 938.11
2026/08/07 14:05:12.434, 3, 104260, 100, 962.72
2026/08/07 14:05:12.434, 4, 103110, 100, 938.34
2026/08/07 14:05:12.434, 5, 104270, 100, 960.58
2026/08/07 14:05:12.434, 6, 104270, 100, 937.99
2026/08/07 14:05:12.434, 7, 104270, 100, 965.06
2026/08/07 14:05:12.934, 0, 103100, 100, 951.12
2026/08/07 14:05:12.934, 1, 104260, 100, 968.01
2026/08/07 14:05:12.934, 2, 104260, 100, 935.59
2026/08/07 14:05:12.934, 3, 104260, 100, 958.75
2026/08/07 14:05:12.934, 4, 103110, 100, 931.49
2026/08/07 14:05:12.934, 5, 104270, 100, 957.58
2026/08/07 14:05:12.934, 6, 104270, 100, 934.91
2026/08/07 14:05:12.934, 7, 104270, 100, 958.83
2026/08/07 14:05:13.434, 0, 103100, 100, 956.70
2026/08/07 14:05:13.434, 1, 104260, 100, 970.92
2026/08/07 14:05:13.434, 2, 104260, 100, 937.54
2026/08/07 14:05:13.434, 3, 104260, 100, 967.85
2026/08/07 14:05:13.434, 4, 103110, 100, 927.66
2026/08/07 14:05:13.435, 5, 104270, 100, 945.25
2026/08/07 14:05:13.435, 6, 104270, 99, 929.48
2026/08/07 14:05:13.435, 7, 104270, 100, 953.68
2026/08/07 14:05:13.935, 0, 103100, 100, 964.04
2026/08/07 14:05:13.935, 1, 104260, 100, 975.24
2026/08/07 14:05:13.935, 2, 104260, 100, 947.03
2026/08/07 14:05:13.935, 3, 104260, 100, 971.60
2026/08/07 14:05:13.935, 4, 103110, 100, 939.58
2026/08/07 14:05:13.935, 5, 104270, 100, 953.11
2026/08/07 14:05:13.935, 6, 104270, 100, 934.92
2026/08/07 14:05:13.935, 7, 104270, 100, 964.71
2026/08/07 14:05:14.435, 0, 103100, 100, 961.36
2026/08/07 14:05:14.435, 1, 104260, 100, 978.21
2026/08/07 14:05:14.435, 2, 104260, 100, 951.57
2026/08/07 14:05:14.435, 3, 104260, 100, 976.22
2026/08/07 14:05:14.435, 4, 103110, 100, 946.76
2026/08/07 14:05:14.435, 5, 104270, 100, 956.58
2026/08/07 14:05:14.435, 6, 104270, 100, 945.02
2026/08/07 14:05:14.435, 7, 104270, 100, 970.51
2026/08/07 14:05:14.935, 0, 103100, 100, 957.72
2026/08/07 14:05:14.935, 1, 104260, 100, 974.62
2026/08/07 14:05:14.935, 2, 104260, 100, 949.23
2026/08/07 14:05:14.935, 3, 104260, 100, 965.36
2026/08/07 14:05:14.935, 4, 103110, 100, 951.13
2026/08/07 14:05:14.935, 5, 104270, 100, 965.24
2026/08/07 14:05:14.935, 6, 104270, 100, 954.97
2026/08/07 14:05:14.935, 7, 104270, 100, 971.16
2026/08/07 14:05:15.435, 0, 103100, 100, 949.54
2026/08/07 14:05:15.435, 1, 104260, 100, 970.03
2026/08/07 14:05:15.435, 2, 104260, 100, 942.22
2026/08/07 14:05:15.435, 3, 104260, 100, 956.08
2026/08/07 14:05:15.435, 4, 103110, 100, 950.53
2026/08/07 14:05:15.435, 5, 104270, 100, 967.87
2026/08/07 14:05:15.435, 6, 104270, 100, 952.96
2026/08/07 14:05:15.435, 7, 104270, 100, 974.78
2026/08/07 14:05:15.935, 0, 103100, 100, 943.59
2026/08/07 14:05:15.935, 1, 104260, 100, 966.64
2026/08/07 14:05:15.935, 2, 104260, 100, 936.37
2026/08/07 14:05:15.935, 3, 104260, 100, 955.93
2026/08/07 14:05:15.935, 4, 103110, 100, 938.85
2026/08/07 14:05:15.935, 5, 104270, 100, 956.76
2026/08/07 14:05:15.935, 6, 104270, 100, 938.86
2026/08/07 14:05:15.935, 7, 104270, 100, 972.17
2026/08/07 14:05:16.436, 0, 103100, 100, 954.49
2026/08/07 14:05:16.436, 1, 104260, 100, 960.25
2026/08/07 14:05:16.436, 2, 104260, 100, 939.80
2026/08/07 14:05:16.436, 3, 104260, 100, 958.41
2026/08/07 14:05:16.436, 4, 103110, 100, 929.40
2026/08/07 14:05:16.436, 5, 104270, 100, 951.79
2026/08/07 14:05:16.436, 6, 104270, 100, 938.16
2026/08/07 14:05:16.436, 7, 104270, 100, 961.40
2026/08/07 14:05:16.936, 0, 103100, 100, 953.08
2026/08/07 14:05:16.936, 1, 104260, 100, 967.68
2026/08/07 14:05:16.936, 2, 104260, 100, 942.25
2026/08/07 14:05:16.936, 3, 104260, 100, 947.08
2026/08/07 14:05:16.936, 4, 103110, 100, 933.95
2026/08/07 14:05:16.936, 5, 104270, 100, 956.86
2026/08/07 14:05:16.936, 6, 104270, 100, 946.14
2026/08/07 14:05:16.936, 7, 104270, 100, 957.75
2026/08/07 14:05:17.436, 0, 103100, 100, 946.73
2026/08/07 14:05:17.436, 1, 104260, 100, 964.90
2026/08/07 14:05:17.436, 2, 104260, 100, 947.66
2026/08/07 14:05:17.436, 3, 104260, 100, 951.94
2026/08/07 14:05:17.436, 4, 103110, 100, 937.48
2026/08/07 14:05:17.436, 5, 104270, 100, 958.33
2026/08/07 14:05:17.436, 6, 104270, 100, 946.47
2026/08/07 14:05:17.436, 7, 104270, 100, 966.53
2026/08/07 14:05:17.936, 0, 103100, 100, 959.72
2026/08/07 14:05:17.936, 1, 104260, 100, 974.26
2026/08/07 14:05:17.936, 2, 104260, 100, 945.99
2026/08/07 14:05:17.936, 3, 104260, 100, 962.75
2026/08/07 14:05:17.936, 4, 103110, 100, 936.86
2026/08/07 14:05:17.936, 5, 104270, 100, 961.01
2026/08/07 14:05:17.936, 6, 104270, 100, 936.11
2026/08/07 14:05:17.936, 7, 104270, 100, 965.83
2026/08/07 14:05:18.436, 0, 103100, 100, 970.70
2026/08/07 14:05:18.437, 1, 104260, 100, 984.52
2026/08/07 14:05:18.438, 2, 104260, 100, 952.54
2026/08/07 14:05:18.439, 3, 104260, 100, 958.06
2026/08/07 14:05:18.440, 4, 103110, 100, 937.37
2026/08/07 14:05:18.441, 5, 104270, 100, 964.18
2026/08/07 14:05:18.442, 6, 104270, 100, 939.00
2026/08/07 14:05:18.443, 7, 104270, 100, 969.55
2026/08/07 14:05:18.944, 0, 103100, 100, 960.22
2026/08/07 14:05:18.944, 1, 104260, 100, 984.11
2026/08/07 14:05:18.944, 2, 104260, 100, 952.21
2026/08/07 14:05:18.944, 3, 104260, 100, 959.08
2026/08/07 14:05:18.944, 4, 103110, 100, 939.47
2026/08/07 14:05:18.944, 5, 104270, 100, 958.07
2026/08/07 14:05:18.944, 6, 104270, 100, 949.83
2026/08/07 14:05:18.944, 7, 104270, 100, 971.36
2026/08/07 14:05:19.444, 0, 103100, 100, 955.13
2026/08/07 14:05:19.444, 1, 104260, 100, 972.69
2026/08/07 14:05:19.444, 2, 104260, 100, 947.36
2026/08/07 14:05:19.444, 3, 104260, 100, 958.59
2026/08/07 14:05:19.444, 4, 103110, 100, 944.33
2026/08/07 14:05:19.444, 5, 104270, 100, 948.09
2026/08/07 14:05:19.444, 6, 104270, 100, 951.74
2026/08/07 14:05:19.444, 7, 104270, 100, 972.94
2026/08/07 14:05:19.944, 0, 103100, 100, 950.91
2026/08/07 14:05:19.944, 1, 104260, 100, 964.50
2026/08/07 14:05:19.944, 2, 104260, 100, 951.40
2026/08/07 14:05:19.944, 3, 104260, 100, 961.04
2026/08/07 14:05:19.944, 4, 103110, 100, 953.30
2026/08/07 14:05:19.944, 5, 104270, 100, 956.01
2026/08/07 14:05:19.944, 6, 104270, 100, 936.40
2026/08/07 14:05:19.944, 7, 104270, 100, 970.83
2026/08/07 14:05:20.444, 0, 103100, 100, 949.11
2026/08/07 14:05:20.445, 1, 104260, 100, 970.12
2026/08/07 14:05:20.446, 2, 104260, 100, 952.67
2026/08/07 14:05:20.447, 3, 104260, 100, 961.29
2026/08/07 14:05:20.449, 4, 103110, 100, 951.78
2026/08/07 14:05:20.450, 5, 104270, 100, 963.72
2026/08/07 14:05:20.450, 6, 104270, 100, 934.19
2026/08/07 14:05:20.452, 7, 104270, 100, 971.16
2026/08/07 14:05:20.952, 0, 103100, 100, 946.61
2026/08/07 14:05:20.952, 1, 104260, 100, 961.58
2026/08/07 14:05:20.952, 2, 104260, 100, 945.84
2026/08/07 14:05:20.952, 3, 104260, 100, 949.74
2026/08/07 14:05:20.952, 4, 103110, 100, 940.84
2026/08/07 14:05:20.952, 5, 104270, 100, 954.92
2026/08/07 14:05:20.952, 6, 104270, 100, 939.84
2026/08/07 14:05:20.952, 7, 104270, 100, 965.38
2026/08/07 14:05:21.453, 0, 103100, 100, 934.63
2026/08/07 14:05:21.453, 1, 104260, 100, 966.17
2026/08/07 14:05:21.453, 2, 104260, 100, 949.88
2026/08/07 14:05:21.453, 3, 104260, 100, 945.70
2026/08/07 14:05:21.453, 4, 103110, 100, 946.60
2026/08/07 14:05:21.453, 5, 104270, 100, 951.47
2026/08/07 14:05:21.453, 6, 104270, 100, 945.16
2026/08/07 14:05:21.453, 7, 104270, 100, 960.53
2026/08/07 14:05:21.953, 0, 103100, 100, 937.20
2026/08/07 14:05:21.953, 1, 104260, 100, 965.24
2026/08/07 14:05:21.953, 2, 104260, 100, 947.41
2026/08/07 14:05:21.953, 3, 104260, 100, 963.09
2026/08/07 14:05:21.953, 4, 103110, 100, 938.20
2026/08/07 14:05:21.953, 5, 104270, 100, 944.10
2026/08/07 14:05:21.953, 6, 104270, 100, 947.84
2026/08/07 14:05:21.953, 7, 104270, 100, 966.12
2026/08/07 14:05:22.453, 0, 103100, 100, 962.21
2026/08/07 14:05:22.453, 1, 104260, 100, 971.22
2026/08/07 14:05:22.453, 2, 104260, 100, 951.88
2026/08/07 14:05:22.453, 3, 104260, 100, 976.65
2026/08/07 14:05:22.453, 4, 103110, 100, 926.51
2026/08/07 14:05:22.453, 5, 104270, 100, 938.95
2026/08/07 14:05:22.453, 6, 104270, 100, 936.21
2026/08/07 14:05:22.453, 7, 104270, 100, 965.13
2026/08/07 14:05:22.953, 0, 103100, 100, 969.40
2026/08/07 14:05:22.953, 1, 104260, 100, 989.76
2026/08/07 14:05:22.953, 2, 104260, 100, 952.54
2026/08/07 14:05:22.953, 3, 104260, 100, 975.15
2026/08/07 14:05:22.953, 4, 103110, 100, 942.81
2026/08/07 14:05:22.953, 5, 104270, 100, 960.03
2026/08/07 14:05:22.953, 6, 104270, 100, 932.01
2026/08/07 14:05:22.953, 7, 104270, 100, 968.16
2026/08/07 14:05:23.453, 0, 103100, 100, 961.35
2026/08/07 14:05:23.454, 1, 104260, 100, 985.26
2026/08/07 14:05:23.455, 2, 104260, 100, 942.70
2026/08/07 14:05:23.458, 3, 104260, 100, 969.93
2026/08/07 14:05:23.458, 4, 103110, 100, 959.78
2026/08/07 14:05:23.461, 5, 104270, 100, 971.67
2026/08/07 14:05:23.462, 6, 104270, 100, 942.97
2026/08/07 14:05:23.465, 7, 104270, 100, 976.65
2026/08/07 14:05:23.965, 0, 103100, 100, 955.64
2026/08/07 14:05:23.966, 1, 104260, 100, 977.31
2026/08/07 14:05:23.966, 2, 104260, 100, 942.93
2026/08/07 14:05:23.966, 3, 104260, 100, 964.99
2026/08/07 14:05:23.966, 4, 103110, 100, 953.97
2026/08/07 14:05:23.966, 5, 104270, 100, 965.09
2026/08/07 14:05:23.966, 6, 104270, 100, 951.05
2026/08/07 14:05:23.966, 7, 104270, 100, 978.35
2026/08/07 14:05:24.466, 0, 103100, 100, 952.97
2026/08/07 14:05:24.466, 1, 104260, 100, 972.63
2026/08/07 14:05:24.466, 2, 104260, 100, 951.79
2026/08/07 14:05:24.466, 3, 104260, 100, 955.56
2026/08/07 14:05:24.466, 4, 103110, 100, 951.82
2026/08/07 14:05:24.466, 5, 104270, 100, 956.18
2026/08/07 14:05:24.466, 6, 104270, 100, 950.06
2026/08/07 14:05:24.466, 7, 104270, 100, 963.38
2026/08/07 14:05:24.966, 0, 103100, 100, 949.01
2026/08/07 14:05:24.966, 1, 104260, 100, 967.49
2026/08/07 14:05:24.966, 2, 104260, 100, 947.07
2026/08/07 14:05:24.966, 3, 104260, 100, 957.03
2026/08/07 14:05:24.966, 4, 103110, 100, 938.29
2026/08/07 14:05:24.966, 5, 104270, 100, 955.21
2026/08/07 14:05:24.966, 6, 104270, 100, 939.90
2026/08/07 14:05:24.966, 7, 104270, 100, 967.90
2026/08/07 14:05:25.466, 0, 103100, 100, 946.92
2026/08/07 14:05:25.466, 1, 104260, 100, 965.12
2026/08/07 14:05:25.466, 2, 104260, 100, 941.49
2026/08/07 14:05:25.466, 3, 104260, 100, 958.85
2026/08/07 14:05:25.466, 4, 103110, 100, 926.51
2026/08/07 14:05:25.466, 5, 104270, 100, 958.33
2026/08/07 14:05:25.466, 6, 104270, 100, 927.61
2026/08/07 14:05:25.466, 7, 104270, 100, 966.28
2026/08/07 14:05:25.966, 0, 103100, 100, 949.89
2026/08/07 14:05:25.966, 1, 104260, 100, 970.24
2026/08/07 14:05:25.966, 2, 104260, 100, 944.61
2026/08/07 14:05:25.966, 3, 104260, 100, 957.14
2026/08/07 14:05:25.966, 4, 103110, 100, 934.83
2026/08/07 14:05:25.966, 5, 104270, 100, 960.12
2026/08/07 14:05:25.966, 6, 104270, 100, 932.91
2026/08/07 14:05:25.966, 7, 104270, 100, 961.93
2026/08/07 14:05:26.466, 0, 103100, 100, 953.91
2026/08/07 14:05:26.466, 1, 104260, 100, 970.96
2026/08/07 14:05:26.466, 2, 104260, 100, 948.44
2026/08/07 14:05:26.466, 3, 104260, 100, 959.59
2026/08/07 14:05:26.466, 4, 103110, 99, 933.48
2026/08/07 14:05:26.466, 5, 104270, 99, 958.24
2026/08/07 14:05:26.466, 6, 104270, 99, 938.14
2026/08/07 14:05:26.466, 7, 104270, 100, 965.66
2026/08/07 14:05:26.967, 0, 103100, 100, 956.77
2026/08/07 14:05:26.967, 1, 104260, 100, 969.27
2026/08/07 14:05:26.968, 2, 104260, 100, 948.43
2026/08/07 14:05:26.969, 3, 104260, 100, 963.52
2026/08/07 14:05:26.969, 4, 103110, 100, 932.29
2026/08/07 14:05:26.970, 5, 104270, 100, 954.44
2026/08/07 14:05:26.971, 6, 104270, 100, 929.44
2026/08/07 14:05:26.972, 7, 104270, 100, 965.24
2026/08/07 14:05:27.473, 0, 103100, 100, 950.76
2026/08/07 14:05:27.473, 1, 104260, 100, 970.90
2026/08/07 14:05:27.473, 2, 104260, 100, 952.21
2026/08/07 14:05:27.473, 3, 104260, 100, 969.85
2026/08/07 14:05:27.473, 4, 103110, 100, 940.58
2026/08/07 14:05:27.473, 5, 104270, 100, 958.33
2026/08/07 14:05:27.473, 6, 104270, 100, 938.36
2026/08/07 14:05:27.473, 7, 104270, 100, 967.85
2026/08/07 14:05:27.973, 0, 103100, 100, 955.02
2026/08/07 14:05:27.973, 1, 104260, 100, 974.47
2026/08/07 14:05:27.973, 2, 104260, 100, 949.69
2026/08/07 14:05:27.973, 3, 104260, 100, 967.32
2026/08/07 14:05:27.973, 4, 103110, 100, 946.38
2026/08/07 14:05:27.973, 5, 104270, 100, 965.11
2026/08/07 14:05:27.973, 6, 104270, 100, 948.69
2026/08/07 14:05:27.973, 7, 104270, 100, 972.81
2026/08/07 14:05:28.473, 0, 103100, 100, 958.91
2026/08/07 14:05:28.473, 1, 104260, 100, 972.71
2026/08/07 14:05:28.474, 2, 104260, 100, 949.07
2026/08/07 14:05:28.475, 3, 104260, 100, 963.36
2026/08/07 14:05:28.476, 4, 103110, 100, 939.96
2026/08/07 14:05:28.477, 5, 104270, 100, 964.56
2026/08/07 14:05:28.478, 6, 104270, 100, 948.90
2026/08/07 14:05:28.479, 7, 104270, 100, 978.62
2026/08/07 14:05:28.980, 0, 103100, 100, 951.58
2026/08/07 14:05:28.980, 1, 104260, 100, 970.76
2026/08/07 14:05:28.980, 2, 104260, 100, 950.09
2026/08/07 14:05:28.980, 3, 104260, 100, 953.99
2026/08/07 14:05:28.980, 4, 103110, 100, 935.96
2026/08/07 14:05:28.980, 5, 104270, 100, 964.39
2026/08/07 14:05:28.980, 6, 104270, 100, 951.32
2026/08/07 14:05:28.980, 7, 104270, 100, 970.58
2026/08/07 14:05:29.480, 0, 103100, 100, 940.38
2026/08/07 14:05:29.480, 1, 104260, 100, 969.23
2026/08/07 14:05:29.480, 2, 104260, 100, 940.37
2026/08/07 14:05:29.480, 3, 104260, 100, 949.92
2026/08/07 14:05:29.480, 4, 103110, 100, 945.04
2026/08/07 14:05:29.480, 5, 104270, 100, 961.24
2026/08/07 14:05:29.480, 6, 104270, 100, 944.33
2026/08/07 14:05:29.480, 7, 104270, 100, 964.83
2026/08/07 14:05:29.980, 0, 103100, 100, 938.18
2026/08/07 14:05:29.980, 1, 104260, 100, 964.45
2026/08/07 14:05:29.980, 2, 104260, 100, 944.36
2026/08/07 14:05:29.980, 3, 104260, 100, 950.42
2026/08/07 14:05:29.980, 4, 103110, 100, 941.75
2026/08/07 14:05:29.980, 5, 104270, 100, 945.59
2026/08/07 14:05:29.980, 6, 104270, 100, 932.42
2026/08/07 14:05:29.980, 7, 104270, 100, 963.71
2026/08/07 14:05:30.480, 0, 103100, 100, 950.75
2026/08/07 14:05:30.480, 1, 104260, 100, 962.45
2026/08/07 14:05:30.480, 2, 104260, 100, 946.93
2026/08/07 14:05:30.480, 3, 104260, 100, 946.62
2026/08/07 14:05:30.480, 4, 103110, 100, 935.35
2026/08/07 14:05:30.480, 5, 104270, 100, 945.48
2026/08/07 14:05:30.480, 6, 104270, 100, 932.49
2026/08/07 14:05:30.480, 7, 104270, 100, 958.42
2026/08/07 14:05:30.980, 0, 103100, 100, 957.06
2026/08/07 14:05:30.980, 1, 104260, 100, 963.35
2026/08/07 14:05:30.980, 2, 104260, 100, 951.55
2026/08/07 14:05:30.980, 3, 104260, 100, 953.59
2026/08/07 14:05:30.980, 4, 103110, 99, 933.73
2026/08/07 14:05:30.980, 5, 104270, 99, 959.83
2026/08/07 14:05:30.980, 6, 104270, 99, 933.15
2026/08/07 14:05:30.981, 7, 104270, 100, 969.23
2026/08/07 14:05:31.481, 0, 103100, 100, 964.62
2026/08/07 14:05:31.484, 1, 104260, 100, 974.30
2026/08/07 14:05:31.488, 2, 104260, 100, 950.05
2026/08/07 14:05:31.491, 3, 104260, 100, 967.48
2026/08/07 14:05:31.492, 4, 103110, 100, 935.90
2026/08/07 14:05:31.501, 5, 104270, 100, 959.30
2026/08/07 14:05:31.501, 6, 104270, 100, 928.85
2026/08/07 14:05:31.501, 7, 104270, 100, 976.34
2026/08/07 14:05:32.001, 0, 103100, 100, 963.95
2026/08/07 14:05:32.001, 1, 104260, 100, 979.60
2026/08/07 14:05:32.001, 2, 104260, 100, 949.03
2026/08/07 14:05:32.001, 3, 104260, 100, 965.34
2026/08/07 14:05:32.001, 4, 103110, 100, 947.92
2026/08/07 14:05:32.001, 5, 104270, 100, 969.72
2026/08/07 14:05:32.001, 6, 104270, 100, 941.02
2026/08/07 14:05:32.001, 7, 104270, 100, 969.05
2026/08/07 14:05:32.501, 0, 103100, 100, 957.39
2026/08/07 14:05:32.501, 1, 104260, 100, 979.78
2026/08/07 14:05:32.501, 2, 104260, 100, 955.90
2026/08/07 14:05:32.501, 3, 104260, 100, 964.12
2026/08/07 14:05:32.501, 4, 103110, 100, 955.96
2026/08/07 14:05:32.501, 5, 104270, 100, 975.52
2026/08/07 14:05:32.501, 6, 104270, 100, 951.89
2026/08/07 14:05:32.501, 7, 104270, 100, 974.91
2026/08/07 14:05:33.001, 0, 103100, 100, 953.17
2026/08/07 14:05:33.002, 1, 104260, 100, 967.24
2026/08/07 14:05:33.002, 2, 104260, 100, 944.67
2026/08/07 14:05:33.002, 3, 104260, 100, 961.72
2026/08/07 14:05:33.002, 4, 103110, 100, 952.74
2026/08/07 14:05:33.002, 5, 104270, 100, 964.25
2026/08/07 14:05:33.002, 6, 104270, 100, 956.11
2026/08/07 14:05:33.002, 7, 104270, 100, 983.84
2026/08/07 14:05:33.502, 0, 103100, 100, 950.85
2026/08/07 14:05:33.502, 1, 104260, 100, 967.45
2026/08/07 14:05:33.502, 2, 104260, 100, 938.69
2026/08/07 14:05:33.502, 3, 104260, 100, 957.41
2026/08/07 14:05:33.502, 4, 103110, 100, 947.44
2026/08/07 14:05:33.502, 5, 104270, 100, 964.10
2026/08/07 14:05:33.502, 6, 104270, 100, 952.23
2026/08/07 14:05:33.502, 7, 104270, 100, 971.95
2026/08/07 14:05:34.002, 0, 103100, 100, 937.52
2026/08/07 14:05:34.002, 1, 104260, 100, 951.50
2026/08/07 14:05:34.002, 2, 104260, 100, 946.35
2026/08/07 14:05:34.002, 3, 104260, 100, 952.79
2026/08/07 14:05:34.002, 4, 103110, 100, 943.91
2026/08/07 14:05:34.002, 5, 104270, 100, 957.93
2026/08/07 14:05:34.002, 6, 104270, 100, 944.19
2026/08/07 14:05:34.002, 7, 104270, 100, 966.37
2026/08/07 14:05:34.502, 0, 103100, 100, 935.99
2026/08/07 14:05:34.503, 1, 104260, 100, 947.14
2026/08/07 14:05:34.503, 2, 104260, 100, 939.24
2026/08/07 14:05:34.503, 3, 104260, 100, 949.64
2026/08/07 14:05:34.503, 4, 103110, 100, 943.64
2026/08/07 14:05:34.503, 5, 104270, 100, 962.11
2026/08/07 14:05:34.503, 6, 104270, 100, 940.80
2026/08/07 14:05:34.503, 7, 104270, 100, 968.63
2026/08/07 14:05:35.003, 0, 103100, 100, 941.93
2026/08/07 14:05:35.003, 1, 104260, 100, 969.29
2026/08/07 14:05:35.003, 2, 104260, 100, 938.64
2026/08/07 14:05:35.003, 3, 104260, 100, 957.43
2026/08/07 14:05:35.003, 4, 103110, 100, 937.91
2026/08/07 14:05:35.003, 5, 104270, 100, 960.34
2026/08/07 14:05:35.003, 6, 104270, 100, 938.17
2026/08/07 14:05:35.003, 7, 104270, 100, 966.74
2026/08/07 14:05:35.503, 0, 103100, 100, 954.29
2026/08/07 14:05:35.503, 1, 104260, 100, 976.86
2026/08/07 14:05:35.503, 2, 104260, 100, 939.00
2026/08/07 14:05:35.503, 3, 104260, 100, 964.48
2026/08/07 14:05:35.503, 4, 103110, 100, 935.70
2026/08/07 14:05:35.503, 5, 104270, 100, 955.27
2026/08/07 14:05:35.503, 6, 104270, 100, 938.18
2026/08/07 14:05:35.503, 7, 104270, 100, 953.61
2026/08/07 14:05:36.003, 0, 103100, 100, 969.26
2026/08/07 14:05:36.003, 1, 104260, 100, 975.80
2026/08/07 14:05:36.003, 2, 104260, 100, 946.91
2026/08/07 14:05:36.003, 3, 104260, 100, 960.04
2026/08/07 14:05:36.003, 4, 103110, 100, 939.05
2026/08/07 14:05:36.003, 5, 104270, 100, 958.79
2026/08/07 14:05:36.003, 6, 104270, 100, 931.89
2026/08/07 14:05:36.003, 7, 104270, 100, 962.08
2026/08/07 14:05:36.503, 0, 103100, 100, 968.78
2026/08/07 14:05:36.504, 1, 104260, 100, 975.47
2026/08/07 14:05:36.505, 2, 104260, 100, 958.47
2026/08/07 14:05:36.505, 3, 104260, 100, 967.71
2026/08/07 14:05:36.506, 4, 103110, 100, 945.14
2026/08/07 14:05:36.507, 5, 104270, 100, 964.81
2026/08/07 14:05:36.507, 6, 104270, 100, 939.43
2026/08/07 14:05:36.507, 7, 104270, 100, 966.82
2026/08/07 14:05:37.007, 0, 103100, 100, 961.26
2026/08/07 14:05:37.007, 1, 104260, 100, 972.08
2026/08/07 14:05:37.007, 2, 104260, 100, 949.97
2026/08/07 14:05:37.007, 3, 104260, 100, 968.21
2026/08/07 14:05:37.007, 4, 103110, 100, 953.39
2026/08/07 14:05:37.007, 5, 104270, 100, 969.81
2026/08/07 14:05:37.007, 6, 104270, 100, 950.00
2026/08/07 14:05:37.007, 7, 104270, 100, 974.57
2026/08/07 14:05:37.507, 0, 103100, 100, 951.48
2026/08/07 14:05:37.507, 1, 104260, 100, 965.96
2026/08/07 14:05:37.507, 2, 104260, 100, 945.00
2026/08/07 14:05:37.507, 3, 104260, 100, 963.60
2026/08/07 14:05:37.507, 4, 103110, 100, 956.33
2026/08/07 14:05:37.507, 5, 104270, 100, 969.30
2026/08/07 14:05:37.507, 6, 104270, 100, 946.84
2026/08/07 14:05:37.507, 7, 104270, 100, 974.86
2026/08/07 14:05:38.007, 0, 103100, 100, 948.97
2026/08/07 14:05:38.010, 1, 104260, 100, 971.51
2026/08/07 14:05:38.010, 2, 104260, 100, 951.83
2026/08/07 14:05:38.014, 3, 104260, 100, 953.13
2026/08/07 14:05:38.014, 4, 103110, 100, 949.08
2026/08/07 14:05:38.019, 5, 104270, 100, 956.63
2026/08/07 14:05:38.019, 6, 104270, 100, 941.10
2026/08/07 14:05:38.019, 7, 104270, 100, 972.05
2026/08/07 14:05:38.519, 0, 103100, 100, 949.78
2026/08/07 14:05:38.519, 1, 104260, 100, 968.70
2026/08/07 14:05:38.519, 2, 104260, 100, 948.69
2026/08/07 14:05:38.519, 3, 104260, 100, 950.30
2026/08/07 14:05:38.519, 4, 103110, 100, 945.20
2026/08/07 14:05:38.519, 5, 104270, 100, 953.37
2026/08/07 14:05:38.519, 6, 104270, 100, 938.40
2026/08/07 14:05:38.519, 7, 104270, 100, 966.98
2026/08/07 14:05:39.019, 0, 103100, 99, 944.68
2026/08/07 14:05:39.019, 1, 104260, 99, 966.50
2026/08/07 14:05:39.020, 2, 104260, 100, 928.72
2026/08/07 14:05:39.020, 3, 104260, 100, 944.84
2026/08/07 14:05:39.020, 4, 103110, 100, 947.87
2026/08/07 14:05:39.020, 5, 104270, 100, 958.06
2026/08/07 14:05:39.020, 6, 104270, 100, 940.03
2026/08/07 14:05:39.020, 7, 104270, 100, 969.54
2026/08/07 14:05:39.520, 0, 103100, 100, 946.52
2026/08/07 14:05:39.520, 1, 104260, 100, 975.08
2026/08/07 14:05:39.520, 2, 104260, 100, 932.08
2026/08/07 14:05:39.520, 3, 104260, 100, 953.19
2026/08/07 14:05:39.520, 4, 103110, 100, 936.94
2026/08/07 14:05:39.520, 5, 104270, 100, 941.73
2026/08/07 14:05:39.520, 6, 104270, 100, 932.97
2026/08/07 14:05:39.520, 7, 104270, 100, 967.56
2026/08/07 14:05:40.020, 0, 103100, 100, 961.32
2026/08/07 14:05:40.020, 1, 104260, 100, 981.09
2026/08/07 14:05:40.020, 2, 104260, 100, 957.57
2026/08/07 14:05:40.020, 3, 104260, 100, 971.22
2026/08/07 14:05:40.020, 4, 103110, 100, 937.80
2026/08/07 14:05:40.020, 5, 104270, 100, 940.01
2026/08/07 14:05:40.020, 6, 104270, 100, 929.30
2026/08/07 14:05:40.020, 7, 104270, 100, 961.40
2026/08/07 14:05:40.520, 0, 103100, 100, 960.85
2026/08/07 14:05:40.520, 1, 104260, 100, 977.85
2026/08/07 14:05:40.520, 2, 104260, 100, 950.50
2026/08/07 14:05:40.520, 3, 104260, 100, 969.20
2026/08/07 14:05:40.520, 4, 103110, 100, 946.99
2026/08/07 14:05:40.520, 5, 104270, 100, 958.26
2026/08/07 14:05:40.520, 6, 104270, 100, 931.07
2026/08/07 14:05:40.520, 7, 104270, 100, 966.29
2026/08/07 14:05:41.020, 0, 103100, 100, 956.93
2026/08/07 14:05:41.020, 1, 104260, 100, 975.96
2026/08/07 14:05:41.020, 2, 104260, 100, 951.67
2026/08/07 14:05:41.020, 3, 104260, 100, 960.74
2026/08/07 14:05:41.020, 4, 103110, 100, 950.85
2026/08/07 14:05:41.020, 5, 104270, 100, 964.53
2026/08/07 14:05:41.020, 6, 104270, 100, 936.34
2026/08/07 14:05:41.020, 7, 104270, 100, 976.33
2026/08/07 14:05:41.520, 0, 103100, 100, 956.29
2026/08/07 14:05:41.521, 1, 104260, 100, 978.74
2026/08/07 14:05:41.522, 2, 104260, 100, 949.70
2026/08/07 14:05:41.523, 3, 104260, 100, 961.83
2026/08/07 14:05:41.524, 4, 103110, 100, 953.79
2026/08/07 14:05:41.525, 5, 104270, 100, 969.12
2026/08/07 14:05:41.525, 6, 104270, 100, 947.67
2026/08/07 14:05:41.526, 7, 104270, 100, 977.76
2026/08/07 14:05:42.027, 0, 103100, 100, 953.38
2026/08/07 14:05:42.027, 1, 104260, 100, 972.30
2026/08/07 14:05:42.027, 2, 104260, 100, 935.47
2026/08/07 14:05:42.027, 3, 104260, 100, 964.70
2026/08/07 14:05:42.027, 4, 103110, 100, 955.82
2026/08/07 14:05:42.027, 5, 104270, 100, 968.96
2026/08/07 14:05:42.027, 6, 104270, 100, 948.15
2026/08/07 14:05:42.027, 7, 104270, 100, 975.91
2026/08/07 14:05:42.527, 0, 103100, 100, 952.36
2026/08/07 14:05:42.527, 1, 104260, 100, 967.62
2026/08/07 14:05:42.527, 2, 104260, 100, 942.19
2026/08/07 14:05:42.527, 3, 104260, 100, 955.94
2026/08/07 14:05:42.527, 4, 103110, 100, 944.45
2026/08/07 14:05:42.527, 5, 104270, 100, 953.57
2026/08/07 14:05:42.527, 6, 104270, 100, 937.64
2026/08/07 14:05:42.527, 7, 104270, 100, 966.38
2026/08/07 14:05:43.027, 0, 103100, 100, 943.02
2026/08/07 14:05:43.027, 1, 104260, 100, 962.55
2026/08/07 14:05:43.027, 2, 104260, 100, 941.00
2026/08/07 14:05:43.027, 3, 104260, 100, 956.06
2026/08/07 14:05:43.027, 4, 103110, 100, 935.93
2026/08/07 14:05:43.027, 5, 104270, 100, 943.86
2026/08/07 14:05:43.027, 6, 104270, 100, 931.89
2026/08/07 14:05:43.027, 7, 104270, 100, 960.08
2026/08/07 14:05:43.528, 0, 103100, 99, 934.35
2026/08/07 14:05:43.528, 1, 104260, 99, 947.04
2026/08/07 14:05:43.528, 2, 104260, 99, 936.52
2026/08/07 14:05:43.528, 3, 104260, 100, 950.90
2026/08/07 14:05:43.528, 4, 103110, 100, 937.17
2026/08/07 14:05:43.528, 5, 104270, 100, 958.04
2026/08/07 14:05:43.528, 6, 104270, 100, 928.66
2026/08/07 14:05:43.528, 7, 104270, 100, 969.54
2026/08/07 14:05:44.028, 0, 103100, 100, 942.52
2026/08/07 14:05:44.028, 1, 104260, 100, 967.69
2026/08/07 14:05:44.028, 2, 104260, 100, 944.19
2026/08/07 14:05:44.028, 3, 104260, 100, 947.39
2026/08/07 14:05:44.028, 4, 103110, 100, 934.58
2026/08/07 14:05:44.028, 5, 104270, 100, 951.58
2026/08/07 14:05:44.028, 6, 104270, 100, 922.34
2026/08/07 14:05:44.028, 7, 104270, 100, 967.74
2026/08/07 14:05:44.533, 0, 103100, 100, 957.27
2026/08/07 14:05:44.533, 1, 104260, 100, 977.43
2026/08/07 14:05:44.533, 2, 104260, 100, 948.03
2026/08/07 14:05:44.533, 3, 104260, 100, 966.22
2026/08/07 14:05:44.533, 4, 103110, 100, 930.02
2026/08/07 14:05:44.533, 5, 104270, 100, 949.94
2026/08/07 14:05:44.533, 6, 104270, 100, 932.76
2026/08/07 14:05:44.533, 7, 104270, 100, 960.35
2026/08/07 14:05:45.033, 0, 103100, 100, 960.40
2026/08/07 14:05:45.033, 1, 104260, 100, 974.97
2026/08/07 14:05:45.033, 2, 104260, 100, 946.90
2026/08/07 14:05:45.033, 3, 104260, 100, 968.02
2026/08/07 14:05:45.033, 4, 103110, 100, 935.15
2026/08/07 14:05:45.033, 5, 104270, 100, 961.42
2026/08/07 14:05:45.033, 6, 104270, 100, 945.41
2026/08/07 14:05:45.033, 7, 104270, 100, 971.21
2026/08/07 14:05:45.533, 0, 103100, 100, 955.38
2026/08/07 14:05:45.533, 1, 104260, 100, 980.65
2026/08/07 14:05:45.533, 2, 104260, 100, 950.63
2026/08/07 14:05:45.533, 3, 104260, 100, 960.66
2026/08/07 14:05:45.533, 4, 103110, 100, 949.05
2026/08/07 14:05:45.533, 5, 104270, 100, 966.91
2026/08/07 14:05:45.533, 6, 104270, 100, 948.56
2026/08/07 14:05:45.533, 7, 104270, 100, 978.75
2026/08/07 14:05:46.033, 0, 103100, 100, 956.35
2026/08/07 14:05:46.033, 1, 104260, 100, 976.50
2026/08/07 14:05:46.033, 2, 104260, 100, 949.61
2026/08/07 14:05:46.033, 3, 104260, 100, 958.51
2026/08/07 14:05:46.033, 4, 103110, 100, 948.26
2026/08/07 14:05:46.033, 5, 104270, 100, 971.64
2026/08/07 14:05:46.033, 6, 104270, 100, 955.77
2026/08/07 14:05:46.033, 7, 104270, 100, 979.40
2026/08/07 14:05:46.533, 0, 103100, 100, 958.72
2026/08/07 14:05:46.534, 1, 104260, 100, 968.52
2026/08/07 14:05:46.534, 2, 104260, 100, 938.28
2026/08/07 14:05:46.534, 3, 104260, 100, 963.65
2026/08/07 14:05:46.534, 4, 103110, 100, 945.24
2026/08/07 14:05:46.534, 5, 104270, 100, 967.75
2026/08/07 14:05:46.534, 6, 104270, 100, 950.19
2026/08/07 14:05:46.534, 7, 104270, 100, 972.69
2026/08/07 14:05:47.034, 0, 103100, 100, 957.09
2026/08/07 14:05:47.034, 1, 104260, 100, 965.35
2026/08/07 14:05:47.034, 2, 104260, 100, 938.20
2026/08/07 14:05:47.034, 3, 104260, 100, 960.96
2026/08/07 14:05:47.034, 4, 103110, 100, 947.94
2026/08/07 14:05:47.034, 5, 104270, 100, 967.83
2026/08/07 14:05:47.034, 6, 104270, 100, 940.00
2026/08/07 14:05:47.034, 7, 104270, 100, 970.75
2026/08/07 14:05:47.534, 0, 103100, 100, 950.27
2026/08/07 14:05:47.534, 1, 104260, 100, 970.68
2026/08/07 14:05:47.534, 2, 104260, 100, 937.36
2026/08/07 14:05:47.534, 3, 104260, 100, 959.31
2026/08/07 14:05:47.534, 4, 103110, 100, 934.66
2026/08/07 14:05:47.534, 5, 104270, 100, 956.41
2026/08/07 14:05:47.534, 6, 104270, 100, 928.64
2026/08/07 14:05:47.534, 7, 104270, 100, 962.45
2026/08/07 14:05:48.034, 0, 103100, 100, 949.70
2026/08/07 14:05:48.034, 1, 104260, 100, 962.42
2026/08/07 14:05:48.034, 2, 104260, 100, 935.05
2026/08/07 14:05:48.034, 3, 104260, 100, 954.22
2026/08/07 14:05:48.034, 4, 103110, 100, 931.29
2026/08/07 14:05:48.034, 5, 104270, 100, 951.23
2026/08/07 14:05:48.034, 6, 104270, 100, 925.70
2026/08/07 14:05:48.034, 7, 104270, 100, 957.86
2026/08/07 14:05:48.534, 0, 103100, 100, 949.99
2026/08/07 14:05:48.534, 1, 104260, 100, 957.55
2026/08/07 14:05:48.534, 2, 104260, 100, 945.53
2026/08/07 14:05:48.534, 3, 104260, 100, 963.00
2026/08/07 14:05:48.534, 4, 103110, 100, 936.80
2026/08/07 14:05:48.534, 5, 104270, 99, 953.14
2026/08/07 14:05:48.534, 6, 104270, 99, 930.21
2026/08/07 14:05:48.534, 7, 104270, 100, 960.92
2026/08/07 14:05:49.035, 0, 103100, 100, 961.52
2026/08/07 14:05:49.035, 1, 104260, 100, 979.62
2026/08/07 14:05:49.035, 2, 104260, 100, 954.40
2026/08/07 14:05:49.035, 3, 104260, 100, 974.34
2026/08/07 14:05:49.035, 4, 103110, 100, 932.60
2026/08/07 14:05:49.035, 5, 104270, 100, 962.36
2026/08/07 14:05:49.035, 6, 104270, 100, 933.59
2026/08/07 14:05:49.035, 7, 104270, 100, 965.99
2026/08/07 14:05:49.535, 0, 103100, 100, 965.83
2026/08/07 14:05:49.535, 1, 104260, 100, 979.72
2026/08/07 14:05:49.535, 2, 104260, 100, 953.38
2026/08/07 14:05:49.535, 3, 104260, 100, 969.58
2026/08/07 14:05:49.535, 4, 103110, 100, 935.83
2026/08/07 14:05:49.535, 5, 104270, 100, 969.40
2026/08/07 14:05:49.535, 6, 104270, 100, 941.32
2026/08/07 14:05:49.535, 7, 104270, 100, 973.47
2026/08/07 14:05:50.035, 0, 103100, 100, 956.74
2026/08/07 14:05:50.035, 1, 104260, 100, 981.04
2026/08/07 14:05:50.035, 2, 104260, 100, 949.21
2026/08/07 14:05:50.035, 3, 104260, 100, 967.92
2026/08/07 14:05:50.035, 4, 103110, 100, 944.01
2026/08/07 14:05:50.035, 5, 104270, 100, 973.51
2026/08/07 14:05:50.035, 6, 104270, 100, 950.79
2026/08/07 14:05:50.035, 7, 104270, 100, 981.24
2026/08/07 14:05:50.535, 0, 103100, 100, 952.29
2026/08/07 14:05:50.535, 1, 104260, 100, 983.72
2026/08/07 14:05:50.535, 2, 104260, 100, 947.60
2026/08/07 14:05:50.535, 3, 104260, 100, 965.79
2026/08/07 14:05:50.535, 4, 103110, 100, 945.15
2026/08/07 14:05:50.535, 5, 104270, 100, 965.32
2026/08/07 14:05:50.535, 6, 104270, 100, 951.37
2026/08/07 14:05:50.535, 7, 104270, 100, 982.25
2026/08/07 14:05:51.035, 0, 103100, 100, 953.53
2026/08/07 14:05:51.036, 1, 104260, 100, 971.46
2026/08/07 14:05:51.036, 2, 104260, 100, 941.33
2026/08/07 14:05:51.036, 3, 104260, 100, 961.42
2026/08/07 14:05:51.036, 4, 103110, 100, 946.57
2026/08/07 14:05:51.036, 5, 104270, 100, 961.59
2026/08/07 14:05:51.036, 6, 104270, 100, 944.35
2026/08/07 14:05:51.036, 7, 104270, 100, 972.79
2026/08/07 14:05:51.536, 0, 103100, 100, 953.64
2026/08/07 14:05:51.536, 1, 104260, 100, 967.77
2026/08/07 14:05:51.536, 2, 104260, 100, 945.46
2026/08/07 14:05:51.536, 3, 104260, 100, 961.38
2026/08/07 14:05:51.536, 4, 103110, 100, 937.51
2026/08/07 14:05:51.536, 5, 104270, 100, 958.31
2026/08/07 14:05:51.536, 6, 104270, 100, 936.71
2026/08/07 14:05:51.536, 7, 104270, 100, 967.40
2026/08/07 14:05:52.036, 0, 103100, 100, 941.60
2026/08/07 14:05:52.036, 1, 104260, 100, 960.59
2026/08/07 14:05:52.036, 2, 104260, 100, 951.28
2026/08/07 14:05:52.036, 3, 104260, 100, 958.18
2026/08/07 14:05:52.036, 4, 103110, 100, 934.85
2026/08/07 14:05:52.036, 5, 104270, 100, 946.29
2026/08/07 14:05:52.036, 6, 104270, 100, 928.06
2026/08/07 14:05:52.036, 7, 104270, 100, 965.09
2026/08/07 14:05:52.536, 0, 103100, 100, 935.60
2026/08/07 14:05:52.536, 1, 104260, 100, 965.16
2026/08/07 14:05:52.536, 2, 104260, 100, 943.10
2026/08/07 14:05:52.536, 3, 104260, 100, 950.55
2026/08/07 14:05:52.536, 4, 103110, 100, 939.55
2026/08/07 14:05:52.536, 5, 104270, 100, 954.21
2026/08/07 14:05:52.536, 6, 104270, 100, 925.98
2026/08/07 14:05:52.536, 7, 104270, 100, 956.00
2026/08/07 14:05:53.036, 0, 103100, 100, 940.22
2026/08/07 14:05:53.036, 1, 104260, 100, 971.02
2026/08/07 14:05:53.036, 2, 104260, 100, 949.53
2026/08/07 14:05:53.036, 3, 104260, 100, 957.15
2026/08/07 14:05:53.036, 4, 103110, 100, 937.42
2026/08/07 14:05:53.036, 5, 104270, 99, 949.55
2026/08/07 14:05:53.036, 6, 104270, 99, 935.59
2026/08/07 14:05:53.036, 7, 104270, 100, 963.99
2026/08/07 14:05:53.537, 0, 103100, 100, 956.26
2026/08/07 14:05:53.537, 1, 104260, 100, 968.09
2026/08/07 14:05:53.537, 2, 104260, 100, 955.84
2026/08/07 14:05:53.537, 3, 104260, 100, 969.32
2026/08/07 14:05:53.537, 4, 103110, 100, 933.10
2026/08/07 14:05:53.537, 5, 104270, 100, 951.45
2026/08/07 14:05:53.537, 6, 104270, 100, 938.29
2026/08/07 14:05:53.537, 7, 104270, 100, 967.89
2026/08/07 14:05:54.037, 0, 103100, 100, 965.42
2026/08/07 14:05:54.037, 1, 104260, 100, 979.39
2026/08/07 14:05:54.037, 2, 104260, 100, 955.73
2026/08/07 14:05:54.037, 3, 104260, 100, 972.83
2026/08/07 14:05:54.037, 4, 103110, 100, 943.69
2026/08/07 14:05:54.037, 5, 104270, 100, 962.22
2026/08/07 14:05:54.037, 6, 104270, 100, 938.22
2026/08/07 14:05:54.037, 7, 104270, 100, 968.41
2026/08/07 14:05:54.537, 0, 103100, 100, 956.71
2026/08/07 14:05:54.537, 1, 104260, 100, 978.07
2026/08/07 14:05:54.537, 2, 104260, 100, 954.44
2026/08/07 14:05:54.537, 3, 104260, 100, 963.09
2026/08/07 14:05:54.537, 4, 103110, 100, 946.98
2026/08/07 14:05:54.537, 5, 104270, 100, 961.82
2026/08/07 14:05:54.537, 6, 104270, 100, 940.51
2026/08/07 14:05:54.537, 7, 104270, 100, 972.22
2026/08/07 14:05:55.037, 0, 103100, 100, 938.85
2026/08/07 14:05:55.037, 1, 104260, 100, 961.76
2026/08/07 14:05:55.037, 2, 104260, 100, 954.21
2026/08/07 14:05:55.037, 3, 104260, 100, 962.50
2026/08/07 14:05:55.037, 4, 103110, 100, 945.86
2026/08/07 14:05:55.037, 5, 104270, 100, 967.09
2026/08/07 14:05:55.037, 6, 104270, 100, 945.55
2026/08/07 14:05:55.037, 7, 104270, 100, 977.13
2026/08/07 14:05:55.537, 0, 103100, 100, 945.76
2026/08/07 14:05:55.537, 1, 104260, 100, 962.84
2026/08/07 14:05:55.537, 2, 104260, 100, 951.65
2026/08/07 14:05:55.537, 3, 104260, 100, 959.65
2026/08/07 14:05:55.537, 4, 103110, 100, 947.53
2026/08/07 14:05:55.538, 5, 104270, 100, 965.96
2026/08/07 14:05:55.538, 6, 104270, 100, 947.21
2026/08/07 14:05:55.538, 7, 104270, 100, 976.34
2026/08/07 14:05:56.038, 0, 103100, 100, 952.82
2026/08/07 14:05:56.038, 1, 104260, 100, 968.02
2026/08/07 14:05:56.038, 2, 104260, 100, 936.41
2026/08/07 14:05:56.038, 3, 104260, 100, 950.82
2026/08/07 14:05:56.038, 4, 103110, 100, 936.92
2026/08/07 14:05:56.038, 5, 104270, 100, 958.73
2026/08/07 14:05:56.038, 6, 104270, 100, 939.89
2026/08/07 14:05:56.038, 7, 104270, 100, 970.20
2026/08/07 14:05:56.538, 0, 103102, 100, 949.67
2026/08/07 14:05:56.538, 1, 104262, 100, 966.18
2026/08/07 14:05:56.538, 2, 104262, 100, 937.90
2026/08/07 14:05:56.538, 3, 104262, 100, 948.97
2026/08/07 14:05:56.538, 4, 103110, 100, 936.85
2026/08/07 14:05:56.538, 5, 104270, 100, 956.24
2026/08/07 14:05:56.538, 6, 104270, 100, 937.48
2026/08/07 14:05:56.538, 7, 104270, 100, 964.92
2026/08/07 14:05:57.038, 0, 103102, 100, 942.58
2026/08/07 14:05:57.039, 1, 104262, 100, 969.44
2026/08/07 14:05:57.042, 2, 104262, 100, 939.35
2026/08/07 14:05:57.043, 3, 104262, 100, 953.56
2026/08/07 14:05:57.046, 4, 103110, 100, 931.70
2026/08/07 14:05:57.047, 5, 104270, 100, 942.87
2026/08/07 14:05:57.047, 6, 104270, 100, 930.79
2026/08/07 14:05:57.047, 7, 104270, 100, 957.81
2026/08/07 14:05:57.547, 0, 103102, 100, 946.49
2026/08/07 14:05:57.547, 1, 104262, 100, 975.80
2026/08/07 14:05:57.547, 2, 104262, 100, 943.22
2026/08/07 14:05:57.547, 3, 104262, 100, 964.48
2026/08/07 14:05:57.547, 4, 103112, 100, 929.66
2026/08/07 14:05:57.547, 5, 104272, 100, 957.07
2026/08/07 14:05:57.547, 6, 104272, 100, 930.32
2026/08/07 14:05:57.547, 7, 104272, 100, 962.52
2026/08/07 14:05:58.048, 0, 103102, 100, 960.43
2026/08/07 14:05:58.048, 1, 104262, 100, 984.73
2026/08/07 14:05:58.048, 2, 104262, 100, 953.57
2026/08/07 14:05:58.048, 3, 104262, 100, 971.65
2026/08/07 14:05:58.048, 4, 103112, 100, 933.58
2026/08/07 14:05:58.048, 5, 104272, 100, 969.62
2026/08/07 14:05:58.048, 6, 104272, 100, 939.80
2026/08/07 14:05:58.048, 7, 104272, 100, 974.08
2026/08/07 14:05:58.548, 0, 103102, 100, 960.45
2026/08/07 14:05:58.548, 1, 104262, 100, 980.46
2026/08/07 14:05:58.548, 2, 104262, 100, 942.63
2026/08/07 14:05:58.548, 3, 104262, 100, 963.65
2026/08/07 14:05:58.548, 4, 103112, 100, 944.99
2026/08/07 14:05:58.548, 5, 104272, 100, 959.76
2026/08/07 14:05:58.548, 6, 104272, 100, 945.12
2026/08/07 14:05:58.548, 7, 104272, 100, 972.43
2026/08/07 14:05:59.048, 0, 103102, 100, 963.67
2026/08/07 14:05:59.048, 1, 104262, 100, 977.29
2026/08/07 14:05:59.048, 2, 104262, 100, 945.91
2026/08/07 14:05:59.048, 3, 104262, 100, 961.89
2026/08/07 14:05:59.048, 4, 103112, 100, 950.31
2026/08/07 14:05:59.048, 5, 104272, 100, 959.60
2026/08/07 14:05:59.048, 6, 104272, 100, 944.16
2026/08/07 14:05:59.048, 7, 104272, 100, 969.34
2026/08/07 14:05:59.548, 0, 103102, 100, 957.00
2026/08/07 14:05:59.549, 1, 104262, 100, 970.79
2026/08/07 14:05:59.549, 2, 104262, 100, 951.59
2026/08/07 14:05:59.549, 3, 104262, 100, 957.57
2026/08/07 14:05:59.549, 4, 103112, 100, 948.81
2026/08/07 14:05:59.549, 5, 104272, 100, 954.98
2026/08/07 14:05:59.549, 6, 104272, 100, 946.79
2026/08/07 14:05:59.549, 7, 104272, 100, 972.80
2026/08/07 14:06:00.049, 0, 103102, 100, 955.68
2026/08/07 14:06:00.049, 1, 104262, 100, 966.67
2026/08/07 14:06:00.049, 2, 104262, 100, 938.22
2026/08/07 14:06:00.049, 3, 104262, 100, 955.80
2026/08/07 14:06:00.049, 4, 103112, 100, 937.77
2026/08/07 14:06:00.049, 5, 104272, 100, 952.48
2026/08/07 14:06:00.049, 6, 104272, 100, 944.59
2026/08/07 14:06:00.049, 7, 104272, 100, 959.42
2026/08/07 14:06:00.549, 0, 103102, 100, 950.02
2026/08/07 14:06:00.549, 1, 104262, 100, 969.97
2026/08/07 14:06:00.549, 2, 104262, 100, 933.72
2026/08/07 14:06:00.549, 3, 104262, 100, 957.19
2026/08/07 14:06:00.549, 4, 103112, 100, 930.11
2026/08/07 14:06:00.549, 5, 104272, 100, 958.46
2026/08/07 14:06:00.549, 6, 104272, 100, 937.02
2026/08/07 14:06:00.549, 7, 104272, 100, 960.78
2026/08/07 14:06:01.050, 0, 103102, 100, 932.42
2026/08/07 14:06:01.050, 1, 104262, 99, 958.20
2026/08/07 14:06:01.050, 2, 104262, 99, 935.64
2026/08/07 14:06:01.050, 3, 104262, 100, 948.66
2026/08/07 14:06:01.050, 4, 103112, 100, 942.63
2026/08/07 14:06:01.050, 5, 104272, 100, 960.53
2026/08/07 14:06:01.050, 6, 104272, 100, 931.70
2026/08/07 14:06:01.050, 7, 104272, 100, 966.59
2026/08/07 14:06:01.550, 0, 103102, 100, 943.35
2026/08/07 14:06:01.550, 1, 104262, 100, 956.34
2026/08/07 14:06:01.550, 2, 104262, 100, 937.16
2026/08/07 14:06:01.550, 3, 104262, 100, 949.79
2026/08/07 14:06:01.550, 4, 103112, 100, 940.01
2026/08/07 14:06:01.550, 5, 104272, 100, 946.52
2026/08/07 14:06:01.550, 6, 104272, 100, 930.82
2026/08/07 14:06:01.550, 7, 104272, 100, 959.51
2026/08/07 14:06:02.050, 0, 103102, 100, 959.35
2026/08/07 14:06:02.050, 1, 104262, 100, 976.19
2026/08/07 14:06:02.050, 2, 104262, 100, 949.74
2026/08/07 14:06:02.050, 3, 104262, 100, 971.55
2026/08/07 14:06:02.050, 4, 103112, 100, 927.16
2026/08/07 14:06:02.050, 5, 104272, 100, 951.10
2026/08/07 14:06:02.050, 6, 104272, 100, 931.87
2026/08/07 14:06:02.050, 7, 104272, 100, 955.19
2026/08/07 14:06:02.550, 0, 103102, 100, 965.91
2026/08/07 14:06:02.550, 1, 104262, 100, 984.52
2026/08/07 14:06:02.550, 2, 104262, 100, 955.53
2026/08/07 14:06:02.550, 3, 104262, 100, 973.22
2026/08/07 14:06:02.550, 4, 103112, 100, 941.49
2026/08/07 14:06:02.550, 5, 104272, 100, 969.58
2026/08/07 14:06:02.550, 6, 104272, 100, 942.12
2026/08/07 14:06:02.550, 7, 104272, 100, 969.24
2026/08/07 14:06:03.050, 0, 103102, 100, 965.23
2026/08/07 14:06:03.050, 1, 104262, 100, 982.34
2026/08/07 14:06:03.050, 2, 104262, 100, 953.08
2026/08/07 14:06:03.050, 3, 104262, 100, 968.88
2026/08/07 14:06:03.050, 4, 103112, 100, 950.67
2026/08/07 14:06:03.050, 5, 104272, 100, 972.77
2026/08/07 14:06:03.051, 6, 104272, 100, 945.80
2026/08/07 14:06:03.051, 7, 104272, 100, 976.11
2026/08/07 14:06:03.551, 0, 103102, 100, 955.47
2026/08/07 14:06:03.551, 1, 104262, 100, 978.41
2026/08/07 14:06:03.551, 2, 104262, 100, 952.17
2026/08/07 14:06:03.551, 3, 104262, 100, 967.09
2026/08/07 14:06:03.551, 4, 103112, 100, 949.80
2026/08/07 14:06:03.551, 5, 104272, 100, 967.56
2026/08/07 14:06:03.551, 6, 104272, 100, 949.57
2026/08/07 14:06:03.551, 7, 104272, 100, 974.15
2026/08/07 14:06:04.051, 0, 103102, 100, 952.63
2026/08/07 14:06:04.051, 1, 104262, 100, 958.74
2026/08/07 14:06:04.051, 2, 104262, 100, 950.31
2026/08/07 14:06:04.051, 3, 104262, 100, 964.53
2026/08/07 14:06:04.051, 4, 103112, 100, 951.41
2026/08/07 14:06:04.051, 5, 104272, 100, 969.52
2026/08/07 14:06:04.051, 6, 104272, 100, 952.03
2026/08/07 14:06:04.051, 7, 104272, 100, 972.95
2026/08/07 14:06:04.551, 0, 103102, 100, 951.65
2026/08/07 14:06:04.551, 1, 104262, 100, 953.00
2026/08/07 14:06:04.551, 2, 104262, 100, 947.64
2026/08/07 14:06:04.551, 3, 104262, 100, 960.47
2026/08/07 14:06:04.551, 4, 103112, 100, 949.19
2026/08/07 14:06:04.551, 5, 104272, 100, 968.33
2026/08/07 14:06:04.551, 6, 104272, 100, 941.19
2026/08/07 14:06:04.551, 7, 104272, 100, 967.51
2026/08/07 14:06:05.051, 0, 103102, 100, 946.13
2026/08/07 14:06:05.052, 1, 104262, 100, 963.59
2026/08/07 14:06:05.052, 2, 104262, 100, 945.76
2026/08/07 14:06:05.052, 3, 104262, 100, 957.68
2026/08/07 14:06:05.052, 4, 103112, 100, 945.85
2026/08/07 14:06:05.052, 5, 104272, 100, 953.38
2026/08/07 14:06:05.052, 6, 104272, 100, 938.73
2026/08/07 14:06:05.052, 7, 104272, 100, 961.81
2026/08/07 14:06:05.552, 0, 103102, 100, 945.82
2026/08/07 14:06:05.552, 1, 104262, 99, 969.86
2026/08/07 14:06:05.552, 2, 104262, 99, 952.39
2026/08/07 14:06:05.552, 3, 104262, 99, 960.50
2026/08/07 14:06:05.552, 4, 103112, 100, 933.95
2026/08/07 14:06:05.552, 5, 104272, 100, 954.90
2026/08/07 14:06:05.552, 6, 104272, 100, 935.21
2026/08/07 14:06:05.553, 7, 104272, 100, 965.30
2026/08/07 14:06:06.053, 0, 103102, 100, 949.57
2026/08/07 14:06:06.053, 1, 104262, 100, 965.27
2026/08/07 14:06:06.053, 2, 104262, 100, 951.60
2026/08/07 14:06:06.053, 3, 104262, 100, 965.72
2026/08/07 14:06:06.053, 4, 103112, 100, 928.39
2026/08/07 14:06:06.053, 5, 104272, 99, 958.29
2026/08/07 14:06:06.053, 6, 104272, 99, 928.69
2026/08/07 14:06:06.053, 7, 104272, 100, 974.71
2026/08/07 14:06:06.553, 0, 103102, 100, 949.87
2026/08/07 14:06:06.553, 1, 104262, 100, 975.14
2026/08/07 14:06:06.553, 2, 104262, 100, 953.37
2026/08/07 14:06:06.553, 3, 104262, 100, 968.47
2026/08/07 14:06:06.553, 4, 103112, 100, 931.08
2026/08/07 14:06:06.553, 5, 104272, 100, 955.59
2026/08/07 14:06:06.553, 6, 104272, 100, 928.61
2026/08/07 14:06:06.553, 7, 104272, 100, 964.72
2026/08/07 14:06:07.053, 0, 103102, 100, 959.70
2026/08/07 14:06:07.053, 1, 104262, 100, 985.79
2026/08/07 14:06:07.053, 2, 104262, 100, 960.18
2026/08/07 14:06:07.053, 3, 104262, 100, 971.52
2026/08/07 14:06:07.053, 4, 103112, 100, 938.63
2026/08/07 14:06:07.053, 5, 104272, 100, 968.45
2026/08/07 14:06:07.053, 6, 104272, 100, 937.95
2026/08/07 14:06:07.053, 7, 104272, 100, 965.38
2026/08/07 14:06:07.554, 0, 103102, 100, 968.21
2026/08/07 14:06:07.554, 1, 104262, 100, 981.93
2026/08/07 14:06:07.554, 2, 104262, 100, 955.10
2026/08/07 14:06:07.554, 3, 104262, 100, 968.25
2026/08/07 14:06:07.554, 4, 103112, 100, 949.14
2026/08/07 14:06:07.554, 5, 104272, 100, 975.71
2026/08/07 14:06:07.554, 6, 104272, 100, 949.14
2026/08/07 14:06:07.554, 7, 104272, 100, 980.06
2026/08/07 14:06:08.054, 0, 103102, 100, 953.99
2026/08/07 14:06:08.054, 1, 104262, 100, 976.54
2026/08/07 14:06:08.054, 2, 104262, 100, 945.46
2026/08/07 14:06:08.054, 3, 104262, 100, 958.68
2026/08/07 14:06:08.054, 4, 103112, 100, 952.03
2026/08/07 14:06:08.054, 5, 104272, 100, 966.85
2026/08/07 14:06:08.054, 6, 104272, 100, 950.16
2026/08/07 14:06:08.054, 7, 104272, 100, 975.17
2026/08/07 14:06:08.554, 0, 103102, 100, 938.69
2026/08/07 14:06:08.555, 1, 104262, 100, 964.92
2026/08/07 14:06:08.556, 2, 104262, 100, 951.13
2026/08/07 14:06:08.560, 3, 104262, 100, 959.54
2026/08/07 14:06:08.560, 4, 103112, 100, 947.38
2026/08/07 14:06:08.564, 5, 104272, 100, 961.13
2026/08/07 14:06:08.565, 6, 104272, 100, 941.21
2026/08/07 14:06:08.565, 7, 104272, 100, 966.41
2026/08/07 14:06:09.065, 0, 103102, 100, 948.29
2026/08/07 14:06:09.065, 1, 104262, 100, 958.82
2026/08/07 14:06:09.065, 2, 104262, 100, 947.87
2026/08/07 14:06:09.065, 3, 104262, 100, 964.12
2026/08/07 14:06:09.065, 4, 103112, 100, 948.19
2026/08/07 14:06:09.065, 5, 104272, 100, 954.48
2026/08/07 14:06:09.065, 6, 104272, 100, 934.79
2026/08/07 14:06:09.065, 7, 104272, 100, 972.23
2026/08/07 14:06:09.565, 0, 103102, 100, 948.21
2026/08/07 14:06:09.565, 1, 104262, 100, 962.55
2026/08/07 14:06:09.565, 2, 104262, 100, 937.91
2026/08/07 14:06:09.565, 3, 104262, 100, 955.55
2026/08/07 14:06:09.565, 4, 103112, 100, 943.08
2026/08/07 14:06:09.565, 5, 104272, 100, 947.22
2026/08/07 14:06:09.565, 6, 104272, 100, 928.38
2026/08/07 14:06:09.565, 7, 104272, 100, 966.27
2026/08/07 14:06:10.065, 0, 103102, 100, 939.17
2026/08/07 14:06:10.065, 1, 104262, 100, 961.22
2026/08/07 14:06:10.065, 2, 104262, 100, 943.84
2026/08/07 14:06:10.065, 3, 104262, 100, 952.11
2026/08/07 14:06:10.066, 4, 103112, 100, 942.24
2026/08/07 14:06:10.066, 5, 104272, 100, 947.65
2026/08/07 14:06:10.066, 6, 104272, 100, 928.72
2026/08/07 14:06:10.066, 7, 104272, 100, 959.62
2026/08/07 14:06:10.566, 0, 103102, 100, 941.35
2026/08/07 14:06:10.566, 1, 104262, 100, 970.00
2026/08/07 14:06:10.566, 2, 104262, 100, 943.39
2026/08/07 14:06:10.566, 3, 104262, 100, 961.54
2026/08/07 14:06:10.566, 4, 103112, 100, 935.44
2026/08/07 14:06:10.566, 5, 104272, 99, 952.46
2026/08/07 14:06:10.566, 6, 104272, 99, 936.67
2026/08/07 14:06:10.566, 7, 104272, 100, 970.17
2026/08/07 14:06:11.066, 0, 103102, 100, 953.29
2026/08/07 14:06:11.066, 1, 104262, 100, 986.00
2026/08/07 14:06:11.066, 2, 104262, 100, 950.40
2026/08/07 14:06:11.066, 3, 104262, 100, 969.41
2026/08/07 14:06:11.066, 4, 103112, 100, 938.18
2026/08/07 14:06:11.066, 5, 104272, 100, 953.51
2026/08/07 14:06:11.066, 6, 104272, 100, 938.41
2026/08/07 14:06:11.066, 7, 104272, 100, 971.74
2026/08/07 14:06:11.566, 0, 103102, 100, 965.12
2026/08/07 14:06:11.566, 1, 104262, 100, 980.76
2026/08/07 14:06:11.566, 2, 104262, 100, 957.54
2026/08/07 14:06:11.566, 3, 104262, 100, 976.18
2026/08/07 14:06:11.566, 4, 103112, 100, 946.54
2026/08/07 14:06:11.566, 5, 104272, 100, 966.96
2026/08/07 14:06:11.566, 6, 104272, 100, 947.83
2026/08/07 14:06:11.566, 7, 104272, 100, 969.50
2026/08/07 14:06:12.067, 0, 103102, 100, 966.32
2026/08/07 14:06:12.067, 1, 104262, 100, 980.29
2026/08/07 14:06:12.067, 2, 104262, 100, 953.03
2026/08/07 14:06:12.067, 3, 104262, 100, 975.15
2026/08/07 14:06:12.067, 4, 103112, 100, 951.25
2026/08/07 14:06:12.067, 5, 104272, 100, 978.60
2026/08/07 14:06:12.067, 6, 104272, 100, 953.77
2026/08/07 14:06:12.067, 7, 104272, 100, 980.34
2026/08/07 14:06:12.567, 0, 103102, 100, 959.92
2026/08/07 14:06:12.567, 1, 104262, 100, 975.91
2026/08/07 14:06:12.567, 2, 104262, 100, 955.42
2026/08/07 14:06:12.567, 3, 104262, 100, 966.08
2026/08/07 14:06:12.567, 4, 103112, 100, 952.24
2026/08/07 14:06:12.567, 5, 104272, 100, 970.79
2026/08/07 14:06:12.567, 6, 104272, 100, 951.59
2026/08/07 14:06:12.567, 7, 104272, 100, 980.79
2026/08/07 14:06:13.067, 0, 103102, 100, 951.16
2026/08/07 14:06:13.067, 1, 104262, 100, 970.98
2026/08/07 14:06:13.067, 2, 104262, 100, 952.64
2026/08/07 14:06:13.067, 3, 104262, 100, 956.15
2026/08/07 14:06:13.067, 4, 103112, 100, 943.05
2026/08/07 14:06:13.067, 5, 104272, 100, 958.56
2026/08/07 14:06:13.067, 6, 104272, 100, 944.61
2026/08/07 14:06:13.067, 7, 104272, 100, 974.24
2026/08/07 14:06:13.567, 0, 103102, 100, 948.28
2026/08/07 14:06:13.567, 1, 104262, 100, 964.20
2026/08/07 14:06:13.568, 2, 104262, 100, 952.41
2026/08/07 14:06:13.568, 3, 104262, 100, 958.32
2026/08/07 14:06:13.568, 4, 103112, 100, 938.52
2026/08/07 14:06:13.568, 5, 104272, 100, 954.59
2026/08/07 14:06:13.568, 6, 104272, 100, 935.41
2026/08/07 14:06:13.568, 7, 104272, 100, 964.14
2026/08/07 14:06:14.068, 0, 103102, 100, 949.62
2026/08/07 14:06:14.068, 1, 104262, 100, 955.85
2026/08/07 14:06:14.068, 2, 104262, 100, 945.63
2026/08/07 14:06:14.068, 3, 104262, 100, 959.13
2026/08/07 14:06:14.068, 4, 103112, 100, 939.69
2026/08/07 14:06:14.068, 5, 104272, 100, 953.26
2026/08/07 14:06:14.068, 6, 104272, 100, 933.67
2026/08/07 14:06:14.068, 7, 104272, 100, 964.65
2026/08/07 14:06:14.568, 0, 103102, 100, 937.82
2026/08/07 14:06:14.568, 1, 104262, 100, 961.86
2026/08/07 14:06:14.568, 2, 104262, 100, 946.34
2026/08/07 14:06:14.568, 3, 104262, 100, 954.01
2026/08/07 14:06:14.568, 4, 103112, 100, 939.25
2026/08/07 14:06:14.568, 5, 104272, 100, 955.91
2026/08/07 14:06:14.568, 6, 104272, 100, 932.68
2026/08/07 14:06:14.568, 7, 104272, 100, 972.08
2026/08/07 14:06:15.068, 0, 103102, 100, 935.66
2026/08/07 14:06:15.071, 1, 104262, 100, 970.20
2026/08/07 14:06:15.071, 2, 104262, 100, 947.68
2026/08/07 14:06:15.075, 3, 104262, 100, 955.52
2026/08/07 14:06:15.075, 4, 103112, 100, 934.32
2026/08/07 14:06:15.079, 5, 104272, 100, 953.50
2026/08/07 14:06:15.080, 6, 104272, 100, 931.47
2026/08/07 14:06:15.084, 7, 104272, 100, 973.15
2026/08/07 14:06:15.585, 0, 103102, 100, 958.10
2026/08/07 14:06:15.585, 1, 104262, 100, 977.15
2026/08/07 14:06:15.585, 2, 104262, 100, 946.60
2026/08/07 14:06:15.585, 3, 104262, 100, 959.03
2026/08/07 14:06:15.585, 4, 103112, 100, 936.86
2026/08/07 14:06:15.585, 5, 104272, 100, 960.17
2026/08/07 14:06:15.585, 6, 104272, 100, 938.55
2026/08/07 14:06:15.585, 7, 104272, 100, 972.23
2026/08/07 14:06:16.085, 0, 103102, 100, 957.95
2026/08/07 14:06:16.085, 1, 104262, 100, 983.77
2026/08/07 14:06:16.085, 2, 104262, 100, 952.91
2026/08/07 14:06:16.085, 3, 104262, 100, 963.37
2026/08/07 14:06:16.085, 4, 103112, 100, 943.52
2026/08/07 14:06:16.085, 5, 104272, 100, 957.99
2026/08/07 14:06:16.085, 6, 104272, 100, 944.10
2026/08/07 14:06:16.085, 7, 104272, 100, 974.14
2026/08/07 14:06:16.585, 0, 103102, 100, 956.63
2026/08/07 14:06:16.585, 1, 104262, 100, 978.16
2026/08/07 14:06:16.585, 2, 104262, 100, 950.37
2026/08/07 14:06:16.585, 3, 104262, 100, 965.07
2026/08/07 14:06:16.585, 4, 103112, 100, 945.94
2026/08/07 14:06:16.585, 5, 104272, 100, 963.88
2026/08/07 14:06:16.585, 6, 104272, 100, 941.94
2026/08/07 14:06:16.585, 7, 104272, 100, 965.82
2026/08/07 14:06:17.085, 0, 103102, 100, 958.39
2026/08/07 14:06:17.085, 1, 104262, 100, 971.18
2026/08/07 14:06:17.085, 2, 104262, 100, 947.44
2026/08/07 14:06:17.085, 3, 104262, 100, 959.15
2026/08/07 14:06:17.085, 4, 103112, 100, 953.04
2026/08/07 14:06:17.085, 5, 104272, 100, 966.88
2026/08/07 14:06:17.085, 6, 104272, 100, 942.85
2026/08/07 14:06:17.085, 7, 104272, 100, 969.01
2026/08/07 14:06:17.586, 0, 103102, 100, 956.58
2026/08/07 14:06:17.586, 1, 104262, 100, 972.56
2026/08/07 14:06:17.586, 2, 104262, 100, 948.45
2026/08/07 14:06:17.586, 3, 104262, 100, 958.95
2026/08/07 14:06:17.586, 4, 103112, 100, 951.14
2026/08/07 14:06:17.586, 5, 104272, 100, 964.55
2026/08/07 14:06:17.586, 6, 104272, 100, 941.72
2026/08/07 14:06:17.586, 7, 104272, 100, 967.05
2026/08/07 14:06:18.086, 0, 103102, 100, 948.83
2026/08/07 14:06:18.086, 1, 104262, 100, 958.29
2026/08/07 14:06:18.086, 2, 104262, 100, 941.68
2026/08/07 14:06:18.086, 3, 104262, 100, 954.26
2026/08/07 14:06:18.086, 4, 103112, 100, 937.47
2026/08/07 14:06:18.086, 5, 104272, 100, 956.70
2026/08/07 14:06:18.086, 6, 104272, 100, 935.31
2026/08/07 14:06:18.086, 7, 104272, 100, 968.62
2026/08/07 14:06:18.586, 0, 103102, 100, 947.84
2026/08/07 14:06:18.586, 1, 104262, 100, 959.11
2026/08/07 14:06:18.586, 2, 104262, 100, 936.36
2026/08/07 14:06:18.586, 3, 104262, 100, 952.58
2026/08/07 14:06:18.586, 4, 103112, 100, 940.59
2026/08/07 14:06:18.586, 5, 104272, 100, 958.03
2026/08/07 14:06:18.586, 6, 104272, 100, 931.55
2026/08/07 14:06:18.586, 7, 104272, 100, 967.41
2026/08/07 14:06:19.086, 0, 103102, 100, 946.67
2026/08/07 14:06:19.086, 1, 104262, 100, 967.50
2026/08/07 14:06:19.086, 2, 104262, 100, 943.58
2026/08/07 14:06:19.086, 3, 104262, 100, 953.63
2026/08/07 14:06:19.086, 4, 103112, 100, 942.04
2026/08/07 14:06:19.086, 5, 104272, 100, 953.30
2026/08/07 14:06:19.086, 6, 104272, 100, 925.33
2026/08/07 14:06:19.086, 7, 104272, 100, 961.24
2026/08/07 14:06:19.586, 0, 103102, 100, 946.99
2026/08/07 14:06:19.586, 1, 104262, 100, 967.78
2026/08/07 14:06:19.586, 2, 104262, 100, 944.42
2026/08/07 14:06:19.587, 3, 104262, 100, 961.91
2026/08/07 14:06:19.587, 4, 103112, 100, 936.75
2026/08/07 14:06:19.587, 5, 104272, 100, 950.27
2026/08/07 14:06:19.587, 6, 104272, 100, 924.52
2026/08/07 14:06:19.587, 7, 104272, 100, 957.72
2026/08/07 14:06:20.087, 0, 103102, 100, 949.09
2026/08/07 14:06:20.087, 1, 104262, 100, 969.20
2026/08/07 14:06:20.087, 2, 104262, 100, 953.04
2026/08/07 14:06:20.087, 3, 104262, 100, 971.95
2026/08/07 14:06:20.087, 4, 103112, 100, 945.11
2026/08/07 14:06:20.087, 5, 104272, 100, 965.18
2026/08/07 14:06:20.087, 6, 104272, 100, 933.20
2026/08/07 14:06:20.087, 7, 104272, 100, 971.92
2026/08/07 14:06:20.587, 0, 103102, 100, 959.90
2026/08/07 14:06:20.587, 1, 104262, 100, 975.22
2026/08/07 14:06:20.587, 2, 104262, 100, 954.82
2026/08/07 14:06:20.587, 3, 104262, 100, 971.30
2026/08/07 14:06:20.587, 4, 103112, 100, 950.33
2026/08/07 14:06:20.587, 5, 104272, 100, 966.47
2026/08/07 14:06:20.587, 6, 104272, 100, 942.31
2026/08/07 14:06:20.587, 7, 104272, 100, 977.38
2026/08/07 14:06:21.087, 0, 103102, 100, 963.86
2026/08/07 14:06:21.087, 1, 104262, 100, 979.81
2026/08/07 14:06:21.087, 2, 104262, 100, 955.30
2026/08/07 14:06:21.087, 3, 104262, 100, 970.24
2026/08/07 14:06:21.087, 4, 103112, 100, 940.76
2026/08/07 14:06:21.087, 5, 104272, 100, 962.35
2026/08/07 14:06:21.087, 6, 104272, 100, 948.79
2026/08/07 14:06:21.087, 7, 104272, 100, 968.35
2026/08/07 14:06:21.587, 0, 103102, 100, 961.66
2026/08/07 14:06:21.588, 1, 104262, 100, 976.98
2026/08/07 14:06:21.588, 2, 104262, 100, 952.74
2026/08/07 14:06:21.592, 3, 104262, 100, 966.52
2026/08/07 14:06:21.593, 4, 103112, 100, 942.16
2026/08/07 14:06:21.597, 5, 104272, 100, 963.77
2026/08/07 14:06:21.597, 6, 104272, 100, 949.01
2026/08/07 14:06:21.601, 7, 104272, 100, 969.41
2026/08/07 14:06:22.102, 0, 103102, 100, 956.05
2026/08/07 14:06:22.102, 1, 104262, 100, 967.26
2026/08/07 14:06:22.102, 2, 104262, 100, 941.44
2026/08/07 14:06:22.102, 3, 104262, 100, 960.98
2026/08/07 14:06:22.102, 4, 103112, 100, 946.53
2026/08/07 14:06:22.102, 5, 104272, 100, 954.78
2026/08/07 14:06:22.102, 6, 104272, 100, 937.38
2026/08/07 14:06:22.102, 7, 104272, 100, 969.63
2026/08/07 14:06:22.602, 0, 103102, 100, 945.83
2026/08/07 14:06:22.602, 1, 104262, 100, 956.75
2026/08/07 14:06:22.602, 2, 104262, 100, 935.16
2026/08/07 14:06:22.602, 3, 104262, 100, 954.63
2026/08/07 14:06:22.602, 4, 103112, 100, 944.16
2026/08/07 14:06:22.602, 5, 104272, 100, 950.84
2026/08/07 14:06:22.602, 6, 104272, 100, 929.02
2026/08/07 14:06:22.602, 7, 104272, 100, 969.75
2026/08/07 14:06:23.102, 0, 103102, 100, 943.01
2026/08/07 14:06:23.102, 1, 104262, 100, 960.69
2026/08/07 14:06:23.103, 2, 104262, 100, 934.00
2026/08/07 14:06:23.104, 3, 104262, 100, 950.97
2026/08/07 14:06:23.105, 4, 103112, 100, 933.74
2026/08/07 14:06:23.106, 5, 104272, 100, 955.69
2026/08/07 14:06:23.106, 6, 104272, 100, 933.69
2026/08/07 14:06:23.107, 7, 104272, 100, 975.18
2026/08/07 14:06:23.608, 0, 103102, 100, 950.26
2026/08/07 14:06:23.608, 1, 104262, 100, 960.66
2026/08/07 14:06:23.608, 2, 104262, 100, 938.04
2026/08/07 14:06:23.608, 3, 104262, 100, 949.98
2026/08/07 14:06:23.608, 4, 103112, 99, 930.49
2026/08/07 14:06:23.608, 5, 104272, 100, 955.87
2026/08/07 14:06:23.608, 6, 104272, 100, 935.56
2026/08/07 14:06:23.608, 7, 104272, 100, 968.53
2026/08/07 14:06:24.108, 0, 103102, 100, 960.62
2026/08/07 14:06:24.108, 1, 104262, 100, 968.46
2026/08/07 14:06:24.108, 2, 104262, 100, 941.12
2026/08/07 14:06:24.108, 3, 104262, 100, 962.57
2026/08/07 14:06:24.108, 4, 103112, 100, 930.24
2026/08/07 14:06:24.108, 5, 104272, 100, 949.50
2026/08/07 14:06:24.108, 6, 104272, 100, 927.39
2026/08/07 14:06:24.108, 7, 104272, 100, 966.34
2026/08/07 14:06:24.608, 0, 103102, 100, 960.39
2026/08/07 14:06:24.608, 1, 104262, 100, 979.61
2026/08/07 14:06:24.608, 2, 104262, 100, 951.72
2026/08/07 14:06:24.608, 3, 104262, 100, 968.11
2026/08/07 14:06:24.608, 4, 103112, 100, 941.09
2026/08/07 14:06:24.609, 5, 104272, 100, 964.37
2026/08/07 14:06:24.609, 6, 104272, 100, 938.79
2026/08/07 14:06:24.609, 7, 104272, 100, 970.91
2026/08/07 14:06:25.109, 0, 103102, 100, 956.18
2026/08/07 14:06:25.109, 1, 104262, 100, 973.46
2026/08/07 14:06:25.109, 2, 104262, 100, 952.91
2026/08/07 14:06:25.109, 3, 104262, 100, 964.44
2026/08/07 14:06:25.109, 4, 103112, 100, 952.10
2026/08/07 14:06:25.109, 5, 104272, 100, 963.85
2026/08/07 14:06:25.109, 6, 104272, 100, 946.03
2026/08/07 14:06:25.109, 7, 104272, 100, 972.52
2026/08/07 14:06:25.609, 0, 103102, 100, 954.51
2026/08/07 14:06:25.609, 1, 104262, 100, 970.40
2026/08/07 14:06:25.609, 2, 104262, 100, 934.99
2026/08/07 14:06:25.609, 3, 104262, 100, 962.70
2026/08/07 14:06:25.609, 4, 103112, 100, 948.47
2026/08/07 14:06:25.609, 5, 104272, 100, 963.81
2026/08/07 14:06:25.609, 6, 104272, 100, 945.18
2026/08/07 14:06:25.609, 7, 104272, 100, 975.23
2026/08/07 14:06:26.109, 0, 103102, 100, 950.12
2026/08/07 14:06:26.109, 1, 104262, 100, 974.22
2026/08/07 14:06:26.109, 2, 104262, 100, 928.02
2026/08/07 14:06:26.109, 3, 104262, 100, 953.97
2026/08/07 14:06:26.109, 4, 103112, 100, 951.34
2026/08/07 14:06:26.109, 5, 104272, 100, 971.66
2026/08/07 14:06:26.109, 6, 104272, 100, 950.27
2026/08/07 14:06:26.109, 7, 104272, 100, 973.63
2026/08/07 14:06:26.609, 0, 103102, 100, 946.45
2026/08/07 14:06:26.609, 1, 104262, 100, 973.38
2026/08/07 14:06:26.610, 2, 104262, 100, 943.82
2026/08/07 14:06:26.610, 3, 104262, 100, 951.12
2026/08/07 14:06:26.610, 4, 103112, 100, 949.39
2026/08/07 14:06:26.610, 5, 104272, 100, 963.24
2026/08/07 14:06:26.610, 6, 104272, 100, 943.47
2026/08/07 14:06:26.610, 7, 104272, 100, 973.01
2026/08/07 14:06:27.110, 0, 103102, 100, 957.54
2026/08/07 14:06:27.110, 1, 104262, 100, 971.82
2026/08/07 14:06:27.110, 2, 104262, 100, 948.52
2026/08/07 14:06:27.110, 3, 104262, 100, 960.78
2026/08/07 14:06:27.110, 4, 103112, 100, 945.71
2026/08/07 14:06:27.110, 5, 104272, 100, 956.82
2026/08/07 14:06:27.110, 6, 104272, 100, 939.85
2026/08/07 14:06:27.110, 7, 104272, 100, 973.61
2026/08/07 14:06:27.610, 0, 103102, 100, 944.96
2026/08/07 14:06:27.610, 1, 104262, 99, 968.89
2026/08/07 14:06:27.610, 2, 104262, 100, 950.76
2026/08/07 14:06:27.610, 3, 104262, 100, 956.34
2026/08/07 14:06:27.610, 4, 103112, 100, 937.54
2026/08/07 14:06:27.610, 5, 104272, 100, 957.93
2026/08/07 14:06:27.610, 6, 104272, 100, 932.30
2026/08/07 14:06:27.610, 7, 104272, 100, 963.62
2026/08/07 14:06:28.110, 0, 103102, 100, 940.45
2026/08/07 14:06:28.115, 1, 104262, 100, 974.31
2026/08/07 14:06:28.115, 2, 104262, 100, 950.39
2026/08/07 14:06:28.115, 3, 104262, 100, 957.04
2026/08/07 14:06:28.115, 4, 103112, 99, 938.98
2026/08/07 14:06:28.115, 5, 104272, 99, 963.69
2026/08/07 14:06:28.115, 6, 104272, 99, 919.60
2026/08/07 14:06:28.115, 7, 104272, 100, 963.12
2026/08/07 14:06:28.615, 0, 103102, 100, 961.95
2026/08/07 14:06:28.615, 1, 104262, 100, 978.22
2026/08/07 14:06:28.615, 2, 104262, 100, 957.89
2026/08/07 14:06:28.615, 3, 104262, 100, 967.24
2026/08/07 14:06:28.615, 4, 103112, 100, 941.56
2026/08/07 14:06:28.615, 5, 104272, 100, 952.26
2026/08/07 14:06:28.615, 6, 104272, 100, 922.97
2026/08/07 14:06:28.615, 7, 104272, 100, 970.71
2026/08/07 14:06:29.115, 0, 103102, 100, 966.14
2026/08/07 14:06:29.115, 1, 104262, 100, 980.23
2026/08/07 14:06:29.115, 2, 104262, 100, 959.04
2026/08/07 14:06:29.115, 3, 104262, 100, 965.08
2026/08/07 14:06:29.115, 4, 103112, 100, 941.60
2026/08/07 14:06:29.115, 5, 104272, 100, 958.96
2026/08/07 14:06:29.115, 6, 104272, 100, 939.23
2026/08/07 14:06:29.115, 7, 104272, 100, 971.63
2026/08/07 14:06:29.616, 0, 103102, 100, 962.11
2026/08/07 14:06:29.616, 1, 104262, 100, 975.73
2026/08/07 14:06:29.616, 2, 104262, 100, 959.65
2026/08/07 14:06:29.616, 3, 104262, 100, 966.09
2026/08/07 14:06:29.616, 4, 103112, 100, 949.18
2026/08/07 14:06:29.616, 5, 104272, 100, 968.30
2026/08/07 14:06:29.616, 6, 104272, 100, 943.58
2026/08/07 14:06:29.616, 7, 104272, 100, 983.45
2026/08/07 14:06:30.116, 0, 103102, 100, 962.17
2026/08/07 14:06:30.116, 1, 104262, 100, 974.23
2026/08/07 14:06:30.116, 2, 104262, 100, 951.94
2026/08/07 14:06:30.116, 3, 104262, 100, 966.05
2026/08/07 14:06:30.116, 4, 103112, 100, 953.95
2026/08/07 14:06:30.116, 5, 104272, 100, 965.57
2026/08/07 14:06:30.116, 6, 104272, 100, 947.74
2026/08/07 14:06:30.116, 7, 104272, 100, 988.90
2026/08/07 14:06:30.616, 0, 103102, 100, 950.10
2026/08/07 14:06:30.616, 1, 104262, 100, 972.95
2026/08/07 14:06:30.616, 2, 104262, 100, 943.99
2026/08/07 14:06:30.616, 3, 104262, 100, 955.93
2026/08/07 14:06:30.616, 4, 103112, 100, 940.42
2026/08/07 14:06:30.616, 5, 104272, 100, 962.08
2026/08/07 14:06:30.616, 6, 104272, 100, 952.87
2026/08/07 14:06:30.616, 7, 104272, 100, 977.85
2026/08/07 14:06:31.116, 0, 103102, 100, 938.99
2026/08/07 14:06:31.116, 1, 104262, 100, 960.67
2026/08/07 14:06:31.116, 2, 104262, 100, 942.58
2026/08/07 14:06:31.116, 3, 104262, 100, 949.52
2026/08/07 14:06:31.116, 4, 103112, 100, 940.48
2026/08/07 14:06:31.116, 5, 104272, 100, 966.22
2026/08/07 14:06:31.116, 6, 104272, 100, 952.18
2026/08/07 14:06:31.116, 7, 104272, 100, 973.02
2026/08/07 14:06:31.616, 0, 103102, 100, 945.16
2026/08/07 14:06:31.617, 1, 104262, 100, 959.36
2026/08/07 14:06:31.617, 2, 104262, 100, 933.38
2026/08/07 14:06:31.617, 3, 104262, 100, 948.42
2026/08/07 14:06:31.617, 4, 103112, 100, 940.19
2026/08/07 14:06:31.617, 5, 104272, 100, 966.71
2026/08/07 14:06:31.617, 6, 104272, 100, 945.87
2026/08/07 14:06:31.617, 7, 104272, 100, 968.39
2026/08/07 14:06:32.117, 0, 103102, 100, 949.82
2026/08/07 14:06:32.117, 1, 104262, 100, 966.93
2026/08/07 14:06:32.117, 2, 104262, 100, 945.43
2026/08/07 14:06:32.117, 3, 104262, 100, 943.40
2026/08/07 14:06:32.117, 4, 103112, 100, 937.35
2026/08/07 14:06:32.117, 5, 104272, 100, 960.13
2026/08/07 14:06:32.117, 6, 104272, 100, 938.20
2026/08/07 14:06:32.117, 7, 104272, 100, 964.53
2026/08/07 14:06:32.617, 0, 103102, 100, 948.24
2026/08/07 14:06:32.617, 1, 104262, 100, 969.10
2026/08/07 14:06:32.617, 2, 104262, 100, 944.07
2026/08/07 14:06:32.617, 3, 104262, 100, 952.32
2026/08/07 14:06:32.617, 4, 103112, 100, 940.15
2026/08/07 14:06:32.617, 5, 104272, 99, 957.45
2026/08/07 14:06:32.617, 6, 104272, 99, 932.03
2026/08/07 14:06:32.617, 7, 104272, 100, 964.41
2026/08/07 14:06:33.117, 0, 103102, 100, 954.40
2026/08/07 14:06:33.117, 1, 104262, 100, 970.78
2026/08/07 14:06:33.117, 2, 104262, 100, 945.14
2026/08/07 14:06:33.117, 3, 104262, 100, 959.82
2026/08/07 14:06:33.117, 4, 103112, 100, 950.03
2026/08/07 14:06:33.117, 5, 104272, 100, 958.36
2026/08/07 14:06:33.117, 6, 104272, 100, 935.47
2026/08/07 14:06:33.117, 7, 104272, 100, 971.07
2026/08/07 14:06:33.617, 0, 103102, 100, 958.52
2026/08/07 14:06:33.618, 1, 104262, 100, 974.40
2026/08/07 14:06:33.618, 2, 104262, 100, 957.55
2026/08/07 14:06:33.618, 3, 104262, 100, 959.82
2026/08/07 14:06:33.618, 4, 103112, 100, 949.90
2026/08/07 14:06:33.618, 5, 104272, 100, 959.23
2026/08/07 14:06:33.618, 6, 104272, 100, 942.10
2026/08/07 14:06:33.618, 7, 104272, 100, 976.83
2026/08/07 14:06:34.118, 0, 103102, 100, 960.71
2026/08/07 14:06:34.118, 1, 104262, 100, 976.91
2026/08/07 14:06:34.118, 2, 104262, 100, 957.31
2026/08/07 14:06:34.118, 3, 104262, 100, 968.19
2026/08/07 14:06:34.118, 4, 103112, 100, 946.99
2026/08/07 14:06:34.118, 5, 104272, 100, 969.89
2026/08/07 14:06:34.118, 6, 104272, 100, 947.26
2026/08/07 14:06:34.118, 7, 104272, 100, 974.16
2026/08/07 14:06:34.618, 0, 103102, 100, 961.70
2026/08/07 14:06:34.618, 1, 104262, 100, 978.43
2026/08/07 14:06:34.618, 2, 104262, 100, 953.27
2026/08/07 14:06:34.618, 3, 104262, 100, 969.78
2026/08/07 14:06:34.618, 4, 103112, 100, 950.22
2026/08/07 14:06:34.618, 5, 104272, 100, 970.00
2026/08/07 14:06:34.618, 6, 104272, 100, 948.40
2026/08/07 14:06:34.618, 7, 104272, 100, 974.39
2026/08/07 14:06:35.118, 0, 103102, 100, 952.76
2026/08/07 14:06:35.118, 1, 104262, 100, 979.42
2026/08/07 14:06:35.118, 2, 104262, 100, 951.54
2026/08/07 14:06:35.118, 3, 104262, 100, 962.76
2026/08/07 14:06:35.118, 4, 103112, 100, 942.84
2026/08/07 14:06:35.118, 5, 104272, 100, 951.21
2026/08/07 14:06:35.118, 6, 104272, 100, 933.79
2026/08/07 14:06:35.118, 7, 104272, 100, 973.47
2026/08/07 14:06:35.618, 0, 103102, 100, 945.52
2026/08/07 14:06:35.619, 1, 104262, 100, 971.87
2026/08/07 14:06:35.619, 2, 104262, 100, 940.92
2026/08/07 14:06:35.619, 3, 104262, 100, 959.93
2026/08/07 14:06:35.619, 4, 103112, 100, 935.39
2026/08/07 14:06:35.619, 5, 104272, 100, 949.10
2026/08/07 14:06:35.619, 6, 104272, 100, 928.30
2026/08/07 14:06:35.619, 7, 104272, 100, 960.24
2026/08/07 14:06:36.119, 0, 103102, 100, 953.37
2026/08/07 14:06:36.119, 1, 104262, 100, 962.11
2026/08/07 14:06:36.119, 2, 104262, 100, 936.03
2026/08/07 14:06:36.119, 3, 104262, 100, 956.75
2026/08/07 14:06:36.119, 4, 103112, 100, 940.47
2026/08/07 14:06:36.119, 5, 104272, 100, 963.42
2026/08/07 14:06:36.119, 6, 104272, 100, 928.31
2026/08/07 14:06:36.119, 7, 104272, 100, 967.26
2026/08/07 14:06:36.619, 0, 103102, 100, 953.52
2026/08/07 14:06:36.619, 1, 104262, 100, 964.58
2026/08/07 14:06:36.619, 2, 104262, 100, 947.19
2026/08/07 14:06:36.619, 3, 104262, 100, 950.49
2026/08/07 14:06:36.619, 4, 103112, 100, 943.58
2026/08/07 14:06:36.619, 5, 104272, 100, 952.96
2026/08/07 14:06:36.619, 6, 104272, 100, 931.45
2026/08/07 14:06:36.619, 7, 104272, 100, 967.72
2026/08/07 14:06:37.119, 0, 103102, 100, 948.14
2026/08/07 14:06:37.119, 1, 104262, 100, 969.93
2026/08/07 14:06:37.119, 2, 104262, 100, 952.03
2026/08/07 14:06:37.119, 3, 104262, 100, 955.62
2026/08/07 14:06:37.119, 4, 103112, 100, 941.97
2026/08/07 14:06:37.119, 5, 104272, 100, 946.10
2026/08/07 14:06:37.119, 6, 104272, 100, 931.28
2026/08/07 14:06:37.119, 7, 104272, 100, 953.59
2026/08/07 14:06:37.619, 0, 103102, 100, 958.34
2026/08/07 14:06:37.620, 1, 104262, 100, 973.74
2026/08/07 14:06:37.620, 2, 104262, 100, 953.55
2026/08/07 14:06:37.620, 3, 104262, 100, 966.29
2026/08/07 14:06:37.620, 4, 103112, 100, 946.66
2026/08/07 14:06:37.620, 5, 104272, 100, 961.23
2026/08/07 14:06:37.620, 6, 104272, 100, 935.91
2026/08/07 14:06:37.620, 7, 104272, 100, 963.85
2026/08/07 14:06:38.120, 0, 103102, 100, 964.82
2026/08/07 14:06:38.120, 1, 104262, 100, 979.18
2026/08/07 14:06:38.120, 2, 104262, 100, 954.31
2026/08/07 14:06:38.120, 3, 104262, 100, 965.05
2026/08/07 14:06:38.120, 4, 103112, 100, 946.06
2026/08/07 14:06:38.120, 5, 104272, 100, 962.02
2026/08/07 14:06:38.120, 6, 104272, 100, 942.65
2026/08/07 14:06:38.120, 7, 104272, 100, 979.48
2026/08/07 14:06:38.620, 0, 103102, 100, 956.40
2026/08/07 14:06:38.620, 1, 104262, 100, 980.07
2026/08/07 14:06:38.620, 2, 104262, 100, 950.87
2026/08/07 14:06:38.620, 3, 104262, 100, 967.41
2026/08/07 14:06:38.620, 4, 103112, 100, 945.16
2026/08/07 14:06:38.620, 5, 104272, 100, 965.64
2026/08/07 14:06:38.620, 6, 104272, 100, 945.09
2026/08/07 14:06:38.620, 7, 104272, 100, 974.62
2026/08/07 14:06:39.120, 0, 103102, 100, 958.69
2026/08/07 14:06:39.120, 1, 104262, 100, 971.98
2026/08/07 14:06:39.120, 2, 104262, 100, 946.43
2026/08/07 14:06:39.120, 3, 104262, 100, 963.64
2026/08/07 14:06:39.120, 4, 103112, 100, 946.41
2026/08/07 14:06:39.120, 5, 104272, 100, 968.27
2026/08/07 14:06:39.120, 6, 104272, 100, 942.60
2026/08/07 14:06:39.120, 7, 104272, 100, 972.67
2026/08/07 14:06:39.620, 0, 103102, 100, 957.36
2026/08/07 14:06:39.620, 1, 104262, 100, 981.28
2026/08/07 14:06:39.620, 2, 104262, 100, 950.64
2026/08/07 14:06:39.620, 3, 104262, 100, 960.72
2026/08/07 14:06:39.620, 4, 103112, 100, 944.49
2026/08/07 14:06:39.620, 5, 104272, 100, 958.94
2026/08/07 14:06:39.621, 6, 104272, 100, 931.90
2026/08/07 14:06:39.621, 7, 104272, 100, 972.62
2026/08/07 14:06:40.121, 0, 103102, 100, 948.23
2026/08/07 14:06:40.121, 1, 104262, 100, 968.69
2026/08/07 14:06:40.121, 2, 104262, 100, 945.94
2026/08/07 14:06:40.121, 3, 104262, 100, 964.40
2026/08/07 14:06:40.121, 4, 103112, 100, 934.22
2026/08/07 14:06:40.121, 5, 104272, 100, 949.99
2026/08/07 14:06:40.121, 6, 104272, 100, 933.30
2026/08/07 14:06:40.121, 7, 104272, 100, 969.84
2026/08/07 14:06:40.621, 0, 103102, 100, 951.49
2026/08/07 14:06:40.621, 1, 104262, 100, 954.29
2026/08/07 14:06:40.621, 2, 104262, 100, 936.31
2026/08/07 14:06:40.621, 3, 104262, 100, 957.31
2026/08/07 14:06:40.621, 4, 103112, 100, 934.71
2026/08/07 14:06:40.621, 5, 104272, 100, 961.46
2026/08/07 14:06:40.621, 6, 104272, 100, 933.02
2026/08/07 14:06:40.621, 7, 104272, 100, 965.41
2026/08/07 14:06:41.121, 0, 103102, 100, 960.78
2026/08/07 14:06:41.125, 1, 104262, 100, 959.86
2026/08/07 14:06:41.129, 2, 104262, 100, 944.67
2026/08/07 14:06:41.130, 3, 104262, 100, 954.14
2026/08/07 14:06:41.134, 4, 103112, 100, 935.58
2026/08/07 14:06:41.138, 5, 104272, 100, 954.91
2026/08/07 14:06:41.139, 6, 104272, 100, 931.91
2026/08/07 14:06:41.142, 7, 104272, 100, 968.64
2026/08/07 14:06:41.643, 0, 103102, 100, 960.91
2026/08/07 14:06:41.643, 1, 104262, 100, 973.51
2026/08/07 14:06:41.643, 2, 104262, 100, 952.92
2026/08/07 14:06:41.643, 3, 104262, 100, 964.60
2026/08/07 14:06:41.643, 4, 103112, 100, 933.23
2026/08/07 14:06:41.643, 5, 104272, 100, 943.69
2026/08/07 14:06:41.643, 6, 104272, 100, 930.85
2026/08/07 14:06:41.643, 7, 104272, 100, 965.77
2026/08/07 14:06:42.143, 0, 103102, 100, 963.23
2026/08/07 14:06:42.143, 1, 104262, 100, 984.48
2026/08/07 14:06:42.143, 2, 104262, 100, 956.10
2026/08/07 14:06:42.143, 3, 104262, 100, 969.03
2026/08/07 14:06:42.143, 4, 103112, 100, 946.08
2026/08/07 14:06:42.143, 5, 104272, 100, 956.31
2026/08/07 14:06:42.143, 6, 104272, 100, 930.14
2026/08/07 14:06:42.143, 7, 104272, 100, 965.76
2026/08/07 14:06:42.643, 0, 103102, 100, 960.29
2026/08/07 14:06:42.643, 1, 104262, 100, 980.55
2026/08/07 14:06:42.643, 2, 104262, 100, 957.63
2026/08/07 14:06:42.643, 3, 104262, 100, 966.88
2026/08/07 14:06:42.643, 4, 103112, 100, 955.22
2026/08/07 14:06:42.643, 5, 104272, 100, 970.56
2026/08/07 14:06:42.643, 6, 104272, 100, 937.26
2026/08/07 14:06:42.643, 7, 104272, 100, 972.02
2026/08/07 14:06:43.144, 0, 103102, 100, 954.59
2026/08/07 14:06:43.144, 1, 104262, 100, 976.85
2026/08/07 14:06:43.144, 2, 104262, 100, 958.11
2026/08/07 14:06:43.144, 3, 104262, 100, 973.37
2026/08/07 14:06:43.144, 4, 103112, 100, 949.16
2026/08/07 14:06:43.144, 5, 104272, 100, 968.80
2026/08/07 14:06:43.144, 6, 104272, 100, 948.54
2026/08/07 14:06:43.144, 7, 104272, 100, 975.95
2026/08/07 14:06:43.644, 0, 103102, 100, 962.68
2026/08/07 14:06:43.644, 1, 104262, 100, 963.30
2026/08/07 14:06:43.644, 2, 104262, 100, 948.94
2026/08/07 14:06:43.644, 3, 104262, 100, 965.53
2026/08/07 14:06:43.644, 4, 103112, 100, 944.82
2026/08/07 14:06:43.644, 5, 104272, 100, 970.78
2026/08/07 14:06:43.644, 6, 104272, 100, 955.88
2026/08/07 14:06:43.644, 7, 104272, 100, 972.99
2026/08/07 14:06:44.144, 0, 103102, 100, 959.37
2026/08/07 14:06:44.144, 1, 104262, 100, 960.34
2026/08/07 14:06:44.144, 2, 104262, 100, 939.32
2026/08/07 14:06:44.144, 3, 104262, 100, 956.57
2026/08/07 14:06:44.144, 4, 103112, 100, 936.14
2026/08/07 14:06:44.144, 5, 104272, 100, 954.53
2026/08/07 14:06:44.144, 6, 104272, 100, 943.49
2026/08/07 14:06:44.144, 7, 104272, 100, 971.31
2026/08/07 14:06:44.644, 0, 103102, 100, 949.86
2026/08/07 14:06:44.644, 1, 104262, 100, 975.64
2026/08/07 14:06:44.644, 2, 104262, 100, 939.84
2026/08/07 14:06:44.644, 3, 104262, 100, 965.06
2026/08/07 14:06:44.644, 4, 103112, 100, 935.39
2026/08/07 14:06:44.644, 5, 104272, 100, 949.01
2026/08/07 14:06:44.644, 6, 104272, 100, 929.80
2026/08/07 14:06:44.644, 7, 104272, 100, 975.98
2026/08/07 14:06:45.144, 0, 103102, 100, 942.91
2026/08/07 14:06:45.144, 1, 104262, 100, 965.96
2026/08/07 14:06:45.144, 2, 104262, 100, 935.51
2026/08/07 14:06:45.145, 3, 104262, 100, 959.75
2026/08/07 14:06:45.145, 4, 103112, 100, 940.20
2026/08/07 14:06:45.145, 5, 104272, 100, 959.73
2026/08/07 14:06:45.145, 6, 104272, 100, 930.47
2026/08/07 14:06:45.145, 7, 104272, 100, 965.66
2026/08/07 14:06:45.645, 0, 103102, 100, 943.94
2026/08/07 14:06:45.647, 1, 104262, 100, 963.22
2026/08/07 14:06:45.648, 2, 104262, 100, 933.62
2026/08/07 14:06:45.651, 3, 104262, 100, 956.17
2026/08/07 14:06:45.652, 4, 103112, 99, 935.10
2026/08/07 14:06:45.655, 5, 104272, 99, 944.21
2026/08/07 14:06:45.656, 6, 104272, 100, 934.50
2026/08/07 14:06:45.656, 7, 104272, 100, 960.54
2026/08/07 14:06:46.156, 0, 103102, 100, 952.69
2026/08/07 14:06:46.156, 1, 104262, 100, 979.83
2026/08/07 14:06:46.156, 2, 104262, 100, 941.06
2026/08/07 14:06:46.156, 3, 104262, 100, 967.23
2026/08/07 14:06:46.156, 4, 103112, 100, 928.90
2026/08/07 14:06:46.156, 5, 104272, 100, 950.00
2026/08/07 14:06:46.156, 6, 104272, 100, 930.28
2026/08/07 14:06:46.156, 7, 104272, 100, 957.55
2026/08/07 14:06:46.657, 0, 103102, 100, 954.88
2026/08/07 14:06:46.657, 1, 104262, 100, 984.52
2026/08/07 14:06:46.657, 2, 104262, 100, 941.14
2026/08/07 14:06:46.657, 3, 104262, 100, 961.10
2026/08/07 14:06:46.657, 4, 103112, 100, 933.43
2026/08/07 14:06:46.657, 5, 104272, 100, 964.28
2026/08/07 14:06:46.657, 6, 104272, 100, 930.01
2026/08/07 14:06:46.657, 7, 104272, 100, 962.14
2026/08/07 14:06:47.157, 0, 103102, 100, 958.50
2026/08/07 14:06:47.157, 1, 104262, 100, 983.33
2026/08/07 14:06:47.157, 2, 104262, 100, 946.41
2026/08/07 14:06:47.157, 3, 104262, 100, 962.43
2026/08/07 14:06:47.157, 4, 103112, 100, 946.30
2026/08/07 14:06:47.157, 5, 104272, 100, 965.36
2026/08/07 14:06:47.157, 6, 104272, 100, 941.07
2026/08/07 14:06:47.157, 7, 104272, 100, 977.84
2026/08/07 14:06:47.657, 0, 103102, 100, 960.95
2026/08/07 14:06:47.657, 1, 104262, 100, 981.88
2026/08/07 14:06:47.657, 2, 104262, 100, 950.39
2026/08/07 14:06:47.657, 3, 104262, 100, 966.19
2026/08/07 14:06:47.657, 4, 103112, 100, 955.38
2026/08/07 14:06:47.657, 5, 104272, 100, 953.68
2026/08/07 14:06:47.657, 6, 104272, 100, 945.52
2026/08/07 14:06:47.657, 7, 104272, 100, 975.11
2026/08/07 14:06:48.157, 0, 103102, 100, 959.41
2026/08/07 14:06:48.157, 1, 104262, 100, 965.30
2026/08/07 14:06:48.157, 2, 104262, 100, 944.01
2026/08/07 14:06:48.157, 3, 104262, 100, 961.47
2026/08/07 14:06:48.157, 4, 103112, 100, 945.44
2026/08/07 14:06:48.157, 5, 104272, 100, 956.34
2026/08/07 14:06:48.157, 6, 104272, 100, 944.74
2026/08/07 14:06:48.157, 7, 104272, 100, 970.16
2026/08/07 14:06:48.657, 0, 103102, 100, 958.57
2026/08/07 14:06:48.658, 1, 104262, 100, 965.62
2026/08/07 14:06:48.658, 2, 104262, 100, 944.35
2026/08/07 14:06:48.658, 3, 104262, 100, 953.30
2026/08/07 14:06:48.658, 4, 103112, 100, 938.18
2026/08/07 14:06:48.658, 5, 104272, 100, 959.69
2026/08/07 14:06:48.658, 6, 104272, 100, 944.61
2026/08/07 14:06:48.658, 7, 104272, 100, 966.58
2026/08/07 14:06:49.158, 0, 103102, 100, 950.47
2026/08/07 14:06:49.158, 1, 104262, 100, 972.33
2026/08/07 14:06:49.158, 2, 104262, 100, 947.85
2026/08/07 14:06:49.158, 3, 104262, 100, 946.03
2026/08/07 14:06:49.158, 4, 103112, 100, 933.34
2026/08/07 14:06:49.158, 5, 104272, 100, 952.13
2026/08/07 14:06:49.158, 6, 104272, 100, 938.26
2026/08/07 14:06:49.158, 7, 104272, 100, 966.04
2026/08/07 14:06:49.658, 0, 103102, 100, 949.13
2026/08/07 14:06:49.658, 1, 104262, 100, 960.80
2026/08/07 14:06:49.658, 2, 104262, 99, 939.13
2026/08/07 14:06:49.658, 3, 104262, 99, 956.44
2026/08/07 14:06:49.658, 4, 103112, 100, 936.61
2026/08/07 14:06:49.658, 5, 104272, 100, 947.53
2026/08/07 14:06:49.658, 6, 104272, 100, 929.50
2026/08/07 14:06:49.658, 7, 104272, 100, 960.36
2026/08/07 14:06:50.158, 0, 103102, 100, 951.90
2026/08/07 14:06:50.158, 1, 104262, 100, 967.14
2026/08/07 14:06:50.158, 2, 104262, 100, 942.40
2026/08/07 14:06:50.158, 3, 104262, 100, 964.92
2026/08/07 14:06:50.158, 4, 103112, 99, 938.83
2026/08/07 14:06:50.158, 5, 104272, 99, 947.12
2026/08/07 14:06:50.158, 6, 104272, 99, 930.80
2026/08/07 14:06:50.158, 7, 104272, 100, 957.63
2026/08/07 14:06:50.659, 0, 103102, 100, 951.67
2026/08/07 14:06:50.659, 1, 104262, 100, 974.73
2026/08/07 14:06:50.659, 2, 104262, 100, 945.68
2026/08/07 14:06:50.659, 3, 104262, 100, 958.15
2026/08/07 14:06:50.659, 4, 103112, 100, 940.54
2026/08/07 14:06:50.659, 5, 104272, 100, 948.27
2026/08/07 14:06:50.659, 6, 104272, 100, 933.31
2026/08/07 14:06:50.659, 7, 104272, 100, 969.90
2026/08/07 14:06:51.159, 0, 103102, 100, 963.06
2026/08/07 14:06:51.159, 1, 104262, 100, 974.12
2026/08/07 14:06:51.159, 2, 104262, 100, 950.16
2026/08/07 14:06:51.159, 3, 104262, 100, 961.59
2026/08/07 14:06:51.159, 4, 103112, 100, 946.82
2026/08/07 14:06:51.159, 5, 104272, 100, 959.47
2026/08/07 14:06:51.159, 6, 104272, 100, 945.80
2026/08/07 14:06:51.159, 7, 104272, 100, 969.27
2026/08/07 14:06:51.659, 0, 103102, 100, 964.90
2026/08/07 14:06:51.659, 1, 104262, 100, 981.76
2026/08/07 14:06:51.659, 2, 104262, 100, 961.03
2026/08/07 14:06:51.659, 3, 104262, 100, 959.16
2026/08/07 14:06:51.659, 4, 103112, 100, 952.08
2026/08/07 14:06:51.659, 5, 104272, 100, 965.14
2026/08/07 14:06:51.659, 6, 104272, 100, 954.15
2026/08/07 14:06:51.659, 7, 104272, 100, 977.59
2026/08/07 14:06:52.159, 0, 103102, 100, 956.65
2026/08/07 14:06:52.163, 1, 104262, 100, 980.07
2026/08/07 14:06:52.163, 2, 104262, 100, 957.75
2026/08/07 14:06:52.167, 3, 104262, 100, 961.01
2026/08/07 14:06:52.168, 4, 103112, 100, 948.00
2026/08/07 14:06:52.172, 5, 104272, 100, 967.48
2026/08/07 14:06:52.172, 6, 104272, 100, 954.53
2026/08/07 14:06:52.176, 7, 104272, 100, 979.66
2026/08/07 14:06:52.677, 0, 103102, 100, 961.96
2026/08/07 14:06:52.677, 1, 104262, 100, 975.43
2026/08/07 14:06:52.677, 2, 104262, 100, 958.80
2026/08/07 14:06:52.677, 3, 104262, 100, 968.04
2026/08/07 14:06:52.677, 4, 103112, 100, 948.57
2026/08/07 14:06:52.677, 5, 104272, 100, 964.57
2026/08/07 14:06:52.677, 6, 104272, 100, 950.03
2026/08/07 14:06:52.677, 7, 104272, 100, 972.91
2026/08/07 14:06:53.177, 0, 103102, 100, 960.08
2026/08/07 14:06:53.177, 1, 104262, 100, 969.35
2026/08/07 14:06:53.177, 2, 104262, 100, 947.58
2026/08/07 14:06:53.177, 3, 104262, 100, 961.50
2026/08/07 14:06:53.177, 4, 103112, 100, 945.72
2026/08/07 14:06:53.177, 5, 104272, 100, 961.72
2026/08/07 14:06:53.177, 6, 104272, 100, 941.91
2026/08/07 14:06:53.177, 7, 104272, 100, 965.13
2026/08/07 14:06:53.677, 0, 103102, 100, 953.68
2026/08/07 14:06:53.677, 1, 104262, 100, 968.33
2026/08/07 14:06:53.677, 2, 104262, 100, 939.64
2026/08/07 14:06:53.677, 3, 104262, 100, 947.14
2026/08/07 14:06:53.677, 4, 103112, 100, 937.57
2026/08/07 14:06:53.677, 5, 104272, 100, 961.87
2026/08/07 14:06:53.677, 6, 104272, 100, 942.49
2026/08/07 14:06:53.677, 7, 104272, 100, 968.58
2026/08/07 14:06:54.177, 0, 103102, 100, 941.33
2026/08/07 14:06:54.177, 1, 104262, 100, 965.22
2026/08/07 14:06:54.177, 2, 104262, 99, 940.08
2026/08/07 14:06:54.177, 3, 104262, 100, 946.10
2026/08/07 14:06:54.177, 4, 103112, 100, 937.76
2026/08/07 14:06:54.177, 5, 104272, 100, 952.14
2026/08/07 14:06:54.177, 6, 104272, 100, 937.16
2026/08/07 14:06:54.177, 7, 104272, 100, 974.27
2026/08/07 14:06:54.677, 0, 103102, 100, 939.69
2026/08/07 14:06:54.677, 1, 104262, 100, 962.89
2026/08/07 14:06:54.677, 2, 104262, 100, 944.39
2026/08/07 14:06:54.678, 3, 104262, 100, 960.72
2026/08/07 14:06:54.678, 4, 103112, 100, 938.27
2026/08/07 14:06:54.678, 5, 104272, 100, 956.21
2026/08/07 14:06:54.678, 6, 104272, 100, 927.51
2026/08/07 14:06:54.678, 7, 104272, 100, 970.71
2026/08/07 14:06:55.178, 0, 103102, 100, 952.03
2026/08/07 14:06:55.178, 1, 104262, 100, 974.16
2026/08/07 14:06:55.178, 2, 104262, 100, 949.68
2026/08/07 14:06:55.178, 3, 104262, 100, 967.04
2026/08/07 14:06:55.178, 4, 103112, 100, 947.29
2026/08/07 14:06:55.178, 5, 104272, 100, 959.13
2026/08/07 14:06:55.178, 6, 104272, 100, 932.70
2026/08/07 14:06:55.178, 7, 104272, 100, 978.41
2026/08/07 14:06:55.678, 0, 103102, 100, 960.26
2026/08/07 14:06:55.678, 1, 104262, 100, 977.49
2026/08/07 14:06:55.678, 2, 104262, 100, 954.42
2026/08/07 14:06:55.678, 3, 104262, 100, 965.62
2026/08/07 14:06:55.678, 4, 103112, 100, 951.90
2026/08/07 14:06:55.678, 5, 104272, 100, 962.08
2026/08/07 14:06:55.678, 6, 104272, 100, 940.29
2026/08/07 14:06:55.678, 7, 104272, 100, 972.96
2026/08/07 14:06:56.178, 0, 103102, 100, 966.61
2026/08/07 14:06:56.178, 1, 104262, 100, 980.84
2026/08/07 14:06:56.178, 2, 104262, 100, 956.60
2026/08/07 14:06:56.178, 3, 104262, 100, 962.45
2026/08/07 14:06:56.178, 4, 103112, 100, 949.77
2026/08/07 14:06:56.178, 5, 104272, 100, 971.12
2026/08/07 14:06:56.178, 6, 104272, 100, 953.05
2026/08/07 14:06:56.178, 7, 104272, 100, 977.55
2026/08/07 14:06:56.678, 0, 103102, 100, 956.31
2026/08/07 14:06:56.678, 1, 104262, 100, 973.28
2026/08/07 14:06:56.678, 2, 104262, 100, 951.82
2026/08/07 14:06:56.678, 3, 104262, 100, 960.96
2026/08/07 14:06:56.678, 4, 103112, 100, 952.35
2026/08/07 14:06:56.678, 5, 104272, 100, 962.46
2026/08/07 14:06:56.678, 6, 104272, 100, 957.03
2026/08/07 14:06:56.678, 7, 104272, 100, 983.29
2026/08/07 14:06:57.179, 0, 103102, 100, 948.77
2026/08/07 14:06:57.179, 1, 104262, 100, 968.46
2026/08/07 14:06:57.179, 2, 104262, 100, 942.29
2026/08/07 14:06:57.179, 3, 104262, 100, 963.24
2026/08/07 14:06:57.179, 4, 103112, 100, 951.32
2026/08/07 14:06:57.179, 5, 104272, 100, 957.34
2026/08/07 14:06:57.179, 6, 104272, 100, 948.92
2026/08/07 14:06:57.179, 7, 104272, 100, 978.97
2026/08/07 14:06:57.679, 0, 103102, 100, 950.23
2026/08/07 14:06:57.679, 1, 104262, 100, 969.09
2026/08/07 14:06:57.679, 2, 104262, 100, 941.86
2026/08/07 14:06:57.679, 3, 104262, 100, 960.37
2026/08/07 14:06:57.679, 4, 103112, 100, 939.98
2026/08/07 14:06:57.679, 5, 104272, 100, 954.49
2026/08/07 14:06:57.679, 6, 104272, 100, 938.50
2026/08/07 14:06:57.679, 7, 104272, 100, 964.76
2026/08/07 14:06:58.179, 0, 103102, 100, 946.76
2026/08/07 14:06:58.179, 1, 104262, 100, 971.55
2026/08/07 14:06:58.179, 2, 104262, 100, 942.08
2026/08/07 14:06:58.179, 3, 104262, 100, 955.81
2026/08/07 14:06:58.179, 4, 103112, 100, 932.25
2026/08/07 14:06:58.179, 5, 104272, 100, 955.21
2026/08/07 14:06:58.179, 6, 104272, 100, 932.70
2026/08/07 14:06:58.179, 7, 104272, 100, 959.36
2026/08/07 14:06:58.679, 0, 103102, 100, 946.34
2026/08/07 14:06:58.679, 1, 104262, 100, 967.01
2026/08/07 14:06:58.679, 2, 104262, 100, 937.72
2026/08/07 14:06:58.679, 3, 104262, 100, 951.38
2026/08/07 14:06:58.680, 4, 103112, 100, 935.47
2026/08/07 14:06:58.680, 5, 104272, 100, 947.77
2026/08/07 14:06:58.680, 6, 104272, 100, 925.46
2026/08/07 14:06:58.680, 7, 104272, 100, 960.86
2026/08/07 14:06:59.180, 0, 103102, 100, 949.27
2026/08/07 14:06:59.180, 1, 104262, 100, 966.30
2026/08/07 14:06:59.180, 2, 104262, 100, 944.55
2026/08/07 14:06:59.180, 3, 104262, 100, 963.35
2026/08/07 14:06:59.180, 4, 103112, 100, 937.32
2026/08/07 14:06:59.180, 5, 104272, 100, 956.22
2026/08/07 14:06:59.180, 6, 104272, 100, 915.85
2026/08/07 14:06:59.180, 7, 104272, 100, 961.66
2026/08/07 14:06:59.680, 0, 103102, 100, 957.33
2026/08/07 14:06:59.680, 1, 104262, 100, 978.51
2026/08/07 14:06:59.680, 2, 104262, 100, 954.94
2026/08/07 14:06:59.680, 3, 104262, 100, 973.31
2026/08/07 14:06:59.680, 4, 103112, 100, 945.17
2026/08/07 14:06:59.680, 5, 104272, 100, 971.86
2026/08/07 14:06:59.680, 6, 104272, 100, 929.21
2026/08/07 14:06:59.680, 7, 104272, 100, 969.11
2026/08/07 14:07:00.180, 0, 103102, 100, 960.24
2026/08/07 14:07:00.180, 1, 104262, 100, 977.34
2026/08/07 14:07:00.180, 2, 104262, 100, 954.91
2026/08/07 14:07:00.180, 3, 104262, 100, 973.57
2026/08/07 14:07:00.180, 4, 103112, 100, 955.20
2026/08/07 14:07:00.180, 5, 104272, 100, 972.17
2026/08/07 14:07:00.180, 6, 104272, 100, 944.18
2026/08/07 14:07:00.180, 7, 104272, 100, 977.24
2026/08/07 14:07:00.680, 0, 103102, 100, 956.96
2026/08/07 14:07:00.680, 1, 104262, 100, 970.15
2026/08/07 14:07:00.680, 2, 104262, 100, 946.00
2026/08/07 14:07:00.681, 3, 104262, 100, 967.60
2026/08/07 14:07:00.681, 4, 103112, 100, 950.20
2026/08/07 14:07:00.681, 5, 104272, 100, 966.66
2026/08/07 14:07:00.681, 6, 104272, 100, 953.48
2026/08/07 14:07:00.681, 7, 104272, 100, 980.45
2026/08/07 14:07:01.181, 0, 103102, 100, 945.87
2026/08/07 14:07:01.181, 1, 104262, 100, 971.85
2026/08/07 14:07:01.181, 2, 104262, 100, 948.51
2026/08/07 14:07:01.181, 3, 104262, 100, 961.52
2026/08/07 14:07:01.181, 4, 103112, 100, 950.88
2026/08/07 14:07:01.181, 5, 104272, 100, 963.37
2026/08/07 14:07:01.181, 6, 104272, 100, 950.17
2026/08/07 14:07:01.181, 7, 104272, 100, 976.34
2026/08/07 14:07:01.681, 0, 103102, 100, 944.42
2026/08/07 14:07:01.681, 1, 104262, 100, 973.24
2026/08/07 14:07:01.681, 2, 104262, 100, 951.93
2026/08/07 14:07:01.681, 3, 104262, 100, 954.91
2026/08/07 14:07:01.681, 4, 103112, 100, 952.79
2026/08/07 14:07:01.681, 5, 104272, 100, 960.57
2026/08/07 14:07:01.681, 6, 104272, 100, 951.43
2026/08/07 14:07:01.681, 7, 104272, 100, 979.46
2026/08/07 14:07:02.181, 0, 103102, 100, 953.27
2026/08/07 14:07:02.181, 1, 104262, 100, 965.93
2026/08/07 14:07:02.181, 2, 104262, 100, 936.84
2026/08/07 14:07:02.183, 3, 104262, 100, 957.56
2026/08/07 14:07:02.184, 4, 103112, 100, 945.89
2026/08/07 14:07:02.184, 5, 104272, 100, 953.18
2026/08/07 14:07:02.184, 6, 104272, 100, 937.92
2026/08/07 14:07:02.184, 7, 104272, 100, 961.38
2026/08/07 14:07:02.684, 0, 103102, 100, 947.50
2026/08/07 14:07:02.684, 1, 104262, 100, 958.26
2026/08/07 14:07:02.684, 2, 104262, 100, 926.47
2026/08/07 14:07:02.684, 3, 104262, 100, 954.58
2026/08/07 14:07:02.684, 4, 103112, 100, 943.07
2026/08/07 14:07:02.684, 5, 104272, 100, 958.08
2026/08/07 14:07:02.684, 6, 104272, 100, 919.51
2026/08/07 14:07:02.684, 7, 104272, 100, 953.66
2026/08/07 14:07:03.184, 0, 103102, 100, 941.79
2026/08/07 14:07:03.184, 1, 104262, 100, 963.69
2026/08/07 14:07:03.184, 2, 104262, 100, 932.82
2026/08/07 14:07:03.184, 3, 104262, 100, 949.19
2026/08/07 14:07:03.184, 4, 103112, 99, 945.41
2026/08/07 14:07:03.184, 5, 104272, 100, 955.88
2026/08/07 14:07:03.184, 6, 104272, 100, 927.35
2026/08/07 14:07:03.184, 7, 104272, 99, 958.68
2026/08/07 14:07:03.684, 0, 103102, 100, 947.98
2026/08/07 14:07:03.684, 1, 104262, 100, 969.16
2026/08/07 14:07:03.684, 2, 104262, 100, 947.20
2026/08/07 14:07:03.684, 3, 104262, 100, 960.06
2026/08/07 14:07:03.684, 4, 103112, 100, 937.92
2026/08/07 14:07:03.684, 5, 104272, 100, 957.55
2026/08/07 14:07:03.684, 6, 104272, 100, 928.80
2026/08/07 14:07:03.684, 7, 104272, 100, 957.07
2026/08/07 14:07:04.184, 0, 103102, 100, 958.57
2026/08/07 14:07:04.184, 1, 104262, 100, 968.72
2026/08/07 14:07:04.184, 2, 104262, 100, 958.38
2026/08/07 14:07:04.184, 3, 104262, 100, 967.41
2026/08/07 14:07:04.184, 4, 103112, 100, 942.99
2026/08/07 14:07:04.184, 5, 104272, 100, 974.72
2026/08/07 14:07:04.184, 6, 104272, 100, 931.64
2026/08/07 14:07:04.184, 7, 104272, 100, 967.51
2026/08/07 14:07:04.685, 0, 103102, 100, 961.96
2026/08/07 14:07:04.685, 1, 104262, 100, 976.59
2026/08/07 14:07:04.686, 2, 104262, 100, 955.03
2026/08/07 14:07:04.687, 3, 104262, 100, 969.34
2026/08/07 14:07:04.688, 4, 103112, 100, 955.52
2026/08/07 14:07:04.690, 5, 104272, 100, 972.85
2026/08/07 14:07:04.691, 6, 104272, 100, 954.41
2026/08/07 14:07:04.691, 7, 104272, 100, 979.65
2026/08/07 14:07:05.192, 0, 103102, 100, 959.54
2026/08/07 14:07:05.194, 1, 104262, 100, 978.77
2026/08/07 14:07:05.198, 2, 104262, 100, 956.05
2026/08/07 14:07:05.198, 3, 104262, 100, 971.42
2026/08/07 14:07:05.202, 4, 103112, 100, 951.97
2026/08/07 14:07:05.203, 5, 104272, 100, 966.28
2026/08/07 14:07:05.206, 6, 104272, 100, 957.19
2026/08/07 14:07:05.207, 7, 104272, 100, 981.29
2026/08/07 14:07:05.710, 0, 103102, 100, 955.16
2026/08/07 14:07:05.710, 1, 104262, 100, 974.06
2026/08/07 14:07:05.710, 2, 104262, 100, 956.71
2026/08/07 14:07:05.710, 3, 104262, 100, 961.19
2026/08/07 14:07:05.710, 4, 103112, 100, 948.69
2026/08/07 14:07:05.710, 5, 104272, 100, 966.00
2026/08/07 14:07:05.710, 6, 104272, 100, 946.89
2026/08/07 14:07:05.710, 7, 104272, 100, 975.31
2026/08/07 14:07:06.211, 0, 103102, 100, 954.16
2026/08/07 14:07:06.211, 1, 104262, 100, 979.30
2026/08/07 14:07:06.211, 2, 104262, 100, 956.65
2026/08/07 14:07:06.211, 3, 104262, 100, 952.37
2026/08/07 14:07:06.211, 4, 103112, 100, 946.21
2026/08/07 14:07:06.211, 5, 104272, 100, 960.55
2026/08/07 14:07:06.211, 6, 104272, 100, 932.91
2026/08/07 14:07:06.211, 7, 104272, 100, 967.90
2026/08/07 14:07:06.711, 0, 103102, 100, 953.30
2026/08/07 14:07:06.711, 1, 104262, 100, 969.78
2026/08/07 14:07:06.711, 2, 104262, 100, 950.51
2026/08/07 14:07:06.711, 3, 104262, 100, 956.11
2026/08/07 14:07:06.711, 4, 103112, 100, 937.93
2026/08/07 14:07:06.711, 5, 104272, 100, 950.28
2026/08/07 14:07:06.711, 6, 104272, 100, 931.02
2026/08/07 14:07:06.711, 7, 104272, 100, 969.17
2026/08/07 14:07:07.211, 0, 103102, 99, 944.60
2026/08/07 14:07:07.211, 1, 104262, 100, 964.54
2026/08/07 14:07:07.211, 2, 104262, 100, 942.83
2026/08/07 14:07:07.211, 3, 104262, 99, 960.07
2026/08/07 14:07:07.211, 4, 103112, 100, 935.48
2026/08/07 14:07:07.211, 5, 104272, 100, 953.37
2026/08/07 14:07:07.211, 6, 104272, 100, 935.35
2026/08/07 14:07:07.211, 7, 104272, 100, 971.89
2026/08/07 14:07:07.711, 0, 103102, 100, 944.29
2026/08/07 14:07:07.711, 1, 104262, 100, 968.62
2026/08/07 14:07:07.711, 2, 104262, 100, 942.10
2026/08/07 14:07:07.711, 3, 104262, 100, 955.44
2026/08/07 14:07:07.711, 4, 103112, 99, 937.66
2026/08/07 14:07:07.711, 5, 104272, 100, 957.63
2026/08/07 14:07:07.711, 6, 104272, 99, 931.47
2026/08/07 14:07:07.711, 7, 104272, 99, 961.92
2026/08/07 14:07:08.211, 0, 103102, 100, 953.26
2026/08/07 14:07:08.211, 1, 104262, 100, 974.09
2026/08/07 14:07:08.211, 2, 104262, 100, 945.20
2026/08/07 14:07:08.211, 3, 104262, 100, 954.04
2026/08/07 14:07:08.212, 4, 103112, 100, 937.74
2026/08/07 14:07:08.212, 5, 104272, 100, 958.63
2026/08/07 14:07:08.212, 6, 104272, 100, 932.22
2026/08/07 14:07:08.212, 7, 104272, 100, 964.07
2026/08/07 14:07:08.712, 0, 103102, 100, 955.34
2026/08/07 14:07:08.712, 1, 104262, 100, 973.95
2026/08/07 14:07:08.712, 2, 104262, 100, 951.09
2026/08/07 14:07:08.712, 3, 104262, 100, 962.64
2026/08/07 14:07:08.712, 4, 103112, 100, 937.45
2026/08/07 14:07:08.712, 5, 104272, 100, 962.41
2026/08/07 14:07:08.712, 6, 104272, 100, 930.32
2026/08/07 14:07:08.712, 7, 104272, 100, 966.94
2026/08/07 14:07:09.212, 0, 103102, 100, 954.71
2026/08/07 14:07:09.212, 1, 104262, 100, 968.80
2026/08/07 14:07:09.212, 2, 104262, 100, 946.57
2026/08/07 14:07:09.212, 3, 104262, 100, 970.13
2026/08/07 14:07:09.212, 4, 103112, 100, 943.27
2026/08/07 14:07:09.212, 5, 104272, 100, 964.76
2026/08/07 14:07:09.212, 6, 104272, 100, 938.13
2026/08/07 14:07:09.212, 7, 104272, 100, 973.92
2026/08/07 14:07:09.712, 0, 103102, 100, 954.97
2026/08/07 14:07:09.714, 1, 104262, 100, 967.57
2026/08/07 14:07:09.715, 2, 104262, 100, 942.35
2026/08/07 14:07:09.715, 3, 104262, 100, 961.18
2026/08/07 14:07:09.715, 4, 103112, 100, 944.51
2026/08/07 14:07:09.715, 5, 104272, 100, 962.59
2026/08/07 14:07:09.715, 6, 104272, 100, 938.95
2026/08/07 14:07:09.715, 7, 104272, 100, 976.56
2026/08/07 14:07:10.215, 0, 103102, 100, 958.09
2026/08/07 14:07:10.215, 1, 104262, 100, 971.29
2026/08/07 14:07:10.215, 2, 104262, 100, 945.90
2026/08/07 14:07:10.215, 3, 104262, 100, 958.36
2026/08/07 14:07:10.215, 4, 103112, 100, 950.46
2026/08/07 14:07:10.215, 5, 104272, 100, 965.26
2026/08/07 14:07:10.215, 6, 104272, 100, 939.42
2026/08/07 14:07:10.215, 7, 104272, 100, 970.06
2026/08/07 14:07:10.715, 0, 103102, 100, 950.21
2026/08/07 14:07:10.715, 1, 104262, 100, 966.69
2026/08/07 14:07:10.715, 2, 104262, 100, 942.79
2026/08/07 14:07:10.715, 3, 104262, 100, 959.88
2026/08/07 14:07:10.715, 4, 103112, 100, 945.06
2026/08/07 14:07:10.715, 5, 104272, 100, 969.72
2026/08/07 14:07:10.715, 6, 104272, 100, 934.14
2026/08/07 14:07:10.715, 7, 104272, 100, 966.67
2026/08/07 14:07:11.215, 0, 103102, 100, 948.48
2026/08/07 14:07:11.215, 1, 104262, 100, 964.48
2026/08/07 14:07:11.215, 2, 104262, 100, 934.93
2026/08/07 14:07:11.215, 3, 104262, 100, 957.09
2026/08/07 14:07:11.215, 4, 103112, 100, 941.95
2026/08/07 14:07:11.215, 5, 104272, 100, 962.04
2026/08/07 14:07:11.215, 6, 104272, 100, 932.74
2026/08/07 14:07:11.215, 7, 104272, 100, 964.89
2026/08/07 14:07:11.716, 0, 103102, 100, 940.66
2026/08/07 14:07:11.722, 1, 104262, 100, 970.55
2026/08/07 14:07:11.722, 2, 104262, 99, 940.59
2026/08/07 14:07:11.723, 3, 104262, 99, 952.22
2026/08/07 14:07:11.723, 4, 103112, 100, 931.63
2026/08/07 14:07:11.723, 5, 104272, 100, 941.99
2026/08/07 14:07:11.723, 6, 104272, 100, 931.89
2026/08/07 14:07:11.723, 7, 104272, 100, 964.59
2026/08/07 14:07:12.223, 0, 103102, 100, 943.43
2026/08/07 14:07:12.223, 1, 104262, 100, 969.33
2026/08/07 14:07:12.223, 2, 104262, 100, 948.31
2026/08/07 14:07:12.223, 3, 104262, 100, 952.37
2026/08/07 14:07:12.223, 4, 103112, 100, 927.19
2026/08/07 14:07:12.223, 5, 104272, 100, 942.55
2026/08/07 14:07:12.223, 6, 104272, 99, 918.72
2026/08/07 14:07:12.223, 7, 104272, 100, 965.13
2026/08/07 14:07:12.723, 0, 103102, 100, 956.58
2026/08/07 14:07:12.723, 1, 104262, 100, 966.98
2026/08/07 14:07:12.723, 2, 104262, 100, 949.41
2026/08/07 14:07:12.723, 3, 104262, 100, 966.76
2026/08/07 14:07:12.723, 4, 103112, 100, 935.31
2026/08/07 14:07:12.723, 5, 104272, 100, 955.12
2026/08/07 14:07:12.723, 6, 104272, 100, 925.14
2026/08/07 14:07:12.723, 7, 104272, 100, 973.52
2026/08/07 14:07:13.224, 0, 103102, 100, 954.44
2026/08/07 14:07:13.224, 1, 104262, 100, 975.43
2026/08/07 14:07:13.224, 2, 104262, 100, 951.59
2026/08/07 14:07:13.224, 3, 104262, 100, 972.65
2026/08/07 14:07:13.224, 4, 103112, 100, 944.15
2026/08/07 14:07:13.224, 5, 104272, 100, 961.08
2026/08/07 14:07:13.224, 6, 104272, 100, 941.00
2026/08/07 14:07:13.224, 7, 104272, 100, 977.59
2026/08/07 14:07:13.724, 0, 103102, 100, 952.54
2026/08/07 14:07:13.724, 1, 104262, 100, 977.35
2026/08/07 14:07:13.724, 2, 104262, 100, 943.73
2026/08/07 14:07:13.724, 3, 104262, 100, 965.98
2026/08/07 14:07:13.724, 4, 103112, 100, 945.27
2026/08/07 14:07:13.724, 5, 104272, 100, 962.87
2026/08/07 14:07:13.724, 6, 104272, 100, 942.47
2026/08/07 14:07:13.724, 7, 104272, 100, 964.81
2026/08/07 14:07:14.224, 0, 103102, 100, 959.86
2026/08/07 14:07:14.224, 1, 104262, 100, 968.24
2026/08/07 14:07:14.224, 2, 104262, 100, 943.17
2026/08/07 14:07:14.224, 3, 104262, 100, 961.80
2026/08/07 14:07:14.224, 4, 103112, 100, 945.30
2026/08/07 14:07:14.224, 5, 104272, 100, 964.50
2026/08/07 14:07:14.224, 6, 104272, 100, 946.82
2026/08/07 14:07:14.224, 7, 104272, 100, 970.23
2026/08/07 14:07:14.724, 0, 103102, 100, 960.44
2026/08/07 14:07:14.724, 1, 104262, 100, 960.77
2026/08/07 14:07:14.724, 2, 104262, 100, 954.94
2026/08/07 14:07:14.724, 3, 104262, 100, 962.52
2026/08/07 14:07:14.724, 4, 103112, 100, 948.06
2026/08/07 14:07:14.724, 5, 104272, 100, 962.51
2026/08/07 14:07:14.724, 6, 104272, 100, 939.68
2026/08/07 14:07:14.724, 7, 104272, 100, 976.65
2026/08/07 14:07:15.224, 0, 103102, 100, 944.99
2026/08/07 14:07:15.224, 1, 104262, 100, 963.63
2026/08/07 14:07:15.224, 2, 104262, 100, 954.96
2026/08/07 14:07:15.224, 3, 104262, 100, 964.27
2026/08/07 14:07:15.224, 4, 103112, 100, 947.18
2026/08/07 14:07:15.224, 5, 104272, 100, 965.39
2026/08/07 14:07:15.224, 6, 104272, 100, 927.55
2026/08/07 14:07:15.224, 7, 104272, 100, 968.16
2026/08/07 14:07:15.725, 0, 103102, 100, 935.07
2026/08/07 14:07:15.725, 1, 104262, 100, 960.37
2026/08/07 14:07:15.725, 2, 104262, 100, 934.22
2026/08/07 14:07:15.725, 3, 104262, 100, 956.17
2026/08/07 14:07:15.725, 4, 103112, 100, 937.28
2026/08/07 14:07:15.725, 5, 104272, 100, 954.51
2026/08/07 14:07:15.725, 6, 104272, 100, 932.13
2026/08/07 14:07:15.725, 7, 104272, 100, 963.04
2026/08/07 14:07:16.225, 0, 103102, 100, 940.49
2026/08/07 14:07:16.225, 1, 104262, 99, 944.37
2026/08/07 14:07:16.225, 2, 104262, 99, 934.34
2026/08/07 14:07:16.225, 3, 104262, 100, 945.99
2026/08/07 14:07:16.225, 4, 103112, 100, 930.97
2026/08/07 14:07:16.225, 5, 104272, 100, 934.08
2026/08/07 14:07:16.225, 6, 104272, 100, 930.77
2026/08/07 14:07:16.225, 7, 104272, 100, 965.91
2026/08/07 14:07:16.725, 0, 103102, 100, 945.13
2026/08/07 14:07:16.725, 1, 104262, 100, 955.62
2026/08/07 14:07:16.725, 2, 104262, 100, 940.22
2026/08/07 14:07:16.725, 3, 104262, 100, 952.82
2026/08/07 14:07:16.725, 4, 103112, 100, 932.48
2026/08/07 14:07:16.725, 5, 104272, 100, 942.75
2026/08/07 14:07:16.725, 6, 104272, 100, 926.53
2026/08/07 14:07:16.725, 7, 104272, 100, 958.65
2026/08/07 14:07:17.225, 0, 103102, 100, 954.14
2026/08/07 14:07:17.225, 1, 104262, 100, 976.49
2026/08/07 14:07:17.225, 2, 104262, 100, 942.05
2026/08/07 14:07:17.225, 3, 104262, 100, 957.18
2026/08/07 14:07:17.225, 4, 103112, 100, 938.20
2026/08/07 14:07:17.225, 5, 104272, 100, 959.10
2026/08/07 14:07:17.225, 6, 104272, 100, 933.29
2026/08/07 14:07:17.225, 7, 104272, 100, 967.88
2026/08/07 14:07:17.725, 0, 103102, 100, 963.47
2026/08/07 14:07:17.726, 1, 104262, 100, 978.05
2026/08/07 14:07:17.726, 2, 104262, 100, 956.27
2026/08/07 14:07:17.726, 3, 104262, 100, 964.86
2026/08/07 14:07:17.726, 4, 103112, 100, 942.05
2026/08/07 14:07:17.726, 5, 104272, 100, 965.95
2026/08/07 14:07:17.726, 6, 104272, 100, 938.96
2026/08/07 14:07:17.726, 7, 104272, 100, 978.70
2026/08/07 14:07:18.226, 0, 103102, 100, 962.91
2026/08/07 14:07:18.229, 1, 104262, 100, 984.49
2026/08/07 14:07:18.229, 2, 104262, 100, 970.16
2026/08/07 14:07:18.229, 3, 104262, 100, 972.12
2026/08/07 14:07:18.229, 4, 103112, 100, 943.20
2026/08/07 14:07:18.229, 5, 104272, 100, 964.39
2026/08/07 14:07:18.229, 6, 104272, 100, 940.01
2026/08/07 14:07:18.229, 7, 104272, 100, 978.80
2026/08/07 14:07:18.729, 0, 103102, 100, 959.25
2026/08/07 14:07:18.729, 1, 104262, 100, 976.41
2026/08/07 14:07:18.729, 2, 104262, 100, 959.59
2026/08/07 14:07:18.729, 3, 104262, 100, 970.60
2026/08/07 14:07:18.729, 4, 103112, 100, 941.86
2026/08/07 14:07:18.730, 5, 104272, 100, 966.98
2026/08/07 14:07:18.730, 6, 104272, 100, 946.29
2026/08/07 14:07:18.730, 7, 104272, 100, 970.20
2026/08/07 14:07:19.230, 0, 103102, 100, 949.46
2026/08/07 14:07:19.230, 1, 104262, 100, 974.97
2026/08/07 14:07:19.230, 2, 104262, 100, 943.28
2026/08/07 14:07:19.230, 3, 104262, 100, 966.74
2026/08/07 14:07:19.230, 4, 103112, 100, 941.19
2026/08/07 14:07:19.230, 5, 104272, 100, 958.16
2026/08/07 14:07:19.230, 6, 104272, 100, 936.24
2026/08/07 14:07:19.230, 7, 104272, 100, 966.10
2026/08/07 14:07:19.730, 0, 103102, 100, 949.79
2026/08/07 14:07:19.730, 1, 104262, 100, 971.79
2026/08/07 14:07:19.730, 2, 104262, 100, 939.75
2026/08/07 14:07:19.730, 3, 104262, 100, 964.12
2026/08/07 14:07:19.730, 4, 103112, 100, 941.01
2026/08/07 14:07:19.730, 5, 104272, 100, 953.88
2026/08/07 14:07:19.730, 6, 104272, 100, 927.73
2026/08/07 14:07:19.730, 7, 104272, 100, 962.45
2026/08/07 14:07:20.230, 0, 103102, 100, 954.88
2026/08/07 14:07:20.230, 1, 104262, 100, 967.51
2026/08/07 14:07:20.230, 2, 104262, 100, 935.79
2026/08/07 14:07:20.230, 3, 104262, 100, 952.53
2026/08/07 14:07:20.230, 4, 103112, 100, 940.47
2026/08/07 14:07:20.230, 5, 104272, 100, 960.39
2026/08/07 14:07:20.230, 6, 104272, 100, 931.31
2026/08/07 14:07:20.230, 7, 104272, 100, 967.23
2026/08/07 14:07:20.730, 0, 103102, 100, 945.81
2026/08/07 14:07:20.730, 1, 104262, 100, 973.72
2026/08/07 14:07:20.730, 2, 104262, 100, 947.28
2026/08/07 14:07:20.730, 3, 104262, 100, 948.80
2026/08/07 14:07:20.730, 4, 103112, 100, 941.69
2026/08/07 14:07:20.730, 5, 104272, 100, 958.27
2026/08/07 14:07:20.730, 6, 104272, 100, 935.16
2026/08/07 14:07:20.730, 7, 104272, 100, 973.49
2026/08/07 14:07:21.230, 0, 103102, 100, 935.19
2026/08/07 14:07:21.230, 1, 104262, 100, 970.56
2026/08/07 14:07:21.230, 2, 104262, 100, 939.54
2026/08/07 14:07:21.230, 3, 104262, 100, 959.17
2026/08/07 14:07:21.230, 4, 103112, 100, 930.22
2026/08/07 14:07:21.231, 5, 104272, 100, 954.51
2026/08/07 14:07:21.231, 6, 104272, 100, 934.31
2026/08/07 14:07:21.231, 7, 104272, 100, 966.30
2026/08/07 14:07:21.731, 0, 103102, 100, 948.89
2026/08/07 14:07:21.731, 1, 104262, 100, 972.47
2026/08/07 14:07:21.731, 2, 104262, 100, 941.25
2026/08/07 14:07:21.731, 3, 104262, 100, 962.03
2026/08/07 14:07:21.731, 4, 103112, 100, 932.80
2026/08/07 14:07:21.731, 5, 104272, 100, 952.62
2026/08/07 14:07:21.731, 6, 104272, 100, 939.80
2026/08/07 14:07:21.731, 7, 104272, 100, 968.23
2026/08/07 14:07:22.231, 0, 103102, 100, 955.83
2026/08/07 14:07:22.231, 1, 104262, 100, 980.23
2026/08/07 14:07:22.231, 2, 104262, 100, 957.64
2026/08/07 14:07:22.231, 3, 104262, 100, 961.50
2026/08/07 14:07:22.231, 4, 103112, 100, 941.53
2026/08/07 14:07:22.231, 5, 104272, 100, 958.19
2026/08/07 14:07:22.231, 6, 104272, 100, 949.57
2026/08/07 14:07:22.231, 7, 104272, 100, 974.69
2026/08/07 14:07:22.731, 0, 103102, 100, 958.23
2026/08/07 14:07:22.731, 1, 104262, 100, 980.73
2026/08/07 14:07:22.735, 2, 104262, 100, 950.84
2026/08/07 14:07:22.739, 3, 104262, 100, 961.20
2026/08/07 14:07:22.739, 4, 103112, 100, 948.23
2026/08/07 14:07:22.740, 5, 104272, 100, 965.92
2026/08/07 14:07:22.744, 6, 104272, 100, 946.82
2026/08/07 14:07:22.744, 7, 104272, 100, 971.35
2026/08/07 14:07:23.245, 0, 103102, 100, 960.18
2026/08/07 14:07:23.245, 1, 104262, 100, 968.20
2026/08/07 14:07:23.245, 2, 104262, 100, 942.92
2026/08/07 14:07:23.245, 3, 104262, 100, 962.82
2026/08/07 14:07:23.245, 4, 103112, 100, 948.85
2026/08/07 14:07:23.245, 5, 104272, 100, 967.48
2026/08/07 14:07:23.245, 6, 104272, 100, 946.28
2026/08/07 14:07:23.245, 7, 104272, 100, 976.25
2026/08/07 14:07:23.745, 0, 103102, 100, 945.63
2026/08/07 14:07:23.745, 1, 104262, 100, 964.93
2026/08/07 14:07:23.745, 2, 104262, 100, 943.64
2026/08/07 14:07:23.745, 3, 104262, 100, 960.35
2026/08/07 14:07:23.745, 4, 103112, 100, 946.24
2026/08/07 14:07:23.745, 5, 104272, 100, 959.45
2026/08/07 14:07:23.745, 6, 104272, 100, 944.43
2026/08/07 14:07:23.745, 7, 104272, 100, 973.55
2026/08/07 14:07:24.245, 0, 103102, 100, 937.58
2026/08/07 14:07:24.245, 1, 104262, 100, 959.59
2026/08/07 14:07:24.245, 2, 104262, 100, 933.92
2026/08/07 14:07:24.245, 3, 104262, 100, 948.05
2026/08/07 14:07:24.245, 4, 103112, 100, 944.15
2026/08/07 14:07:24.245, 5, 104272, 100, 960.38
2026/08/07 14:07:24.245, 6, 104272, 100, 938.17
2026/08/07 14:07:24.245, 7, 104272, 100, 967.25
2026/08/07 14:07:24.745, 0, 103102, 100, 944.64
2026/08/07 14:07:24.745, 1, 104262, 100, 961.03
2026/08/07 14:07:24.745, 2, 104262, 100, 925.24
2026/08/07 14:07:24.745, 3, 104262, 100, 952.08
2026/08/07 14:07:24.745, 4, 103112, 100, 936.22
2026/08/07 14:07:24.745, 5, 104272, 100, 949.56
2026/08/07 14:07:24.745, 6, 104272, 100, 933.00
2026/08/07 14:07:24.745, 7, 104272, 100, 955.00
2026/08/07 14:07:25.246, 0, 103102, 100, 940.43
2026/08/07 14:07:25.250, 1, 104262, 100, 966.82
2026/08/07 14:07:25.250, 2, 104262, 100, 936.13
2026/08/07 14:07:25.250, 3, 104262, 100, 951.01
2026/08/07 14:07:25.250, 4, 103112, 99, 931.04
2026/08/07 14:07:25.250, 5, 104272, 100, 941.76
2026/08/07 14:07:25.250, 6, 104272, 100, 923.17
2026/08/07 14:07:25.250, 7, 104272, 100, 947.97
2026/08/07 14:07:25.750, 0, 103102, 100, 945.67
2026/08/07 14:07:25.750, 1, 104262, 100, 966.30
2026/08/07 14:07:25.750, 2, 104262, 100, 948.85
2026/08/07 14:07:25.750, 3, 104262, 100, 952.70
2026/08/07 14:07:25.750, 4, 103112, 100, 935.35
2026/08/07 14:07:25.750, 5, 104272, 100, 950.08
2026/08/07 14:07:25.750, 6, 104272, 100, 926.58
2026/08/07 14:07:25.750, 7, 104272, 100, 959.18
2026/08/07 14:07:26.250, 0, 103102, 100, 956.85
2026/08/07 14:07:26.250, 1, 104262, 100, 978.77
2026/08/07 14:07:26.250, 2, 104262, 100, 949.34
2026/08/07 14:07:26.250, 3, 104262, 100, 966.39
2026/08/07 14:07:26.251, 4, 103112, 100, 942.95
2026/08/07 14:07:26.251, 5, 104272, 100, 969.92
2026/08/07 14:07:26.251, 6, 104272, 100, 933.50
2026/08/07 14:07:26.251, 7, 104272, 100, 972.61
2026/08/07 14:07:26.751, 0, 103102, 100, 953.72
2026/08/07 14:07:26.751, 1, 104262, 100, 978.59
2026/08/07 14:07:26.751, 2, 104262, 100, 947.40
2026/08/07 14:07:26.751, 3, 104262, 100, 972.65
2026/08/07 14:07:26.751, 4, 103112, 100, 957.31
2026/08/07 14:07:26.751, 5, 104272, 100, 975.09
2026/08/07 14:07:26.751, 6, 104272, 100, 942.39
2026/08/07 14:07:26.751, 7, 104272, 100, 978.57
2026/08/07 14:07:27.251, 0, 103102, 100, 954.89
2026/08/07 14:07:27.251, 1, 104262, 100, 975.61
2026/08/07 14:07:27.251, 2, 104262, 100, 948.39
2026/08/07 14:07:27.251, 3, 104262, 100, 967.91
2026/08/07 14:07:27.251, 4, 103112, 100, 955.04
2026/08/07 14:07:27.251, 5, 104272, 100, 968.63
2026/08/07 14:07:27.251, 6, 104272, 100, 949.79
2026/08/07 14:07:27.251, 7, 104272, 100, 975.93
2026/08/07 14:07:27.751, 0, 103102, 100, 955.70
2026/08/07 14:07:27.751, 1, 104262, 100, 974.72
2026/08/07 14:07:27.751, 2, 104262, 100, 945.02
2026/08/07 14:07:27.751, 3, 104262, 100, 955.62
2026/08/07 14:07:27.751, 4, 103112, 100, 941.43
2026/08/07 14:07:27.751, 5, 104272, 100, 964.04
2026/08/07 14:07:27.751, 6, 104272, 100, 939.12
2026/08/07 14:07:27.751, 7, 104272, 100, 967.61
2026/08/07 14:07:28.251, 0, 103102, 100, 949.70
2026/08/07 14:07:28.251, 1, 104262, 100, 971.61
2026/08/07 14:07:28.251, 2, 104262, 100, 944.12
2026/08/07 14:07:28.251, 3, 104262, 100, 950.01
2026/08/07 14:07:28.251, 4, 103112, 100, 940.04
2026/08/07 14:07:28.251, 5, 104272, 100, 964.52
2026/08/07 14:07:28.251, 6, 104272, 100, 940.51
2026/08/07 14:07:28.251, 7, 104272, 100, 971.86
2026/08/07 14:07:28.752, 0, 103102, 100, 940.49
2026/08/07 14:07:28.752, 1, 104262, 100, 967.34
2026/08/07 14:07:28.752, 2, 104262, 100, 943.90
2026/08/07 14:07:28.752, 3, 104262, 100, 957.23
2026/08/07 14:07:28.752, 4, 103112, 100, 945.34
2026/08/07 14:07:28.752, 5, 104272, 100, 959.30
2026/08/07 14:07:28.752, 6, 104272, 100, 931.52
2026/08/07 14:07:28.752, 7, 104272, 100, 969.28
2026/08/07 14:07:29.252, 0, 103102, 100, 941.78
2026/08/07 14:07:29.252, 1, 104262, 99, 962.35
2026/08/07 14:07:29.253, 2, 104262, 100, 928.52
2026/08/07 14:07:29.257, 3, 104262, 100, 946.61
2026/08/07 14:07:29.257, 4, 103112, 100, 941.19
2026/08/07 14:07:29.261, 5, 104272, 100, 957.57
2026/08/07 14:07:29.262, 6, 104272, 100, 922.97
2026/08/07 14:07:29.266, 7, 104272, 100, 963.00
2026/08/07 14:07:29.767, 0, 103102, 100, 938.24
2026/08/07 14:07:29.767, 1, 104262, 100, 961.13
2026/08/07 14:07:29.767, 2, 104262, 100, 939.19
2026/08/07 14:07:29.767, 3, 104262, 100, 942.98
2026/08/07 14:07:29.767, 4, 103112, 99, 929.74
2026/08/07 14:07:29.767, 5, 104272, 100, 954.78
2026/08/07 14:07:29.767, 6, 104272, 99, 929.61
2026/08/07 14:07:29.767, 7, 104272, 100, 957.76
2026/08/07 14:07:30.267, 0, 103102, 100, 950.22
2026/08/07 14:07:30.267, 1, 104262, 100, 971.36
2026/08/07 14:07:30.267, 2, 104262, 100, 950.08
2026/08/07 14:07:30.267, 3, 104262, 100, 961.45
2026/08/07 14:07:30.267, 4, 103112, 100, 925.08
2026/08/07 14:07:30.267, 5, 104272, 100, 953.75
2026/08/07 14:07:30.267, 6, 104272, 100, 923.28
2026/08/07 14:07:30.267, 7, 104272, 100, 951.35
2026/08/07 14:07:30.767, 0, 103102, 100, 961.27
2026/08/07 14:07:30.767, 1, 104262, 100, 983.22
2026/08/07 14:07:30.767, 2, 104262, 100, 953.12
2026/08/07 14:07:30.767, 3, 104262, 100, 968.71
2026/08/07 14:07:30.767, 4, 103112, 100, 935.72
2026/08/07 14:07:30.767, 5, 104272, 100, 967.16
2026/08/07 14:07:30.767, 6, 104272, 100, 929.35
2026/08/07 14:07:30.767, 7, 104272, 100, 962.58
2026/08/07 14:07:31.267, 0, 103102, 100, 952.62
2026/08/07 14:07:31.267, 1, 104262, 100, 975.12
2026/08/07 14:07:31.267, 2, 104262, 100, 956.73
2026/08/07 14:07:31.267, 3, 104262, 100, 964.42
2026/08/07 14:07:31.267, 4, 103112, 100, 949.25
2026/08/07 14:07:31.267, 5, 104272, 100, 972.37
2026/08/07 14:07:31.267, 6, 104272, 100, 939.47
2026/08/07 14:07:31.267, 7, 104272, 100, 973.74
2026/08/07 14:07:31.768, 0, 103102, 100, 951.83
2026/08/07 14:07:31.768, 1, 104262, 100, 964.75
2026/08/07 14:07:31.768, 2, 104262, 100, 960.31
2026/08/07 14:07:31.768, 3, 104262, 100, 962.59
2026/08/07 14:07:31.768, 4, 103112, 100, 953.55
2026/08/07 14:07:31.768, 5, 104272, 100, 965.74
2026/08/07 14:07:31.768, 6, 104272, 100, 941.38
2026/08/07 14:07:31.768, 7, 104272, 100, 974.28
2026/08/07 14:07:32.268, 0, 103102, 100, 956.95
2026/08/07 14:07:32.268, 1, 104262, 100, 967.01
2026/08/07 14:07:32.268, 2, 104262, 100, 950.12
2026/08/07 14:07:32.268, 3, 104262, 100, 956.76
2026/08/07 14:07:32.268, 4, 103112, 100, 950.19
2026/08/07 14:07:32.268, 5, 104272, 100, 965.88
2026/08/07 14:07:32.268, 6, 104272, 100, 939.91
2026/08/07 14:07:32.268, 7, 104272, 100, 969.51
2026/08/07 14:07:32.768, 0, 103102, 100, 950.76
2026/08/07 14:07:32.768, 1, 104262, 100, 968.84
2026/08/07 14:07:32.768, 2, 104262, 100, 941.41
2026/08/07 14:07:32.768, 3, 104262, 100, 950.41
2026/08/07 14:07:32.768, 4, 103112, 100, 935.57
2026/08/07 14:07:32.768, 5, 104272, 100, 951.86
2026/08/07 14:07:32.768, 6, 104272, 100, 939.09
2026/08/07 14:07:32.768, 7, 104272, 100, 954.71
2026/08/07 14:07:33.268, 0, 103102, 100, 937.84
2026/08/07 14:07:33.268, 1, 104262, 100, 964.73
2026/08/07 14:07:33.268, 2, 104262, 100, 949.25
2026/08/07 14:07:33.268, 3, 104262, 100, 950.51
2026/08/07 14:07:33.268, 4, 103112, 100, 929.50
2026/08/07 14:07:33.268, 5, 104272, 100, 950.86
2026/08/07 14:07:33.268, 6, 104272, 100, 934.53
2026/08/07 14:07:33.268, 7, 104272, 100, 960.14
2026/08/07 14:07:33.769, 0, 103102, 99, 938.97
2026/08/07 14:07:33.769, 1, 104262, 99, 959.70
2026/08/07 14:07:33.769, 2, 104262, 100, 947.45
2026/08/07 14:07:33.769, 3, 104262, 100, 949.39
2026/08/07 14:07:33.769, 4, 103112, 100, 938.18
2026/08/07 14:07:33.769, 5, 104272, 100, 955.41
2026/08/07 14:07:33.769, 6, 104272, 100, 929.17
2026/08/07 14:07:33.769, 7, 104272, 100, 960.27
2026/08/07 14:07:34.269, 0, 103102, 100, 945.84
2026/08/07 14:07:34.269, 1, 104262, 100, 966.89
2026/08/07 14:07:34.269, 2, 104262, 100, 947.99
2026/08/07 14:07:34.269, 3, 104262, 100, 958.68
2026/08/07 14:07:34.269, 4, 103112, 100, 941.07
2026/08/07 14:07:34.269, 5, 104272, 100, 955.94
2026/08/07 14:07:34.269, 6, 104272, 99, 927.69
2026/08/07 14:07:34.269, 7, 104272, 100, 960.17
2026/08/07 14:07:34.769, 0, 103102, 100, 954.66
2026/08/07 14:07:34.769, 1, 104262, 100, 970.88
2026/08/07 14:07:34.769, 2, 104262, 100, 945.39
2026/08/07 14:07:34.769, 3, 104262, 100, 970.57
2026/08/07 14:07:34.769, 4, 103112, 100, 942.84
2026/08/07 14:07:34.769, 5, 104272, 100, 960.57
2026/08/07 14:07:34.769, 6, 104272, 100, 934.66
2026/08/07 14:07:34.769, 7, 104272, 100, 967.07
2026/08/07 14:07:35.269, 0, 103102, 100, 959.50
2026/08/07 14:07:35.269, 1, 104262, 100, 973.94
2026/08/07 14:07:35.269, 2, 104262, 100, 952.48
2026/08/07 14:07:35.269, 3, 104262, 100, 969.13
2026/08/07 14:07:35.269, 4, 103112, 100, 946.00
2026/08/07 14:07:35.269, 5, 104272, 100, 959.38
2026/08/07 14:07:35.269, 6, 104272, 100, 947.65
2026/08/07 14:07:35.269, 7, 104272, 100, 978.60
2026/08/07 14:07:35.769, 0, 103102, 100, 953.80
2026/08/07 14:07:35.772, 1, 104262, 100, 986.37
2026/08/07 14:07:35.772, 2, 104262, 100, 958.50
2026/08/07 14:07:35.776, 3, 104262, 100, 972.16
2026/08/07 14:07:35.777, 4, 103112, 100, 944.69
2026/08/07 14:07:35.781, 5, 104272, 100, 957.66
2026/08/07 14:07:35.781, 6, 104272, 100, 946.25
2026/08/07 14:07:35.785, 7, 104272, 100, 977.95
2026/08/07 14:07:36.286, 0, 103102, 100, 951.63
2026/08/07 14:07:36.286, 1, 104262, 100, 980.23
2026/08/07 14:07:36.286, 2, 104262, 100, 954.36
2026/08/07 14:07:36.286, 3, 104262, 100, 968.52
2026/08/07 14:07:36.286, 4, 103112, 100, 952.28
2026/08/07 14:07:36.286, 5, 104272, 100, 961.89
2026/08/07 14:07:36.286, 6, 104272, 100, 947.64
2026/08/07 14:07:36.286, 7, 104272, 100, 976.84
2026/08/07 14:07:36.786, 0, 103102, 100, 955.12
2026/08/07 14:07:36.786, 1, 104262, 100, 970.36
2026/08/07 14:07:36.786, 2, 104262, 100, 947.14
2026/08/07 14:07:36.786, 3, 104262, 100, 959.74
2026/08/07 14:07:36.786, 4, 103112, 100, 947.14
2026/08/07 14:07:36.786, 5, 104272, 100, 967.55
2026/08/07 14:07:36.786, 6, 104272, 100, 946.75
2026/08/07 14:07:36.786, 7, 104272, 100, 978.33
2026/08/07 14:07:37.286, 0, 103102, 100, 952.90
2026/08/07 14:07:37.286, 1, 104262, 100, 969.67
2026/08/07 14:07:37.286, 2, 104262, 100, 943.55
2026/08/07 14:07:37.286, 3, 104262, 100, 953.40
2026/08/07 14:07:37.286, 4, 103112, 100, 942.49
2026/08/07 14:07:37.286, 5, 104272, 100, 964.60
2026/08/07 14:07:37.286, 6, 104272, 100, 940.10
2026/08/07 14:07:37.286, 7, 104272, 100, 965.79
2026/08/07 14:07:37.786, 0, 103102, 100, 953.00
2026/08/07 14:07:37.786, 1, 104262, 100, 971.15
2026/08/07 14:07:37.786, 2, 104262, 100, 945.84
2026/08/07 14:07:37.786, 3, 104262, 100, 947.17
2026/08/07 14:07:37.786, 4, 103112, 100, 943.72
2026/08/07 14:07:37.786, 5, 104272, 100, 963.41
2026/08/07 14:07:37.786, 6, 104272, 100, 942.16
2026/08/07 14:07:37.786, 7, 104272, 100, 969.96
2026/08/07 14:07:38.287, 0, 103102, 99, 942.52
2026/08/07 14:07:38.287, 1, 104262, 100, 963.63
2026/08/07 14:07:38.287, 2, 104262, 100, 943.07
2026/08/07 14:07:38.287, 3, 104262, 100, 941.59
2026/08/07 14:07:38.287, 4, 103112, 100, 940.37
2026/08/07 14:07:38.287, 5, 104272, 100, 957.21
2026/08/07 14:07:38.287, 6, 104272, 100, 938.97
2026/08/07 14:07:38.287, 7, 104272, 100, 972.50
2026/08/07 14:07:38.787, 0, 103102, 100, 939.75
2026/08/07 14:07:38.787, 1, 104262, 100, 963.26
2026/08/07 14:07:38.787, 2, 104262, 100, 943.72
2026/08/07 14:07:38.787, 3, 104262, 100, 951.83
2026/08/07 14:07:38.787, 4, 103112, 100, 934.14
2026/08/07 14:07:38.787, 5, 104272, 100, 949.00
2026/08/07 14:07:38.787, 6, 104272, 100, 928.17
2026/08/07 14:07:38.787, 7, 104272, 100, 956.77
2026/08/07 14:07:39.287, 0, 103102, 100, 956.20
2026/08/07 14:07:39.287, 1, 104262, 100, 974.28
2026/08/07 14:07:39.287, 2, 104262, 100, 944.99
2026/08/07 14:07:39.287, 3, 104262, 100, 962.33
2026/08/07 14:07:39.287, 4, 103112, 100, 932.30
2026/08/07 14:07:39.287, 5, 104272, 100, 952.83
2026/08/07 14:07:39.287, 6, 104272, 100, 928.43
2026/08/07 14:07:39.287, 7, 104272, 100, 964.35
2026/08/07 14:07:39.787, 0, 103102, 100, 953.61
2026/08/07 14:07:39.787, 1, 104262, 100, 984.64
2026/08/07 14:07:39.787, 2, 104262, 100, 946.47
2026/08/07 14:07:39.787, 3, 104262, 100, 961.55
2026/08/07 14:07:39.787, 4, 103112, 100, 936.53
2026/08/07 14:07:39.787, 5, 104272, 100, 960.23
2026/08/07 14:07:39.787, 6, 104272, 100, 939.24
2026/08/07 14:07:39.787, 7, 104272, 100, 977.70
2026/08/07 14:07:40.288, 0, 103102, 100, 946.45
2026/08/07 14:07:40.288, 1, 104262, 100, 972.68
2026/08/07 14:07:40.288, 2, 104262, 100, 938.90
2026/08/07 14:07:40.288, 3, 104262, 100, 963.21
2026/08/07 14:07:40.288, 4, 103112, 100, 946.74
2026/08/07 14:07:40.288, 5, 104272, 100, 963.62
2026/08/07 14:07:40.288, 6, 104272, 100, 952.35
2026/08/07 14:07:40.288, 7, 104272, 100, 970.43
2026/08/07 14:07:40.788, 0, 103102, 100, 952.29
2026/08/07 14:07:40.788, 1, 104262, 100, 965.90
2026/08/07 14:07:40.788, 2, 104262, 100, 938.78
2026/08/07 14:07:40.788, 3, 104262, 100, 958.89
2026/08/07 14:07:40.788, 4, 103112, 100, 956.01
2026/08/07 14:07:40.788, 5, 104272, 100, 959.82
2026/08/07 14:07:40.788, 6, 104272, 100, 952.08
2026/08/07 14:07:40.788, 7, 104272, 100, 978.12
2026/08/07 14:07:41.288, 0, 103102, 100, 954.98
2026/08/07 14:07:41.288, 1, 104262, 100, 974.91
2026/08/07 14:07:41.288, 2, 104262, 100, 937.99
2026/08/07 14:07:41.288, 3, 104262, 100, 956.09
2026/08/07 14:07:41.288, 4, 103112, 100, 951.11
2026/08/07 14:07:41.288, 5, 104272, 100, 947.91
2026/08/07 14:07:41.288, 6, 104272, 100, 938.91
2026/08/07 14:07:41.288, 7, 104272, 100, 971.08
2026/08/07 14:07:41.788, 0, 103102, 100, 947.27
2026/08/07 14:07:41.788, 1, 104262, 100, 965.39
2026/08/07 14:07:41.788, 2, 104262, 100, 938.05
2026/08/07 14:07:41.788, 3, 104262, 100, 953.15
2026/08/07 14:07:41.788, 4, 103112, 100, 937.24
2026/08/07 14:07:41.788, 5, 104272, 100, 942.52
2026/08/07 14:07:41.788, 6, 104272, 100, 935.05
2026/08/07 14:07:41.788, 7, 104272, 100, 964.69
2026/08/07 14:07:42.289, 0, 103102, 100, 950.79
2026/08/07 14:07:42.291, 1, 104262, 100, 960.29
2026/08/07 14:07:42.291, 2, 104262, 100, 933.41
2026/08/07 14:07:42.291, 3, 104262, 100, 953.74
2026/08/07 14:07:42.295, 4, 103112, 100, 936.97
2026/08/07 14:07:42.296, 5, 104272, 100, 953.36
2026/08/07 14:07:42.300, 6, 104272, 100, 938.51
2026/08/07 14:07:42.301, 7, 104272, 100, 963.44
2026/08/07 14:07:42.805, 0, 103102, 100, 946.76
2026/08/07 14:07:42.805, 1, 104262, 100, 956.11
2026/08/07 14:07:42.805, 2, 104262, 100, 935.34
2026/08/07 14:07:42.805, 3, 104262, 100, 953.59
2026/08/07 14:07:42.805, 4, 103112, 99, 934.60
2026/08/07 14:07:42.805, 5, 104272, 100, 955.83
2026/08/07 14:07:42.805, 6, 104272, 100, 934.76
2026/08/07 14:07:42.805, 7, 104272, 100, 967.43
2026/08/07 14:07:43.305, 0, 103102, 100, 949.38
2026/08/07 14:07:43.305, 1, 104262, 100, 959.71
2026/08/07 14:07:43.305, 2, 104262, 100, 950.46
2026/08/07 14:07:43.306, 3, 104262, 100, 952.14
2026/08/07 14:07:43.306, 4, 103112, 100, 938.19
2026/08/07 14:07:43.306, 5, 104272, 100, 952.84
2026/08/07 14:07:43.306, 6, 104272, 100, 929.20
2026/08/07 14:07:43.306, 7, 104272, 100, 967.95
2026/08/07 14:07:43.806, 0, 103102, 100, 962.04
2026/08/07 14:07:43.806, 1, 104262, 100, 973.93
2026/08/07 14:07:43.806, 2, 104262, 100, 949.42
2026/08/07 14:07:43.806, 3, 104262, 100, 961.57
2026/08/07 14:07:43.806, 4, 103112, 100, 942.53
2026/08/07 14:07:43.806, 5, 104272, 100, 955.97
2026/08/07 14:07:43.806, 6, 104272, 100, 938.09
2026/08/07 14:07:43.806, 7, 104272, 100, 960.72
2026/08/07 14:07:44.306, 0, 103102, 100, 959.34
2026/08/07 14:07:44.306, 1, 104262, 100, 975.40
2026/08/07 14:07:44.306, 2, 104262, 100, 951.42
2026/08/07 14:07:44.306, 3, 104262, 100, 968.66
2026/08/07 14:07:44.306, 4, 103112, 100, 951.46
2026/08/07 14:07:44.306, 5, 104272, 100, 968.89
2026/08/07 14:07:44.306, 6, 104272, 100, 951.22
2026/08/07 14:07:44.306, 7, 104272, 100, 976.78
2026/08/07 14:07:44.807, 0, 103102, 100, 957.36
2026/08/07 14:07:44.807, 1, 104262, 100, 969.10
2026/08/07 14:07:44.807, 2, 104262, 100, 951.01
2026/08/07 14:07:44.807, 3, 104262, 100, 967.16
2026/08/07 14:07:44.807, 4, 103112, 100, 950.31
2026/08/07 14:07:44.807, 5, 104272, 100, 964.59
2026/08/07 14:07:44.807, 6, 104272, 100, 957.08
2026/08/07 14:07:44.807, 7, 104272, 100, 979.52
2026/08/07 14:07:45.307, 0, 103102, 100, 957.63
2026/08/07 14:07:45.307, 1, 104262, 100, 972.05
2026/08/07 14:07:45.307, 2, 104262, 100, 941.20
2026/08/07 14:07:45.307, 3, 104262, 100, 953.73
2026/08/07 14:07:45.307, 4, 103112, 100, 947.57
2026/08/07 14:07:45.307, 5, 104272, 100, 964.05
2026/08/07 14:07:45.307, 6, 104272, 100, 952.48
2026/08/07 14:07:45.307, 7, 104272, 100, 966.49
2026/08/07 14:07:45.807, 0, 103102, 100, 944.46
2026/08/07 14:07:45.807, 1, 104262, 100, 960.84
2026/08/07 14:07:45.807, 2, 104262, 100, 945.48
2026/08/07 14:07:45.807, 3, 104262, 100, 950.76
2026/08/07 14:07:45.807, 4, 103112, 100, 941.38
2026/08/07 14:07:45.807, 5, 104272, 100, 961.03
2026/08/07 14:07:45.807, 6, 104272, 100, 946.22
2026/08/07 14:07:45.807, 7, 104272, 100, 968.39
2026/08/07 14:07:46.307, 0, 103102, 100, 943.26
2026/08/07 14:07:46.307, 1, 104262, 100, 955.47
2026/08/07 14:07:46.307, 2, 104262, 100, 944.85
2026/08/07 14:07:46.307, 3, 104262, 100, 958.64
2026/08/07 14:07:46.307, 4, 103112, 100, 932.44
2026/08/07 14:07:46.307, 5, 104272, 100, 955.10
2026/08/07 14:07:46.307, 6, 104272, 100, 940.19
2026/08/07 14:07:46.307, 7, 104272, 100, 970.41
2026/08/07 14:07:46.807, 0, 103102, 100, 950.50
2026/08/07 14:07:46.807, 1, 104262, 100, 967.68
2026/08/07 14:07:46.807, 2, 104262, 100, 935.74
2026/08/07 14:07:46.807, 3, 104262, 100, 954.88
2026/08/07 14:07:46.807, 4, 103112, 100, 934.12
2026/08/07 14:07:46.807, 5, 104272, 100, 951.82
2026/08/07 14:07:46.808, 6, 104272, 100, 933.88
2026/08/07 14:07:46.808, 7, 104272, 100, 969.74
2026/08/07 14:07:47.308, 0, 103102, 100, 944.04
2026/08/07 14:07:47.308, 1, 104262, 100, 969.56
2026/08/07 14:07:47.308, 2, 104262, 100, 942.86
2026/08/07 14:07:47.308, 3, 104262, 100, 949.69
2026/08/07 14:07:47.308, 4, 103112, 99, 925.14
2026/08/07 14:07:47.308, 5, 104272, 100, 933.20
2026/08/07 14:07:47.308, 6, 104272, 99, 925.99
2026/08/07 14:07:47.308, 7, 104272, 100, 953.93
2026/08/07 14:07:47.808, 0, 103102, 100, 944.29
2026/08/07 14:07:47.808, 1, 104262, 100, 966.55
2026/08/07 14:07:47.808, 2, 104262, 100, 936.20
2026/08/07 14:07:47.808, 3, 104262, 100, 960.53
2026/08/07 14:07:47.808, 4, 103112, 100, 933.43
2026/08/07 14:07:47.808, 5, 104272, 100, 932.75
2026/08/07 14:07:47.808, 6, 104272, 100, 924.81
2026/08/07 14:07:47.808, 7, 104272, 100, 947.08
2026/08/07 14:07:48.308, 0, 103102, 100, 954.33
2026/08/07 14:07:48.308, 1, 104262, 100, 968.98
2026/08/07 14:07:48.308, 2, 104262, 100, 938.95
2026/08/07 14:07:48.308, 3, 104262, 100, 964.97
2026/08/07 14:07:48.308, 4, 103112, 100, 940.80
2026/08/07 14:07:48.308, 5, 104272, 100, 959.99
2026/08/07 14:07:48.308, 6, 104272, 100, 934.76
2026/08/07 14:07:48.308, 7, 104272, 100, 962.19
2026/08/07 14:07:48.808, 0, 103102, 100, 959.37
2026/08/07 14:07:48.813, 1, 104262, 100, 970.69
2026/08/07 14:07:48.820, 2, 104262, 100, 953.08
2026/08/07 14:07:48.821, 3, 104262, 100, 969.05
2026/08/07 14:07:48.821, 4, 103112, 100, 941.11
2026/08/07 14:07:48.821, 5, 104272, 100, 967.62
2026/08/07 14:07:48.826, 6, 104272, 100, 941.15
2026/08/07 14:07:48.826, 7, 104272, 100, 973.40
2026/08/07 14:07:49.327, 0, 103102, 100, 959.71
2026/08/07 14:07:49.327, 1, 104262, 100, 973.53
2026/08/07 14:07:49.327, 2, 104262, 100, 956.02
2026/08/07 14:07:49.327, 3, 104262, 100, 972.09
2026/08/07 14:07:49.327, 4, 103112, 100, 947.07
2026/08/07 14:07:49.327, 5, 104272, 100, 972.91
2026/08/07 14:07:49.327, 6, 104272, 100, 945.24
2026/08/07 14:07:49.327, 7, 104272, 100, 973.03
2026/08/07 14:07:49.827, 0, 103102, 100, 952.08
2026/08/07 14:07:49.827, 1, 104262, 100, 970.53
2026/08/07 14:07:49.827, 2, 104262, 100, 944.33
2026/08/07 14:07:49.827, 3, 104262, 100, 971.36
2026/08/07 14:07:49.827, 4, 103112, 100, 939.45
2026/08/07 14:07:49.827, 5, 104272, 100, 961.99
2026/08/07 14:07:49.827, 6, 104272, 100, 941.92
2026/08/07 14:07:49.827, 7, 104272, 100, 966.05
2026/08/07 14:07:50.327, 0, 103102, 100, 948.21
2026/08/07 14:07:50.327, 1, 104262, 100, 960.07
2026/08/07 14:07:50.327, 2, 104262, 100, 936.24
2026/08/07 14:07:50.327, 3, 104262, 100, 959.77
2026/08/07 14:07:50.327, 4, 103112, 100, 941.53
2026/08/07 14:07:50.327, 5, 104272, 100, 955.95
2026/08/07 14:07:50.327, 6, 104272, 100, 946.25
2026/08/07 14:07:50.327, 7, 104272, 100, 961.49
2026/08/07 14:07:50.827, 0, 103102, 100, 950.55
2026/08/07 14:07:50.827, 1, 104262, 100, 964.91
2026/08/07 14:07:50.827, 2, 104262, 100, 937.60
2026/08/07 14:07:50.827, 3, 104262, 100, 956.60
2026/08/07 14:07:50.827, 4, 103112, 100, 942.60
2026/08/07 14:07:50.827, 5, 104272, 100, 950.08
2026/08/07 14:07:50.827, 6, 104272, 100, 939.14
2026/08/07 14:07:50.827, 7, 104272, 100, 964.55
2026/08/07 14:07:51.327, 0, 103102, 99, 954.56
2026/08/07 14:07:51.328, 1, 104262, 100, 970.41
2026/08/07 14:07:51.328, 2, 104262, 100, 936.30
2026/08/07 14:07:51.328, 3, 104262, 100, 956.40
2026/08/07 14:07:51.328, 4, 103112, 100, 937.77
2026/08/07 14:07:51.328, 5, 104272, 100, 946.66
2026/08/07 14:07:51.328, 6, 104272, 100, 926.06
2026/08/07 14:07:51.328, 7, 104272, 100, 965.10
2026/08/07 14:07:51.828, 0, 103102, 100, 951.45
2026/08/07 14:07:51.828, 1, 104262, 100, 961.81
2026/08/07 14:07:51.828, 2, 104262, 100, 940.20
2026/08/07 14:07:51.828, 3, 104262, 100, 959.56
2026/08/07 14:07:51.828, 4, 103112, 100, 924.30
2026/08/07 14:07:51.828, 5, 104272, 99, 943.10
2026/08/07 14:07:51.828, 6, 104272, 99, 931.28
2026/08/07 14:07:51.828, 7, 104272, 100, 960.66
2026/08/07 14:07:52.328, 0, 103102, 100, 951.55
2026/08/07 14:07:52.328, 1, 104262, 100, 973.07
2026/08/07 14:07:52.328, 2, 104262, 100, 947.73
2026/08/07 14:07:52.328, 3, 104262, 100, 967.66
2026/08/07 14:07:52.328, 4, 103112, 100, 923.98
2026/08/07 14:07:52.328, 5, 104272, 100, 943.53
2026/08/07 14:07:52.328, 6, 104272, 100, 931.26
2026/08/07 14:07:52.328, 7, 104272, 100, 967.73
2026/08/07 14:07:52.828, 0, 103102, 100, 954.65
2026/08/07 14:07:52.828, 1, 104262, 100, 979.98
2026/08/07 14:07:52.828, 2, 104262, 100, 952.33
2026/08/07 14:07:52.828, 3, 104262, 100, 967.14
2026/08/07 14:07:52.828, 4, 103112, 100, 947.02
2026/08/07 14:07:52.828, 5, 104272, 100, 964.89
2026/08/07 14:07:52.828, 6, 104272, 100, 942.55
2026/08/07 14:07:52.828, 7, 104272, 100, 972.64
2026/08/07 14:07:53.328, 0, 103102, 100, 957.24
2026/08/07 14:07:53.328, 1, 104262, 100, 976.94
2026/08/07 14:07:53.328, 2, 104262, 100, 951.10
2026/08/07 14:07:53.328, 3, 104262, 100, 969.50
2026/08/07 14:07:53.328, 4, 103112, 100, 954.16
2026/08/07 14:07:53.328, 5, 104272, 100, 978.06
2026/08/07 14:07:53.328, 6, 104272, 100, 949.36
2026/08/07 14:07:53.328, 7, 104272, 100, 977.86
2026/08/07 14:07:53.829, 0, 103102, 100, 957.92
2026/08/07 14:07:53.829, 1, 104262, 100, 977.97
2026/08/07 14:07:53.829, 2, 104262, 100, 952.03
2026/08/07 14:07:53.829, 3, 104262, 100, 968.57
2026/08/07 14:07:53.829, 4, 103112, 100, 952.41
2026/08/07 14:07:53.829, 5, 104272, 100, 969.55
2026/08/07 14:07:53.830, 6, 104272, 100, 941.86
2026/08/07 14:07:53.830, 7, 104272, 100, 974.56
2026/08/07 14:07:54.330, 0, 103102, 100, 956.10
2026/08/07 14:07:54.330, 1, 104262, 100, 968.46
2026/08/07 14:07:54.330, 2, 104262, 100, 947.42
2026/08/07 14:07:54.330, 3, 104262, 100, 961.83
2026/08/07 14:07:54.330, 4, 103112, 100, 951.32
2026/08/07 14:07:54.330, 5, 104272, 100, 954.69
2026/08/07 14:07:54.330, 6, 104272, 100, 940.41
2026/08/07 14:07:54.330, 7, 104272, 100, 972.98
2026/08/07 14:07:54.830, 0, 103102, 100, 950.49
2026/08/07 14:07:54.830, 1, 104262, 100, 966.78
2026/08/07 14:07:54.830, 2, 104262, 100, 950.01
2026/08/07 14:07:54.830, 3, 104262, 100, 958.88
2026/08/07 14:07:54.830, 4, 103112, 100, 944.06
2026/08/07 14:07:54.830, 5, 104272, 100, 953.09
2026/08/07 14:07:54.830, 6, 104272, 100, 943.24
2026/08/07 14:07:54.830, 7, 104272, 100, 970.69
2026/08/07 14:07:55.330, 0, 103102, 100, 943.34
2026/08/07 14:07:55.330, 1, 104262, 100, 965.37
2026/08/07 14:07:55.330, 2, 104262, 100, 945.78
2026/08/07 14:07:55.330, 3, 104262, 100, 956.45
2026/08/07 14:07:55.330, 4, 103112, 100, 940.82
2026/08/07 14:07:55.330, 5, 104272, 100, 955.66
2026/08/07 14:07:55.330, 6, 104272, 100, 940.14
2026/08/07 14:07:55.330, 7, 104272, 100, 970.12
2026/08/07 14:07:55.830, 0, 103102, 99, 952.48
2026/08/07 14:07:55.830, 1, 104262, 100, 956.15
2026/08/07 14:07:55.830, 2, 104262, 100, 939.85
2026/08/07 14:07:55.830, 3, 104262, 99, 951.59
2026/08/07 14:07:55.830, 4, 103112, 100, 940.29
2026/08/07 14:07:55.830, 5, 104272, 100, 948.00
2026/08/07 14:07:55.830, 6, 104272, 100, 931.00
2026/08/07 14:07:55.830, 7, 104272, 100, 953.74
2026/08/07 14:07:56.330, 0, 103102, 100, 958.06
2026/08/07 14:07:56.331, 1, 104262, 100, 958.94
2026/08/07 14:07:56.331, 2, 104262, 100, 947.91
2026/08/07 14:07:56.331, 3, 104262, 100, 953.06
2026/08/07 14:07:56.331, 4, 103112, 100, 922.74
2026/08/07 14:07:56.331, 5, 104272, 100, 940.74
2026/08/07 14:07:56.331, 6, 104272, 100, 922.03
2026/08/07 14:07:56.331, 7, 104272, 100, 950.23
2026/08/07 14:07:56.831, 0, 103102, 100, 954.41
2026/08/07 14:07:56.831, 1, 104262, 100, 970.24
2026/08/07 14:07:56.831, 2, 104262, 100, 958.92
2026/08/07 14:07:56.831, 3, 104262, 100, 957.38
2026/08/07 14:07:56.831, 4, 103112, 100, 929.97
2026/08/07 14:07:56.831, 5, 104272, 100, 946.99
2026/08/07 14:07:56.831, 6, 104272, 100, 931.98
2026/08/07 14:07:56.831, 7, 104272, 100, 970.74
2026/08/07 14:07:57.331, 0, 103102, 100, 953.51
2026/08/07 14:07:57.331, 1, 104262, 100, 977.61
2026/08/07 14:07:57.331, 2, 104262, 100, 954.68
2026/08/07 14:07:57.331, 3, 104262, 100, 965.34
2026/08/07 14:07:57.331, 4, 103112, 100, 942.88
2026/08/07 14:07:57.331, 5, 104272, 100, 960.92
2026/08/07 14:07:57.331, 6, 104272, 100, 940.99
2026/08/07 14:07:57.331, 7, 104272, 100, 982.67
2026/08/07 14:07:57.831, 0, 103102, 100, 954.50
2026/08/07 14:07:57.831, 1, 104262, 100, 985.75
2026/08/07 14:07:57.831, 2, 104262, 100, 951.27
2026/08/07 14:07:57.831, 3, 104262, 100, 970.58
2026/08/07 14:07:57.831, 4, 103112, 100, 946.04
2026/08/07 14:07:57.831, 5, 104272, 100, 966.67
2026/08/07 14:07:57.831, 6, 104272, 100, 945.69
2026/08/07 14:07:57.831, 7, 104272, 100, 978.29
2026/08/07 14:07:58.331, 0, 103102, 100, 952.76
2026/08/07 14:07:58.331, 1, 104262, 100, 975.95
2026/08/07 14:07:58.331, 2, 104262, 100, 951.16
2026/08/07 14:07:58.331, 3, 104262, 100, 966.23
2026/08/07 14:07:58.331, 4, 103112, 100, 953.20
2026/08/07 14:07:58.331, 5, 104272, 100, 966.41
2026/08/07 14:07:58.331, 6, 104272, 100, 949.55
2026/08/07 14:07:58.331, 7, 104272, 100, 962.66
2026/08/07 14:07:58.832, 0, 103102, 100, 955.43
2026/08/07 14:07:58.834, 1, 104262, 100, 956.50
2026/08/07 14:07:58.835, 2, 104262, 100, 948.19
2026/08/07 14:07:58.835, 3, 104262, 100, 965.01
2026/08/07 14:07:58.835, 4, 103112, 100, 941.60
2026/08/07 14:07:58.835, 5, 104272, 100, 959.17
2026/08/07 14:07:58.835, 6, 104272, 100, 939.77
2026/08/07 14:07:58.835, 7, 104272, 100, 963.08
2026/08/07 14:07:59.335, 0, 103102, 100, 952.58
2026/08/07 14:07:59.335, 1, 104262, 100, 958.52
2026/08/07 14:07:59.335, 2, 104262, 100, 938.66
2026/08/07 14:07:59.335, 3, 104262, 100, 964.70
2026/08/07 14:07:59.335, 4, 103112, 100, 936.22
2026/08/07 14:07:59.335, 5, 104272, 100, 961.47
2026/08/07 14:07:59.335, 6, 104272, 100, 936.08
2026/08/07 14:07:59.335, 7, 104272, 100, 966.24
2026/08/07 14:07:59.835, 0, 103102, 100, 943.68
2026/08/07 14:07:59.835, 1, 104262, 100, 972.87
2026/08/07 14:07:59.835, 2, 104262, 100, 936.57
2026/08/07 14:07:59.835, 3, 104262, 100, 952.61
2026/08/07 14:07:59.835, 4, 103112, 100, 942.25
2026/08/07 14:07:59.835, 5, 104272, 100, 959.15
2026/08/07 14:07:59.835, 6, 104272, 100, 939.22
2026/08/07 14:07:59.835, 7, 104272, 100, 970.18
2026/08/07 14:08:00.335, 0, 103102, 100, 945.68
2026/08/07 14:08:00.335, 1, 104262, 100, 958.82
2026/08/07 14:08:00.335, 2, 104262, 100, 921.80
2026/08/07 14:08:00.335, 3, 104262, 99, 944.62
2026/08/07 14:08:00.335, 4, 103112, 100, 943.79
2026/08/07 14:08:00.335, 5, 104272, 100, 958.96
2026/08/07 14:08:00.335, 6, 104272, 100, 935.30
2026/08/07 14:08:00.335, 7, 104272, 100, 967.54
2026/08/07 14:08:00.835, 0, 103102, 100, 941.18
2026/08/07 14:08:00.836, 1, 104262, 100, 954.23
2026/08/07 14:08:00.836, 2, 104262, 100, 929.34
2026/08/07 14:08:00.836, 3, 104262, 100, 950.34
2026/08/07 14:08:00.836, 4, 103112, 100, 922.92
2026/08/07 14:08:00.836, 5, 104272, 100, 954.52
2026/08/07 14:08:00.836, 6, 104272, 100, 934.92
2026/08/07 14:08:00.836, 7, 104272, 100, 967.30
2026/08/07 14:08:01.336, 0, 103102, 100, 952.14
2026/08/07 14:08:01.336, 1, 104262, 100, 973.74
2026/08/07 14:08:01.336, 2, 104262, 100, 944.73
2026/08/07 14:08:01.336, 3, 104262, 100, 962.85
2026/08/07 14:08:01.336, 4, 103112, 100, 926.83
2026/08/07 14:08:01.336, 5, 104272, 100, 960.17
2026/08/07 14:08:01.336, 6, 104272, 100, 941.40
2026/08/07 14:08:01.336, 7, 104272, 100, 977.56
2026/08/07 14:08:01.836, 0, 103102, 100, 967.98
2026/08/07 14:08:01.836, 1, 104262, 100, 978.90
2026/08/07 14:08:01.836, 2, 104262, 100, 949.34
2026/08/07 14:08:01.836, 3, 104262, 100, 962.90
2026/08/07 14:08:01.836, 4, 103112, 100, 946.61
2026/08/07 14:08:01.836, 5, 104272, 100, 954.67
2026/08/07 14:08:01.836, 6, 104272, 100, 950.99
2026/08/07 14:08:01.836, 7, 104272, 100, 981.96
2026/08/07 14:08:02.336, 0, 103102, 100, 968.08
2026/08/07 14:08:02.336, 1, 104262, 100, 975.53
2026/08/07 14:08:02.336, 2, 104262, 100, 954.03
2026/08/07 14:08:02.336, 3, 104262, 100, 966.75
2026/08/07 14:08:02.336, 4, 103112, 100, 947.84
2026/08/07 14:08:02.336, 5, 104272, 100, 961.91
2026/08/07 14:08:02.336, 6, 104272, 100, 950.93
2026/08/07 14:08:02.336, 7, 104272, 100, 973.29
2026/08/07 14:08:02.836, 0, 103102, 100, 963.18
2026/08/07 14:08:02.836, 1, 104262, 100, 967.31
2026/08/07 14:08:02.836, 2, 104262, 100, 954.74
2026/08/07 14:08:02.836, 3, 104262, 100, 963.52
2026/08/07 14:08:02.836, 4, 103112, 100, 954.15
2026/08/07 14:08:02.836, 5, 104272, 100, 971.27
2026/08/07 14:08:02.836, 6, 104272, 100, 950.07
2026/08/07 14:08:02.836, 7, 104272, 100, 973.13
2026/08/07 14:08:03.337, 0, 103102, 100, 947.16
2026/08/07 14:08:03.337, 1, 104262, 100, 967.25
2026/08/07 14:08:03.337, 2, 104262, 100, 942.74
2026/08/07 14:08:03.337, 3, 104262, 100, 951.12
2026/08/07 14:08:03.337, 4, 103112, 100, 950.64
2026/08/07 14:08:03.337, 5, 104272, 100, 955.02
2026/08/07 14:08:03.337, 6, 104272, 100, 946.28
2026/08/07 14:08:03.337, 7, 104272, 100, 966.44
2026/08/07 14:08:03.837, 0, 103102, 100, 943.86
2026/08/07 14:08:03.837, 1, 104262, 100, 966.77
2026/08/07 14:08:03.837, 2, 104262, 100, 939.74
2026/08/07 14:08:03.837, 3, 104262, 100, 956.07
2026/08/07 14:08:03.837, 4, 103112, 100, 944.55
2026/08/07 14:08:03.837, 5, 104272, 100, 951.22
2026/08/07 14:08:03.837, 6, 104272, 100, 936.27
2026/08/07 14:08:03.837, 7, 104272, 100, 965.74
2026/08/07 14:08:04.337, 0, 103102, 100, 951.01
2026/08/07 14:08:04.337, 1, 104262, 100, 966.18
2026/08/07 14:08:04.337, 2, 104262, 100, 942.52
2026/08/07 14:08:04.337, 3, 104262, 100, 961.07
2026/08/07 14:08:04.337, 4, 103112, 100, 939.66
2026/08/07 14:08:04.337, 5, 104272, 100, 964.89
2026/08/07 14:08:04.337, 6, 104272, 100, 943.49
2026/08/07 14:08:04.337, 7, 104272, 100, 968.33
2026/08/07 14:08:04.837, 0, 103102, 100, 910.14
2026/08/07 14:08:04.837, 1, 104262, 100, 938.70
2026/08/07 14:08:04.837, 2, 104262, 100, 922.13
2026/08/07 14:08:04.837, 3, 104262, 100, 925.66
2026/08/07 14:08:04.837, 4, 103112, 98, 933.54
2026/08/07 14:08:04.837, 5, 104272, 100, 961.80
2026/08/07 14:08:04.837, 6, 104272, 100, 945.23
2026/08/07 14:08:04.837, 7, 104272, 100, 967.12
2026/08/07 14:08:05.338, 0, 103102, 100, 852.09
2026/08/07 14:08:05.338, 1, 104262, 100, 878.20
2026/08/07 14:08:05.338, 2, 104262, 100, 862.56
2026/08/07 14:08:05.338, 3, 104262, 100, 866.77
2026/08/07 14:08:05.338, 4, 103112, 100, 879.17
2026/08/07 14:08:05.338, 5, 104272, 100, 901.40
2026/08/07 14:08:05.338, 6, 104272, 100, 881.74
2026/08/07 14:08:05.338, 7, 104272, 100, 905.55
2026/08/07 14:08:05.838, 0, 103102, 100, 817.57
2026/08/07 14:08:05.838, 1, 104262, 100, 849.44
2026/08/07 14:08:05.838, 2, 104262, 100, 831.66
2026/08/07 14:08:05.838, 3, 104262, 100, 832.95
2026/08/07 14:08:05.838, 4, 103112, 100, 827.26
2026/08/07 14:08:05.838, 5, 104272, 100, 846.28
2026/08/07 14:08:05.838, 6, 104272, 100, 818.98
2026/08/07 14:08:05.838, 7, 104272, 100, 846.88
2026/08/07 14:08:06.338, 0, 103102, 0, 509.46
2026/08/07 14:08:06.341, 1, 104262, 0, 563.57
2026/08/07 14:08:06.342, 2, 104262, 0, 556.14
2026/08/07 14:08:06.345, 3, 104262, 0, 539.35
2026/08/07 14:08:06.346, 4, 103112, 16, 671.19
2026/08/07 14:08:06.346, 5, 104272, 0, 695.78
2026/08/07 14:08:06.346, 6, 104272, 0, 672.58
2026/08/07 14:08:06.346, 7, 104272, 0, 685.89
2026/08/07 14:08:06.846, 0, 103102, 0, 208.59
2026/08/07 14:08:06.846, 1, 104262, 0, 250.31
2026/08/07 14:08:06.846, 2, 104262, 0, 246.08
2026/08/07 14:08:06.846, 3, 104262, 0, 237.65
2026/08/07 14:08:06.846, 4, 103112, 0, 368.26
2026/08/07 14:08:06.846, 5, 104272, 0, 378.65
2026/08/07 14:08:06.846, 6, 104272, 0, 362.70
2026/08/07 14:08:06.846, 7, 104272, 0, 374.79
2026/08/07 14:08:07.353, 0, 103102, 0, 204.14
2026/08/07 14:08:07.353, 1, 104262, 0, 211.31
2026/08/07 14:08:07.353, 2, 104262, 0, 198.89
2026/08/07 14:08:07.353, 3, 104262, 0, 218.38
2026/08/07 14:08:07.353, 4, 103112, 0, 201.15
2026/08/07 14:08:07.353, 5, 104272, 0, 206.51
2026/08/07 14:08:07.353, 6, 104272, 0, 201.62
2026/08/07 14:08:07.353, 7, 104272, 0, 208.94
2026/08/07 14:08:07.853, 0, 103102, 0, 204.02
2026/08/07 14:08:07.853, 1, 104262, 0, 210.45
2026/08/07 14:08:07.853, 2, 104262, 0, 198.14
2026/08/07 14:08:07.853, 3, 104262, 0, 217.22
2026/08/07 14:08:07.853, 4, 103112, 0, 200.10
2026/08/07 14:08:07.853, 5, 104272, 0, 205.57
2026/08/07 14:08:07.853, 6, 104272, 0, 200.81
2026/08/07 14:08:07.853, 7, 104272, 0, 207.93
2026/08/07 14:08:08.354, 0, 103102, 0, 203.55
2026/08/07 14:08:08.354, 1, 104262, 0, 209.67
2026/08/07 14:08:08.354, 2, 104262, 0, 198.18
2026/08/07 14:08:08.354, 3, 104262, 0, 216.93
2026/08/07 14:08:08.354, 4, 103112, 0, 199.87
2026/08/07 14:08:08.354, 5, 104272, 0, 205.03
2026/08/07 14:08:08.354, 6, 104272, 0, 200.16
2026/08/07 14:08:08.354, 7, 104272, 0, 207.57
