2026/08/10 14:18:13.149, 0, 32, 0, 120, 186.13, Not Active, 0
2026/08/10 14:18:13.161, 1, 32, 0, 120, 190.55, Not Active, 0
2026/08/10 14:18:13.171, 2, 43, 0, 120, 198.13, Not Active, 1172971561
2026/08/10 14:18:13.182, 3, 46, 0, 120, 196.23, Not Active, 1396199084
2026/08/10 14:18:13.195, 4, 32, 0, 120, 189.47, Not Active, 0
2026/08/10 14:18:13.205, 5, 31, 0, 120, 189.36, Not Active, 0
2026/08/10 14:18:13.214, 6, 43, 0, 120, 197.14, Not Active, 644693151
2026/08/10 14:18:13.224, 7, 41, 0, 120, 194.26, Not Active, 428201171
2026/08/10 14:18:18.234, 0, 32, 0, 120, 186.32, Not Active, 0
2026/08/10 14:18:18.235, 1, 32, 0, 120, 190.55, Not Active, 0
2026/08/10 14:18:18.237, 2, 43, 0, 120, 198.16, Not Active, 1172971561
2026/08/10 14:18:18.238, 3, 46, 0, 120, 196.12, Not Active, 1396199084
2026/08/10 14:18:18.240, 4, 32, 0, 120, 189.47, Not Active, 0
2026/08/10 14:18:18.241, 5, 31, 0, 120, 189.36, Not Active, 0
2026/08/10 14:18:18.242, 6, 43, 0, 120, 197.15, Not Active, 644693151
2026/08/10 14:18:18.244, 7, 41, 0, 120, 195.25, Not Active, 428201171
2026/08/10 14:18:23.246, 0, 32, 0, 120, 185.89, Not Active, 0
2026/08/10 14:18:23.247, 1, 32, 0, 120, 190.54, Not Active, 0
2026/08/10 14:18:23.249, 2, 43, 0, 120, 198.14, Not Active, 1172971561
2026/08/10 14:18:23.250, 3, 46, 0, 120, 196.12, Not Active, 1396199084
2026/08/10 14:18:23.251, 4, 32, 0, 120, 189.47, Not Active, 0
2026/08/10 14:18:23.256, 5, 31, 0, 120, 189.35, Not Active, 0
2026/08/10 14:18:23.257, 6, 43, 0, 120, 197.14, Not Active, 644693151
2026/08/10 14:18:23.258, 7, 41, 0, 120, 194.82, Not Active, 428201171
2026/08/10 14:18:28.260, 0, 32, 0, 120, 186.37, Not Active, 0
2026/08/10 14:18:28.262, 1, 32, 0, 120, 190.54, Not Active, 0
2026/08/10 14:18:28.263, 2, 43, 0, 120, 198.14, Not Active, 1172971561
2026/08/10 14:18:28.264, 3, 46, 0, 120, 196.12, Not Active, 1396199084
2026/08/10 14:18:28.266, 4, 32, 0, 120, 189.47, Not Active, 0
2026/08/10 14:18:28.267, 5, 31, 0, 120, 189.35, Not Active, 0
2026/08/10 14:18:28.268, 6, 43, 0, 120, 197.15, Not Active, 644693151
2026/08/10 14:18:28.270, 7, 41, 0, 120, 193.99, Not Active, 428201171
2026/08/10 14:18:33.272, 0, 32, 0, 120, 186.55, Not Active, 0
2026/08/10 14:18:33.273, 1, 32, 0, 120, 190.77, Not Active, 0
2026/08/10 14:18:33.275, 2, 43, 0, 120, 198.13, Not Active, 1172971561
2026/08/10 14:18:33.277, 3, 46, 0, 120, 196.12, Not Active, 1396199084
2026/08/10 14:18:33.279, 4, 32, 0, 120, 189.62, Not Active, 0
2026/08/10 14:18:33.280, 5, 31, 0, 120, 189.59, Not Active, 0
2026/08/10 14:18:33.284, 6, 43, 0, 120, 197.14, Not Active, 644693151
2026/08/10 14:18:33.286, 7, 41, 0, 120, 193.83, Not Active, 428201171
2026/08/10 14:18:38.287, 0, 32, 0, 120, 186.28, Not Active, 0
2026/08/10 14:18:38.288, 1, 32, 0, 120, 190.54, Not Active, 0
2026/08/10 14:18:38.289, 2, 43, 0, 120, 198.10, Not Active, 1172971561
2026/08/10 14:18:38.291, 3, 46, 0, 120, 196.12, Not Active, 1396199084
2026/08/10 14:18:38.292, 4, 32, 0, 120, 189.47, Not Active, 0
2026/08/10 14:18:38.295, 5, 31, 0, 120, 189.34, Not Active, 0
2026/08/10 14:18:38.297, 6, 43, 0, 120, 197.12, Not Active, 644693151
2026/08/10 14:18:38.298, 7, 41, 0, 120, 193.95, Not Active, 428201171
2026/08/10 14:18:43.299, 0, 32, 0, 120, 186.56, Not Active, 0
2026/08/10 14:18:43.301, 1, 32, 0, 120, 190.54, Not Active, 0
2026/08/10 14:18:43.302, 2, 43, 0, 120, 197.99, Not Active, 1172971561
2026/08/10 14:18:43.303, 3, 46, 0, 120, 196.12, Not Active, 1396199084
2026/08/10 14:18:43.305, 4, 32, 0, 120, 189.47, Not Active, 0
2026/08/10 14:18:43.306, 5, 31, 0, 120, 189.36, Not Active, 0
2026/08/10 14:18:43.307, 6, 43, 0, 120, 197.12, Not Active, 644693151
2026/08/10 14:18:43.309, 7, 41, 0, 120, 195.29, Not Active, 428201171
2026/08/10 14:18:48.310, 0, 32, 0, 120, 186.36, Not Active, 0
2026/08/10 14:18:48.311, 1, 32, 0, 120, 190.54, Not Active, 0
2026/08/10 14:18:48.313, 2, 43, 0, 120, 198.06, Not Active, 1172971561
2026/08/10 14:18:48.321, 3, 46, 0, 120, 196.12, Not Active, 1396199084
2026/08/10 14:18:48.323, 4, 32, 0, 120, 189.47, Not Active, 0
2026/08/10 14:18:48.324, 5, 31, 0, 120, 189.35, Not Active, 0
2026/08/10 14:18:48.325, 6, 43, 0, 120, 197.18, Not Active, 644693151
2026/08/10 14:18:48.327, 7, 41, 0, 120, 195.33, Not Active, 428201171
2026/08/10 14:18:53.329, 0, 32, 0, 120, 186.43, Not Active, 0
2026/08/10 14:18:53.334, 1, 32, 0, 120, 190.54, Not Active, 0
2026/08/10 14:18:53.335, 2, 43, 0, 120, 197.91, Not Active, 1172971561
2026/08/10 14:18:53.337, 3, 46, 0, 120, 196.12, Not Active, 1396199084
2026/08/10 14:18:53.338, 4, 32, 0, 120, 189.47, Not Active, 0
2026/08/10 14:18:53.340, 5, 31, 0, 120, 189.34, Not Active, 0
2026/08/10 14:18:53.341, 6, 43, 0, 120, 197.14, Not Active, 644693151
2026/08/10 14:18:53.342, 7, 41, 0, 120, 195.25, Not Active, 428201171
2026/08/10 14:18:58.344, 0, 32, 0, 2032, 200.15, Not Active, 0
2026/08/10 14:18:58.345, 1, 32, 0, 120, 190.51, Not Active, 0
2026/08/10 14:18:58.346, 2, 43, 0, 120, 197.34, Not Active, 1172971561
2026/08/10 14:18:58.348, 3, 46, 0, 120, 196.12, Not Active, 1396199084
2026/08/10 14:18:58.349, 4, 32, 0, 120, 189.47, Not Active, 0
2026/08/10 14:18:58.351, 5, 31, 0, 120, 189.34, Not Active, 0
2026/08/10 14:18:58.352, 6, 43, 0, 120, 197.10, Not Active, 644693151
2026/08/10 14:18:58.354, 7, 41, 0, 120, 195.29, Not Active, 428201171
2026/08/10 14:19:03.356, 0, 33, 16, 2032, 239.58, Not Active, 0
2026/08/10 14:19:03.357, 1, 33, 0, 2032, 244.60, Not Active, 0
2026/08/10 14:19:03.357, 2, 43, 0, 120, 197.65, Not Active, 1172971561
2026/08/10 14:19:03.359, 3, 46, 0, 120, 196.12, Not Active, 1396199084
2026/08/10 14:19:03.360, 4, 33, 0, 2032, 243.80, Not Active, 0
2026/08/10 14:19:03.361, 5, 32, 0, 2032, 243.68, Not Active, 0
2026/08/10 14:19:03.361, 6, 43, 0, 120, 197.12, Not Active, 644693151
2026/08/10 14:19:03.362, 7, 41, 0, 120, 195.29, Not Active, 428201171
2026/08/10 14:19:08.364, 0, 33, 6, 2032, 240.18, Not Active, 0
2026/08/10 14:19:08.365, 1, 33, 0, 2032, 244.51, Not Active, 0
2026/08/10 14:19:08.366, 2, 43, 0, 120, 197.46, Not Active, 1172971561
2026/08/10 14:19:08.367, 3, 46, 0, 120, 196.12, Not Active, 1396199084
2026/08/10 14:19:08.369, 4, 33, 0, 2032, 243.84, Not Active, 0
2026/08/10 14:19:08.369, 5, 32, 0, 2032, 243.68, Not Active, 0
2026/08/10 14:19:08.370, 6, 43, 0, 120, 197.13, Not Active, 644693151
2026/08/10 14:19:08.371, 7, 41, 0, 120, 193.64, Not Active, 428201171
2026/08/10 14:19:13.375, 0, 33, 0, 2032, 238.88, Not Active, 0
2026/08/10 14:19:13.376, 1, 33, 0, 2032, 244.71, Not Active, 0
2026/08/10 14:19:13.377, 2, 43, 0, 120, 197.60, Not Active, 1172971561
2026/08/10 14:19:13.378, 3, 46, 0, 120, 196.12, Not Active, 1396199084
2026/08/10 14:19:13.379, 4, 33, 0, 2032, 243.84, Not Active, 0
2026/08/10 14:19:13.380, 5, 33, 0, 2032, 243.68, Not Active, 0
2026/08/10 14:19:13.381, 6, 43, 0, 120, 197.21, Not Active, 644693151
2026/08/10 14:19:13.382, 7, 41, 0, 120, 194.59, Not Active, 428201171
2026/08/10 14:19:18.384, 0, 33, 0, 2032, 238.84, Not Active, 0
2026/08/10 14:19:18.385, 1, 33, 0, 2032, 244.84, Not Active, 0
2026/08/10 14:19:18.385, 2, 43, 0, 120, 197.46, Not Active, 1172971561
2026/08/10 14:19:18.387, 3, 46, 0, 120, 196.12, Not Active, 1396199084
2026/08/10 14:19:18.388, 4, 33, 0, 2032, 243.84, Not Active, 0
2026/08/10 14:19:18.389, 5, 33, 0, 2032, 243.68, Not Active, 0
2026/08/10 14:19:18.389, 6, 43, 0, 120, 197.12, Not Active, 644693151
2026/08/10 14:19:18.390, 7, 41, 0, 120, 195.25, Not Active, 428201171
2026/08/10 14:19:23.392, 0, 33, 0, 2032, 238.83, Not Active, 0
2026/08/10 14:19:23.393, 1, 34, 0, 2032, 245.07, Not Active, 0
2026/08/10 14:19:23.394, 2, 43, 0, 120, 197.18, Not Active, 1172971561
2026/08/10 14:19:23.395, 3, 46, 0, 120, 196.12, Not Active, 1396199084
2026/08/10 14:19:23.396, 4, 33, 0, 2032, 243.84, Not Active, 0
2026/08/10 14:19:23.397, 5, 33, 0, 2032, 243.76, Not Active, 0
2026/08/10 14:19:23.397, 6, 43, 0, 120, 197.59, Not Active, 644693151
2026/08/10 14:19:23.399, 7, 41, 0, 120, 193.88, Not Active, 428201171
2026/08/10 14:19:28.401, 0, 33, 0, 2032, 238.83, Not Active, 0
2026/08/10 14:19:28.401, 1, 34, 0, 2032, 245.14, Not Active, 0
2026/08/10 14:19:28.402, 2, 43, 0, 120, 197.60, Not Active, 1172971561
2026/08/10 14:19:28.403, 3, 46, 0, 120, 196.12, Not Active, 1396199084
2026/08/10 14:19:28.404, 4, 33, 3, 2032, 243.84, Not Active, 0
2026/08/10 14:19:28.405, 5, 33, 0, 2032, 243.79, Not Active, 0
2026/08/10 14:19:28.406, 6, 43, 0, 120, 197.22, Not Active, 644693151
2026/08/10 14:19:28.407, 7, 41, 0, 120, 193.99, Not Active, 428201171
2026/08/10 14:19:33.408, 0, 33, 0, 2032, 238.83, Not Active, 0
2026/08/10 14:19:33.411, 1, 34, 3, 2032, 245.29, Not Active, 0
2026/08/10 14:19:33.411, 2, 43, 0, 120, 197.44, Not Active, 1172971561
2026/08/10 14:19:33.413, 3, 46, 0, 120, 196.12, Not Active, 1396199084
2026/08/10 14:19:33.415, 4, 33, 0, 2032, 243.84, Not Active, 0
2026/08/10 14:19:33.416, 5, 33, 2, 2032, 244.06, Not Active, 0
2026/08/10 14:19:33.417, 6, 43, 0, 120, 197.57, Not Active, 644693151
2026/08/10 14:19:33.418, 7, 41, 0, 120, 195.25, Not Active, 428201171
2026/08/10 14:19:38.420, 0, 34, 0, 2032, 238.83, Not Active, 0
2026/08/10 14:19:38.421, 1, 34, 0, 2032, 245.39, Not Active, 0
2026/08/10 14:19:38.422, 2, 43, 0, 120, 197.70, Not Active, 1172971561
2026/08/10 14:19:38.423, 3, 46, 0, 120, 196.12, Not Active, 1396199084
2026/08/10 14:19:38.424, 4, 33, 0, 2032, 243.84, Not Active, 0
2026/08/10 14:19:38.425, 5, 33, 0, 2032, 243.95, Not Active, 0
2026/08/10 14:19:38.425, 6, 43, 0, 120, 198.07, Not Active, 644693151
2026/08/10 14:19:38.427, 7, 41, 0, 120, 195.29, Not Active, 428201171
2026/08/10 14:19:43.429, 0, 34, 0, 2032, 238.98, Not Active, 0
2026/08/10 14:19:43.429, 1, 34, 0, 2032, 245.85, Not Active, 0
2026/08/10 14:19:43.430, 2, 43, 0, 120, 197.85, Not Active, 1172971561
2026/08/10 14:19:43.431, 3, 46, 0, 120, 196.12, Not Active, 1396199084
2026/08/10 14:19:43.432, 4, 34, 0, 2032, 243.84, Not Active, 0
2026/08/10 14:19:43.433, 5, 33, 0, 2032, 244.17, Not Active, 0
2026/08/10 14:19:43.433, 6, 43, 0, 120, 197.12, Not Active, 644693151
2026/08/10 14:19:43.435, 7, 41, 0, 120, 194.31, Not Active, 428201171
2026/08/10 14:19:48.437, 0, 34, 2, 2032, 238.91, Not Active, 0
2026/08/10 14:19:48.437, 1, 34, 0, 2032, 246.28, Not Active, 0
2026/08/10 14:19:48.438, 2, 43, 0, 120, 197.82, Not Active, 1172971561
2026/08/10 14:19:48.439, 3, 46, 0, 120, 196.12, Not Active, 1396199084
2026/08/10 14:19:48.440, 4, 34, 0, 2032, 243.84, Not Active, 0
2026/08/10 14:19:48.441, 5, 33, 0, 2032, 244.06, Not Active, 0
2026/08/10 14:19:48.441, 6, 43, 0, 120, 197.34, Not Active, 644693151
2026/08/10 14:19:48.443, 7, 41, 0, 120, 194.19, Not Active, 428201171
2026/08/10 14:19:53.445, 0, 34, 4, 2032, 238.91, Not Active, 0
2026/08/10 14:19:53.445, 1, 34, 0, 2032, 246.29, Not Active, 0
2026/08/10 14:19:53.446, 2, 43, 0, 120, 197.79, Not Active, 1172971561
2026/08/10 14:19:53.447, 3, 46, 0, 120, 196.12, Not Active, 1396199084
2026/08/10 14:19:53.448, 4, 34, 1, 2032, 243.84, Not Active, 0
2026/08/10 14:19:53.449, 5, 33, 0, 2032, 244.18, Not Active, 0
2026/08/10 14:19:53.449, 6, 43, 0, 120, 197.24, Not Active, 644693151
2026/08/10 14:19:53.451, 7, 41, 0, 120, 194.41, Not Active, 428201171
2026/08/10 14:19:58.452, 0, 34, 0, 2032, 238.94, Not Active, 0
2026/08/10 14:19:58.453, 1, 34, 0, 2032, 246.33, Not Active, 0
2026/08/10 14:19:58.454, 2, 43, 0, 120, 197.92, Not Active, 1172971561
2026/08/10 14:19:58.455, 3, 46, 0, 120, 196.12, Not Active, 1396199084
2026/08/10 14:19:58.457, 4, 34, 6, 2032, 244.31, Not Active, 0
2026/08/10 14:19:58.457, 5, 33, 0, 2032, 244.34, Not Active, 0
2026/08/10 14:19:58.458, 6, 43, 0, 120, 197.26, Not Active, 644693151
2026/08/10 14:19:58.459, 7, 41, 0, 120, 195.33, Not Active, 428201171
2026/08/10 14:20:03.461, 0, 34, 0, 2032, 238.96, Not Active, 0
2026/08/10 14:20:03.461, 1, 34, 0, 2032, 246.39, Not Active, 0
2026/08/10 14:20:03.462, 2, 43, 0, 120, 197.69, Not Active, 1172971561
2026/08/10 14:20:03.463, 3, 46, 0, 120, 196.12, Not Active, 1396199084
2026/08/10 14:20:03.465, 4, 34, 0, 2032, 244.53, Not Active, 0
2026/08/10 14:20:03.465, 5, 33, 0, 2032, 244.63, Not Active, 0
2026/08/10 14:20:03.466, 6, 43, 0, 120, 197.37, Not Active, 644693151
2026/08/10 14:20:03.467, 7, 41, 0, 120, 194.54, Not Active, 428201171
2026/08/10 14:20:08.469, 0, 34, 0, 2032, 239.13, Not Active, 0
2026/08/10 14:20:08.470, 1, 34, 10, 2032, 246.44, Not Active, 0
2026/08/10 14:20:08.470, 2, 43, 0, 120, 198.02, Not Active, 1172971561
2026/08/10 14:20:08.472, 3, 46, 0, 120, 196.12, Not Active, 1396199084
2026/08/10 14:20:08.473, 4, 34, 2, 2032, 244.50, Not Active, 0
2026/08/10 14:20:08.473, 5, 33, 1, 2032, 245.09, Not Active, 0
2026/08/10 14:20:08.474, 6, 43, 0, 120, 197.14, Not Active, 644693151
2026/08/10 14:20:08.475, 7, 41, 0, 120, 194.91, Not Active, 428201171
2026/08/10 14:20:13.477, 0, 34, 0, 2032, 239.10, Not Active, 0
2026/08/10 14:20:13.478, 1, 34, 8, 2032, 246.62, Not Active, 0
2026/08/10 14:20:13.479, 2, 43, 0, 120, 197.86, Not Active, 1172971561
2026/08/10 14:20:13.480, 3, 46, 0, 120, 196.12, Not Active, 1396199084
2026/08/10 14:20:13.481, 4, 34, 10, 2032, 244.76, Not Active, 0
2026/08/10 14:20:13.482, 5, 33, 7, 2032, 245.28, Not Active, 0
2026/08/10 14:20:13.482, 6, 43, 0, 120, 197.14, Not Active, 644693151
2026/08/10 14:20:13.484, 7, 41, 0, 120, 195.29, Not Active, 428201171
2026/08/10 14:20:18.490, 0, 34, 5, 2032, 240.03, Not Active, 0
2026/08/10 14:20:18.490, 1, 34, 2, 2032, 246.63, Not Active, 0
2026/08/10 14:20:18.491, 2, 43, 0, 120, 198.00, Not Active, 1172971561
2026/08/10 14:20:18.492, 3, 46, 0, 120, 196.12, Not Active, 1396199084
2026/08/10 14:20:18.494, 4, 34, 11, 2032, 245.28, Not Active, 0
2026/08/10 14:20:18.494, 5, 33, 11, 2032, 245.63, Not Active, 0
2026/08/10 14:20:18.495, 6, 43, 0, 120, 197.06, Not Active, 644693151
2026/08/10 14:20:18.496, 7, 41, 0, 120, 195.33, Not Active, 428201171
2026/08/10 14:20:23.498, 0, 34, 8, 2032, 240.50, Not Active, 0
2026/08/10 14:20:23.499, 1, 34, 11, 2032, 246.68, Not Active, 0
2026/08/10 14:20:23.499, 2, 43, 0, 120, 198.01, Not Active, 1172971561
2026/08/10 14:20:23.501, 3, 46, 0, 120, 196.12, Not Active, 1396199084
2026/08/10 14:20:23.502, 4, 34, 0, 2032, 243.84, Not Active, 0
2026/08/10 14:20:23.502, 5, 33, 7, 2032, 245.67, Not Active, 0
2026/08/10 14:20:23.503, 6, 43, 0, 120, 197.12, Not Active, 644693151
2026/08/10 14:20:23.504, 7, 41, 0, 120, 195.33, Not Active, 428201171
2026/08/10 14:20:28.506, 0, 34, 12, 2032, 240.58, Not Active, 0
2026/08/10 14:20:28.507, 1, 34, 0, 2032, 246.53, Not Active, 0
2026/08/10 14:20:28.507, 2, 43, 0, 120, 198.10, Not Active, 1172971561
2026/08/10 14:20:28.509, 3, 46, 0, 120, 196.12, Not Active, 1396199084
2026/08/10 14:20:28.510, 4, 34, 0, 2032, 243.84, Not Active, 0
2026/08/10 14:20:28.511, 5, 33, 0, 2032, 244.67, Not Active, 0
2026/08/10 14:20:28.511, 6, 43, 0, 120, 197.15, Not Active, 644693151
2026/08/10 14:20:28.513, 7, 41, 0, 120, 195.33, Not Active, 428201171
2026/08/10 14:20:33.515, 0, 34, 0, 2032, 239.27, Not Active, 0
2026/08/10 14:20:33.515, 1, 34, 0, 2032, 246.47, Not Active, 0
2026/08/10 14:20:33.516, 2, 43, 0, 120, 198.04, Not Active, 1172971561
2026/08/10 14:20:33.517, 3, 46, 0, 120, 196.12, Not Active, 1396199084
2026/08/10 14:20:33.519, 4, 34, 0, 2032, 243.95, Not Active, 0
2026/08/10 14:20:33.519, 5, 33, 0, 2032, 244.73, Not Active, 0
2026/08/10 14:20:33.520, 6, 43, 0, 120, 197.23, Not Active, 644693151
2026/08/10 14:20:33.521, 7, 41, 0, 120, 195.33, Not Active, 428201171
2026/08/10 14:20:38.525, 0, 34, 0, 2032, 238.82, Not Active, 0
2026/08/10 14:20:38.526, 1, 34, 0, 2032, 246.46, Not Active, 0
2026/08/10 14:20:38.527, 2, 43, 0, 120, 198.09, Not Active, 1172971561
2026/08/10 14:20:38.528, 3, 46, 0, 120, 196.12, Not Active, 1396199084
2026/08/10 14:20:38.529, 4, 34, 0, 2032, 243.84, Not Active, 0
2026/08/10 14:20:38.530, 5, 33, 0, 2032, 245.04, Not Active, 0
2026/08/10 14:20:38.530, 6, 43, 0, 120, 197.27, Not Active, 644693151
2026/08/10 14:20:38.532, 7, 41, 0, 120, 195.17, Not Active, 428201171
2026/08/10 14:20:43.533, 0, 34, 0, 2032, 239.10, Not Active, 0
2026/08/10 14:20:43.534, 1, 34, 0, 2032, 246.52, Not Active, 0
2026/08/10 14:20:43.535, 2, 43, 0, 120, 198.14, Not Active, 1172971561
2026/08/10 14:20:43.536, 3, 46, 0, 120, 196.12, Not Active, 1396199084
2026/08/10 14:20:43.538, 4, 34, 0, 2032, 243.84, Not Active, 0
2026/08/10 14:20:43.538, 5, 34, 0, 2032, 245.12, Not Active, 0
2026/08/10 14:20:43.539, 6, 43, 0, 120, 197.16, Not Active, 644693151
2026/08/10 14:20:43.540, 7, 41, 0, 120, 195.33, Not Active, 428201171
2026/08/10 14:20:48.541, 0, 34, 0, 2032, 239.25, Not Active, 0
2026/08/10 14:20:48.542, 1, 34, 0, 2032, 246.50, Not Active, 0
2026/08/10 14:20:48.543, 2, 43, 0, 120, 198.08, Not Active, 1172971561
2026/08/10 14:20:48.544, 3, 46, 0, 120, 196.16, Not Active, 1396199084
2026/08/10 14:20:48.545, 4, 34, 0, 2032, 243.92, Not Active, 0
2026/08/10 14:20:48.546, 5, 34, 0, 2032, 245.17, Not Active, 0
2026/08/10 14:20:48.546, 6, 43, 0, 120, 197.11, Not Active, 644693151
2026/08/10 14:20:48.548, 7, 41, 0, 120, 195.33, Not Active, 428201171
2026/08/10 14:20:53.550, 0, 34, 0, 2032, 238.84, Not Active, 0
2026/08/10 14:20:53.552, 1, 34, 0, 2032, 246.54, Not Active, 0
2026/08/10 14:20:53.553, 2, 43, 0, 120, 198.12, Not Active, 1172971561
2026/08/10 14:20:53.554, 3, 46, 0, 120, 196.16, Not Active, 1396199084
2026/08/10 14:20:53.560, 4, 34, 0, 2032, 243.88, Not Active, 0
2026/08/10 14:20:53.561, 5, 34, 0, 2032, 245.24, Not Active, 0
2026/08/10 14:20:53.561, 6, 43, 0, 120, 197.17, Not Active, 644693151
2026/08/10 14:20:53.563, 7, 41, 0, 120, 195.10, Not Active, 428201171
2026/08/10 14:20:58.565, 0, 34, 0, 2032, 238.84, Not Active, 0
2026/08/10 14:20:58.566, 1, 34, 0, 2032, 246.53, Not Active, 0
2026/08/10 14:20:58.566, 2, 43, 0, 120, 198.09, Not Active, 1172971561
2026/08/10 14:20:58.568, 3, 46, 0, 120, 196.20, Not Active, 1396199084
2026/08/10 14:20:58.569, 4, 34, 0, 2032, 243.96, Not Active, 0
2026/08/10 14:20:58.570, 5, 34, 0, 2032, 245.12, Not Active, 0
2026/08/10 14:20:58.570, 6, 43, 0, 120, 197.16, Not Active, 644693151
2026/08/10 14:20:58.571, 7, 41, 0, 120, 195.25, Not Active, 428201171
2026/08/10 14:21:03.573, 0, 34, 0, 2032, 239.93, Not Active, 0
2026/08/10 14:21:03.574, 1, 34, 0, 2032, 246.52, Not Active, 0
2026/08/10 14:21:03.575, 2, 43, 0, 120, 198.04, Not Active, 1172971561
2026/08/10 14:21:03.578, 3, 46, 0, 120, 196.20, Not Active, 1396199084
2026/08/10 14:21:03.579, 4, 34, 0, 2032, 243.96, Not Active, 0
2026/08/10 14:21:03.579, 5, 34, 0, 2032, 245.06, Not Active, 0
2026/08/10 14:21:03.580, 6, 43, 0, 120, 197.15, Not Active, 644693151
2026/08/10 14:21:03.581, 7, 41, 0, 120, 195.33, Not Active, 428201171
2026/08/10 14:21:08.583, 0, 34, 0, 2032, 239.73, Not Active, 0
2026/08/10 14:21:08.584, 1, 34, 0, 2032, 246.54, Not Active, 0
2026/08/10 14:21:08.585, 2, 43, 0, 120, 198.16, Not Active, 1172971561
2026/08/10 14:21:08.586, 3, 46, 0, 120, 196.12, Not Active, 1396199084
2026/08/10 14:21:08.587, 4, 34, 0, 2032, 244.04, Not Active, 0
2026/08/10 14:21:08.588, 5, 34, 0, 2032, 245.13, Not Active, 0
2026/08/10 14:21:08.589, 6, 43, 0, 120, 197.14, Not Active, 644693151
2026/08/10 14:21:08.590, 7, 41, 0, 120, 195.02, Not Active, 428201171
2026/08/10 14:21:13.593, 0, 34, 0, 2032, 239.78, Not Active, 0
2026/08/10 14:21:13.594, 1, 34, 0, 2032, 246.58, Not Active, 0
2026/08/10 14:21:13.595, 2, 43, 0, 120, 198.07, Not Active, 1172971561
2026/08/10 14:21:13.596, 3, 46, 0, 120, 196.16, Not Active, 1396199084
2026/08/10 14:21:13.597, 4, 34, 0, 2032, 243.99, Not Active, 0
2026/08/10 14:21:13.598, 5, 34, 0, 2032, 245.16, Not Active, 0
2026/08/10 14:21:13.598, 6, 43, 0, 120, 197.28, Not Active, 644693151
2026/08/10 14:21:13.600, 7, 41, 0, 120, 195.21, Not Active, 428201171
2026/08/10 14:21:18.602, 0, 34, 0, 2032, 239.75, Not Active, 0
2026/08/10 14:21:18.603, 1, 34, 0, 2032, 246.53, Not Active, 0
2026/08/10 14:21:18.604, 2, 43, 0, 120, 198.16, Not Active, 1172971561
2026/08/10 14:21:18.605, 3, 46, 0, 120, 196.27, Not Active, 1396199084
2026/08/10 14:21:18.606, 4, 34, 0, 2032, 243.84, Not Active, 0
2026/08/10 14:21:18.607, 5, 34, 0, 2032, 245.43, Not Active, 0
2026/08/10 14:21:18.607, 6, 44, 0, 120, 197.11, Not Active, 644693151
2026/08/10 14:21:18.609, 7, 41, 0, 120, 195.13, Not Active, 428201171
2026/08/10 14:21:23.610, 0, 34, 0, 2032, 239.82, Not Active, 0
2026/08/10 14:21:23.611, 1, 34, 0, 2032, 246.57, Not Active, 0
2026/08/10 14:21:23.612, 2, 43, 0, 120, 198.10, Not Active, 1172971561
2026/08/10 14:21:23.613, 3, 46, 0, 120, 196.16, Not Active, 1396199084
2026/08/10 14:21:23.614, 4, 34, 0, 2032, 243.84, Not Active, 0
2026/08/10 14:21:23.615, 5, 34, 0, 2032, 245.28, Not Active, 0
2026/08/10 14:21:23.615, 6, 44, 0, 120, 197.30, Not Active, 644693151
2026/08/10 14:21:23.616, 7, 41, 0, 120, 195.29, Not Active, 428201171
2026/08/10 14:21:28.618, 0, 34, 0, 2032, 240.25, Not Active, 0
2026/08/10 14:21:28.619, 1, 34, 3, 2032, 247.77, Not Active, 0
2026/08/10 14:21:28.620, 2, 43, 0, 120, 198.15, Not Active, 1172971561
2026/08/10 14:21:28.621, 3, 46, 0, 120, 196.27, Not Active, 1396199084
2026/08/10 14:21:28.623, 4, 34, 0, 2032, 245.92, Not Active, 0
2026/08/10 14:21:28.623, 5, 34, 4, 2032, 245.36, Not Active, 0
2026/08/10 14:21:28.624, 6, 44, 0, 120, 197.20, Not Active, 644693151
2026/08/10 14:21:28.625, 7, 41, 0, 120, 195.33, Not Active, 428201171
2026/08/10 14:21:33.627, 0, 34, 2, 2032, 241.38, Not Active, 0
2026/08/10 14:21:33.631, 1, 34, 0, 2032, 246.52, Not Active, 0
2026/08/10 14:21:33.633, 2, 43, 0, 120, 198.16, Not Active, 1172971561
2026/08/10 14:21:33.634, 3, 46, 0, 120, 196.23, Not Active, 1396199084
2026/08/10 14:21:33.636, 4, 34, 0, 2032, 243.99, Not Active, 0
2026/08/10 14:21:33.637, 5, 34, 0, 2032, 245.40, Not Active, 0
2026/08/10 14:21:33.637, 6, 44, 0, 120, 197.22, Not Active, 644693151
2026/08/10 14:21:33.639, 7, 41, 0, 120, 195.33, Not Active, 428201171
2026/08/10 14:21:38.640, 0, 35, 23, 2032, 271.78, Not Active, 0
2026/08/10 14:21:38.641, 1, 36, 0, 2032, 277.50, Not Active, 0
2026/08/10 14:21:38.642, 2, 43, 0, 120, 198.16, Not Active, 1172971561
2026/08/10 14:21:38.644, 3, 46, 0, 120, 196.27, Not Active, 1396199084
2026/08/10 14:21:38.645, 4, 35, 21, 2032, 277.50, Not Active, 0
2026/08/10 14:21:38.646, 5, 38, 0, 2032, 275.81, Not Active, 0
2026/08/10 14:21:38.648, 6, 44, 0, 120, 197.14, Not Active, 644693151
2026/08/10 14:21:38.651, 7, 41, 0, 120, 195.33, Not Active, 428201171
2026/08/10 14:21:43.654, 0, 38, 0, 2032, 612.90, Not Active, 0
2026/08/10 14:21:43.654, 1, 37, 0, 2032, 584.32, Not Active, 0
2026/08/10 14:21:43.655, 2, 43, 0, 120, 198.13, Not Active, 1172971561
2026/08/10 14:21:43.658, 3, 46, 0, 120, 196.35, Not Active, 1396199084
2026/08/10 14:21:43.659, 4, 37, 0, 2032, 584.16, Not Active, 0
2026/08/10 14:21:43.660, 5, 37, 0, 2032, 558.12, Not Active, 0
2026/08/10 14:21:43.666, 6, 44, 0, 120, 197.18, Not Active, 644693151
2026/08/10 14:21:43.671, 7, 41, 0, 120, 195.32, Not Active, 428201171
2026/08/10 14:21:48.673, 0, 56, 99, 1560, 1093.47, Not Active, 0
2026/08/10 14:21:48.674, 1, 56, 100, 1552, 1095.96, Not Active, 0
2026/08/10 14:21:48.682, 2, 43, 0, 120, 198.07, Not Active, 1172971561
2026/08/10 14:21:48.683, 3, 46, 0, 120, 196.69, Not Active, 1396199084
2026/08/10 14:21:48.684, 4, 55, 99, 1507, 1089.89, Not Active, 0
2026/08/10 14:21:48.685, 5, 55, 99, 1515, 1081.01, Not Active, 0
2026/08/10 14:21:48.686, 6, 44, 0, 120, 197.49, Not Active, 644693151
2026/08/10 14:21:48.687, 7, 41, 0, 120, 195.28, Not Active, 428201171
2026/08/10 14:21:53.690, 0, 58, 100, 1582, 1097.30, Not Active, 0
2026/08/10 14:21:53.691, 1, 58, 99, 1612, 1084.27, Not Active, 0
2026/08/10 14:21:53.691, 2, 43, 0, 120, 198.06, Not Active, 1172971561
2026/08/10 14:21:53.693, 3, 46, 0, 120, 196.90, Not Active, 1396199084
2026/08/10 14:21:53.694, 4, 58, 99, 1560, 1090.50, Not Active, 0
2026/08/10 14:21:53.696, 5, 58, 99, 1560, 1078.63, Not Active, 0
2026/08/10 14:21:53.697, 6, 44, 0, 120, 197.52, Not Active, 644693151
2026/08/10 14:21:53.699, 7, 42, 0, 120, 195.28, Not Active, 428201171
2026/08/10 14:21:58.705, 0, 60, 100, 1530, 1094.48, Not Active, 0
2026/08/10 14:21:58.706, 1, 59, 99, 1567, 1092.02, Not Active, 0
2026/08/10 14:21:58.707, 2, 44, 0, 120, 198.06, Not Active, 1172971561
2026/08/10 14:21:58.708, 3, 47, 0, 120, 197.98, Not Active, 1396199084
2026/08/10 14:21:58.710, 4, 60, 99, 1485, 1092.68, Not Active, 0
2026/08/10 14:21:58.711, 5, 60, 99, 1522, 1079.07, Not Active, 0
2026/08/10 14:21:58.713, 6, 44, 0, 120, 197.76, Not Active, 644693151
2026/08/10 14:21:58.716, 7, 42, 0, 120, 195.27, Not Active, 428201171
2026/08/10 14:22:03.718, 0, 61, 99, 1485, 1101.78, Not Active, 0
2026/08/10 14:22:03.720, 1, 61, 99, 1462, 1089.70, Not Active, 0
2026/08/10 14:22:03.721, 2, 44, 0, 120, 198.06, Not Active, 1172971561
2026/08/10 14:22:03.722, 3, 47, 0, 120, 198.06, Not Active, 1396199084
2026/08/10 14:22:03.724, 4, 61, 99, 1515, 1090.96, Not Active, 0
2026/08/10 14:22:03.725, 5, 62, 99, 1537, 1081.52, Not Active, 0
2026/08/10 14:22:03.725, 6, 44, 0, 120, 198.70, Not Active, 644693151
2026/08/10 14:22:03.731, 7, 42, 0, 120, 195.26, Not Active, 428201171
2026/08/10 14:22:08.733, 0, 64, 98, 1537, 1080.88, Not Active, 0
2026/08/10 14:22:08.734, 1, 63, 98, 1507, 1084.35, Not Active, 0
2026/08/10 14:22:08.735, 2, 44, 0, 120, 198.06, Not Active, 1172971561
2026/08/10 14:22:08.736, 3, 47, 0, 120, 198.06, Not Active, 1396199084
2026/08/10 14:22:08.737, 4, 62, 98, 1455, 1082.92, Not Active, 0
2026/08/10 14:22:08.738, 5, 62, 99, 1860, 1087.73, Not Active, 0
2026/08/10 14:22:08.739, 6, 45, 0, 120, 198.97, Not Active, 644693151
2026/08/10 14:22:08.740, 7, 43, 0, 120, 196.14, Not Active, 428201171
2026/08/10 14:22:13.745, 0, 64, 99, 1522, 1087.81, Not Active, 0
2026/08/10 14:22:13.746, 1, 64, 99, 1447, 1090.83, Not Active, 0
2026/08/10 14:22:13.748, 2, 45, 0, 120, 198.17, Not Active, 1172971561
2026/08/10 14:22:13.749, 3, 48, 0, 120, 198.06, Not Active, 1396199084
2026/08/10 14:22:13.763, 4, 64, 99, 1545, 1098.31, Not Active, 0
2026/08/10 14:22:13.764, 5, 61, 99, 1455, 1083.45, Not Active, 0
2026/08/10 14:22:13.768, 6, 45, 0, 120, 198.97, Not Active, 644693151
2026/08/10 14:22:13.769, 7, 43, 0, 120, 197.20, Not Active, 428201171
2026/08/10 14:22:18.770, 0, 62, 100, 1605, 1086.07, Not Active, 0
2026/08/10 14:22:18.771, 1, 65, 99, 1582, 1094.43, Not Active, 0
2026/08/10 14:22:18.772, 2, 46, 0, 120, 199.51, Not Active, 1172971561
2026/08/10 14:22:18.773, 3, 48, 0, 120, 198.06, Not Active, 1396199084
2026/08/10 14:22:18.775, 4, 65, 99, 1552, 1091.64, Not Active, 0
2026/08/10 14:22:18.786, 5, 63, 99, 1492, 1080.18, Not Active, 0
2026/08/10 14:22:18.791, 6, 46, 0, 120, 199.13, Not Active, 644693151
2026/08/10 14:22:18.792, 7, 44, 0, 120, 197.22, Not Active, 428201171
2026/08/10 14:22:23.793, 0, 65, 99, 1440, 1097.53, Not Active, 0
2026/08/10 14:22:23.794, 1, 65, 99, 1485, 1095.34, Not Active, 0
2026/08/10 14:22:23.795, 2, 46, 0, 120, 199.57, Not Active, 1172971561
2026/08/10 14:22:23.798, 3, 49, 0, 120, 198.45, Not Active, 1396199084
2026/08/10 14:22:23.799, 4, 66, 99, 1492, 1095.77, Not Active, 0
2026/08/10 14:22:23.800, 5, 67, 99, 1560, 1091.81, Not Active, 0
2026/08/10 14:22:23.807, 6, 46, 0, 120, 200.23, Not Active, 644693151
2026/08/10 14:22:23.815, 7, 45, 0, 120, 197.17, Not Active, 428201171
2026/08/10 14:22:28.818, 0, 67, 99, 1545, 1088.65, Not Active, 0
2026/08/10 14:22:28.819, 1, 68, 99, 1530, 1082.43, Not Active, 0
2026/08/10 14:22:28.822, 2, 47, 0, 120, 200.00, Not Active, 1172971561
2026/08/10 14:22:28.823, 3, 49, 0, 120, 199.96, Not Active, 1396199084
2026/08/10 14:22:28.825, 4, 64, 99, 1575, 1092.03, Not Active, 0
2026/08/10 14:22:28.826, 5, 67, 99, 1462, 1091.65, Not Active, 0
2026/08/10 14:22:28.827, 6, 47, 0, 120, 200.92, Not Active, 644693151
2026/08/10 14:22:28.828, 7, 45, 0, 120, 197.68, Not Active, 428201171
2026/08/10 14:22:33.829, 0, 66, 99, 1425, 1090.50, Not Active, 0
2026/08/10 14:22:33.831, 1, 68, 99, 1432, 1097.84, Not Active, 0
2026/08/10 14:22:33.832, 2, 48, 0, 120, 200.00, Not Active, 1172971561
2026/08/10 14:22:33.833, 3, 50, 0, 120, 200.00, Not Active, 1396199084
2026/08/10 14:22:33.834, 4, 67, 99, 1507, 1098.90, Not Active, 0
2026/08/10 14:22:33.842, 5, 68, 99, 1470, 1083.12, Not Active, 0
2026/08/10 14:22:33.848, 6, 48, 0, 120, 200.93, Not Active, 644693151
2026/08/10 14:22:33.849, 7, 46, 0, 120, 197.18, Not Active, 428201171
2026/08/10 14:22:38.851, 0, 68, 99, 1485, 1084.91, Not Active, 0
2026/08/10 14:22:38.852, 1, 67, 99, 1455, 1084.23, Not Active, 0
2026/08/10 14:22:38.862, 2, 48, 0, 120, 200.11, Not Active, 1172971561
2026/08/10 14:22:38.864, 3, 51, 0, 120, 200.00, Not Active, 1396199084
2026/08/10 14:22:38.865, 4, 68, 99, 1515, 1086.46, Not Active, 0
2026/08/10 14:22:38.866, 5, 68, 99, 1530, 1088.19, Not Active, 0
2026/08/10 14:22:38.866, 6, 48, 0, 120, 201.55, Not Active, 644693151
2026/08/10 14:22:38.868, 7, 47, 0, 120, 197.44, Not Active, 428201171
2026/08/10 14:22:43.869, 0, 70, 99, 1492, 1088.05, Not Active, 0
2026/08/10 14:22:43.876, 1, 70, 100, 1440, 1083.78, Not Active, 0
2026/08/10 14:22:43.877, 2, 49, 0, 120, 201.28, Not Active, 1172971561
2026/08/10 14:22:43.878, 3, 51, 0, 120, 200.70, Not Active, 1396199084
2026/08/10 14:22:43.879, 4, 68, 99, 1485, 1091.12, Not Active, 0
2026/08/10 14:22:43.880, 5, 68, 99, 1447, 1081.19, Not Active, 0
2026/08/10 14:22:43.882, 6, 49, 0, 120, 202.76, Not Active, 644693151
2026/08/10 14:22:43.883, 7, 47, 0, 120, 199.01, Not Active, 428201171
2026/08/10 14:22:48.891, 0, 70, 99, 1522, 1084.84, Not Active, 0
2026/08/10 14:22:48.900, 1, 70, 99, 1530, 1085.78, Not Active, 0
2026/08/10 14:22:48.906, 2, 50, 0, 120, 201.94, Not Active, 1172971561
2026/08/10 14:22:48.907, 3, 52, 0, 120, 201.43, Not Active, 1396199084
2026/08/10 14:22:48.908, 4, 70, 99, 1530, 1097.31, Not Active, 0
2026/08/10 14:22:48.909, 5, 67, 99, 1530, 1082.14, Not Active, 0
2026/08/10 14:22:48.914, 6, 50, 0, 120, 202.87, Not Active, 644693151
2026/08/10 14:22:48.916, 7, 48, 0, 120, 199.12, Not Active, 428201171
2026/08/10 14:22:53.917, 0, 71, 99, 1530, 1092.36, Not Active, 0
2026/08/10 14:22:53.918, 1, 71, 99, 1530, 1098.93, Not Active, 0
2026/08/10 14:22:53.919, 2, 50, 0, 120, 201.94, Not Active, 1172971561
2026/08/10 14:22:53.925, 3, 53, 0, 120, 201.94, Not Active, 1396199084
2026/08/10 14:22:53.927, 4, 71, 99, 1447, 1091.20, Not Active, 0
2026/08/10 14:22:53.927, 5, 68, 99, 1455, 1075.11, Not Active, 0
2026/08/10 14:22:53.928, 6, 50, 0, 120, 203.54, Not Active, 644693151
2026/08/10 14:22:53.929, 7, 48, 0, 120, 199.15, Not Active, 428201171
2026/08/10 14:22:58.931, 0, 71, 99, 1492, 1094.54, Not Active, 0
2026/08/10 14:22:58.932, 1, 72, 99, 1522, 1090.86, Not Active, 0
2026/08/10 14:22:58.942, 2, 51, 0, 120, 202.25, Not Active, 1172971561
2026/08/10 14:22:58.944, 3, 53, 0, 120, 201.94, Not Active, 1396199084
2026/08/10 14:22:58.945, 4, 71, 99, 1507, 1084.48, Not Active, 0
2026/08/10 14:22:58.948, 5, 68, 99, 1500, 1082.33, Not Active, 0
2026/08/10 14:22:58.949, 6, 51, 0, 120, 204.71, Not Active, 644693151
2026/08/10 14:22:58.951, 7, 49, 0, 120, 199.89, Not Active, 428201171
2026/08/10 14:23:03.953, 0, 72, 100, 1545, 1086.30, Not Active, 0
2026/08/10 14:23:03.955, 1, 72, 99, 1432, 1083.37, Not Active, 0
2026/08/10 14:23:03.963, 2, 52, 0, 120, 203.88, Not Active, 1172971561
2026/08/10 14:23:03.964, 3, 54, 0, 120, 201.94, Not Active, 1396199084
2026/08/10 14:23:03.965, 4, 71, 99, 1492, 1089.77, Not Active, 0
2026/08/10 14:23:03.966, 5, 71, 99, 1560, 1081.68, Not Active, 0
2026/08/10 14:23:03.969, 6, 51, 0, 120, 204.94, Not Active, 644693151
2026/08/10 14:23:03.971, 7, 50, 0, 120, 201.07, Not Active, 428201171
2026/08/10 14:23:08.973, 0, 71, 99, 1455, 1076.41, Not Active, 0
2026/08/10 14:23:08.974, 1, 73, 99, 1462, 1087.48, Not Active, 0
2026/08/10 14:23:08.975, 2, 52, 0, 120, 203.88, Not Active, 1172971561
2026/08/10 14:23:08.978, 3, 55, 0, 120, 203.81, Not Active, 1396199084
2026/08/10 14:23:08.980, 4, 72, 99, 1507, 1091.77, Not Active, 0
2026/08/10 14:23:08.986, 5, 72, 99, 1470, 1085.41, Not Active, 0
2026/08/10 14:23:08.992, 6, 52, 0, 120, 205.58, Not Active, 644693151
2026/08/10 14:23:08.993, 7, 50, 0, 120, 201.18, Not Active, 428201171
2026/08/10 14:23:13.994, 0, 70, 99, 1447, 1092.83, Not Active, 0
2026/08/10 14:23:13.995, 1, 73, 99, 1402, 1098.04, Not Active, 0
2026/08/10 14:23:13.999, 2, 53, 0, 120, 203.88, Not Active, 1172971561
2026/08/10 14:23:14.000, 3, 55, 0, 120, 203.88, Not Active, 1396199084
2026/08/10 14:23:14.001, 4, 71, 99, 1447, 1075.74, Not Active, 0
2026/08/10 14:23:14.002, 5, 72, 99, 1477, 1089.09, Not Active, 0
2026/08/10 14:23:14.008, 6, 53, 0, 120, 206.74, Not Active, 644693151
2026/08/10 14:23:14.009, 7, 51, 0, 120, 201.20, Not Active, 428201171
2026/08/10 14:23:19.011, 0, 73, 99, 1522, 1093.14, Not Active, 0
2026/08/10 14:23:19.012, 1, 72, 99, 1492, 1089.27, Not Active, 0
2026/08/10 14:23:19.012, 2, 53, 0, 120, 205.63, Not Active, 1172971561
2026/08/10 14:23:19.014, 3, 56, 0, 120, 203.88, Not Active, 1396199084
2026/08/10 14:23:19.015, 4, 72, 99, 1477, 1085.93, Not Active, 0
2026/08/10 14:23:19.022, 5, 73, 98, 1867, 1081.60, Not Active, 0
2026/08/10 14:23:19.023, 6, 53, 0, 120, 206.78, Not Active, 644693151
2026/08/10 14:23:19.024, 7, 51, 0, 120, 203.01, Not Active, 428201171
2026/08/10 14:23:24.025, 0, 73, 99, 1470, 1087.79, Not Active, 0
2026/08/10 14:23:24.026, 1, 74, 99, 1440, 1085.70, Not Active, 0
2026/08/10 14:23:24.027, 2, 54, 0, 120, 205.83, Not Active, 1172971561
2026/08/10 14:23:24.028, 3, 56, 0, 120, 205.55, Not Active, 1396199084
2026/08/10 14:23:24.030, 4, 72, 99, 1485, 1085.44, Not Active, 0
2026/08/10 14:23:24.030, 5, 73, 99, 1440, 1091.51, Not Active, 0
2026/08/10 14:23:24.032, 6, 54, 0, 120, 207.55, Not Active, 644693151
2026/08/10 14:23:24.033, 7, 52, 0, 120, 203.02, Not Active, 428201171
2026/08/10 14:23:29.034, 0, 56, 0, 2032, 264.29, Not Active, 0
2026/08/10 14:23:29.035, 1, 57, 0, 2032, 277.71, Not Active, 0
2026/08/10 14:23:29.035, 2, 55, 0, 120, 205.83, Not Active, 1172971561
2026/08/10 14:23:29.037, 3, 57, 0, 120, 205.83, Not Active, 1396199084
2026/08/10 14:23:29.038, 4, 55, 0, 2032, 269.16, Not Active, 0
2026/08/10 14:23:29.039, 5, 55, 0, 2032, 270.97, Not Active, 0
2026/08/10 14:23:29.039, 6, 54, 0, 120, 208.63, Not Active, 644693151
2026/08/10 14:23:29.041, 7, 53, 0, 120, 203.13, Not Active, 428201171
2026/08/10 14:23:34.043, 0, 53, 0, 2032, 259.45, Not Active, 0
2026/08/10 14:23:34.043, 1, 54, 0, 2032, 270.66, Not Active, 0
2026/08/10 14:23:34.044, 2, 55, 0, 120, 206.21, Not Active, 1172971561
2026/08/10 14:23:34.045, 3, 58, 0, 120, 205.83, Not Active, 1396199084
2026/08/10 14:23:34.047, 4, 52, 0, 2032, 263.42, Not Active, 0
2026/08/10 14:23:34.048, 5, 52, 0, 2032, 265.08, Not Active, 0
2026/08/10 14:23:34.048, 6, 55, 0, 120, 208.73, Not Active, 644693151
2026/08/10 14:23:34.050, 7, 53, 0, 120, 204.29, Not Active, 428201171
2026/08/10 14:23:39.051, 0, 51, 0, 2032, 256.68, Not Active, 0
2026/08/10 14:23:39.052, 1, 52, 14, 2032, 303.95, Not Active, 0
2026/08/10 14:23:39.053, 2, 56, 0, 120, 207.69, Not Active, 1172971561
2026/08/10 14:23:39.054, 3, 58, 0, 120, 205.83, Not Active, 1396199084
2026/08/10 14:23:39.060, 4, 55, 0, 2032, 280.68, Not Active, 0
2026/08/10 14:23:39.061, 5, 50, 0, 2032, 262.52, Not Active, 0
2026/08/10 14:23:39.062, 6, 55, 0, 120, 208.74, Not Active, 644693151
2026/08/10 14:23:39.063, 7, 53, 0, 120, 204.11, Not Active, 428201171
2026/08/10 14:23:44.065, 0, 51, 0, 2032, 271.62, Not Active, 0
2026/08/10 14:23:44.066, 1, 52, 0, 2032, 267.46, Not Active, 0
2026/08/10 14:23:44.067, 2, 56, 0, 120, 207.77, Not Active, 1172971561
2026/08/10 14:23:44.068, 3, 58, 0, 120, 207.22, Not Active, 1396199084
2026/08/10 14:23:44.069, 4, 50, 0, 2032, 261.17, Not Active, 0
2026/08/10 14:23:44.070, 5, 50, 0, 2032, 261.69, Not Active, 0
2026/08/10 14:23:44.070, 6, 56, 0, 120, 209.87, Not Active, 644693151
2026/08/10 14:23:44.072, 7, 54, 0, 120, 205.01, Not Active, 428201171
2026/08/10 14:23:49.073, 0, 49, 0, 2032, 254.37, Not Active, 0
2026/08/10 14:23:49.074, 1, 50, 0, 2032, 264.38, Not Active, 0
2026/08/10 14:23:49.074, 2, 56, 0, 120, 207.77, Not Active, 1172971561
2026/08/10 14:23:49.079, 3, 59, 0, 120, 207.77, Not Active, 1396199084
2026/08/10 14:23:49.080, 4, 48, 0, 2032, 260.17, Not Active, 0
2026/08/10 14:23:49.081, 5, 48, 0, 2032, 271.29, Not Active, 0
2026/08/10 14:23:49.082, 6, 56, 0, 120, 210.45, Not Active, 644693151
2026/08/10 14:23:49.083, 7, 54, 0, 120, 204.97, Not Active, 428201171
2026/08/10 14:23:54.085, 0, 47, 0, 2032, 285.65, Not Active, 0
2026/08/10 14:23:54.086, 1, 48, 0, 2032, 262.18, Not Active, 0
2026/08/10 14:23:54.086, 2, 56, 0, 120, 207.77, Not Active, 1172971561
2026/08/10 14:23:54.088, 3, 59, 0, 120, 207.77, Not Active, 1396199084
2026/08/10 14:23:54.089, 4, 46, 0, 2032, 256.85, Not Active, 0
2026/08/10 14:23:54.090, 5, 47, 0, 2032, 257.86, Not Active, 0
2026/08/10 14:23:54.090, 6, 56, 0, 120, 210.57, Not Active, 644693151
2026/08/10 14:23:54.091, 7, 54, 0, 120, 205.09, Not Active, 428201171
2026/08/10 14:23:59.093, 0, 66, 99, 1582, 1089.10, Not Active, 0
2026/08/10 14:23:59.094, 1, 67, 99, 1492, 1078.94, Not Active, 0
2026/08/10 14:23:59.101, 2, 56, 0, 120, 207.77, Not Active, 1172971561
2026/08/10 14:23:59.103, 3, 59, 0, 120, 207.77, Not Active, 1396199084
2026/08/10 14:23:59.104, 4, 67, 99, 1560, 1083.28, Not Active, 0
2026/08/10 14:23:59.105, 5, 66, 99, 1500, 1089.12, Not Active, 0
2026/08/10 14:23:59.105, 6, 56, 0, 120, 210.68, Not Active, 644693151
2026/08/10 14:23:59.107, 7, 54, 0, 120, 205.01, Not Active, 428201171
2026/08/10 14:24:04.109, 0, 68, 99, 1455, 1093.13, Not Active, 0
2026/08/10 14:24:04.110, 1, 68, 99, 1432, 1089.84, Not Active, 0
2026/08/10 14:24:04.111, 2, 56, 0, 120, 207.77, Not Active, 1172971561
2026/08/10 14:24:04.112, 3, 59, 0, 120, 207.77, Not Active, 1396199084
2026/08/10 14:24:04.113, 4, 64, 99, 1485, 1086.98, Not Active, 0
2026/08/10 14:24:04.122, 5, 67, 99, 1447, 1090.07, Not Active, 0
2026/08/10 14:24:04.122, 6, 56, 0, 120, 210.64, Not Active, 644693151
2026/08/10 14:24:04.124, 7, 54, 0, 120, 204.93, Not Active, 428201171
2026/08/10 14:24:09.126, 0, 68, 99, 1485, 1098.09, Not Active, 0
2026/08/10 14:24:09.127, 1, 69, 99, 1470, 1096.84, Not Active, 0
2026/08/10 14:24:09.130, 2, 56, 0, 120, 207.77, Not Active, 1172971561
2026/08/10 14:24:09.131, 3, 59, 0, 120, 207.77, Not Active, 1396199084
2026/08/10 14:24:09.133, 4, 66, 99, 1477, 1098.56, Not Active, 0
2026/08/10 14:24:09.134, 5, 68, 99, 1567, 1088.85, Not Active, 0
2026/08/10 14:24:09.135, 6, 57, 0, 120, 210.52, Not Active, 644693151
2026/08/10 14:24:09.136, 7, 54, 0, 120, 204.99, Not Active, 428201171
2026/08/10 14:24:14.138, 0, 69, 99, 1485, 1094.73, Not Active, 0
2026/08/10 14:24:14.139, 1, 70, 99, 1447, 1092.39, Not Active, 0
2026/08/10 14:24:14.139, 2, 57, 0, 120, 207.77, Not Active, 1172971561
2026/08/10 14:24:14.141, 3, 59, 0, 120, 207.77, Not Active, 1396199084
2026/08/10 14:24:14.142, 4, 66, 99, 1477, 1095.42, Not Active, 0
2026/08/10 14:24:14.143, 5, 69, 99, 1515, 1085.21, Not Active, 0
2026/08/10 14:24:14.144, 6, 57, 0, 120, 210.68, Not Active, 644693151
2026/08/10 14:24:14.145, 7, 54, 0, 120, 205.14, Not Active, 428201171
2026/08/10 14:24:19.146, 0, 71, 99, 1582, 1093.24, Not Active, 0
2026/08/10 14:24:19.149, 1, 71, 99, 1492, 1090.69, Not Active, 0
2026/08/10 14:24:19.150, 2, 57, 0, 120, 207.77, Not Active, 1172971561
2026/08/10 14:24:19.151, 3, 59, 0, 120, 207.77, Not Active, 1396199084
2026/08/10 14:24:19.161, 4, 69, 99, 1545, 1085.38, Not Active, 0
2026/08/10 14:24:19.162, 5, 69, 99, 1507, 1083.50, Not Active, 0
2026/08/10 14:24:19.163, 6, 57, 0, 120, 210.68, Not Active, 644693151
2026/08/10 14:24:19.164, 7, 54, 0, 120, 205.03, Not Active, 428201171
2026/08/10 14:24:24.166, 0, 69, 99, 1492, 1103.60, Not Active, 0
2026/08/10 14:24:24.167, 1, 71, 99, 1485, 1089.72, Not Active, 0
2026/08/10 14:24:24.168, 2, 57, 0, 120, 207.81, Not Active, 1172971561
2026/08/10 14:24:24.169, 3, 60, 0, 120, 207.77, Not Active, 1396199084
2026/08/10 14:24:24.171, 4, 70, 99, 1515, 1088.49, Not Active, 0
2026/08/10 14:24:24.171, 5, 69, 99, 1575, 1088.89, Not Active, 0
2026/08/10 14:24:24.172, 6, 57, 0, 120, 210.68, Not Active, 644693151
2026/08/10 14:24:24.174, 7, 54, 0, 120, 205.01, Not Active, 428201171
2026/08/10 14:24:29.175, 0, 72, 99, 1545, 1081.26, Not Active, 0
2026/08/10 14:24:29.180, 1, 71, 99, 1485, 1081.36, Not Active, 0
2026/08/10 14:24:29.181, 2, 57, 0, 120, 207.84, Not Active, 1172971561
2026/08/10 14:24:29.183, 3, 60, 0, 120, 208.35, Not Active, 1396199084
2026/08/10 14:24:29.184, 4, 70, 99, 1515, 1081.54, Not Active, 0
2026/08/10 14:24:29.185, 5, 71, 99, 1455, 1078.09, Not Active, 0
2026/08/10 14:24:29.186, 6, 57, 0, 120, 210.68, Not Active, 644693151
2026/08/10 14:24:29.187, 7, 54, 0, 120, 205.06, Not Active, 428201171
2026/08/10 14:24:34.189, 0, 70, 99, 1470, 1090.60, Not Active, 0
2026/08/10 14:24:34.194, 1, 70, 99, 1440, 1097.13, Not Active, 0
2026/08/10 14:24:34.199, 2, 57, 0, 120, 208.04, Not Active, 1172971561
2026/08/10 14:24:34.201, 3, 60, 0, 120, 209.60, Not Active, 1396199084
2026/08/10 14:24:34.202, 4, 71, 99, 1455, 1075.27, Not Active, 0
2026/08/10 14:24:34.203, 5, 72, 99, 1500, 1093.59, Not Active, 0
2026/08/10 14:24:34.206, 6, 58, 0, 120, 210.72, Not Active, 644693151
2026/08/10 14:24:34.207, 7, 55, 0, 120, 205.21, Not Active, 428201171
2026/08/10 14:24:39.209, 0, 72, 99, 1567, 1088.84, Not Active, 0
2026/08/10 14:24:39.210, 1, 73, 99, 1492, 1087.44, Not Active, 0
2026/08/10 14:24:39.211, 2, 58, 0, 120, 209.40, Not Active, 1172971561
2026/08/10 14:24:39.212, 3, 60, 0, 120, 209.71, Not Active, 1396199084
2026/08/10 14:24:39.217, 4, 72, 99, 1575, 1096.63, Not Active, 0
2026/08/10 14:24:39.222, 5, 71, 99, 1455, 1078.77, Not Active, 0
2026/08/10 14:24:39.223, 6, 58, 0, 120, 210.87, Not Active, 644693151
2026/08/10 14:24:39.225, 7, 55, 0, 120, 206.40, Not Active, 428201171
2026/08/10 14:24:44.227, 0, 73, 99, 1455, 1079.66, Not Active, 0
2026/08/10 14:24:44.228, 1, 74, 99, 1432, 1085.13, Not Active, 0
2026/08/10 14:24:44.229, 2, 58, 0, 120, 209.71, Not Active, 1172971561
2026/08/10 14:24:44.230, 3, 61, 0, 120, 209.71, Not Active, 1396199084
2026/08/10 14:24:44.231, 4, 72, 99, 1455, 1080.20, Not Active, 0
2026/08/10 14:24:44.235, 5, 72, 99, 1447, 1085.11, Not Active, 0
2026/08/10 14:24:44.236, 6, 58, 0, 120, 212.20, Not Active, 644693151
2026/08/10 14:24:44.237, 7, 55, 0, 120, 206.18, Not Active, 428201171
2026/08/10 14:24:49.239, 0, 70, 99, 1530, 1095.44, Not Active, 0
2026/08/10 14:24:49.240, 1, 74, 99, 1500, 1090.10, Not Active, 0
2026/08/10 14:24:49.241, 2, 58, 0, 120, 209.71, Not Active, 1172971561
2026/08/10 14:24:49.243, 3, 61, 0, 120, 209.71, Not Active, 1396199084
2026/08/10 14:24:49.244, 4, 73, 99, 1530, 1088.91, Not Active, 0
2026/08/10 14:24:49.245, 5, 72, 99, 1455, 1081.44, Not Active, 0
2026/08/10 14:24:49.249, 6, 58, 0, 120, 212.59, Not Active, 644693151
2026/08/10 14:24:49.250, 7, 55, 0, 120, 207.05, Not Active, 428201171
2026/08/10 14:24:54.252, 0, 73, 99, 1522, 1093.38, Not Active, 0
2026/08/10 14:24:54.267, 1, 74, 99, 1522, 1091.55, Not Active, 0
2026/08/10 14:24:54.268, 2, 59, 0, 120, 209.71, Not Active, 1172971561
2026/08/10 14:24:54.270, 3, 61, 0, 120, 209.71, Not Active, 1396199084
2026/08/10 14:24:54.271, 4, 73, 99, 1507, 1093.53, Not Active, 0
2026/08/10 14:24:54.272, 5, 74, 99, 1560, 1082.03, Not Active, 0
2026/08/10 14:24:54.273, 6, 59, 0, 120, 212.63, Not Active, 644693151
2026/08/10 14:24:54.274, 7, 56, 0, 120, 207.06, Not Active, 428201171
2026/08/10 14:24:59.276, 0, 74, 99, 1440, 1096.41, Not Active, 0
2026/08/10 14:24:59.277, 1, 74, 99, 1440, 1089.59, Not Active, 0
2026/08/10 14:24:59.278, 2, 59, 0, 120, 209.71, Not Active, 1172971561
2026/08/10 14:24:59.279, 3, 61, 0, 120, 210.18, Not Active, 1396199084
2026/08/10 14:24:59.281, 4, 72, 99, 1492, 1087.77, Not Active, 0
2026/08/10 14:24:59.281, 5, 71, 99, 1477, 1085.93, Not Active, 0
2026/08/10 14:24:59.282, 6, 59, 0, 120, 212.63, Not Active, 644693151
2026/08/10 14:24:59.284, 7, 56, 0, 120, 207.72, Not Active, 428201171
2026/08/10 14:25:04.285, 0, 73, 99, 1425, 1089.42, Not Active, 0
2026/08/10 14:25:04.289, 1, 75, 99, 1545, 1095.00, Not Active, 0
2026/08/10 14:25:04.290, 2, 59, 0, 120, 209.79, Not Active, 1172971561
2026/08/10 14:25:04.291, 3, 62, 0, 120, 211.61, Not Active, 1396199084
2026/08/10 14:25:04.292, 4, 73, 99, 1455, 1086.58, Not Active, 0
2026/08/10 14:25:04.296, 5, 74, 99, 1455, 1086.84, Not Active, 0
2026/08/10 14:25:04.302, 6, 59, 0, 120, 212.67, Not Active, 644693151
2026/08/10 14:25:04.303, 7, 56, 0, 120, 207.88, Not Active, 428201171
2026/08/10 14:25:09.305, 0, 73, 99, 1552, 1086.65, Not Active, 0
2026/08/10 14:25:09.306, 1, 75, 99, 1657, 1084.54, Not Active, 0
2026/08/10 14:25:09.307, 2, 60, 0, 120, 211.31, Not Active, 1172971561
2026/08/10 14:25:09.308, 3, 62, 0, 120, 211.65, Not Active, 1396199084
2026/08/10 14:25:09.310, 4, 67, 99, 1537, 1077.14, Not Active, 0
2026/08/10 14:25:09.311, 5, 73, 99, 1560, 1083.19, Not Active, 0
2026/08/10 14:25:09.314, 6, 59, 0, 120, 212.86, Not Active, 644693151
2026/08/10 14:25:09.315, 7, 57, 0, 120, 208.86, Not Active, 428201171
2026/08/10 14:25:14.317, 0, 75, 99, 1470, 1087.77, Not Active, 0
2026/08/10 14:25:14.318, 1, 75, 99, 1432, 1091.72, Not Active, 0
2026/08/10 14:25:14.319, 2, 60, 0, 120, 211.65, Not Active, 1172971561
2026/08/10 14:25:14.320, 3, 62, 0, 120, 211.19, Not Active, 1396199084
2026/08/10 14:25:14.322, 4, 73, 99, 1455, 1089.58, Not Active, 0
2026/08/10 14:25:14.323, 5, 73, 99, 1462, 1083.81, Not Active, 0
2026/08/10 14:25:14.329, 6, 60, 0, 120, 214.31, Not Active, 644693151
2026/08/10 14:25:14.330, 7, 57, 0, 120, 209.60, Not Active, 428201171
2026/08/10 14:25:19.332, 0, 74, 99, 1462, 1088.14, Not Active, 0
2026/08/10 14:25:19.333, 1, 74, 99, 1387, 1097.62, Not Active, 0
2026/08/10 14:25:19.342, 2, 60, 0, 120, 211.65, Not Active, 1172971561
2026/08/10 14:25:19.344, 3, 63, 0, 120, 211.65, Not Active, 1396199084
2026/08/10 14:25:19.345, 4, 74, 99, 1417, 1087.92, Not Active, 0
2026/08/10 14:25:19.346, 5, 75, 99, 1462, 1091.44, Not Active, 0
2026/08/10 14:25:19.347, 6, 60, 0, 120, 214.50, Not Active, 644693151
2026/08/10 14:25:19.348, 7, 57, 0, 120, 209.09, Not Active, 428201171
2026/08/10 14:25:24.350, 0, 74, 99, 1590, 1072.32, Not Active, 0
2026/08/10 14:25:24.351, 1, 77, 99, 1777, 1079.81, Not Active, 0
2026/08/10 14:25:24.363, 2, 60, 0, 120, 211.65, Not Active, 1172971561
2026/08/10 14:25:24.364, 3, 63, 0, 120, 211.65, Not Active, 1396199084
2026/08/10 14:25:24.365, 4, 69, 99, 1545, 1083.98, Not Active, 0
2026/08/10 14:25:24.366, 5, 74, 99, 1477, 1072.48, Not Active, 0
2026/08/10 14:25:24.368, 6, 60, 0, 120, 214.50, Not Active, 644693151
2026/08/10 14:25:24.370, 7, 57, 0, 120, 210.48, Not Active, 428201171
2026/08/10 14:25:29.372, 0, 75, 99, 1455, 1084.97, Not Active, 0
2026/08/10 14:25:29.381, 1, 76, 99, 1410, 1088.54, Not Active, 0
2026/08/10 14:25:29.382, 2, 61, 0, 120, 211.68, Not Active, 1172971561
2026/08/10 14:25:29.383, 3, 63, 0, 120, 211.65, Not Active, 1396199084
2026/08/10 14:25:29.385, 4, 72, 99, 1470, 1087.94, Not Active, 0
2026/08/10 14:25:29.385, 5, 74, 99, 1440, 1074.50, Not Active, 0
2026/08/10 14:25:29.388, 6, 61, 0, 120, 214.70, Not Active, 644693151
2026/08/10 14:25:29.390, 7, 58, 0, 120, 210.21, Not Active, 428201171
2026/08/10 14:25:34.391, 0, 74, 99, 1410, 1085.64, Not Active, 0
2026/08/10 14:25:34.394, 1, 76, 99, 1447, 1090.32, Not Active, 0
2026/08/10 14:25:34.396, 2, 61, 0, 120, 211.73, Not Active, 1172971561
2026/08/10 14:25:34.397, 3, 64, 0, 120, 211.64, Not Active, 1396199084
2026/08/10 14:25:34.398, 4, 74, 99, 1470, 1089.29, Not Active, 0
2026/08/10 14:25:34.399, 5, 73, 99, 1500, 1082.29, Not Active, 0
2026/08/10 14:25:34.400, 6, 61, 0, 120, 214.93, Not Active, 644693151
2026/08/10 14:25:34.401, 7, 58, 0, 120, 210.64, Not Active, 428201171
2026/08/10 14:25:39.406, 0, 70, 100, 2032, 1028.56, Not Active, 0
2026/08/10 14:25:39.407, 1, 71, 99, 2017, 1055.32, Not Active, 0
2026/08/10 14:25:39.408, 2, 61, 0, 120, 212.91, Not Active, 1172971561
2026/08/10 14:25:39.409, 3, 64, 0, 120, 212.21, Not Active, 1396199084
2026/08/10 14:25:39.411, 4, 69, 100, 2032, 1034.97, Not Active, 0
2026/08/10 14:25:39.411, 5, 69, 99, 2032, 1038.83, Not Active, 0
2026/08/10 14:25:39.412, 6, 61, 0, 120, 215.67, Not Active, 644693151
2026/08/10 14:25:39.416, 7, 58, 0, 120, 210.14, Not Active, 428201171
2026/08/10 14:25:44.418, 0, 57, 0, 2032, 265.76, Not Active, 0
2026/08/10 14:25:44.419, 1, 58, 0, 2032, 279.55, Not Active, 0
2026/08/10 14:25:44.419, 2, 62, 0, 120, 213.52, Not Active, 1172971561
2026/08/10 14:25:44.423, 3, 64, 0, 120, 213.25, Not Active, 1396199084
2026/08/10 14:25:44.424, 4, 56, 0, 2032, 269.45, Not Active, 0
2026/08/10 14:25:44.425, 5, 56, 0, 2032, 273.26, Not Active, 0
2026/08/10 14:25:44.427, 6, 61, 0, 120, 216.39, Not Active, 644693151
2026/08/10 14:25:44.432, 7, 58, 0, 120, 209.16, Not Active, 428201171
2026/08/10 14:25:49.433, 0, 54, 0, 2032, 261.84, Not Active, 0
2026/08/10 14:25:49.434, 1, 56, 0, 2032, 274.08, Not Active, 0
2026/08/10 14:25:49.435, 2, 62, 0, 120, 213.59, Not Active, 1172971561
2026/08/10 14:25:49.439, 3, 64, 0, 120, 213.59, Not Active, 1396199084
2026/08/10 14:25:49.440, 4, 53, 0, 2032, 265.47, Not Active, 0
2026/08/10 14:25:49.441, 5, 53, 0, 2032, 267.44, Not Active, 0
2026/08/10 14:25:49.442, 6, 62, 0, 120, 216.53, Not Active, 644693151
2026/08/10 14:25:49.443, 7, 59, 0, 120, 208.60, Not Active, 428201171
2026/08/10 14:25:54.445, 0, 73, 99, 1590, 1091.23, Not Active, 0
2026/08/10 14:25:54.446, 1, 73, 99, 1522, 1099.25, Not Active, 0
2026/08/10 14:25:54.447, 2, 62, 0, 120, 213.59, Not Active, 1172971561
2026/08/10 14:25:54.449, 3, 64, 0, 120, 213.59, Not Active, 1396199084
2026/08/10 14:25:54.452, 4, 71, 99, 1560, 1091.41, Not Active, 0
2026/08/10 14:25:54.453, 5, 70, 99, 1440, 1089.06, Not Active, 0
2026/08/10 14:25:54.454, 6, 62, 0, 120, 216.53, Not Active, 644693151
2026/08/10 14:25:54.455, 7, 59, 0, 120, 208.69, Not Active, 428201171
2026/08/10 14:25:59.457, 0, 72, 99, 1507, 1085.75, Not Active, 0
2026/08/10 14:25:59.466, 1, 72, 99, 1447, 1092.49, Not Active, 0
2026/08/10 14:25:59.469, 2, 62, 0, 120, 213.59, Not Active, 1172971561
2026/08/10 14:25:59.470, 3, 65, 0, 120, 213.59, Not Active, 1396199084
2026/08/10 14:25:59.471, 4, 71, 99, 1462, 1098.00, Not Active, 0
2026/08/10 14:25:59.472, 5, 72, 99, 1507, 1079.24, Not Active, 0
2026/08/10 14:25:59.473, 6, 62, 0, 120, 216.53, Not Active, 644693151
2026/08/10 14:25:59.474, 7, 59, 0, 120, 208.87, Not Active, 428201171
2026/08/10 14:26:04.476, 0, 73, 99, 1395, 1089.24, Not Active, 0
2026/08/10 14:26:04.478, 1, 74, 98, 1417, 1098.95, Not Active, 0
2026/08/10 14:26:04.484, 2, 62, 0, 120, 213.59, Not Active, 1172971561
2026/08/10 14:26:04.485, 3, 65, 0, 120, 213.58, Not Active, 1396199084
2026/08/10 14:26:04.486, 4, 72, 99, 1455, 1091.62, Not Active, 0
2026/08/10 14:26:04.487, 5, 73, 99, 1447, 1080.40, Not Active, 0
2026/08/10 14:26:04.488, 6, 62, 0, 120, 216.53, Not Active, 644693151
2026/08/10 14:26:04.489, 7, 59, 0, 120, 208.89, Not Active, 428201171
2026/08/10 14:26:09.491, 0, 73, 99, 1425, 1086.20, Not Active, 0
2026/08/10 14:26:09.492, 1, 73, 99, 1380, 1082.18, Not Active, 0
2026/08/10 14:26:09.493, 2, 62, 0, 120, 213.59, Not Active, 1172971561
2026/08/10 14:26:09.494, 3, 65, 0, 120, 213.59, Not Active, 1396199084
2026/08/10 14:26:09.495, 4, 72, 99, 1462, 1098.95, Not Active, 0
2026/08/10 14:26:09.496, 5, 72, 99, 1462, 1084.00, Not Active, 0
2026/08/10 14:26:09.505, 6, 62, 0, 120, 216.53, Not Active, 644693151
2026/08/10 14:26:09.506, 7, 59, 0, 120, 208.32, Not Active, 428201171
2026/08/10 14:26:14.508, 0, 74, 99, 1530, 1080.78, Not Active, 0
2026/08/10 14:26:14.509, 1, 75, 99, 1500, 1073.48, Not Active, 0
2026/08/10 14:26:14.510, 2, 62, 0, 120, 213.59, Not Active, 1172971561
2026/08/10 14:26:14.511, 3, 65, 0, 120, 213.59, Not Active, 1396199084
2026/08/10 14:26:14.513, 4, 70, 99, 1440, 1087.81, Not Active, 0
2026/08/10 14:26:14.513, 5, 73, 99, 1440, 1077.60, Not Active, 0
2026/08/10 14:26:14.514, 6, 62, 0, 120, 216.53, Not Active, 644693151
2026/08/10 14:26:14.517, 7, 59, 0, 120, 208.78, Not Active, 428201171
2026/08/10 14:26:19.519, 0, 72, 99, 1552, 1088.16, Not Active, 0
2026/08/10 14:26:19.520, 1, 75, 98, 1462, 1089.70, Not Active, 0
2026/08/10 14:26:19.521, 2, 62, 0, 120, 213.59, Not Active, 1172971561
2026/08/10 14:26:19.524, 3, 65, 0, 120, 213.57, Not Active, 1396199084
2026/08/10 14:26:19.525, 4, 73, 99, 1447, 1084.87, Not Active, 0
2026/08/10 14:26:19.526, 5, 73, 99, 1515, 1084.08, Not Active, 0
2026/08/10 14:26:19.527, 6, 62, 0, 120, 216.68, Not Active, 644693151
2026/08/10 14:26:19.528, 7, 59, 0, 120, 208.88, Not Active, 428201171
2026/08/10 14:26:24.530, 0, 72, 99, 1417, 1087.75, Not Active, 0
2026/08/10 14:26:24.531, 1, 75, 99, 1500, 1098.22, Not Active, 0
2026/08/10 14:26:24.532, 2, 62, 0, 120, 213.59, Not Active, 1172971561
2026/08/10 14:26:24.533, 3, 65, 0, 120, 213.59, Not Active, 1396199084
2026/08/10 14:26:24.535, 4, 73, 99, 1455, 1087.35, Not Active, 0
2026/08/10 14:26:24.544, 5, 74, 99, 1530, 1090.52, Not Active, 0
2026/08/10 14:26:24.544, 6, 62, 0, 120, 216.80, Not Active, 644693151
2026/08/10 14:26:24.546, 7, 59, 0, 120, 208.88, Not Active, 428201171
2026/08/10 14:26:29.547, 0, 74, 99, 1470, 1078.60, Not Active, 0
2026/08/10 14:26:29.549, 1, 75, 99, 1342, 1080.19, Not Active, 0
2026/08/10 14:26:29.550, 2, 63, 0, 120, 213.71, Not Active, 1172971561
2026/08/10 14:26:29.551, 3, 65, 0, 120, 213.75, Not Active, 1396199084
2026/08/10 14:26:29.553, 4, 72, 99, 1410, 1084.83, Not Active, 0
2026/08/10 14:26:29.564, 5, 74, 99, 1455, 1077.39, Not Active, 0
2026/08/10 14:26:29.564, 6, 63, 0, 120, 217.54, Not Active, 644693151
2026/08/10 14:26:29.572, 7, 59, 0, 120, 208.72, Not Active, 428201171
2026/08/10 14:26:34.574, 0, 75, 99, 1537, 1081.09, Not Active, 0
2026/08/10 14:26:34.577, 1, 76, 99, 1492, 1088.97, Not Active, 0
2026/08/10 14:26:34.578, 2, 63, 0, 120, 214.28, Not Active, 1172971561
2026/08/10 14:26:34.580, 3, 65, 0, 120, 214.83, Not Active, 1396199084
2026/08/10 14:26:34.581, 4, 72, 99, 1485, 1086.32, Not Active, 0
2026/08/10 14:26:34.583, 5, 74, 99, 1462, 1083.16, Not Active, 0
2026/08/10 14:26:34.593, 6, 63, 0, 120, 218.17, Not Active, 644693151
2026/08/10 14:26:34.594, 7, 59, 0, 120, 208.89, Not Active, 428201171
2026/08/10 14:26:39.596, 0, 74, 99, 1522, 1087.26, Not Active, 0
2026/08/10 14:26:39.597, 1, 73, 98, 1440, 1095.15, Not Active, 0
2026/08/10 14:26:39.600, 2, 63, 0, 120, 215.03, Not Active, 1172971561
2026/08/10 14:26:39.601, 3, 66, 0, 120, 215.30, Not Active, 1396199084
2026/08/10 14:26:39.603, 4, 74, 99, 1470, 1093.84, Not Active, 0
2026/08/10 14:26:39.603, 5, 74, 99, 1530, 1096.00, Not Active, 0
2026/08/10 14:26:39.607, 6, 63, 0, 120, 218.40, Not Active, 644693151
2026/08/10 14:26:39.609, 7, 59, 0, 120, 209.19, Not Active, 428201171
2026/08/10 14:26:44.611, 0, 75, 99, 1492, 1092.06, Not Active, 0
2026/08/10 14:26:44.612, 1, 76, 99, 1447, 1090.43, Not Active, 0
2026/08/10 14:26:44.624, 2, 63, 0, 120, 215.53, Not Active, 1172971561
2026/08/10 14:26:44.626, 3, 66, 0, 120, 215.50, Not Active, 1396199084
2026/08/10 14:26:44.627, 4, 74, 99, 1492, 1090.25, Not Active, 0
2026/08/10 14:26:44.628, 5, 74, 99, 1455, 1088.33, Not Active, 0
2026/08/10 14:26:44.629, 6, 63, 0, 120, 218.48, Not Active, 644693151
2026/08/10 14:26:44.630, 7, 59, 0, 120, 209.41, Not Active, 428201171
2026/08/10 14:26:49.632, 0, 75, 99, 1492, 1084.05, Not Active, 0
2026/08/10 14:26:49.633, 1, 76, 98, 1432, 1085.69, Not Active, 0
2026/08/10 14:26:49.634, 2, 63, 0, 120, 215.54, Not Active, 1172971561
2026/08/10 14:26:49.635, 3, 66, 0, 120, 215.51, Not Active, 1396199084
2026/08/10 14:26:49.637, 4, 73, 99, 1440, 1092.15, Not Active, 0
2026/08/10 14:26:49.644, 5, 75, 99, 1432, 1086.02, Not Active, 0
2026/08/10 14:26:49.645, 6, 63, 0, 120, 218.48, Not Active, 644693151
2026/08/10 14:26:49.646, 7, 60, 0, 120, 209.03, Not Active, 428201171
2026/08/10 14:26:54.648, 0, 76, 99, 1500, 1076.54, Not Active, 0
2026/08/10 14:26:54.649, 1, 76, 99, 1387, 1086.98, Not Active, 0
2026/08/10 14:26:54.651, 2, 63, 0, 120, 215.54, Not Active, 1172971561
2026/08/10 14:26:54.652, 3, 66, 0, 120, 215.52, Not Active, 1396199084
2026/08/10 14:26:54.653, 4, 74, 99, 1387, 1085.62, Not Active, 0
2026/08/10 14:26:54.654, 5, 74, 99, 1462, 1085.44, Not Active, 0
2026/08/10 14:26:54.655, 6, 63, 0, 120, 218.48, Not Active, 644693151
2026/08/10 14:26:54.657, 7, 60, 0, 120, 209.79, Not Active, 428201171
2026/08/10 14:26:59.659, 0, 75, 99, 1477, 1087.90, Not Active, 0
2026/08/10 14:26:59.666, 1, 77, 99, 1477, 1093.58, Not Active, 0
2026/08/10 14:26:59.670, 2, 64, 0, 120, 215.54, Not Active, 1172971561
2026/08/10 14:26:59.671, 3, 66, 0, 120, 215.53, Not Active, 1396199084
2026/08/10 14:26:59.672, 4, 75, 99, 1485, 1088.44, Not Active, 0
2026/08/10 14:26:59.673, 5, 76, 99, 1560, 1090.23, Not Active, 0
2026/08/10 14:26:59.674, 6, 63, 0, 120, 218.48, Not Active, 644693151
2026/08/10 14:26:59.675, 7, 60, 0, 120, 210.69, Not Active, 428201171
2026/08/10 14:27:04.677, 0, 74, 99, 1485, 1100.71, Not Active, 0
2026/08/10 14:27:04.678, 1, 77, 99, 1492, 1094.56, Not Active, 0
2026/08/10 14:27:04.679, 2, 64, 0, 120, 215.54, Not Active, 1172971561
2026/08/10 14:27:04.680, 3, 67, 0, 120, 215.53, Not Active, 1396199084
2026/08/10 14:27:04.681, 4, 74, 99, 1485, 1094.33, Not Active, 0
2026/08/10 14:27:04.682, 5, 74, 99, 1477, 1078.14, Not Active, 0
2026/08/10 14:27:04.683, 6, 64, 0, 120, 218.71, Not Active, 644693151
2026/08/10 14:27:04.684, 7, 60, 0, 120, 210.51, Not Active, 428201171
2026/08/10 14:27:09.686, 0, 77, 99, 1552, 1094.31, Not Active, 0
2026/08/10 14:27:09.689, 1, 75, 99, 1515, 1085.42, Not Active, 0
2026/08/10 14:27:09.690, 2, 64, 0, 120, 215.53, Not Active, 1172971561
2026/08/10 14:27:09.691, 3, 67, 0, 120, 216.04, Not Active, 1396199084
2026/08/10 14:27:09.692, 4, 75, 99, 1507, 1079.72, Not Active, 0
2026/08/10 14:27:09.704, 5, 73, 99, 1432, 1086.81, Not Active, 0
2026/08/10 14:27:09.705, 6, 64, 0, 120, 219.32, Not Active, 644693151
2026/08/10 14:27:09.707, 7, 60, 0, 120, 210.55, Not Active, 428201171
2026/08/10 14:27:14.708, 0, 75, 99, 1500, 1088.26, Not Active, 0
2026/08/10 14:27:14.709, 1, 77, 99, 1417, 1087.25, Not Active, 0
2026/08/10 14:27:14.710, 2, 64, 0, 120, 215.53, Not Active, 1172971561
2026/08/10 14:27:14.711, 3, 67, 0, 120, 217.22, Not Active, 1396199084
2026/08/10 14:27:14.713, 4, 74, 99, 1507, 1086.48, Not Active, 0
2026/08/10 14:27:14.714, 5, 76, 99, 1477, 1084.54, Not Active, 0
2026/08/10 14:27:14.715, 6, 64, 0, 120, 219.89, Not Active, 644693151
2026/08/10 14:27:14.717, 7, 60, 0, 120, 210.78, Not Active, 428201171
2026/08/10 14:27:19.719, 0, 77, 99, 1582, 1091.71, Not Active, 0
2026/08/10 14:27:19.723, 1, 76, 99, 1485, 1095.54, Not Active, 0
2026/08/10 14:27:19.724, 2, 64, 0, 120, 215.96, Not Active, 1172971561
2026/08/10 14:27:19.725, 3, 67, 0, 120, 217.45, Not Active, 1396199084
2026/08/10 14:27:19.726, 4, 75, 99, 1500, 1090.90, Not Active, 0
2026/08/10 14:27:19.729, 5, 75, 99, 1417, 1083.37, Not Active, 0
2026/08/10 14:27:19.730, 6, 64, 0, 120, 220.08, Not Active, 644693151
2026/08/10 14:27:19.731, 7, 61, 0, 120, 210.82, Not Active, 428201171
2026/08/10 14:27:24.733, 0, 76, 99, 1530, 1088.67, Not Active, 0
2026/08/10 14:27:24.734, 1, 77, 98, 1462, 1094.22, Not Active, 0
2026/08/10 14:27:24.736, 2, 64, 0, 120, 216.94, Not Active, 1172971561
2026/08/10 14:27:24.738, 3, 67, 0, 120, 217.45, Not Active, 1396199084
2026/08/10 14:27:24.739, 4, 73, 99, 1477, 1096.38, Not Active, 0
2026/08/10 14:27:24.740, 5, 76, 99, 1462, 1084.31, Not Active, 0
2026/08/10 14:27:24.741, 6, 64, 0, 120, 220.35, Not Active, 644693151
2026/08/10 14:27:24.742, 7, 61, 0, 120, 210.82, Not Active, 428201171
2026/08/10 14:27:29.743, 0, 76, 99, 1492, 1096.81, Not Active, 0
2026/08/10 14:27:29.745, 1, 77, 98, 1455, 1091.31, Not Active, 0
2026/08/10 14:27:29.746, 2, 65, 0, 120, 217.48, Not Active, 1172971561
2026/08/10 14:27:29.747, 3, 68, 0, 120, 217.46, Not Active, 1396199084
2026/08/10 14:27:29.748, 4, 75, 99, 1447, 1088.03, Not Active, 0
2026/08/10 14:27:29.749, 5, 74, 99, 1485, 1088.77, Not Active, 0
2026/08/10 14:27:29.750, 6, 65, 0, 120, 220.35, Not Active, 644693151
2026/08/10 14:27:29.751, 7, 61, 0, 120, 210.82, Not Active, 428201171
2026/08/10 14:27:34.753, 0, 76, 99, 1560, 1084.12, Not Active, 0
2026/08/10 14:27:34.757, 1, 78, 99, 1447, 1084.94, Not Active, 0
2026/08/10 14:27:34.758, 2, 65, 0, 120, 217.48, Not Active, 1172971561
2026/08/10 14:27:34.759, 3, 68, 0, 120, 217.44, Not Active, 1396199084
2026/08/10 14:27:34.765, 4, 76, 99, 1470, 1082.86, Not Active, 0
2026/08/10 14:27:34.766, 5, 76, 99, 1507, 1070.05, Not Active, 0
2026/08/10 14:27:34.766, 6, 65, 0, 120, 220.47, Not Active, 644693151
2026/08/10 14:27:34.768, 7, 61, 0, 120, 210.82, Not Active, 428201171
2026/08/10 14:27:39.769, 0, 60, 0, 2032, 444.36, Not Active, 0
2026/08/10 14:27:39.773, 1, 62, 0, 2032, 541.09, Not Active, 0
2026/08/10 14:27:39.774, 2, 65, 0, 120, 217.48, Not Active, 1172971561
2026/08/10 14:27:39.775, 3, 68, 0, 120, 217.47, Not Active, 1396199084
2026/08/10 14:27:39.778, 4, 58, 0, 2032, 454.73, Not Active, 0
2026/08/10 14:27:39.778, 5, 59, 0, 2032, 479.08, Not Active, 0
2026/08/10 14:27:39.779, 6, 65, 0, 120, 220.47, Not Active, 644693151
2026/08/10 14:27:39.780, 7, 61, 0, 120, 210.88, Not Active, 428201171
2026/08/10 14:27:44.790, 0, 56, 0, 2032, 264.68, Not Active, 0
2026/08/10 14:27:44.791, 1, 58, 0, 2032, 280.44, Not Active, 0
2026/08/10 14:27:44.792, 2, 65, 0, 120, 217.48, Not Active, 1172971561
2026/08/10 14:27:44.793, 3, 68, 0, 120, 217.48, Not Active, 1396199084
2026/08/10 14:27:44.794, 4, 55, 0, 2032, 267.97, Not Active, 0
2026/08/10 14:27:44.795, 5, 55, 0, 2032, 271.15, Not Active, 0
2026/08/10 14:27:44.796, 6, 65, 0, 120, 220.55, Not Active, 644693151
2026/08/10 14:27:44.797, 7, 61, 0, 120, 212.49, Not Active, 428201171
2026/08/10 14:27:49.798, 0, 56, 0, 2032, 292.33, Not Active, 0
2026/08/10 14:27:49.800, 1, 56, 0, 2032, 274.52, Not Active, 0
2026/08/10 14:27:49.801, 2, 65, 0, 120, 217.48, Not Active, 1172971561
2026/08/10 14:27:49.802, 3, 68, 0, 120, 217.48, Not Active, 1396199084
2026/08/10 14:27:49.803, 4, 53, 0, 2032, 265.43, Not Active, 0
2026/08/10 14:27:49.804, 5, 53, 7, 2032, 267.25, Not Active, 0
2026/08/10 14:27:49.804, 6, 65, 0, 120, 220.58, Not Active, 644693151
2026/08/10 14:27:49.806, 7, 61, 0, 120, 210.94, Not Active, 428201171
2026/08/10 14:27:54.807, 0, 72, 99, 1440, 1088.33, Not Active, 0
2026/08/10 14:27:54.808, 1, 73, 99, 1462, 1095.83, Not Active, 0
2026/08/10 14:27:54.809, 2, 65, 0, 120, 217.48, Not Active, 1172971561
2026/08/10 14:27:54.810, 3, 68, 0, 120, 217.46, Not Active, 1396199084
2026/08/10 14:27:54.812, 4, 70, 99, 1455, 1082.25, Not Active, 0
2026/08/10 14:27:54.813, 5, 68, 99, 1507, 1089.09, Not Active, 0
2026/08/10 14:27:54.814, 6, 65, 0, 120, 220.55, Not Active, 644693151
2026/08/10 14:27:54.815, 7, 61, 0, 120, 211.64, Not Active, 428201171
2026/08/10 14:27:59.816, 0, 73, 99, 1425, 1083.21, Not Active, 0
2026/08/10 14:27:59.817, 1, 74, 99, 1402, 1091.47, Not Active, 0
2026/08/10 14:27:59.822, 2, 65, 0, 120, 217.48, Not Active, 1172971561
2026/08/10 14:27:59.823, 3, 68, 0, 120, 217.42, Not Active, 1396199084
2026/08/10 14:27:59.824, 4, 71, 99, 1440, 1093.31, Not Active, 0
2026/08/10 14:27:59.825, 5, 69, 99, 1507, 1078.58, Not Active, 0
2026/08/10 14:27:59.826, 6, 65, 0, 120, 220.51, Not Active, 644693151
2026/08/10 14:27:59.827, 7, 61, 0, 120, 210.82, Not Active, 428201171
2026/08/10 14:28:04.829, 0, 73, 99, 1477, 1086.60, Not Active, 0
2026/08/10 14:28:04.830, 1, 74, 99, 1462, 1089.05, Not Active, 0
2026/08/10 14:28:04.831, 2, 65, 0, 120, 217.48, Not Active, 1172971561
2026/08/10 14:28:04.832, 3, 68, 0, 120, 217.45, Not Active, 1396199084
2026/08/10 14:28:04.834, 4, 72, 99, 1477, 1093.62, Not Active, 0
2026/08/10 14:28:04.836, 5, 72, 99, 1440, 1071.57, Not Active, 0
2026/08/10 14:28:04.837, 6, 65, 0, 120, 220.43, Not Active, 644693151
2026/08/10 14:28:04.838, 7, 61, 0, 120, 210.94, Not Active, 428201171
2026/08/10 14:28:09.840, 0, 73, 99, 1357, 1089.46, Not Active, 0
2026/08/10 14:28:09.841, 1, 73, 99, 1402, 1092.26, Not Active, 0
2026/08/10 14:28:09.844, 2, 65, 0, 120, 217.48, Not Active, 1172971561
2026/08/10 14:28:09.845, 3, 68, 0, 120, 217.46, Not Active, 1396199084
2026/08/10 14:28:09.846, 4, 73, 99, 1455, 1090.55, Not Active, 0
2026/08/10 14:28:09.847, 5, 74, 99, 1455, 1091.61, Not Active, 0
2026/08/10 14:28:09.850, 6, 65, 0, 120, 220.55, Not Active, 644693151
2026/08/10 14:28:09.851, 7, 61, 0, 120, 210.82, Not Active, 428201171
2026/08/10 14:28:14.853, 0, 75, 100, 1492, 1088.16, Not Active, 0
2026/08/10 14:28:14.866, 1, 76, 99, 1485, 1095.44, Not Active, 0
2026/08/10 14:28:14.867, 2, 65, 0, 120, 217.48, Not Active, 1172971561
2026/08/10 14:28:14.868, 3, 68, 0, 120, 217.46, Not Active, 1396199084
2026/08/10 14:28:14.870, 4, 73, 99, 1515, 1091.06, Not Active, 0
2026/08/10 14:28:14.871, 5, 73, 99, 1455, 1080.36, Not Active, 0
2026/08/10 14:28:14.872, 6, 65, 0, 120, 220.43, Not Active, 644693151
2026/08/10 14:28:14.873, 7, 61, 0, 120, 210.82, Not Active, 428201171
2026/08/10 14:28:19.875, 0, 74, 99, 1477, 1085.70, Not Active, 0
2026/08/10 14:28:19.882, 1, 75, 99, 1500, 1079.50, Not Active, 0
2026/08/10 14:28:19.883, 2, 65, 0, 120, 217.48, Not Active, 1172971561
2026/08/10 14:28:19.884, 3, 68, 0, 120, 217.47, Not Active, 1396199084
2026/08/10 14:28:19.885, 4, 74, 99, 1575, 1092.83, Not Active, 0
2026/08/10 14:28:19.888, 5, 74, 99, 1507, 1085.31, Not Active, 0
2026/08/10 14:28:19.893, 6, 65, 0, 120, 220.43, Not Active, 644693151
2026/08/10 14:28:19.894, 7, 61, 0, 120, 210.82, Not Active, 428201171
2026/08/10 14:28:24.896, 0, 74, 99, 1582, 1086.97, Not Active, 0
2026/08/10 14:28:24.897, 1, 76, 100, 1530, 1088.17, Not Active, 0
2026/08/10 14:28:24.898, 2, 65, 0, 120, 217.48, Not Active, 1172971561
2026/08/10 14:28:24.900, 3, 68, 0, 120, 217.46, Not Active, 1396199084
2026/08/10 14:28:24.901, 4, 74, 99, 1552, 1101.09, Not Active, 0
2026/08/10 14:28:24.902, 5, 73, 99, 1447, 1077.46, Not Active, 0
2026/08/10 14:28:24.903, 6, 65, 0, 120, 220.43, Not Active, 644693151
2026/08/10 14:28:24.904, 7, 61, 0, 120, 210.86, Not Active, 428201171
2026/08/10 14:28:29.906, 0, 74, 100, 1425, 1084.62, Not Active, 0
2026/08/10 14:28:29.907, 1, 76, 99, 1455, 1078.35, Not Active, 0
2026/08/10 14:28:29.910, 2, 65, 0, 120, 217.48, Not Active, 1172971561
2026/08/10 14:28:29.911, 3, 68, 0, 120, 217.47, Not Active, 1396199084
2026/08/10 14:28:29.912, 4, 73, 99, 1470, 1095.00, Not Active, 0
2026/08/10 14:28:29.913, 5, 75, 99, 1492, 1079.21, Not Active, 0
2026/08/10 14:28:29.914, 6, 65, 0, 120, 220.47, Not Active, 644693151
2026/08/10 14:28:29.918, 7, 61, 0, 120, 210.86, Not Active, 428201171
2026/08/10 14:28:34.919, 0, 75, 99, 1492, 1083.06, Not Active, 0
2026/08/10 14:28:34.920, 1, 76, 99, 1462, 1096.03, Not Active, 0
2026/08/10 14:28:34.921, 2, 65, 0, 120, 217.48, Not Active, 1172971561
2026/08/10 14:28:34.927, 3, 68, 0, 120, 217.47, Not Active, 1396199084
2026/08/10 14:28:34.928, 4, 74, 99, 1537, 1094.80, Not Active, 0
2026/08/10 14:28:34.929, 5, 75, 99, 1492, 1082.78, Not Active, 0
2026/08/10 14:28:34.936, 6, 65, 0, 120, 220.43, Not Active, 644693151
2026/08/10 14:28:34.937, 7, 61, 0, 120, 210.82, Not Active, 428201171
2026/08/10 14:28:39.938, 0, 76, 99, 1605, 1088.05, Not Active, 0
2026/08/10 14:28:39.939, 1, 77, 99, 1530, 1091.90, Not Active, 0
2026/08/10 14:28:39.943, 2, 65, 0, 120, 217.48, Not Active, 1172971561
2026/08/10 14:28:39.945, 3, 68, 0, 120, 217.47, Not Active, 1396199084
2026/08/10 14:28:39.946, 4, 72, 99, 1537, 1093.95, Not Active, 0
2026/08/10 14:28:39.947, 5, 74, 99, 1410, 1087.66, Not Active, 0
2026/08/10 14:28:39.948, 6, 65, 0, 120, 220.43, Not Active, 644693151
2026/08/10 14:28:39.949, 7, 61, 0, 120, 210.90, Not Active, 428201171
2026/08/10 14:28:44.951, 0, 73, 100, 1552, 1089.02, Not Active, 0
2026/08/10 14:28:44.952, 1, 76, 99, 1492, 1086.07, Not Active, 0
2026/08/10 14:28:44.953, 2, 65, 0, 120, 217.48, Not Active, 1172971561
2026/08/10 14:28:44.954, 3, 68, 0, 120, 217.48, Not Active, 1396199084
2026/08/10 14:28:44.955, 4, 74, 99, 1485, 1086.80, Not Active, 0
2026/08/10 14:28:44.956, 5, 73, 99, 1425, 1085.28, Not Active, 0
2026/08/10 14:28:44.957, 6, 65, 0, 120, 220.47, Not Active, 644693151
2026/08/10 14:28:44.959, 7, 61, 0, 120, 210.82, Not Active, 428201171
2026/08/10 14:28:49.960, 0, 76, 99, 1537, 1091.98, Not Active, 0
2026/08/10 14:28:49.961, 1, 76, 99, 1432, 1092.86, Not Active, 0
2026/08/10 14:28:49.962, 2, 65, 0, 120, 217.48, Not Active, 1172971561
2026/08/10 14:28:49.963, 3, 68, 0, 120, 217.61, Not Active, 1396199084
2026/08/10 14:28:49.964, 4, 75, 99, 1522, 1088.30, Not Active, 0
2026/08/10 14:28:49.965, 5, 76, 99, 1530, 1090.64, Not Active, 0
2026/08/10 14:28:49.966, 6, 65, 0, 120, 220.58, Not Active, 644693151
2026/08/10 14:28:49.968, 7, 61, 0, 120, 210.87, Not Active, 428201171
2026/08/10 14:28:54.969, 0, 76, 99, 1605, 1084.72, Not Active, 0
2026/08/10 14:28:54.971, 1, 77, 99, 1492, 1087.37, Not Active, 0
2026/08/10 14:28:54.972, 2, 65, 0, 120, 217.48, Not Active, 1172971561
2026/08/10 14:28:54.973, 3, 68, 0, 120, 217.84, Not Active, 1396199084
2026/08/10 14:28:54.974, 4, 72, 99, 1560, 1095.74, Not Active, 0
2026/08/10 14:28:54.975, 5, 75, 99, 1500, 1083.37, Not Active, 0
2026/08/10 14:28:54.976, 6, 65, 0, 120, 221.12, Not Active, 644693151
2026/08/10 14:28:54.977, 7, 61, 0, 120, 211.91, Not Active, 428201171
2026/08/10 14:28:59.979, 0, 73, 99, 1575, 1087.21, Not Active, 0
2026/08/10 14:28:59.983, 1, 77, 99, 1515, 1080.47, Not Active, 0
2026/08/10 14:28:59.984, 2, 65, 0, 120, 217.48, Not Active, 1172971561
2026/08/10 14:28:59.985, 3, 68, 0, 120, 218.43, Not Active, 1396199084
2026/08/10 14:28:59.986, 4, 75, 99, 1470, 1082.69, Not Active, 0
2026/08/10 14:28:59.988, 5, 73, 99, 1455, 1082.14, Not Active, 0
2026/08/10 14:28:59.994, 6, 65, 0, 120, 221.52, Not Active, 644693151
2026/08/10 14:28:59.995, 7, 61, 0, 120, 211.24, Not Active, 428201171
2026/08/10 14:29:04.997, 0, 76, 99, 1492, 1091.99, Not Active, 0
2026/08/10 14:29:04.998, 1, 77, 99, 1402, 1094.58, Not Active, 0
2026/08/10 14:29:04.999, 2, 65, 0, 120, 217.48, Not Active, 1172971561
2026/08/10 14:29:05.001, 3, 68, 0, 120, 219.20, Not Active, 1396199084
2026/08/10 14:29:05.002, 4, 75, 99, 1560, 1098.27, Not Active, 0
2026/08/10 14:29:05.005, 5, 75, 99, 1485, 1087.99, Not Active, 0
2026/08/10 14:29:05.008, 6, 65, 0, 120, 222.00, Not Active, 644693151
2026/08/10 14:29:05.009, 7, 61, 0, 120, 211.13, Not Active, 428201171
2026/08/10 14:29:10.011, 0, 76, 99, 1515, 1079.03, Not Active, 0
2026/08/10 14:29:10.012, 1, 78, 99, 1500, 1086.01, Not Active, 0
2026/08/10 14:29:10.020, 2, 65, 0, 120, 217.48, Not Active, 1172971561
2026/08/10 14:29:10.024, 3, 68, 0, 120, 219.35, Not Active, 1396199084
2026/08/10 14:29:10.025, 4, 76, 99, 1515, 1095.32, Not Active, 0
2026/08/10 14:29:10.026, 5, 76, 99, 1477, 1075.29, Not Active, 0
2026/08/10 14:29:10.027, 6, 65, 0, 120, 222.27, Not Active, 644693151
2026/08/10 14:29:10.033, 7, 61, 0, 120, 211.20, Not Active, 428201171
2026/08/10 14:29:15.034, 0, 77, 100, 1477, 1091.56, Not Active, 0
2026/08/10 14:29:15.035, 1, 75, 99, 1515, 1079.54, Not Active, 0
2026/08/10 14:29:15.036, 2, 65, 0, 120, 217.63, Not Active, 1172971561
2026/08/10 14:29:15.040, 3, 69, 0, 120, 219.36, Not Active, 1396199084
2026/08/10 14:29:15.041, 4, 75, 99, 1507, 1087.83, Not Active, 0
2026/08/10 14:29:15.042, 5, 74, 99, 1477, 1075.36, Not Active, 0
2026/08/10 14:29:15.043, 6, 66, 0, 120, 222.34, Not Active, 644693151
2026/08/10 14:29:15.044, 7, 61, 0, 120, 212.77, Not Active, 428201171
2026/08/10 14:29:20.048, 0, 76, 99, 1477, 1081.70, Not Active, 0
2026/08/10 14:29:20.049, 1, 78, 99, 1432, 1092.16, Not Active, 0
2026/08/10 14:29:20.050, 2, 66, 0, 120, 217.75, Not Active, 1172971561
2026/08/10 14:29:20.051, 3, 69, 0, 120, 219.36, Not Active, 1396199084
2026/08/10 14:29:20.052, 4, 74, 99, 1462, 1085.94, Not Active, 0
2026/08/10 14:29:20.053, 5, 76, 99, 1455, 1083.59, Not Active, 0
2026/08/10 14:29:20.054, 6, 66, 0, 120, 222.38, Not Active, 644693151
2026/08/10 14:29:20.056, 7, 62, 0, 120, 212.26, Not Active, 428201171
2026/08/10 14:29:25.057, 0, 76, 99, 1605, 1096.48, Not Active, 0
2026/08/10 14:29:25.066, 1, 78, 99, 1500, 1088.23, Not Active, 0
2026/08/10 14:29:25.067, 2, 66, 0, 120, 218.35, Not Active, 1172971561
2026/08/10 14:29:25.068, 3, 69, 0, 120, 219.35, Not Active, 1396199084
2026/08/10 14:29:25.069, 4, 76, 99, 1575, 1090.12, Not Active, 0
2026/08/10 14:29:25.070, 5, 76, 99, 1432, 1082.34, Not Active, 0
2026/08/10 14:29:25.071, 6, 66, 0, 120, 222.38, Not Active, 644693151
2026/08/10 14:29:25.073, 7, 62, 0, 120, 212.77, Not Active, 428201171
2026/08/10 14:29:30.075, 0, 76, 99, 1425, 1090.40, Not Active, 0
2026/08/10 14:29:30.081, 1, 76, 99, 1432, 1088.69, Not Active, 0
2026/08/10 14:29:30.082, 2, 66, 0, 120, 218.84, Not Active, 1172971561
2026/08/10 14:29:30.083, 3, 69, 0, 120, 219.40, Not Active, 1396199084
2026/08/10 14:29:30.084, 4, 76, 99, 1462, 1093.38, Not Active, 0
2026/08/10 14:29:30.090, 5, 77, 99, 1485, 1088.55, Not Active, 0
2026/08/10 14:29:30.091, 6, 66, 0, 120, 222.38, Not Active, 644693151
2026/08/10 14:29:30.093, 7, 62, 0, 120, 212.77, Not Active, 428201171
2026/08/10 14:29:35.095, 0, 77, 99, 1492, 1094.73, Not Active, 0
2026/08/10 14:29:35.096, 1, 77, 99, 1417, 1094.62, Not Active, 0
2026/08/10 14:29:35.097, 2, 66, 0, 120, 217.48, Not Active, 1172971561
2026/08/10 14:29:35.098, 3, 69, 0, 120, 219.40, Not Active, 1396199084
2026/08/10 14:29:35.100, 4, 76, 99, 1522, 1083.71, Not Active, 0
2026/08/10 14:29:35.101, 5, 77, 99, 1530, 1087.66, Not Active, 0
2026/08/10 14:29:35.101, 6, 66, 0, 120, 222.38, Not Active, 644693151
2026/08/10 14:29:35.103, 7, 62, 0, 120, 212.78, Not Active, 428201171
2026/08/10 14:29:40.105, 0, 59, 0, 2032, 270.31, Not Active, 0
2026/08/10 14:29:40.105, 1, 61, 0, 2032, 289.63, Not Active, 0
2026/08/10 14:29:40.106, 2, 66, 0, 120, 217.48, Not Active, 1172971561
2026/08/10 14:29:40.107, 3, 69, 0, 120, 219.42, Not Active, 1396199084
2026/08/10 14:29:40.109, 4, 58, 0, 2032, 273.77, Not Active, 0
2026/08/10 14:29:40.110, 5, 58, 0, 2032, 274.85, Not Active, 0
2026/08/10 14:29:40.110, 6, 66, 0, 120, 222.38, Not Active, 644693151
2026/08/10 14:29:40.112, 7, 62, 0, 120, 212.84, Not Active, 428201171
2026/08/10 14:29:45.113, 0, 56, 0, 2032, 264.37, Not Active, 0
2026/08/10 14:29:45.113, 1, 58, 0, 2032, 281.65, Not Active, 0
2026/08/10 14:29:45.114, 2, 66, 0, 120, 217.48, Not Active, 1172971561
2026/08/10 14:29:45.116, 3, 69, 0, 120, 219.42, Not Active, 1396199084
2026/08/10 14:29:45.117, 4, 55, 0, 2032, 267.54, Not Active, 0
2026/08/10 14:29:45.117, 5, 55, 0, 2032, 269.73, Not Active, 0
2026/08/10 14:29:45.118, 6, 66, 0, 120, 222.38, Not Active, 644693151
2026/08/10 14:29:45.120, 7, 62, 0, 120, 212.81, Not Active, 428201171
2026/08/10 14:29:50.122, 0, 54, 0, 2032, 294.47, Not Active, 0
2026/08/10 14:29:50.123, 1, 56, 0, 2032, 274.71, Not Active, 0
2026/08/10 14:29:50.123, 2, 66, 0, 120, 217.48, Not Active, 1172971561
2026/08/10 14:29:50.125, 3, 69, 0, 120, 219.42, Not Active, 1396199084
2026/08/10 14:29:50.126, 4, 53, 0, 2032, 265.08, Not Active, 0
2026/08/10 14:29:50.127, 5, 53, 0, 2032, 266.88, Not Active, 0
2026/08/10 14:29:50.127, 6, 66, 0, 120, 222.38, Not Active, 644693151
2026/08/10 14:29:50.133, 7, 62, 0, 120, 212.89, Not Active, 428201171
2026/08/10 14:29:55.135, 0, 72, 99, 1537, 1082.12, Not Active, 0
2026/08/10 14:29:55.136, 1, 73, 99, 1477, 1085.62, Not Active, 0
2026/08/10 14:29:55.137, 2, 66, 0, 120, 217.48, Not Active, 1172971561
2026/08/10 14:29:55.140, 3, 69, 0, 120, 219.37, Not Active, 1396199084
2026/08/10 14:29:55.142, 4, 71, 99, 1492, 1091.75, Not Active, 0
2026/08/10 14:29:55.142, 5, 70, 99, 1447, 1078.06, Not Active, 0
2026/08/10 14:29:55.150, 6, 66, 0, 120, 222.38, Not Active, 644693151
2026/08/10 14:29:55.151, 7, 62, 0, 120, 212.54, Not Active, 428201171
2026/08/10 14:30:00.153, 0, 72, 99, 1492, 1088.53, Not Active, 0
2026/08/10 14:30:00.154, 1, 74, 99, 1447, 1086.42, Not Active, 0
2026/08/10 14:30:00.155, 2, 66, 0, 120, 217.48, Not Active, 1172971561
2026/08/10 14:30:00.156, 3, 69, 0, 120, 219.38, Not Active, 1396199084
2026/08/10 14:30:00.157, 4, 71, 99, 1492, 1083.01, Not Active, 0
2026/08/10 14:30:00.164, 5, 72, 99, 1462, 1079.21, Not Active, 0
2026/08/10 14:30:00.165, 6, 66, 0, 120, 222.38, Not Active, 644693151
2026/08/10 14:30:00.166, 7, 62, 0, 120, 212.28, Not Active, 428201171
2026/08/10 14:30:05.168, 0, 74, 99, 1620, 1092.60, Not Active, 0
2026/08/10 14:30:05.169, 1, 74, 99, 1470, 1087.74, Not Active, 0
2026/08/10 14:30:05.170, 2, 66, 0, 120, 217.48, Not Active, 1172971561
2026/08/10 14:30:05.171, 3, 69, 0, 120, 219.40, Not Active, 1396199084
2026/08/10 14:30:05.172, 4, 73, 99, 1507, 1086.87, Not Active, 0
2026/08/10 14:30:05.173, 5, 73, 99, 1470, 1089.54, Not Active, 0
2026/08/10 14:30:05.174, 6, 66, 0, 120, 222.38, Not Active, 644693151
2026/08/10 14:30:05.175, 7, 61, 0, 120, 212.68, Not Active, 428201171
2026/08/10 14:30:10.177, 0, 74, 99, 1507, 1086.00, Not Active, 0
2026/08/10 14:30:10.182, 1, 73, 99, 1410, 1091.63, Not Active, 0
2026/08/10 14:30:10.183, 2, 65, 0, 120, 217.48, Not Active, 1172971561
2026/08/10 14:30:10.185, 3, 69, 0, 120, 219.37, Not Active, 1396199084
2026/08/10 14:30:10.186, 4, 73, 99, 1522, 1091.94, Not Active, 0
2026/08/10 14:30:10.187, 5, 71, 99, 1425, 1089.11, Not Active, 0
2026/08/10 14:30:10.188, 6, 66, 0, 120, 222.38, Not Active, 644693151
2026/08/10 14:30:10.190, 7, 61, 0, 120, 211.97, Not Active, 428201171
2026/08/10 14:30:15.191, 0, 74, 99, 1590, 1095.92, Not Active, 0
2026/08/10 14:30:15.192, 1, 74, 99, 1507, 1096.25, Not Active, 0
2026/08/10 14:30:15.193, 2, 65, 0, 120, 217.48, Not Active, 1172971561
2026/08/10 14:30:15.194, 3, 69, 0, 120, 219.40, Not Active, 1396199084
2026/08/10 14:30:15.196, 4, 73, 99, 1485, 1100.06, Not Active, 0
2026/08/10 14:30:15.201, 5, 73, 99, 1447, 1086.19, Not Active, 0
2026/08/10 14:30:15.207, 6, 66, 0, 120, 222.38, Not Active, 644693151
2026/08/10 14:30:15.208, 7, 61, 0, 120, 211.34, Not Active, 428201171
2026/08/10 14:30:20.209, 0, 74, 99, 1485, 1088.38, Not Active, 0
2026/08/10 14:30:20.210, 1, 75, 99, 1440, 1091.58, Not Active, 0
2026/08/10 14:30:20.211, 2, 65, 0, 120, 217.48, Not Active, 1172971561
2026/08/10 14:30:20.213, 3, 69, 0, 120, 219.40, Not Active, 1396199084
2026/08/10 14:30:20.219, 4, 73, 99, 1485, 1097.98, Not Active, 0
2026/08/10 14:30:20.220, 5, 75, 99, 1515, 1087.73, Not Active, 0
2026/08/10 14:30:20.221, 6, 66, 0, 120, 222.38, Not Active, 644693151
2026/08/10 14:30:20.222, 7, 61, 0, 120, 211.37, Not Active, 428201171
2026/08/10 14:30:25.228, 0, 76, 99, 1530, 1078.86, Not Active, 0
2026/08/10 14:30:25.229, 1, 77, 99, 1477, 1088.70, Not Active, 0
2026/08/10 14:30:25.230, 2, 65, 0, 120, 217.48, Not Active, 1172971561
2026/08/10 14:30:25.231, 3, 69, 0, 120, 219.36, Not Active, 1396199084
2026/08/10 14:30:25.233, 4, 74, 99, 1500, 1091.05, Not Active, 0
2026/08/10 14:30:25.234, 5, 73, 99, 1440, 1077.05, Not Active, 0
2026/08/10 14:30:25.235, 6, 66, 0, 120, 222.38, Not Active, 644693151
2026/08/10 14:30:25.236, 7, 61, 0, 120, 211.47, Not Active, 428201171
2026/08/10 14:30:30.238, 0, 73, 99, 1485, 1081.53, Not Active, 0
2026/08/10 14:30:30.239, 1, 74, 99, 1500, 1095.12, Not Active, 0
2026/08/10 14:30:30.240, 2, 65, 0, 120, 217.48, Not Active, 1172971561
2026/08/10 14:30:30.241, 3, 69, 0, 120, 219.37, Not Active, 1396199084
2026/08/10 14:30:30.242, 4, 73, 99, 1440, 1071.86, Not Active, 0
2026/08/10 14:30:30.243, 5, 72, 99, 1447, 1088.70, Not Active, 0
2026/08/10 14:30:30.244, 6, 66, 0, 120, 222.38, Not Active, 644693151
2026/08/10 14:30:30.246, 7, 61, 0, 120, 211.51, Not Active, 428201171
2026/08/10 14:30:35.247, 0, 75, 99, 1432, 1089.93, Not Active, 0
2026/08/10 14:30:35.251, 1, 77, 99, 1440, 1083.05, Not Active, 0
2026/08/10 14:30:35.251, 2, 65, 0, 120, 217.48, Not Active, 1172971561
2026/08/10 14:30:35.253, 3, 69, 0, 120, 219.37, Not Active, 1396199084
2026/08/10 14:30:35.254, 4, 74, 99, 1492, 1090.05, Not Active, 0
2026/08/10 14:30:35.255, 5, 74, 99, 1507, 1080.91, Not Active, 0
2026/08/10 14:30:35.256, 6, 66, 0, 120, 222.38, Not Active, 644693151
2026/08/10 14:30:35.257, 7, 61, 0, 120, 211.68, Not Active, 428201171
2026/08/10 14:30:40.259, 0, 75, 99, 1552, 1083.93, Not Active, 0
2026/08/10 14:30:40.261, 1, 76, 99, 1500, 1081.01, Not Active, 0
2026/08/10 14:30:40.262, 2, 65, 0, 120, 217.48, Not Active, 1172971561
2026/08/10 14:30:40.263, 3, 69, 0, 120, 219.36, Not Active, 1396199084
2026/08/10 14:30:40.264, 4, 75, 99, 1470, 1085.07, Not Active, 0
2026/08/10 14:30:40.265, 5, 75, 99, 1447, 1079.35, Not Active, 0
2026/08/10 14:30:40.266, 6, 66, 0, 120, 222.38, Not Active, 644693151
2026/08/10 14:30:40.267, 7, 61, 0, 120, 211.79, Not Active, 428201171
2026/08/10 14:30:45.269, 0, 76, 99, 1500, 1070.47, Not Active, 0
2026/08/10 14:30:45.270, 1, 77, 99, 1485, 1081.91, Not Active, 0
2026/08/10 14:30:45.271, 2, 66, 0, 120, 217.48, Not Active, 1172971561
2026/08/10 14:30:45.272, 3, 69, 0, 120, 219.33, Not Active, 1396199084
2026/08/10 14:30:45.273, 4, 75, 99, 1545, 1089.41, Not Active, 0
2026/08/10 14:30:45.274, 5, 75, 99, 1425, 1066.80, Not Active, 0
2026/08/10 14:30:45.278, 6, 66, 0, 120, 222.38, Not Active, 644693151
2026/08/10 14:30:45.279, 7, 61, 0, 120, 212.32, Not Active, 428201171
2026/08/10 14:30:50.281, 0, 75, 99, 1455, 1077.68, Not Active, 0
2026/08/10 14:30:50.282, 1, 77, 99, 1462, 1087.70, Not Active, 0
2026/08/10 14:30:50.284, 2, 66, 0, 120, 217.48, Not Active, 1172971561
2026/08/10 14:30:50.285, 3, 69, 0, 120, 219.36, Not Active, 1396199084
2026/08/10 14:30:50.287, 4, 72, 99, 1470, 1092.80, Not Active, 0
2026/08/10 14:30:50.287, 5, 75, 99, 1537, 1086.88, Not Active, 0
2026/08/10 14:30:50.288, 6, 66, 0, 120, 222.38, Not Active, 644693151
2026/08/10 14:30:50.289, 7, 62, 0, 120, 212.70, Not Active, 428201171
2026/08/10 14:30:55.293, 0, 76, 99, 1447, 1083.43, Not Active, 0
2026/08/10 14:30:55.295, 1, 77, 99, 1477, 1085.01, Not Active, 0
2026/08/10 14:30:55.296, 2, 66, 0, 120, 217.48, Not Active, 1172971561
2026/08/10 14:30:55.297, 3, 69, 0, 120, 219.37, Not Active, 1396199084
2026/08/10 14:30:55.299, 4, 75, 99, 1500, 1082.84, Not Active, 0
2026/08/10 14:30:55.300, 5, 75, 99, 1455, 1089.66, Not Active, 0
2026/08/10 14:30:55.301, 6, 66, 0, 120, 222.38, Not Active, 644693151
2026/08/10 14:30:55.302, 7, 62, 0, 120, 212.62, Not Active, 428201171
2026/08/10 14:31:00.304, 0, 77, 99, 1567, 1081.87, Not Active, 0
2026/08/10 14:31:00.305, 1, 76, 99, 1387, 1082.40, Not Active, 0
2026/08/10 14:31:00.311, 2, 66, 0, 120, 217.48, Not Active, 1172971561
2026/08/10 14:31:00.312, 3, 69, 0, 120, 219.38, Not Active, 1396199084
2026/08/10 14:31:00.318, 4, 73, 99, 1485, 1093.66, Not Active, 0
2026/08/10 14:31:00.319, 5, 75, 99, 1470, 1085.70, Not Active, 0
2026/08/10 14:31:00.320, 6, 66, 0, 120, 222.38, Not Active, 644693151
2026/08/10 14:31:00.321, 7, 62, 0, 120, 212.25, Not Active, 428201171
2026/08/10 14:31:05.328, 0, 73, 99, 1590, 1090.68, Not Active, 0
2026/08/10 14:31:05.330, 1, 75, 99, 1380, 1086.15, Not Active, 0
2026/08/10 14:31:05.330, 2, 66, 0, 120, 217.48, Not Active, 1172971561
2026/08/10 14:31:05.332, 3, 69, 0, 120, 219.35, Not Active, 1396199084
2026/08/10 14:31:05.333, 4, 75, 99, 1485, 1076.67, Not Active, 0
2026/08/10 14:31:05.334, 5, 76, 99, 1567, 1095.36, Not Active, 0
2026/08/10 14:31:05.335, 6, 66, 0, 120, 222.38, Not Active, 644693151
2026/08/10 14:31:05.336, 7, 62, 0, 120, 212.70, Not Active, 428201171
2026/08/10 14:31:10.338, 0, 77, 99, 1462, 1093.96, Not Active, 0
2026/08/10 14:31:10.339, 1, 78, 99, 1500, 1081.66, Not Active, 0
2026/08/10 14:31:10.340, 2, 66, 0, 120, 217.48, Not Active, 1172971561
2026/08/10 14:31:10.341, 3, 69, 0, 120, 219.36, Not Active, 1396199084
2026/08/10 14:31:10.343, 4, 73, 99, 1447, 1090.92, Not Active, 0
2026/08/10 14:31:10.343, 5, 76, 99, 1500, 1078.26, Not Active, 0
2026/08/10 14:31:10.351, 6, 66, 0, 120, 222.38, Not Active, 644693151
2026/08/10 14:31:10.353, 7, 62, 0, 120, 212.77, Not Active, 428201171
2026/08/10 14:31:15.355, 0, 76, 99, 1485, 1083.53, Not Active, 0
2026/08/10 14:31:15.356, 1, 78, 99, 1455, 1090.14, Not Active, 0
2026/08/10 14:31:15.357, 2, 66, 0, 120, 217.48, Not Active, 1172971561
2026/08/10 14:31:15.361, 3, 69, 0, 120, 219.44, Not Active, 1396199084
2026/08/10 14:31:15.362, 4, 75, 99, 1492, 1093.37, Not Active, 0
2026/08/10 14:31:15.363, 5, 76, 99, 1507, 1086.06, Not Active, 0
2026/08/10 14:31:15.364, 6, 66, 0, 120, 222.38, Not Active, 644693151
2026/08/10 14:31:15.365, 7, 62, 0, 120, 212.78, Not Active, 428201171
2026/08/10 14:31:20.368, 0, 78, 99, 1552, 1084.58, Not Active, 0
2026/08/10 14:31:20.369, 1, 79, 99, 1605, 1088.48, Not Active, 0
2026/08/10 14:31:20.370, 2, 66, 0, 120, 217.63, Not Active, 1172971561
2026/08/10 14:31:20.371, 3, 69, 0, 120, 219.51, Not Active, 1396199084
2026/08/10 14:31:20.372, 4, 73, 99, 1537, 1089.54, Not Active, 0
2026/08/10 14:31:20.373, 5, 75, 99, 1485, 1081.46, Not Active, 0
2026/08/10 14:31:20.374, 6, 66, 0, 120, 222.53, Not Active, 644693151
2026/08/10 14:31:20.376, 7, 62, 0, 120, 212.78, Not Active, 428201171
2026/08/10 14:31:25.377, 0, 77, 99, 1447, 1083.84, Not Active, 0
2026/08/10 14:31:25.378, 1, 78, 99, 1485, 1084.51, Not Active, 0
2026/08/10 14:31:25.379, 2, 66, 0, 120, 217.67, Not Active, 1172971561
2026/08/10 14:31:25.380, 3, 69, 0, 120, 219.89, Not Active, 1396199084
2026/08/10 14:31:25.381, 4, 76, 99, 1485, 1088.30, Not Active, 0
2026/08/10 14:31:25.382, 5, 76, 99, 1500, 1074.94, Not Active, 0
2026/08/10 14:31:25.383, 6, 66, 0, 120, 222.88, Not Active, 644693151
2026/08/10 14:31:25.384, 7, 62, 0, 120, 212.81, Not Active, 428201171
2026/08/10 14:31:30.386, 0, 75, 99, 1440, 1094.02, Not Active, 0
2026/08/10 14:31:30.387, 1, 78, 99, 1440, 1092.09, Not Active, 0
2026/08/10 14:31:30.388, 2, 66, 0, 120, 218.47, Not Active, 1172971561
2026/08/10 14:31:30.389, 3, 70, 0, 120, 220.61, Not Active, 1396199084
2026/08/10 14:31:30.391, 4, 76, 99, 1447, 1086.81, Not Active, 0
2026/08/10 14:31:30.392, 5, 76, 99, 1492, 1083.93, Not Active, 0
2026/08/10 14:31:30.393, 6, 66, 0, 120, 222.97, Not Active, 644693151
2026/08/10 14:31:30.394, 7, 62, 0, 120, 212.78, Not Active, 428201171
2026/08/10 14:31:35.396, 0, 77, 99, 1485, 1085.19, Not Active, 0
2026/08/10 14:31:35.397, 1, 78, 99, 1500, 1090.40, Not Active, 0
2026/08/10 14:31:35.398, 2, 66, 0, 120, 219.30, Not Active, 1172971561
2026/08/10 14:31:35.401, 3, 70, 0, 120, 221.16, Not Active, 1396199084
2026/08/10 14:31:35.402, 4, 77, 99, 1590, 1091.73, Not Active, 0
2026/08/10 14:31:35.403, 5, 76, 99, 1447, 1088.59, Not Active, 0
2026/08/10 14:31:35.404, 6, 66, 0, 120, 223.49, Not Active, 644693151
2026/08/10 14:31:35.405, 7, 62, 0, 120, 212.96, Not Active, 428201171
2026/08/10 14:31:40.409, 0, 59, 0, 2032, 268.58, Not Active, 0
2026/08/10 14:31:40.409, 1, 60, 0, 2032, 288.55, Not Active, 0
2026/08/10 14:31:40.410, 2, 66, 0, 120, 219.34, Not Active, 1172971561
2026/08/10 14:31:40.411, 3, 70, 0, 120, 221.28, Not Active, 1396199084
2026/08/10 14:31:40.413, 4, 57, 0, 2032, 271.99, Not Active, 0
2026/08/10 14:31:40.413, 5, 57, 0, 2032, 273.88, Not Active, 0
2026/08/10 14:31:40.414, 6, 67, 0, 120, 223.88, Not Active, 644693151
2026/08/10 14:31:40.417, 7, 62, 0, 120, 212.91, Not Active, 428201171
2026/08/10 14:31:45.419, 0, 56, 0, 2032, 264.25, Not Active, 0
2026/08/10 14:31:45.421, 1, 58, 0, 2032, 281.48, Not Active, 0
2026/08/10 14:31:45.421, 2, 67, 0, 120, 219.42, Not Active, 1172971561
2026/08/10 14:31:45.425, 3, 70, 0, 120, 221.36, Not Active, 1396199084
2026/08/10 14:31:45.427, 4, 54, 0, 2032, 267.39, Not Active, 0
2026/08/10 14:31:45.427, 5, 55, 0, 2032, 269.20, Not Active, 0
2026/08/10 14:31:45.428, 6, 67, 0, 120, 224.15, Not Active, 644693151
2026/08/10 14:31:45.429, 7, 62, 0, 120, 212.91, Not Active, 428201171
2026/08/10 14:31:50.431, 0, 71, 99, 1522, 601.78, Not Active, 0
2026/08/10 14:31:50.432, 1, 67, 98, 1560, 556.50, Not Active, 0
2026/08/10 14:31:50.433, 2, 66, 0, 120, 219.30, Not Active, 1172971561
2026/08/10 14:31:50.434, 3, 70, 0, 120, 221.31, Not Active, 1396199084
2026/08/10 14:31:50.435, 4, 65, 99, 1620, 583.14, Not Active, 0
2026/08/10 14:31:50.436, 5, 68, 99, 1470, 562.93, Not Active, 0
2026/08/10 14:31:50.437, 6, 67, 0, 120, 223.84, Not Active, 644693151
2026/08/10 14:31:50.438, 7, 62, 0, 120, 212.86, Not Active, 428201171
2026/08/10 14:31:55.440, 0, 72, 99, 1470, 1086.37, Not Active, 0
2026/08/10 14:31:55.441, 1, 74, 99, 1477, 1099.51, Not Active, 0
2026/08/10 14:31:55.445, 2, 66, 0, 120, 218.66, Not Active, 1172971561
2026/08/10 14:31:55.446, 3, 70, 0, 120, 220.89, Not Active, 1396199084
2026/08/10 14:31:55.448, 4, 71, 99, 1500, 1095.66, Not Active, 0
2026/08/10 14:31:55.448, 5, 73, 99, 1522, 1098.30, Not Active, 0
2026/08/10 14:31:55.451, 6, 66, 0, 120, 223.47, Not Active, 644693151
2026/08/10 14:31:55.452, 7, 62, 0, 120, 212.77, Not Active, 428201171
2026/08/10 14:32:00.453, 0, 72, 99, 1470, 1086.17, Not Active, 0
2026/08/10 14:32:00.458, 1, 74, 99, 1447, 1088.13, Not Active, 0
2026/08/10 14:32:00.459, 2, 66, 0, 120, 217.63, Not Active, 1172971561
2026/08/10 14:32:00.460, 3, 69, 0, 120, 220.03, Not Active, 1396199084
2026/08/10 14:32:00.462, 4, 72, 99, 1470, 1092.99, Not Active, 0
2026/08/10 14:32:00.463, 5, 72, 99, 1455, 1087.61, Not Active, 0
2026/08/10 14:32:00.464, 6, 66, 0, 120, 222.85, Not Active, 644693151
2026/08/10 14:32:00.466, 7, 62, 0, 120, 212.78, Not Active, 428201171
2026/08/10 14:32:05.468, 0, 73, 99, 1500, 1092.94, Not Active, 0
2026/08/10 14:32:05.469, 1, 73, 99, 1485, 1088.98, Not Active, 0
2026/08/10 14:32:05.470, 2, 66, 0, 120, 217.48, Not Active, 1172971561
2026/08/10 14:32:05.471, 3, 69, 0, 120, 219.34, Not Active, 1396199084
2026/08/10 14:32:05.472, 4, 72, 99, 1462, 1089.31, Not Active, 0
2026/08/10 14:32:05.473, 5, 73, 99, 1507, 1085.35, Not Active, 0
2026/08/10 14:32:05.475, 6, 66, 0, 120, 222.65, Not Active, 644693151
2026/08/10 14:32:05.476, 7, 62, 0, 120, 212.77, Not Active, 428201171
2026/08/10 14:32:10.478, 0, 74, 99, 1462, 1094.61, Not Active, 0
2026/08/10 14:32:10.481, 1, 75, 99, 1380, 1084.42, Not Active, 0
2026/08/10 14:32:10.482, 2, 66, 0, 120, 217.48, Not Active, 1172971561
2026/08/10 14:32:10.483, 3, 69, 0, 120, 219.35, Not Active, 1396199084
2026/08/10 14:32:10.484, 4, 72, 99, 1455, 1091.59, Not Active, 0
2026/08/10 14:32:10.487, 5, 73, 99, 1477, 1087.25, Not Active, 0
2026/08/10 14:32:10.488, 6, 66, 0, 120, 222.38, Not Active, 644693151
2026/08/10 14:32:10.489, 7, 62, 0, 120, 212.73, Not Active, 428201171
2026/08/10 14:32:15.493, 0, 73, 99, 1372, 1084.17, Not Active, 0
2026/08/10 14:32:15.496, 1, 73, 99, 1455, 1087.46, Not Active, 0
2026/08/10 14:32:15.497, 2, 66, 0, 120, 217.48, Not Active, 1172971561
2026/08/10 14:32:15.498, 3, 69, 0, 120, 219.33, Not Active, 1396199084
2026/08/10 14:32:15.500, 4, 73, 100, 1515, 1101.44, Not Active, 0
2026/08/10 14:32:15.501, 5, 73, 99, 1455, 1085.05, Not Active, 0
2026/08/10 14:32:15.507, 6, 66, 0, 120, 222.38, Not Active, 644693151
2026/08/10 14:32:15.508, 7, 62, 0, 120, 212.58, Not Active, 428201171
2026/08/10 14:32:20.510, 0, 73, 99, 1500, 1090.54, Not Active, 0
2026/08/10 14:32:20.517, 1, 76, 99, 1455, 1078.09, Not Active, 0
2026/08/10 14:32:20.522, 2, 66, 0, 120, 217.48, Not Active, 1172971561
2026/08/10 14:32:20.526, 3, 69, 0, 120, 219.34, Not Active, 1396199084
2026/08/10 14:32:20.527, 4, 73, 99, 1530, 1090.71, Not Active, 0
2026/08/10 14:32:20.528, 5, 72, 99, 1470, 1082.68, Not Active, 0
2026/08/10 14:32:20.531, 6, 66, 0, 120, 222.38, Not Active, 644693151
2026/08/10 14:32:20.533, 7, 62, 0, 120, 212.78, Not Active, 428201171
2026/08/10 14:32:25.534, 0, 76, 99, 1477, 1094.29, Not Active, 0
2026/08/10 14:32:25.535, 1, 74, 99, 1492, 1101.89, Not Active, 0
2026/08/10 14:32:25.536, 2, 66, 0, 120, 217.48, Not Active, 1172971561
2026/08/10 14:32:25.537, 3, 69, 0, 120, 219.35, Not Active, 1396199084
2026/08/10 14:32:25.539, 4, 74, 99, 1470, 1093.11, Not Active, 0
2026/08/10 14:32:25.540, 5, 75, 99, 1492, 1094.06, Not Active, 0
2026/08/10 14:32:25.540, 6, 66, 0, 120, 222.38, Not Active, 644693151
2026/08/10 14:32:25.542, 7, 62, 0, 120, 212.42, Not Active, 428201171
2026/08/10 14:32:30.543, 0, 76, 99, 1500, 1091.22, Not Active, 0
2026/08/10 14:32:30.544, 1, 76, 99, 1485, 1099.39, Not Active, 0
2026/08/10 14:32:30.545, 2, 66, 0, 120, 217.48, Not Active, 1172971561
2026/08/10 14:32:30.547, 3, 69, 0, 120, 219.32, Not Active, 1396199084
2026/08/10 14:32:30.548, 4, 73, 99, 1537, 1091.35, Not Active, 0
2026/08/10 14:32:30.549, 5, 72, 99, 1440, 1089.37, Not Active, 0
2026/08/10 14:32:30.551, 6, 66, 0, 120, 222.38, Not Active, 644693151
2026/08/10 14:32:30.554, 7, 62, 0, 120, 212.78, Not Active, 428201171
2026/08/10 14:32:35.556, 0, 75, 99, 1500, 1089.70, Not Active, 0
2026/08/10 14:32:35.557, 1, 76, 99, 1447, 1094.31, Not Active, 0
2026/08/10 14:32:35.558, 2, 66, 0, 120, 217.48, Not Active, 1172971561
2026/08/10 14:32:35.561, 3, 69, 0, 120, 219.36, Not Active, 1396199084
2026/08/10 14:32:35.563, 4, 74, 99, 1470, 1090.63, Not Active, 0
2026/08/10 14:32:35.563, 5, 75, 99, 1462, 1076.82, Not Active, 0
2026/08/10 14:32:35.564, 6, 66, 0, 120, 222.38, Not Active, 644693151
2026/08/10 14:32:35.565, 7, 62, 0, 120, 212.68, Not Active, 428201171
2026/08/10 14:32:40.567, 0, 75, 99, 1477, 1094.17, Not Active, 0
2026/08/10 14:32:40.568, 1, 77, 99, 1462, 1103.56, Not Active, 0
2026/08/10 14:32:40.570, 2, 66, 0, 120, 217.48, Not Active, 1172971561
2026/08/10 14:32:40.571, 3, 69, 0, 120, 219.35, Not Active, 1396199084
2026/08/10 14:32:40.572, 4, 74, 99, 1507, 1083.77, Not Active, 0
2026/08/10 14:32:40.573, 5, 72, 99, 1470, 1092.34, Not Active, 0
2026/08/10 14:32:40.574, 6, 66, 0, 120, 222.38, Not Active, 644693151
2026/08/10 14:32:40.575, 7, 62, 0, 120, 212.64, Not Active, 428201171
2026/08/10 14:32:45.577, 0, 76, 99, 1522, 1096.71, Not Active, 0
2026/08/10 14:32:45.578, 1, 77, 99, 1485, 1094.77, Not Active, 0
2026/08/10 14:32:45.585, 2, 66, 0, 120, 217.48, Not Active, 1172971561
2026/08/10 14:32:45.586, 3, 69, 0, 120, 219.34, Not Active, 1396199084
2026/08/10 14:32:45.588, 4, 75, 99, 1537, 1085.88, Not Active, 0
2026/08/10 14:32:45.588, 5, 73, 99, 1410, 1082.43, Not Active, 0
2026/08/10 14:32:45.589, 6, 66, 0, 120, 222.38, Not Active, 644693151
2026/08/10 14:32:45.591, 7, 62, 0, 120, 212.77, Not Active, 428201171
2026/08/10 14:32:50.593, 0, 75, 99, 1492, 1093.91, Not Active, 0
2026/08/10 14:32:50.594, 1, 77, 99, 1470, 1085.79, Not Active, 0
2026/08/10 14:32:50.608, 2, 66, 0, 120, 217.48, Not Active, 1172971561
2026/08/10 14:32:50.610, 3, 69, 0, 120, 219.31, Not Active, 1396199084
2026/08/10 14:32:50.611, 4, 74, 99, 1462, 1081.83, Not Active, 0
2026/08/10 14:32:50.612, 5, 76, 99, 1507, 1086.64, Not Active, 0
2026/08/10 14:32:50.613, 6, 66, 0, 120, 222.38, Not Active, 644693151
2026/08/10 14:32:50.614, 7, 62, 0, 120, 212.79, Not Active, 428201171
2026/08/10 14:32:55.616, 0, 77, 99, 1590, 1099.28, Not Active, 0
2026/08/10 14:32:55.617, 1, 77, 99, 1440, 1092.94, Not Active, 0
2026/08/10 14:32:55.622, 2, 66, 0, 120, 217.48, Not Active, 1172971561
2026/08/10 14:32:55.623, 3, 69, 0, 120, 219.34, Not Active, 1396199084
2026/08/10 14:32:55.624, 4, 75, 99, 1530, 1085.42, Not Active, 0
2026/08/10 14:32:55.625, 5, 73, 99, 1492, 1095.45, Not Active, 0
2026/08/10 14:32:55.626, 6, 66, 0, 120, 222.42, Not Active, 644693151
2026/08/10 14:32:55.627, 7, 62, 0, 120, 212.77, Not Active, 428201171
2026/08/10 14:33:00.629, 0, 75, 99, 1507, 1096.26, Not Active, 0
2026/08/10 14:33:00.630, 1, 77, 99, 1537, 1091.09, Not Active, 0
2026/08/10 14:33:00.631, 2, 66, 0, 120, 217.55, Not Active, 1172971561
2026/08/10 14:33:00.633, 3, 69, 0, 120, 219.80, Not Active, 1396199084
2026/08/10 14:33:00.639, 4, 76, 99, 1560, 1093.76, Not Active, 0
2026/08/10 14:33:00.640, 5, 75, 99, 1387, 1081.43, Not Active, 0
2026/08/10 14:33:00.641, 6, 66, 0, 120, 222.42, Not Active, 644693151
2026/08/10 14:33:00.642, 7, 62, 0, 120, 212.77, Not Active, 428201171
2026/08/10 14:33:05.648, 0, 77, 99, 1477, 1081.65, Not Active, 0
2026/08/10 14:33:05.651, 1, 78, 99, 1477, 1089.96, Not Active, 0
2026/08/10 14:33:05.652, 2, 66, 0, 120, 218.20, Not Active, 1172971561
2026/08/10 14:33:05.653, 3, 70, 0, 120, 220.26, Not Active, 1396199084
2026/08/10 14:33:05.655, 4, 75, 99, 1470, 1084.77, Not Active, 0
2026/08/10 14:33:05.656, 5, 73, 98, 1507, 1074.09, Not Active, 0
2026/08/10 14:33:05.657, 6, 66, 0, 120, 222.65, Not Active, 644693151
2026/08/10 14:33:05.658, 7, 62, 0, 120, 212.78, Not Active, 428201171
2026/08/10 14:33:10.660, 0, 76, 99, 1432, 1096.75, Not Active, 0
2026/08/10 14:33:10.661, 1, 78, 99, 1477, 1093.95, Not Active, 0
2026/08/10 14:33:10.661, 2, 66, 0, 120, 218.70, Not Active, 1172971561
2026/08/10 14:33:10.663, 3, 70, 0, 120, 220.97, Not Active, 1396199084
2026/08/10 14:33:10.664, 4, 75, 99, 1455, 1094.19, Not Active, 0
2026/08/10 14:33:10.665, 5, 77, 99, 1477, 1089.98, Not Active, 0
2026/08/10 14:33:10.666, 6, 66, 0, 120, 222.73, Not Active, 644693151
2026/08/10 14:33:10.667, 7, 62, 0, 120, 212.77, Not Active, 428201171
2026/08/10 14:33:15.668, 0, 77, 99, 1567, 1094.93, Not Active, 0
2026/08/10 14:33:15.669, 1, 79, 99, 1522, 1093.50, Not Active, 0
2026/08/10 14:33:15.670, 2, 66, 0, 120, 219.15, Not Active, 1172971561
2026/08/10 14:33:15.672, 3, 70, 0, 120, 221.17, Not Active, 1396199084
2026/08/10 14:33:15.673, 4, 75, 100, 1560, 1091.07, Not Active, 0
2026/08/10 14:33:15.674, 5, 75, 99, 1447, 1086.29, Not Active, 0
2026/08/10 14:33:15.674, 6, 66, 0, 120, 223.12, Not Active, 644693151
2026/08/10 14:33:15.676, 7, 62, 0, 120, 212.85, Not Active, 428201171
2026/08/10 14:33:20.677, 0, 77, 99, 1545, 1099.92, Not Active, 0
2026/08/10 14:33:20.680, 1, 78, 99, 1432, 1089.36, Not Active, 0
2026/08/10 14:33:20.681, 2, 67, 0, 120, 219.38, Not Active, 1172971561
2026/08/10 14:33:20.682, 3, 70, 0, 120, 221.26, Not Active, 1396199084
2026/08/10 14:33:20.684, 4, 76, 99, 1440, 1098.25, Not Active, 0
2026/08/10 14:33:20.688, 5, 77, 99, 1462, 1084.27, Not Active, 0
2026/08/10 14:33:20.689, 6, 66, 0, 120, 223.90, Not Active, 644693151
2026/08/10 14:33:20.691, 7, 62, 0, 120, 212.85, Not Active, 428201171
2026/08/10 14:33:25.694, 0, 77, 99, 1567, 1094.04, Not Active, 0
2026/08/10 14:33:25.695, 1, 79, 99, 1500, 1097.07, Not Active, 0
2026/08/10 14:33:25.710, 2, 67, 0, 120, 219.42, Not Active, 1172971561
2026/08/10 14:33:25.712, 3, 70, 0, 120, 221.23, Not Active, 1396199084
2026/08/10 14:33:25.713, 4, 75, 99, 1545, 1090.37, Not Active, 0
2026/08/10 14:33:25.714, 5, 75, 99, 1432, 1091.01, Not Active, 0
2026/08/10 14:33:25.715, 6, 67, 0, 120, 224.07, Not Active, 644693151
2026/08/10 14:33:25.719, 7, 62, 0, 120, 212.77, Not Active, 428201171
2026/08/10 14:33:30.721, 0, 77, 99, 1432, 1083.08, Not Active, 0
2026/08/10 14:33:30.722, 1, 78, 99, 1417, 1093.94, Not Active, 0
2026/08/10 14:33:30.723, 2, 67, 0, 120, 219.42, Not Active, 1172971561
2026/08/10 14:33:30.724, 3, 70, 0, 120, 221.25, Not Active, 1396199084
2026/08/10 14:33:30.725, 4, 74, 99, 1410, 1095.61, Not Active, 0
2026/08/10 14:33:30.726, 5, 76, 99, 1455, 1086.39, Not Active, 0
2026/08/10 14:33:30.727, 6, 67, 0, 120, 224.06, Not Active, 644693151
2026/08/10 14:33:30.728, 7, 63, 0, 120, 212.77, Not Active, 428201171
2026/08/10 14:33:35.730, 0, 71, 100, 2032, 965.27, Not Active, 0
2026/08/10 14:33:35.731, 1, 73, 100, 2032, 992.25, Not Active, 0
2026/08/10 14:33:35.732, 2, 67, 0, 120, 219.42, Not Active, 1172971561
2026/08/10 14:33:35.733, 3, 70, 0, 120, 221.25, Not Active, 1396199084
2026/08/10 14:33:35.734, 4, 70, 100, 2032, 984.74, Not Active, 0
2026/08/10 14:33:35.735, 5, 70, 97, 2032, 968.63, Not Active, 0
2026/08/10 14:33:35.736, 6, 67, 0, 120, 224.25, Not Active, 644693151
2026/08/10 14:33:35.737, 7, 63, 0, 120, 213.81, Not Active, 428201171
2026/08/10 14:33:40.738, 0, 59, 0, 2032, 268.43, Not Active, 0
2026/08/10 14:33:40.739, 1, 60, 0, 2032, 287.58, Not Active, 0
2026/08/10 14:33:40.740, 2, 67, 0, 120, 219.42, Not Active, 1172971561
2026/08/10 14:33:40.741, 3, 70, 0, 120, 221.36, Not Active, 1396199084
2026/08/10 14:33:40.742, 4, 57, 0, 2032, 271.44, Not Active, 0
2026/08/10 14:33:40.743, 5, 57, 0, 2032, 274.19, Not Active, 0
2026/08/10 14:33:40.744, 6, 67, 0, 120, 224.30, Not Active, 644693151
2026/08/10 14:33:40.745, 7, 63, 0, 120, 213.70, Not Active, 428201171
2026/08/10 14:33:45.749, 0, 56, 0, 2032, 264.29, Not Active, 0
2026/08/10 14:33:45.750, 1, 58, 0, 2032, 281.26, Not Active, 0
2026/08/10 14:33:45.750, 2, 67, 0, 120, 219.42, Not Active, 1172971561
2026/08/10 14:33:45.752, 3, 70, 0, 120, 221.35, Not Active, 1396199084
2026/08/10 14:33:45.753, 4, 54, 0, 2032, 267.30, Not Active, 0
2026/08/10 14:33:45.754, 5, 55, 0, 2032, 269.36, Not Active, 0
2026/08/10 14:33:45.754, 6, 67, 0, 120, 224.29, Not Active, 644693151
2026/08/10 14:33:45.756, 7, 63, 0, 120, 212.97, Not Active, 428201171
2026/08/10 14:33:50.757, 0, 54, 0, 2032, 261.89, Not Active, 0
2026/08/10 14:33:50.758, 1, 56, 0, 2032, 275.71, Not Active, 0
2026/08/10 14:33:50.758, 2, 67, 0, 120, 219.42, Not Active, 1172971561
2026/08/10 14:33:50.762, 3, 70, 0, 120, 221.36, Not Active, 1396199084
2026/08/10 14:33:50.763, 4, 52, 0, 2032, 264.30, Not Active, 0
2026/08/10 14:33:50.764, 5, 53, 0, 2032, 266.67, Not Active, 0
2026/08/10 14:33:50.764, 6, 67, 0, 120, 224.10, Not Active, 644693151
2026/08/10 14:33:50.765, 7, 63, 0, 120, 212.90, Not Active, 428201171
2026/08/10 14:33:55.768, 0, 51, 0, 645, 237.04, Not Active, 0
2026/08/10 14:33:55.772, 1, 53, 0, 390, 210.05, Not Active, 0
2026/08/10 14:33:55.772, 2, 67, 0, 120, 219.42, Not Active, 1172971561
2026/08/10 14:33:55.774, 3, 70, 0, 120, 221.36, Not Active, 1396199084
2026/08/10 14:33:55.775, 4, 49, 0, 285, 204.25, Not Active, 0
2026/08/10 14:33:55.776, 5, 50, 0, 480, 215.30, Not Active, 0
2026/08/10 14:33:55.777, 6, 67, 0, 120, 223.63, Not Active, 644693151
2026/08/10 14:33:55.778, 7, 62, 0, 120, 213.05, Not Active, 428201171
