2026/08/07 14:34:37.181, 0, 0, 0, 135.65
2026/08/07 14:34:37.197, 1, 0, 0, 138.45
2026/08/07 14:34:37.208, 2, 0, 0, 132.42
2026/08/07 14:34:37.217, 3, 0, 0, 142.01
2026/08/07 14:34:37.226, 4, 71544, 0, 197.97
2026/08/07 14:34:37.230, 5, 71540, 52, 201.81
2026/08/07 14:34:37.234, 6, 71542, 99, 198.20
2026/08/07 14:34:37.238, 7, 71540, 83, 204.75
2026/08/07 14:34:37.743, 0, 0, 0, 135.30
2026/08/07 14:34:37.743, 1, 0, 0, 138.46
2026/08/07 14:34:37.743, 2, 0, 0, 132.43
2026/08/07 14:34:37.743, 3, 0, 0, 142.01
2026/08/07 14:34:37.743, 4, 71544, 0, 197.93
2026/08/07 14:34:37.743, 5, 71540, 100, 201.85
2026/08/07 14:34:37.743, 6, 71542, 100, 198.44
2026/08/07 14:34:37.743, 7, 71540, 100, 205.00
2026/08/07 14:34:38.243, 0, 0, 0, 135.59
2026/08/07 14:34:38.243, 1, 0, 0, 138.63
2026/08/07 14:34:38.243, 2, 0, 0, 132.45
2026/08/07 14:34:38.243, 3, 0, 0, 141.93
2026/08/07 14:34:38.243, 4, 71544, 0, 197.93
2026/08/07 14:34:38.243, 5, 71540, 100, 202.04
2026/08/07 14:34:38.243, 6, 71542, 100, 198.73
2026/08/07 14:34:38.243, 7, 71540, 100, 205.31
2026/08/07 14:34:38.743, 0, 0, 0, 135.67
2026/08/07 14:34:38.743, 1, 0, 0, 138.50
2026/08/07 14:34:38.744, 2, 0, 0, 132.44
2026/08/07 14:34:38.745, 3, 0, 0, 141.93
2026/08/07 14:34:38.747, 4, 71544, 0, 198.20
2026/08/07 14:34:38.748, 5, 71540, 100, 202.35
2026/08/07 14:34:38.749, 6, 71542, 100, 199.29
2026/08/07 14:34:38.750, 7, 71540, 100, 205.64
2026/08/07 14:34:39.251, 0, 0, 0, 135.49
2026/08/07 14:34:39.251, 1, 0, 0, 138.51
2026/08/07 14:34:39.252, 2, 0, 0, 132.55
2026/08/07 14:34:39.252, 3, 0, 0, 141.93
2026/08/07 14:34:39.252, 4, 71544, 0, 198.16
2026/08/07 14:34:39.252, 5, 71540, 100, 202.15
2026/08/07 14:34:39.252, 6, 71542, 100, 199.22
2026/08/07 14:34:39.252, 7, 71540, 100, 205.75
2026/08/07 14:34:39.752, 0, 0, 0, 135.57
2026/08/07 14:34:39.752, 1, 0, 0, 138.51
2026/08/07 14:34:39.752, 2, 0, 0, 132.57
2026/08/07 14:34:39.752, 3, 0, 0, 141.93
2026/08/07 14:34:39.752, 4, 71544, 0, 197.93
2026/08/07 14:34:39.752, 5, 71540, 100, 201.81
2026/08/07 14:34:39.752, 6, 71542, 100, 198.35
2026/08/07 14:34:39.752, 7, 71540, 100, 205.24
2026/08/07 14:34:40.252, 0, 0, 0, 135.55
2026/08/07 14:34:40.254, 1, 0, 0, 138.43
2026/08/07 14:34:40.256, 2, 0, 0, 132.45
2026/08/07 14:34:40.257, 3, 0, 0, 141.93
2026/08/07 14:34:40.259, 4, 71544, 0, 198.38
2026/08/07 14:34:40.260, 5, 71540, 100, 202.38
2026/08/07 14:34:40.262, 6, 71542, 100, 199.09
2026/08/07 14:34:40.263, 7, 71540, 100, 205.98
2026/08/07 14:34:40.765, 0, 0, 0, 135.64
2026/08/07 14:34:40.765, 1, 0, 0, 138.87
2026/08/07 14:34:40.765, 2, 0, 0, 132.43
2026/08/07 14:34:40.765, 3, 0, 0, 141.93
2026/08/07 14:34:40.765, 4, 71544, 0, 377.07
2026/08/07 14:34:40.765, 5, 71540, 0, 382.57
2026/08/07 14:34:40.765, 6, 71542, 0, 380.08
2026/08/07 14:34:40.765, 7, 71540, 0, 383.93
2026/08/07 14:34:41.269, 0, 0, 0, 135.41
2026/08/07 14:34:41.269, 1, 0, 0, 138.79
2026/08/07 14:34:41.269, 2, 0, 0, 132.43
2026/08/07 14:34:41.269, 3, 0, 0, 141.93
2026/08/07 14:34:41.269, 4, 71544, 0, 374.29
2026/08/07 14:34:41.269, 5, 71540, 0, 379.77
2026/08/07 14:34:41.269, 6, 71542, 0, 379.98
2026/08/07 14:34:41.269, 7, 71540, 0, 386.99
2026/08/07 14:34:41.769, 0, 0, 0, 135.46
2026/08/07 14:34:41.769, 1, 0, 0, 138.51
2026/08/07 14:34:41.769, 2, 0, 0, 132.45
2026/08/07 14:34:41.769, 3, 0, 0, 141.93
2026/08/07 14:34:41.769, 4, 71544, 3, 245.40
2026/08/07 14:34:41.769, 5, 72704, 0, 225.02
2026/08/07 14:34:41.769, 6, 72706, 0, 207.95
2026/08/07 14:34:41.769, 7, 72704, 91, 298.54
2026/08/07 14:34:42.269, 0, 0, 0, 135.55
2026/08/07 14:34:42.269, 1, 0, 0, 138.68
2026/08/07 14:34:42.269, 2, 0, 0, 132.43
2026/08/07 14:34:42.269, 3, 0, 0, 142.05
2026/08/07 14:34:42.269, 4, 71544, 100, 525.44
2026/08/07 14:34:42.269, 5, 72704, 99, 543.73
2026/08/07 14:34:42.270, 6, 72706, 99, 536.08
2026/08/07 14:34:42.270, 7, 72704, 99, 557.24
2026/08/07 14:34:42.770, 0, 0, 0, 135.36
2026/08/07 14:34:42.770, 1, 0, 0, 138.67
2026/08/07 14:34:42.770, 2, 0, 0, 132.41
2026/08/07 14:34:42.770, 3, 0, 0, 142.05
2026/08/07 14:34:42.770, 4, 71544, 100, 818.19
2026/08/07 14:34:42.770, 5, 72704, 100, 861.90
2026/08/07 14:34:42.770, 6, 72706, 100, 859.75
2026/08/07 14:34:42.770, 7, 72704, 100, 808.02
2026/08/07 14:34:43.270, 0, 0, 0, 135.57
2026/08/07 14:34:43.270, 1, 0, 0, 138.68
2026/08/07 14:34:43.270, 2, 0, 0, 132.41
2026/08/07 14:34:43.270, 3, 0, 0, 141.93
2026/08/07 14:34:43.270, 4, 71544, 99, 869.33
2026/08/07 14:34:43.270, 5, 72704, 99, 883.45
2026/08/07 14:34:43.270, 6, 72706, 99, 870.75
2026/08/07 14:34:43.270, 7, 72704, 99, 896.99
2026/08/07 14:34:43.770, 0, 0, 0, 135.79
2026/08/07 14:34:43.770, 1, 0, 0, 138.70
2026/08/07 14:34:43.770, 2, 0, 0, 132.41
2026/08/07 14:34:43.770, 3, 0, 0, 141.93
2026/08/07 14:34:43.770, 4, 71544, 100, 875.57
2026/08/07 14:34:43.770, 5, 72704, 100, 885.10
2026/08/07 14:34:43.770, 6, 72706, 100, 878.67
2026/08/07 14:34:43.770, 7, 72704, 100, 901.23
2026/08/07 14:34:44.270, 0, 0, 0, 135.63
2026/08/07 14:34:44.270, 1, 0, 0, 138.76
2026/08/07 14:34:44.270, 2, 0, 0, 132.54
2026/08/07 14:34:44.270, 3, 0, 0, 141.93
2026/08/07 14:34:44.270, 4, 71544, 99, 874.59
2026/08/07 14:34:44.270, 5, 72704, 99, 891.40
2026/08/07 14:34:44.270, 6, 72706, 99, 878.52
2026/08/07 14:34:44.270, 7, 72704, 99, 898.34
2026/08/07 14:34:44.773, 0, 0, 0, 135.51
2026/08/07 14:34:44.773, 1, 0, 0, 138.68
2026/08/07 14:34:44.773, 2, 0, 0, 132.54
2026/08/07 14:34:44.773, 3, 0, 0, 141.93
2026/08/07 14:34:44.773, 4, 71544, 0, 643.04
2026/08/07 14:34:44.773, 5, 72704, 100, 657.57
2026/08/07 14:34:44.773, 6, 72706, 100, 630.79
2026/08/07 14:34:44.773, 7, 72704, 100, 652.71
2026/08/07 14:34:45.273, 0, 0, 0, 135.61
2026/08/07 14:34:45.273, 1, 0, 0, 138.69
2026/08/07 14:34:45.273, 2, 0, 0, 132.45
2026/08/07 14:34:45.273, 3, 0, 0, 141.93
2026/08/07 14:34:45.273, 4, 71544, 0, 330.66
2026/08/07 14:34:45.273, 5, 72704, 0, 321.21
2026/08/07 14:34:45.273, 6, 72706, 0, 306.03
2026/08/07 14:34:45.273, 7, 72704, 0, 318.47
2026/08/07 14:34:45.776, 0, 0, 0, 135.65
2026/08/07 14:34:45.776, 1, 0, 0, 138.67
2026/08/07 14:34:45.776, 2, 0, 0, 132.46
2026/08/07 14:34:45.777, 3, 0, 0, 141.93
2026/08/07 14:34:45.777, 4, 71544, 0, 217.76
2026/08/07 14:34:45.777, 5, 72704, 0, 206.82
2026/08/07 14:34:45.777, 6, 72706, 0, 202.74
2026/08/07 14:34:45.777, 7, 72704, 0, 209.36
2026/08/07 14:34:46.281, 0, 0, 0, 135.68
2026/08/07 14:34:46.281, 1, 0, 0, 138.65
2026/08/07 14:34:46.281, 2, 0, 0, 132.45
2026/08/07 14:34:46.281, 3, 0, 0, 141.97
2026/08/07 14:34:46.281, 4, 71544, 0, 199.95
2026/08/07 14:34:46.281, 5, 72704, 0, 203.83
2026/08/07 14:34:46.281, 6, 72706, 0, 200.02
2026/08/07 14:34:46.281, 7, 72704, 0, 206.20
2026/08/07 14:34:46.781, 0, 0, 0, 135.53
2026/08/07 14:34:46.782, 1, 0, 0, 138.69
2026/08/07 14:34:46.783, 2, 0, 0, 132.45
2026/08/07 14:34:46.784, 3, 0, 0, 141.97
2026/08/07 14:34:46.784, 4, 71544, 76, 290.94
2026/08/07 14:34:46.785, 5, 72704, 100, 300.24
2026/08/07 14:34:46.786, 6, 72706, 100, 302.55
2026/08/07 14:34:46.787, 7, 72704, 95, 311.29
2026/08/07 14:34:47.288, 0, 0, 0, 135.51
2026/08/07 14:34:47.288, 1, 0, 0, 138.82
2026/08/07 14:34:47.288, 2, 0, 0, 132.44
2026/08/07 14:34:47.288, 3, 0, 0, 142.05
2026/08/07 14:34:47.288, 4, 71544, 100, 646.60
2026/08/07 14:34:47.288, 5, 72704, 100, 675.58
2026/08/07 14:34:47.288, 6, 72706, 100, 658.87
2026/08/07 14:34:47.288, 7, 72704, 100, 689.86
2026/08/07 14:34:47.789, 0, 0, 0, 135.71
2026/08/07 14:34:47.789, 1, 0, 0, 138.61
2026/08/07 14:34:47.789, 2, 0, 0, 132.41
2026/08/07 14:34:47.789, 3, 0, 0, 142.05
2026/08/07 14:34:47.789, 4, 71544, 100, 932.29
2026/08/07 14:34:47.789, 5, 72704, 100, 958.65
2026/08/07 14:34:47.789, 6, 72706, 100, 925.80
2026/08/07 14:34:47.789, 7, 72704, 100, 972.25
2026/08/07 14:34:48.289, 0, 0, 0, 135.63
2026/08/07 14:34:48.289, 1, 0, 0, 138.55
2026/08/07 14:34:48.289, 2, 0, 0, 132.41
2026/08/07 14:34:48.289, 3, 0, 0, 141.93
2026/08/07 14:34:48.289, 4, 71544, 100, 939.34
2026/08/07 14:34:48.290, 5, 72704, 100, 965.72
2026/08/07 14:34:48.290, 6, 72706, 100, 934.95
2026/08/07 14:34:48.290, 7, 72704, 100, 980.00
2026/08/07 14:34:48.790, 0, 0, 0, 135.94
2026/08/07 14:34:48.790, 1, 0, 0, 139.07
2026/08/07 14:34:48.790, 2, 0, 0, 132.42
2026/08/07 14:34:48.790, 3, 0, 0, 141.97
2026/08/07 14:34:48.790, 4, 71544, 100, 939.22
2026/08/07 14:34:48.790, 5, 72704, 100, 961.36
2026/08/07 14:34:48.790, 6, 72706, 100, 940.38
2026/08/07 14:34:48.790, 7, 72704, 100, 983.60
2026/08/07 14:34:49.290, 0, 0, 0, 135.80
2026/08/07 14:34:49.290, 1, 0, 0, 139.15
2026/08/07 14:34:49.291, 2, 0, 0, 132.53
2026/08/07 14:34:49.291, 3, 0, 0, 141.97
2026/08/07 14:34:49.291, 4, 71544, 100, 931.55
2026/08/07 14:34:49.291, 5, 72704, 100, 961.95
2026/08/07 14:34:49.291, 6, 72706, 100, 944.63
2026/08/07 14:34:49.291, 7, 72704, 100, 980.64
2026/08/07 14:34:49.791, 0, 0, 0, 135.38
2026/08/07 14:34:49.791, 1, 0, 0, 138.88
2026/08/07 14:34:49.791, 2, 0, 0, 132.52
2026/08/07 14:34:49.791, 3, 0, 0, 141.93
2026/08/07 14:34:49.791, 4, 71544, 100, 927.66
2026/08/07 14:34:49.791, 5, 72704, 100, 960.22
2026/08/07 14:34:49.791, 6, 72706, 100, 935.69
2026/08/07 14:34:49.792, 7, 72704, 100, 975.31
2026/08/07 14:34:50.292, 0, 0, 0, 135.48
2026/08/07 14:34:50.292, 1, 0, 0, 138.92
2026/08/07 14:34:50.292, 2, 0, 0, 132.41
2026/08/07 14:34:50.292, 3, 0, 0, 141.93
2026/08/07 14:34:50.292, 4, 71544, 100, 930.00
2026/08/07 14:34:50.292, 5, 72704, 100, 959.40
2026/08/07 14:34:50.292, 6, 72706, 100, 928.81
2026/08/07 14:34:50.292, 7, 72704, 100, 970.59
2026/08/07 14:34:50.792, 0, 0, 0, 135.76
2026/08/07 14:34:50.792, 1, 0, 0, 139.00
2026/08/07 14:34:50.792, 2, 0, 0, 132.41
2026/08/07 14:34:50.792, 3, 0, 0, 141.93
2026/08/07 14:34:50.792, 4, 71544, 100, 935.90
2026/08/07 14:34:50.793, 5, 72704, 100, 956.36
2026/08/07 14:34:50.793, 6, 72706, 100, 928.39
2026/08/07 14:34:50.793, 7, 72704, 100, 963.62
2026/08/07 14:34:51.293, 0, 0, 0, 135.80
2026/08/07 14:34:51.293, 1, 0, 0, 139.01
2026/08/07 14:34:51.293, 2, 0, 0, 132.43
2026/08/07 14:34:51.293, 3, 0, 0, 141.93
2026/08/07 14:34:51.293, 4, 71544, 0, 696.97
2026/08/07 14:34:51.293, 5, 72704, 0, 712.46
2026/08/07 14:34:51.293, 6, 72706, 0, 691.88
2026/08/07 14:34:51.293, 7, 72704, 0, 701.19
2026/08/07 14:34:51.793, 0, 0, 0, 135.63
2026/08/07 14:34:51.793, 1, 0, 0, 139.10
2026/08/07 14:34:51.793, 2, 0, 0, 132.45
2026/08/07 14:34:51.793, 3, 0, 0, 141.93
2026/08/07 14:34:51.793, 4, 71544, 84, 391.99
2026/08/07 14:34:51.793, 5, 72704, 97, 412.94
2026/08/07 14:34:51.793, 6, 72706, 77, 388.38
2026/08/07 14:34:51.793, 7, 72704, 100, 404.08
2026/08/07 14:34:52.294, 0, 0, 0, 135.57
2026/08/07 14:34:52.294, 1, 0, 0, 139.19
2026/08/07 14:34:52.294, 2, 0, 0, 132.46
2026/08/07 14:34:52.294, 3, 0, 0, 142.05
2026/08/07 14:34:52.294, 4, 71544, 100, 274.67
2026/08/07 14:34:52.294, 5, 72704, 0, 274.85
2026/08/07 14:34:52.294, 6, 72706, 0, 269.32
2026/08/07 14:34:52.294, 7, 72704, 0, 278.29
2026/08/07 14:34:52.794, 0, 0, 0, 135.53
2026/08/07 14:34:52.794, 1, 0, 0, 139.10
2026/08/07 14:34:52.794, 2, 0, 0, 132.45
2026/08/07 14:34:52.794, 3, 0, 0, 142.05
2026/08/07 14:34:52.794, 4, 71544, 100, 506.23
2026/08/07 14:34:52.794, 5, 72704, 100, 512.94
2026/08/07 14:34:52.794, 6, 72706, 100, 502.05
2026/08/07 14:34:52.794, 7, 72704, 100, 517.95
2026/08/07 14:34:53.294, 0, 0, 0, 135.75
2026/08/07 14:34:53.294, 1, 0, 0, 138.97
2026/08/07 14:34:53.294, 2, 0, 0, 132.42
2026/08/07 14:34:53.294, 3, 0, 0, 141.93
2026/08/07 14:34:53.294, 4, 71544, 100, 848.14
2026/08/07 14:34:53.294, 5, 72704, 100, 885.16
2026/08/07 14:34:53.294, 6, 72706, 100, 864.47
2026/08/07 14:34:53.295, 7, 72704, 100, 900.91
2026/08/07 14:34:53.795, 0, 0, 0, 135.82
2026/08/07 14:34:53.795, 1, 0, 0, 139.00
2026/08/07 14:34:53.795, 2, 0, 0, 132.41
2026/08/07 14:34:53.795, 3, 0, 0, 141.93
2026/08/07 14:34:53.795, 4, 71544, 100, 944.49
2026/08/07 14:34:53.795, 5, 72704, 100, 961.54
2026/08/07 14:34:53.795, 6, 72706, 100, 936.46
2026/08/07 14:34:53.795, 7, 72704, 100, 981.41
2026/08/07 14:34:54.295, 0, 0, 0, 135.61
2026/08/07 14:34:54.295, 1, 0, 0, 139.05
2026/08/07 14:34:54.296, 2, 0, 0, 132.53
2026/08/07 14:34:54.296, 3, 0, 0, 141.93
2026/08/07 14:34:54.296, 4, 71544, 100, 940.47
2026/08/07 14:34:54.296, 5, 72704, 100, 964.76
2026/08/07 14:34:54.296, 6, 72706, 100, 944.76
2026/08/07 14:34:54.296, 7, 72704, 100, 984.50
2026/08/07 14:34:54.796, 0, 0, 0, 135.53
2026/08/07 14:34:54.796, 1, 0, 0, 138.94
2026/08/07 14:34:54.796, 2, 0, 0, 132.54
2026/08/07 14:34:54.796, 3, 0, 0, 141.93
2026/08/07 14:34:54.796, 4, 71544, 100, 930.98
2026/08/07 14:34:54.796, 5, 72704, 100, 969.00
2026/08/07 14:34:54.796, 6, 72706, 100, 943.08
2026/08/07 14:34:54.796, 7, 72704, 100, 978.39
2026/08/07 14:34:55.296, 0, 0, 0, 135.57
2026/08/07 14:34:55.296, 1, 0, 0, 138.87
2026/08/07 14:34:55.296, 2, 0, 0, 132.41
2026/08/07 14:34:55.296, 3, 0, 0, 141.93
2026/08/07 14:34:55.296, 4, 71544, 100, 932.70
2026/08/07 14:34:55.296, 5, 72704, 100, 963.61
2026/08/07 14:34:55.296, 6, 72706, 100, 935.68
2026/08/07 14:34:55.296, 7, 72704, 100, 978.50
2026/08/07 14:34:55.796, 0, 0, 0, 135.67
2026/08/07 14:34:55.796, 1, 0, 0, 139.23
2026/08/07 14:34:55.797, 2, 0, 0, 132.41
2026/08/07 14:34:55.798, 3, 0, 0, 141.93
2026/08/07 14:34:55.798, 4, 71544, 100, 933.15
2026/08/07 14:34:55.799, 5, 72704, 100, 961.03
2026/08/07 14:34:55.799, 6, 72706, 100, 934.47
2026/08/07 14:34:55.800, 7, 72704, 100, 971.63
2026/08/07 14:34:56.300, 0, 0, 0, 135.64
2026/08/07 14:34:56.300, 1, 0, 0, 139.16
2026/08/07 14:34:56.300, 2, 0, 0, 132.40
2026/08/07 14:34:56.300, 3, 0, 0, 141.93
2026/08/07 14:34:56.300, 4, 71544, 100, 935.88
2026/08/07 14:34:56.300, 5, 72704, 100, 961.24
2026/08/07 14:34:56.300, 6, 72706, 100, 927.93
2026/08/07 14:34:56.300, 7, 72704, 100, 964.97
2026/08/07 14:34:56.800, 0, 0, 0, 135.60
2026/08/07 14:34:56.800, 1, 0, 0, 138.94
2026/08/07 14:34:56.800, 2, 0, 0, 132.40
2026/08/07 14:34:56.800, 3, 0, 0, 141.93
2026/08/07 14:34:56.800, 4, 71544, 100, 930.31
2026/08/07 14:34:56.800, 5, 72704, 100, 955.81
2026/08/07 14:34:56.800, 6, 72706, 100, 924.74
2026/08/07 14:34:56.800, 7, 72704, 100, 973.78
2026/08/07 14:34:57.300, 0, 0, 0, 135.51
2026/08/07 14:34:57.300, 1, 0, 0, 138.91
2026/08/07 14:34:57.300, 2, 0, 0, 132.42
2026/08/07 14:34:57.300, 3, 0, 0, 142.01
2026/08/07 14:34:57.300, 4, 71544, 100, 932.47
2026/08/07 14:34:57.300, 5, 72704, 100, 964.43
2026/08/07 14:34:57.301, 6, 72706, 100, 922.21
2026/08/07 14:34:57.301, 7, 72704, 100, 978.10
2026/08/07 14:34:57.801, 0, 0, 0, 135.48
2026/08/07 14:34:57.801, 1, 0, 0, 138.84
2026/08/07 14:34:57.801, 2, 0, 0, 132.41
2026/08/07 14:34:57.801, 3, 0, 0, 142.01
2026/08/07 14:34:57.801, 4, 71544, 100, 943.95
2026/08/07 14:34:57.801, 5, 72704, 100, 969.07
2026/08/07 14:34:57.801, 6, 72706, 100, 935.46
2026/08/07 14:34:57.801, 7, 72704, 100, 985.21
2026/08/07 14:34:58.301, 0, 0, 0, 135.80
2026/08/07 14:34:58.301, 1, 0, 0, 139.12
2026/08/07 14:34:58.302, 2, 0, 0, 132.40
2026/08/07 14:34:58.302, 3, 0, 0, 141.97
2026/08/07 14:34:58.302, 4, 71544, 100, 946.92
2026/08/07 14:34:58.302, 5, 72704, 100, 970.48
2026/08/07 14:34:58.302, 6, 72706, 100, 942.81
2026/08/07 14:34:58.302, 7, 72704, 100, 985.23
2026/08/07 14:34:58.802, 0, 0, 0, 135.82
2026/08/07 14:34:58.802, 1, 0, 0, 139.20
2026/08/07 14:34:58.802, 2, 0, 0, 132.40
2026/08/07 14:34:58.802, 3, 0, 0, 141.97
2026/08/07 14:34:58.802, 4, 71544, 100, 946.20
2026/08/07 14:34:58.802, 5, 72704, 100, 970.93
2026/08/07 14:34:58.802, 6, 72706, 100, 941.39
2026/08/07 14:34:58.802, 7, 72704, 100, 979.22
2026/08/07 14:34:59.303, 0, 0, 0, 135.59
2026/08/07 14:34:59.303, 1, 0, 0, 138.99
2026/08/07 14:34:59.303, 2, 0, 0, 132.52
2026/08/07 14:34:59.303, 3, 0, 0, 141.97
2026/08/07 14:34:59.303, 4, 71544, 100, 940.83
2026/08/07 14:34:59.303, 5, 72704, 100, 964.50
2026/08/07 14:34:59.303, 6, 72706, 100, 941.70
2026/08/07 14:34:59.303, 7, 72704, 100, 979.11
2026/08/07 14:34:59.803, 0, 0, 0, 135.55
2026/08/07 14:34:59.803, 1, 0, 0, 138.99
2026/08/07 14:34:59.803, 2, 0, 0, 132.54
2026/08/07 14:34:59.803, 3, 0, 0, 142.01
2026/08/07 14:34:59.803, 4, 71544, 100, 939.67
2026/08/07 14:34:59.804, 5, 72704, 100, 960.52
2026/08/07 14:34:59.804, 6, 72706, 100, 929.06
2026/08/07 14:34:59.804, 7, 72704, 100, 974.62
2026/08/07 14:35:00.304, 0, 0, 0, 135.49
2026/08/07 14:35:00.304, 1, 0, 0, 139.01
2026/08/07 14:35:00.304, 2, 0, 0, 132.43
2026/08/07 14:35:00.304, 3, 0, 0, 141.97
2026/08/07 14:35:00.304, 4, 71544, 100, 936.77
2026/08/07 14:35:00.304, 5, 72704, 100, 959.52
2026/08/07 14:35:00.304, 6, 72706, 100, 932.27
2026/08/07 14:35:00.304, 7, 72704, 100, 974.82
2026/08/07 14:35:00.804, 0, 0, 0, 135.72
2026/08/07 14:35:00.804, 1, 0, 0, 139.03
2026/08/07 14:35:00.805, 2, 0, 0, 132.46
2026/08/07 14:35:00.805, 3, 0, 0, 141.93
2026/08/07 14:35:00.805, 4, 71544, 100, 929.12
2026/08/07 14:35:00.805, 5, 72704, 100, 955.12
2026/08/07 14:35:00.805, 6, 72706, 100, 933.01
2026/08/07 14:35:00.805, 7, 72704, 100, 970.11
2026/08/07 14:35:01.305, 0, 0, 0, 135.87
2026/08/07 14:35:01.305, 1, 0, 0, 139.14
2026/08/07 14:35:01.305, 2, 0, 0, 132.44
2026/08/07 14:35:01.305, 3, 0, 0, 141.93
2026/08/07 14:35:01.305, 4, 71544, 100, 925.19
2026/08/07 14:35:01.305, 5, 72704, 100, 949.94
2026/08/07 14:35:01.305, 6, 72706, 100, 925.88
2026/08/07 14:35:01.305, 7, 72704, 100, 967.78
2026/08/07 14:35:01.805, 0, 0, 0, 135.87
2026/08/07 14:35:01.805, 1, 0, 0, 139.04
2026/08/07 14:35:01.805, 2, 0, 0, 132.40
2026/08/07 14:35:01.805, 3, 0, 0, 141.93
2026/08/07 14:35:01.805, 4, 71544, 100, 932.11
2026/08/07 14:35:01.805, 5, 72704, 100, 958.73
2026/08/07 14:35:01.805, 6, 72706, 100, 935.54
2026/08/07 14:35:01.805, 7, 72704, 100, 980.21
2026/08/07 14:35:02.305, 0, 0, 0, 135.80
2026/08/07 14:35:02.305, 1, 0, 0, 139.01
2026/08/07 14:35:02.305, 2, 0, 0, 132.40
2026/08/07 14:35:02.305, 3, 0, 0, 142.05
2026/08/07 14:35:02.305, 4, 71544, 100, 940.64
2026/08/07 14:35:02.305, 5, 72704, 100, 974.76
2026/08/07 14:35:02.305, 6, 72706, 100, 942.63
2026/08/07 14:35:02.305, 7, 72704, 100, 985.17
2026/08/07 14:35:02.806, 0, 0, 0, 135.45
2026/08/07 14:35:02.807, 1, 0, 0, 138.96
2026/08/07 14:35:02.808, 2, 0, 0, 132.41
2026/08/07 14:35:02.809, 3, 0, 0, 142.05
2026/08/07 14:35:02.810, 4, 71544, 100, 947.87
2026/08/07 14:35:02.812, 5, 72704, 100, 973.02
2026/08/07 14:35:02.813, 6, 72706, 100, 942.05
2026/08/07 14:35:02.814, 7, 72704, 100, 983.38
2026/08/07 14:35:03.315, 0, 0, 0, 135.51
2026/08/07 14:35:03.315, 1, 0, 0, 138.96
2026/08/07 14:35:03.316, 2, 0, 0, 132.41
2026/08/07 14:35:03.316, 3, 0, 0, 141.93
2026/08/07 14:35:03.316, 4, 71544, 100, 940.89
2026/08/07 14:35:03.316, 5, 72704, 100, 965.02
2026/08/07 14:35:03.316, 6, 72706, 100, 942.30
2026/08/07 14:35:03.316, 7, 72704, 100, 979.14
2026/08/07 14:35:03.816, 0, 0, 0, 135.63
2026/08/07 14:35:03.816, 1, 0, 0, 138.82
2026/08/07 14:35:03.816, 2, 0, 0, 132.41
2026/08/07 14:35:03.816, 3, 0, 0, 141.93
2026/08/07 14:35:03.816, 4, 71544, 100, 933.50
2026/08/07 14:35:03.816, 5, 72704, 100, 967.87
2026/08/07 14:35:03.816, 6, 72706, 100, 939.64
2026/08/07 14:35:03.816, 7, 72704, 100, 972.36
2026/08/07 14:35:04.316, 0, 0, 0, 135.47
2026/08/07 14:35:04.316, 1, 0, 0, 138.61
2026/08/07 14:35:04.316, 2, 0, 0, 132.51
2026/08/07 14:35:04.316, 3, 0, 0, 141.97
2026/08/07 14:35:04.316, 4, 71544, 100, 937.35
2026/08/07 14:35:04.316, 5, 72704, 100, 965.72
2026/08/07 14:35:04.316, 6, 72706, 100, 938.61
2026/08/07 14:35:04.316, 7, 72704, 100, 969.27
2026/08/07 14:35:04.816, 0, 0, 0, 135.42
2026/08/07 14:35:04.816, 1, 0, 0, 138.63
2026/08/07 14:35:04.816, 2, 0, 0, 132.52
2026/08/07 14:35:04.816, 3, 0, 0, 141.97
2026/08/07 14:35:04.816, 4, 71544, 100, 935.41
2026/08/07 14:35:04.816, 5, 72704, 100, 961.66
2026/08/07 14:35:04.816, 6, 72706, 100, 940.09
2026/08/07 14:35:04.816, 7, 72704, 100, 970.12
2026/08/07 14:35:05.316, 0, 0, 0, 135.51
2026/08/07 14:35:05.317, 1, 0, 0, 138.77
2026/08/07 14:35:05.317, 2, 0, 0, 132.43
2026/08/07 14:35:05.317, 3, 0, 0, 141.93
2026/08/07 14:35:05.317, 4, 71544, 100, 931.97
2026/08/07 14:35:05.317, 5, 72704, 100, 957.71
2026/08/07 14:35:05.317, 6, 72706, 100, 931.93
2026/08/07 14:35:05.317, 7, 72704, 100, 979.30
2026/08/07 14:35:05.817, 0, 0, 0, 135.36
2026/08/07 14:35:05.817, 1, 0, 0, 138.87
2026/08/07 14:35:05.817, 2, 0, 0, 132.43
2026/08/07 14:35:05.817, 3, 0, 0, 141.93
2026/08/07 14:35:05.818, 4, 71544, 100, 933.34
2026/08/07 14:35:05.818, 5, 72704, 100, 959.54
2026/08/07 14:35:05.818, 6, 72706, 100, 933.08
2026/08/07 14:35:05.818, 7, 72704, 100, 984.77
2026/08/07 14:35:06.318, 0, 0, 0, 135.23
2026/08/07 14:35:06.318, 1, 0, 0, 138.72
2026/08/07 14:35:06.318, 2, 0, 0, 132.41
2026/08/07 14:35:06.318, 3, 0, 0, 141.93
2026/08/07 14:35:06.318, 4, 71544, 100, 938.02
2026/08/07 14:35:06.318, 5, 72704, 100, 972.76
2026/08/07 14:35:06.318, 6, 72706, 100, 942.73
2026/08/07 14:35:06.318, 7, 72704, 100, 976.97
2026/08/07 14:35:06.819, 0, 0, 0, 135.38
2026/08/07 14:35:06.819, 1, 0, 0, 138.65
2026/08/07 14:35:06.819, 2, 0, 0, 132.41
2026/08/07 14:35:06.819, 3, 0, 0, 141.93
2026/08/07 14:35:06.819, 4, 71544, 100, 942.16
2026/08/07 14:35:06.819, 5, 72704, 100, 977.02
2026/08/07 14:35:06.819, 6, 72706, 100, 944.50
2026/08/07 14:35:06.819, 7, 72704, 100, 977.76
2026/08/07 14:35:07.319, 0, 0, 0, 135.20
2026/08/07 14:35:07.319, 1, 0, 0, 138.71
2026/08/07 14:35:07.319, 2, 0, 0, 132.42
2026/08/07 14:35:07.319, 3, 0, 0, 142.05
2026/08/07 14:35:07.319, 4, 71544, 100, 945.12
2026/08/07 14:35:07.319, 5, 72704, 100, 976.36
2026/08/07 14:35:07.319, 6, 72706, 100, 949.07
2026/08/07 14:35:07.319, 7, 72704, 100, 989.17
2026/08/07 14:35:07.819, 0, 0, 0, 135.36
2026/08/07 14:35:07.819, 1, 0, 0, 138.89
2026/08/07 14:35:07.819, 2, 0, 0, 132.41
2026/08/07 14:35:07.819, 3, 0, 0, 142.05
2026/08/07 14:35:07.819, 4, 71544, 100, 942.15
2026/08/07 14:35:07.819, 5, 72704, 100, 974.55
2026/08/07 14:35:07.819, 6, 72706, 100, 939.48
2026/08/07 14:35:07.819, 7, 72704, 100, 982.95
2026/08/07 14:35:08.320, 0, 0, 0, 135.42
2026/08/07 14:35:08.320, 1, 0, 0, 138.92
2026/08/07 14:35:08.320, 2, 0, 0, 132.41
2026/08/07 14:35:08.320, 3, 0, 0, 141.93
2026/08/07 14:35:08.320, 4, 71544, 100, 942.49
2026/08/07 14:35:08.320, 5, 72704, 100, 964.76
2026/08/07 14:35:08.320, 6, 72706, 100, 934.54
2026/08/07 14:35:08.320, 7, 72704, 100, 980.30
2026/08/07 14:35:08.820, 0, 0, 0, 135.30
2026/08/07 14:35:08.820, 1, 0, 0, 138.58
2026/08/07 14:35:08.820, 2, 0, 0, 132.41
2026/08/07 14:35:08.820, 3, 0, 0, 141.93
2026/08/07 14:35:08.820, 4, 71544, 100, 939.37
2026/08/07 14:35:08.820, 5, 72704, 100, 963.90
2026/08/07 14:35:08.820, 6, 72706, 100, 938.84
2026/08/07 14:35:08.820, 7, 72704, 100, 978.64
2026/08/07 14:35:09.320, 0, 0, 0, 135.11
2026/08/07 14:35:09.321, 1, 0, 0, 138.51
2026/08/07 14:35:09.321, 2, 0, 0, 132.48
2026/08/07 14:35:09.321, 3, 0, 0, 141.93
2026/08/07 14:35:09.321, 4, 71544, 100, 938.65
2026/08/07 14:35:09.321, 5, 72704, 100, 969.15
2026/08/07 14:35:09.321, 6, 72706, 100, 931.75
2026/08/07 14:35:09.321, 7, 72704, 100, 976.35
2026/08/07 14:35:09.821, 0, 0, 0, 135.05
2026/08/07 14:35:09.822, 1, 0, 0, 138.53
2026/08/07 14:35:09.823, 2, 0, 0, 132.47
2026/08/07 14:35:09.825, 3, 0, 0, 141.93
2026/08/07 14:35:09.826, 4, 71544, 100, 934.57
2026/08/07 14:35:09.827, 5, 72704, 100, 958.83
2026/08/07 14:35:09.828, 6, 72706, 100, 932.05
2026/08/07 14:35:09.829, 7, 72704, 100, 978.95
2026/08/07 14:35:10.331, 0, 0, 0, 135.09
2026/08/07 14:35:10.331, 1, 0, 0, 138.38
2026/08/07 14:35:10.331, 2, 0, 0, 132.40
2026/08/07 14:35:10.331, 3, 0, 0, 141.93
2026/08/07 14:35:10.331, 4, 71544, 100, 932.62
2026/08/07 14:35:10.331, 5, 72704, 100, 969.74
2026/08/07 14:35:10.331, 6, 72706, 100, 936.71
2026/08/07 14:35:10.331, 7, 72704, 100, 982.31
2026/08/07 14:35:10.831, 0, 0, 0, 134.84
2026/08/07 14:35:10.831, 1, 0, 0, 138.61
2026/08/07 14:35:10.831, 2, 0, 0, 132.40
2026/08/07 14:35:10.831, 3, 0, 0, 141.93
2026/08/07 14:35:10.831, 4, 71544, 100, 946.48
2026/08/07 14:35:10.831, 5, 72704, 100, 979.86
2026/08/07 14:35:10.831, 6, 72706, 100, 939.54
2026/08/07 14:35:10.831, 7, 72704, 100, 988.08
2026/08/07 14:35:11.331, 0, 0, 0, 134.84
2026/08/07 14:35:11.331, 1, 0, 0, 138.55
2026/08/07 14:35:11.331, 2, 0, 0, 132.41
2026/08/07 14:35:11.331, 3, 0, 0, 141.93
2026/08/07 14:35:11.331, 4, 71544, 100, 947.57
2026/08/07 14:35:11.331, 5, 72704, 100, 978.87
2026/08/07 14:35:11.331, 6, 72706, 100, 947.55
2026/08/07 14:35:11.331, 7, 72704, 100, 990.50
2026/08/07 14:35:11.831, 0, 0, 0, 134.92
2026/08/07 14:35:11.831, 1, 0, 0, 138.36
2026/08/07 14:35:11.831, 2, 0, 0, 132.41
2026/08/07 14:35:11.831, 3, 0, 0, 141.93
2026/08/07 14:35:11.831, 4, 71544, 100, 942.25
2026/08/07 14:35:11.831, 5, 72704, 100, 980.89
2026/08/07 14:35:11.831, 6, 72706, 100, 943.05
2026/08/07 14:35:11.831, 7, 72704, 100, 988.58
2026/08/07 14:35:12.332, 0, 0, 0, 135.09
2026/08/07 14:35:12.337, 1, 0, 0, 138.44
2026/08/07 14:35:12.338, 2, 0, 0, 132.40
2026/08/07 14:35:12.339, 3, 0, 0, 142.09
2026/08/07 14:35:12.340, 4, 71544, 100, 940.28
2026/08/07 14:35:12.340, 5, 72704, 100, 972.05
2026/08/07 14:35:12.340, 6, 72706, 100, 940.03
2026/08/07 14:35:12.340, 7, 72704, 100, 992.35
2026/08/07 14:35:12.840, 0, 0, 0, 135.20
2026/08/07 14:35:12.840, 1, 0, 0, 138.32
2026/08/07 14:35:12.840, 2, 0, 0, 132.41
2026/08/07 14:35:12.840, 3, 0, 0, 142.09
2026/08/07 14:35:12.840, 4, 71544, 100, 937.13
2026/08/07 14:35:12.840, 5, 72704, 100, 973.59
2026/08/07 14:35:12.840, 6, 72706, 100, 943.16
2026/08/07 14:35:12.840, 7, 72704, 100, 986.53
2026/08/07 14:35:13.340, 0, 0, 0, 135.19
2026/08/07 14:35:13.340, 1, 0, 0, 138.29
2026/08/07 14:35:13.340, 2, 0, 0, 132.43
2026/08/07 14:35:13.340, 3, 0, 0, 141.97
2026/08/07 14:35:13.340, 4, 71544, 100, 941.14
2026/08/07 14:35:13.340, 5, 72704, 100, 974.45
2026/08/07 14:35:13.340, 6, 72706, 100, 943.29
2026/08/07 14:35:13.340, 7, 72704, 100, 984.94
2026/08/07 14:35:13.840, 0, 0, 0, 135.03
2026/08/07 14:35:13.840, 1, 0, 0, 138.31
2026/08/07 14:35:13.840, 2, 0, 0, 132.44
2026/08/07 14:35:13.840, 3, 0, 0, 141.93
2026/08/07 14:35:13.840, 4, 71544, 100, 933.53
2026/08/07 14:35:13.840, 5, 72704, 100, 968.53
2026/08/07 14:35:13.840, 6, 72706, 99, 934.70
2026/08/07 14:35:13.840, 7, 72704, 100, 983.80
2026/08/07 14:35:14.341, 0, 0, 0, 134.73
2026/08/07 14:35:14.341, 1, 0, 0, 138.30
2026/08/07 14:35:14.341, 2, 0, 0, 132.51
2026/08/07 14:35:14.341, 3, 0, 0, 141.93
2026/08/07 14:35:14.341, 4, 71544, 100, 930.95
2026/08/07 14:35:14.341, 5, 72704, 100, 967.84
2026/08/07 14:35:14.341, 6, 72706, 100, 927.55
2026/08/07 14:35:14.341, 7, 72704, 100, 967.83
2026/08/07 14:35:14.841, 0, 0, 0, 134.85
2026/08/07 14:35:14.841, 1, 0, 0, 138.44
2026/08/07 14:35:14.841, 2, 0, 0, 132.52
2026/08/07 14:35:14.841, 3, 0, 0, 141.93
2026/08/07 14:35:14.841, 4, 71544, 100, 939.12
2026/08/07 14:35:14.841, 5, 72704, 100, 971.99
2026/08/07 14:35:14.841, 6, 72706, 100, 939.35
2026/08/07 14:35:14.841, 7, 72704, 100, 981.88
2026/08/07 14:35:15.341, 0, 0, 0, 135.16
2026/08/07 14:35:15.341, 1, 0, 0, 138.43
2026/08/07 14:35:15.341, 2, 0, 0, 132.45
2026/08/07 14:35:15.341, 3, 0, 0, 141.93
2026/08/07 14:35:15.341, 4, 71544, 100, 945.15
2026/08/07 14:35:15.341, 5, 72704, 100, 978.94
2026/08/07 14:35:15.341, 6, 72706, 100, 950.33
2026/08/07 14:35:15.341, 7, 72704, 100, 994.82
2026/08/07 14:35:15.842, 0, 0, 0, 135.07
2026/08/07 14:35:15.842, 1, 0, 0, 138.32
2026/08/07 14:35:15.842, 2, 0, 0, 132.43
2026/08/07 14:35:15.842, 3, 0, 0, 141.93
2026/08/07 14:35:15.842, 4, 71544, 100, 948.61
2026/08/07 14:35:15.842, 5, 72704, 100, 983.12
2026/08/07 14:35:15.842, 6, 72706, 100, 948.97
2026/08/07 14:35:15.842, 7, 72704, 100, 989.14
2026/08/07 14:35:16.342, 0, 0, 0, 134.88
2026/08/07 14:35:16.342, 1, 0, 0, 138.25
2026/08/07 14:35:16.342, 2, 0, 0, 132.41
2026/08/07 14:35:16.342, 3, 0, 0, 141.93
2026/08/07 14:35:16.342, 4, 71544, 100, 942.79
2026/08/07 14:35:16.342, 5, 72704, 100, 983.56
2026/08/07 14:35:16.342, 6, 72706, 100, 952.77
2026/08/07 14:35:16.342, 7, 72704, 100, 993.11
2026/08/07 14:35:16.842, 0, 0, 0, 134.85
2026/08/07 14:35:16.842, 1, 0, 0, 138.22
2026/08/07 14:35:16.842, 2, 0, 0, 132.41
2026/08/07 14:35:16.842, 3, 0, 0, 141.93
2026/08/07 14:35:16.842, 4, 71544, 100, 939.60
2026/08/07 14:35:16.842, 5, 72704, 100, 982.98
2026/08/07 14:35:16.842, 6, 72706, 100, 949.38
2026/08/07 14:35:16.842, 7, 72704, 100, 990.04
2026/08/07 14:35:17.342, 0, 0, 0, 134.88
2026/08/07 14:35:17.342, 1, 0, 0, 138.31
2026/08/07 14:35:17.342, 2, 0, 0, 132.41
2026/08/07 14:35:17.342, 3, 0, 0, 142.05
2026/08/07 14:35:17.342, 4, 71544, 100, 945.04
2026/08/07 14:35:17.342, 5, 72704, 100, 978.33
2026/08/07 14:35:17.342, 6, 72706, 100, 940.12
2026/08/07 14:35:17.342, 7, 72704, 100, 988.05
2026/08/07 14:35:17.842, 0, 0, 0, 134.81
2026/08/07 14:35:17.842, 1, 0, 0, 138.41
2026/08/07 14:35:17.842, 2, 0, 0, 132.43
2026/08/07 14:35:17.842, 3, 0, 0, 142.05
2026/08/07 14:35:17.842, 4, 71544, 100, 942.74
2026/08/07 14:35:17.842, 5, 72704, 100, 972.07
2026/08/07 14:35:17.842, 6, 72706, 100, 939.47
2026/08/07 14:35:17.842, 7, 72704, 100, 986.01
2026/08/07 14:35:18.343, 0, 0, 0, 135.07
2026/08/07 14:35:18.343, 1, 0, 0, 138.33
2026/08/07 14:35:18.343, 2, 0, 0, 132.43
2026/08/07 14:35:18.343, 3, 0, 0, 141.93
2026/08/07 14:35:18.343, 4, 71544, 99, 934.19
2026/08/07 14:35:18.343, 5, 72704, 99, 973.32
2026/08/07 14:35:18.343, 6, 72706, 100, 930.61
2026/08/07 14:35:18.343, 7, 72704, 99, 967.22
2026/08/07 14:35:18.843, 0, 0, 0, 135.12
2026/08/07 14:35:18.843, 1, 0, 0, 138.15
2026/08/07 14:35:18.843, 2, 0, 0, 132.41
2026/08/07 14:35:18.843, 3, 0, 0, 141.93
2026/08/07 14:35:18.843, 4, 71544, 100, 934.96
2026/08/07 14:35:18.843, 5, 72704, 100, 974.08
2026/08/07 14:35:18.843, 6, 72706, 100, 934.64
2026/08/07 14:35:18.843, 7, 72704, 100, 972.23
2026/08/07 14:35:19.343, 0, 0, 0, 134.88
2026/08/07 14:35:19.343, 1, 0, 0, 138.26
2026/08/07 14:35:19.343, 2, 0, 0, 132.53
2026/08/07 14:35:19.343, 3, 0, 0, 141.93
2026/08/07 14:35:19.343, 4, 71544, 100, 944.65
2026/08/07 14:35:19.343, 5, 72704, 100, 981.08
2026/08/07 14:35:19.343, 6, 72706, 100, 946.51
2026/08/07 14:35:19.344, 7, 72704, 100, 991.02
2026/08/07 14:35:19.844, 0, 0, 0, 135.03
2026/08/07 14:35:19.844, 1, 0, 0, 138.25
2026/08/07 14:35:19.844, 2, 0, 0, 132.54
2026/08/07 14:35:19.844, 3, 0, 0, 141.93
2026/08/07 14:35:19.844, 4, 71544, 100, 945.33
2026/08/07 14:35:19.844, 5, 72704, 100, 985.91
2026/08/07 14:35:19.844, 6, 72706, 100, 942.67
2026/08/07 14:35:19.844, 7, 72704, 100, 990.08
2026/08/07 14:35:20.344, 0, 0, 0, 134.93
2026/08/07 14:35:20.344, 1, 0, 0, 138.14
2026/08/07 14:35:20.344, 2, 0, 0, 132.42
2026/08/07 14:35:20.344, 3, 0, 0, 141.93
2026/08/07 14:35:20.344, 4, 71544, 100, 947.30
2026/08/07 14:35:20.344, 5, 72704, 100, 979.09
2026/08/07 14:35:20.344, 6, 72706, 100, 942.49
2026/08/07 14:35:20.344, 7, 72704, 100, 992.97
2026/08/07 14:35:20.844, 0, 0, 0, 134.80
2026/08/07 14:35:20.844, 1, 0, 0, 138.29
2026/08/07 14:35:20.844, 2, 0, 0, 132.41
2026/08/07 14:35:20.844, 3, 0, 0, 141.93
2026/08/07 14:35:20.844, 4, 71544, 100, 943.10
2026/08/07 14:35:20.844, 5, 72704, 100, 978.77
2026/08/07 14:35:20.844, 6, 72706, 100, 947.54
2026/08/07 14:35:20.844, 7, 72704, 100, 991.95
2026/08/07 14:35:21.344, 0, 0, 0, 134.88
2026/08/07 14:35:21.344, 1, 0, 0, 138.26
2026/08/07 14:35:21.344, 2, 0, 0, 132.40
2026/08/07 14:35:21.344, 3, 0, 0, 141.93
2026/08/07 14:35:21.344, 4, 71544, 100, 941.46
2026/08/07 14:35:21.344, 5, 72704, 100, 982.80
2026/08/07 14:35:21.344, 6, 72706, 100, 942.28
2026/08/07 14:35:21.344, 7, 72704, 100, 986.48
2026/08/07 14:35:21.844, 0, 0, 0, 134.92
2026/08/07 14:35:21.844, 1, 0, 0, 138.12
2026/08/07 14:35:21.847, 2, 0, 0, 132.41
2026/08/07 14:35:21.848, 3, 0, 0, 141.93
2026/08/07 14:35:21.849, 4, 71544, 100, 937.09
2026/08/07 14:35:21.851, 5, 72704, 100, 979.49
2026/08/07 14:35:21.852, 6, 72706, 100, 943.06
2026/08/07 14:35:21.854, 7, 72704, 100, 990.31
2026/08/07 14:35:22.355, 0, 0, 0, 135.01
2026/08/07 14:35:22.355, 1, 0, 0, 138.11
2026/08/07 14:35:22.355, 2, 0, 0, 132.43
2026/08/07 14:35:22.355, 3, 0, 0, 142.05
2026/08/07 14:35:22.355, 4, 71546, 100, 932.76
2026/08/07 14:35:22.355, 5, 72706, 100, 977.39
2026/08/07 14:35:22.355, 6, 72708, 100, 937.97
2026/08/07 14:35:22.355, 7, 72706, 100, 987.70
2026/08/07 14:35:22.855, 0, 0, 0, 134.97
2026/08/07 14:35:22.855, 1, 0, 0, 138.07
2026/08/07 14:35:22.855, 2, 0, 0, 132.43
2026/08/07 14:35:22.855, 3, 0, 0, 142.05
2026/08/07 14:35:22.855, 4, 71546, 100, 924.38
2026/08/07 14:35:22.855, 5, 72706, 100, 959.36
2026/08/07 14:35:22.855, 6, 72708, 100, 925.44
2026/08/07 14:35:22.855, 7, 72706, 100, 974.03
2026/08/07 14:35:23.355, 0, 0, 0, 135.07
2026/08/07 14:35:23.355, 1, 0, 0, 138.07
2026/08/07 14:35:23.355, 2, 0, 0, 132.42
2026/08/07 14:35:23.355, 3, 0, 0, 141.93
2026/08/07 14:35:23.355, 4, 71546, 100, 932.83
2026/08/07 14:35:23.355, 5, 72706, 100, 960.54
2026/08/07 14:35:23.356, 6, 72708, 100, 929.54
2026/08/07 14:35:23.356, 7, 72706, 100, 971.40
2026/08/07 14:35:23.856, 0, 0, 0, 135.07
2026/08/07 14:35:23.856, 1, 0, 0, 138.07
2026/08/07 14:35:23.856, 2, 0, 0, 132.42
2026/08/07 14:35:23.856, 3, 0, 0, 141.93
2026/08/07 14:35:23.856, 4, 71546, 100, 952.82
2026/08/07 14:35:23.856, 5, 72706, 100, 983.22
2026/08/07 14:35:23.856, 6, 72708, 100, 944.96
2026/08/07 14:35:23.856, 7, 72706, 100, 992.88
2026/08/07 14:35:24.356, 0, 0, 0, 134.96
2026/08/07 14:35:24.356, 1, 0, 0, 138.12
2026/08/07 14:35:24.356, 2, 0, 0, 132.54
2026/08/07 14:35:24.356, 3, 0, 0, 141.93
2026/08/07 14:35:24.356, 4, 71546, 100, 952.95
2026/08/07 14:35:24.356, 5, 72706, 100, 984.85
2026/08/07 14:35:24.356, 6, 72708, 100, 949.68
2026/08/07 14:35:24.356, 7, 72706, 100, 1003.20
2026/08/07 14:35:24.856, 0, 0, 0, 134.81
2026/08/07 14:35:24.856, 1, 0, 0, 138.11
2026/08/07 14:35:24.856, 2, 0, 0, 132.56
2026/08/07 14:35:24.856, 3, 0, 0, 141.93
2026/08/07 14:35:24.856, 4, 71546, 100, 947.52
2026/08/07 14:35:24.856, 5, 72706, 100, 985.22
2026/08/07 14:35:24.856, 6, 72708, 100, 947.81
2026/08/07 14:35:24.856, 7, 72706, 100, 997.26
2026/08/07 14:35:25.356, 0, 0, 0, 134.80
2026/08/07 14:35:25.356, 1, 0, 0, 138.07
2026/08/07 14:35:25.356, 2, 0, 0, 132.45
2026/08/07 14:35:25.356, 3, 0, 0, 141.93
2026/08/07 14:35:25.356, 4, 71546, 100, 945.60
2026/08/07 14:35:25.356, 5, 72706, 100, 980.17
2026/08/07 14:35:25.356, 6, 72708, 100, 942.23
2026/08/07 14:35:25.356, 7, 72706, 100, 992.27
2026/08/07 14:35:25.856, 0, 0, 0, 134.76
2026/08/07 14:35:25.856, 1, 0, 0, 138.32
2026/08/07 14:35:25.856, 2, 0, 0, 132.45
2026/08/07 14:35:25.856, 3, 0, 0, 141.93
2026/08/07 14:35:25.856, 4, 71546, 100, 939.19
2026/08/07 14:35:25.856, 5, 72706, 100, 975.09
2026/08/07 14:35:25.856, 6, 72708, 100, 943.81
2026/08/07 14:35:25.856, 7, 72706, 100, 991.45
2026/08/07 14:35:26.356, 0, 0, 0, 134.61
2026/08/07 14:35:26.357, 1, 0, 0, 138.31
2026/08/07 14:35:26.358, 2, 0, 0, 132.44
2026/08/07 14:35:26.359, 3, 0, 0, 141.93
2026/08/07 14:35:26.361, 4, 71546, 100, 937.63
2026/08/07 14:35:26.362, 5, 72706, 100, 978.10
2026/08/07 14:35:26.363, 6, 72708, 100, 940.45
2026/08/07 14:35:26.365, 7, 72706, 100, 989.31
2026/08/07 14:35:26.866, 0, 0, 0, 134.62
2026/08/07 14:35:26.866, 1, 0, 0, 138.12
2026/08/07 14:35:26.866, 2, 0, 0, 132.44
2026/08/07 14:35:26.866, 3, 0, 0, 141.93
2026/08/07 14:35:26.866, 4, 71546, 99, 931.39
2026/08/07 14:35:26.866, 5, 72706, 99, 973.67
2026/08/07 14:35:26.866, 6, 72708, 99, 934.77
2026/08/07 14:35:26.866, 7, 72706, 99, 990.78
2026/08/07 14:35:27.366, 0, 0, 0, 134.58
2026/08/07 14:35:27.367, 1, 0, 0, 138.12
2026/08/07 14:35:27.367, 2, 0, 0, 132.44
2026/08/07 14:35:27.367, 3, 0, 0, 142.05
2026/08/07 14:35:27.367, 4, 71546, 100, 939.87
2026/08/07 14:35:27.367, 5, 72706, 100, 975.72
2026/08/07 14:35:27.367, 6, 72708, 100, 936.89
2026/08/07 14:35:27.367, 7, 72706, 100, 990.49
2026/08/07 14:35:27.867, 0, 0, 0, 134.54
2026/08/07 14:35:27.868, 1, 0, 0, 138.08
2026/08/07 14:35:27.868, 2, 0, 0, 132.44
2026/08/07 14:35:27.868, 3, 0, 0, 142.05
2026/08/07 14:35:27.868, 4, 71546, 100, 949.25
2026/08/07 14:35:27.868, 5, 72706, 100, 989.79
2026/08/07 14:35:27.868, 6, 72708, 100, 946.12
2026/08/07 14:35:27.868, 7, 72706, 100, 995.44
2026/08/07 14:35:28.368, 0, 0, 0, 134.69
2026/08/07 14:35:28.368, 1, 0, 0, 138.19
2026/08/07 14:35:28.368, 2, 0, 0, 132.43
2026/08/07 14:35:28.368, 3, 0, 0, 141.93
2026/08/07 14:35:28.368, 4, 71546, 100, 950.62
2026/08/07 14:35:28.368, 5, 72706, 100, 992.20
2026/08/07 14:35:28.368, 6, 72708, 100, 952.85
2026/08/07 14:35:28.368, 7, 72706, 100, 1003.37
2026/08/07 14:35:28.868, 0, 0, 0, 134.81
2026/08/07 14:35:28.868, 1, 0, 0, 138.18
2026/08/07 14:35:28.868, 2, 0, 0, 132.43
2026/08/07 14:35:28.868, 3, 0, 0, 141.93
2026/08/07 14:35:28.868, 4, 71546, 100, 946.82
2026/08/07 14:35:28.868, 5, 72706, 100, 983.09
2026/08/07 14:35:28.869, 6, 72708, 100, 950.78
2026/08/07 14:35:28.869, 7, 72706, 100, 993.00
2026/08/07 14:35:29.369, 0, 0, 0, 134.74
2026/08/07 14:35:29.369, 1, 0, 0, 138.15
2026/08/07 14:35:29.369, 2, 0, 0, 132.59
2026/08/07 14:35:29.369, 3, 0, 0, 141.93
2026/08/07 14:35:29.369, 4, 71546, 100, 946.26
2026/08/07 14:35:29.369, 5, 72706, 100, 984.39
2026/08/07 14:35:29.369, 6, 72708, 100, 944.36
2026/08/07 14:35:29.369, 7, 72706, 100, 991.11
2026/08/07 14:35:29.869, 0, 0, 0, 134.58
2026/08/07 14:35:29.869, 1, 0, 0, 138.14
2026/08/07 14:35:29.869, 2, 0, 0, 132.59
2026/08/07 14:35:29.869, 3, 0, 0, 141.93
2026/08/07 14:35:29.869, 4, 71546, 100, 947.44
2026/08/07 14:35:29.869, 5, 72706, 100, 979.92
2026/08/07 14:35:29.869, 6, 72708, 100, 944.35
2026/08/07 14:35:29.869, 7, 72706, 100, 998.74
2026/08/07 14:35:30.369, 0, 0, 0, 134.46
2026/08/07 14:35:30.369, 1, 0, 0, 138.06
2026/08/07 14:35:30.369, 2, 0, 0, 132.42
2026/08/07 14:35:30.369, 3, 0, 0, 141.93
2026/08/07 14:35:30.369, 4, 71546, 100, 941.94
2026/08/07 14:35:30.369, 5, 72706, 100, 973.76
2026/08/07 14:35:30.369, 6, 72708, 100, 943.16
2026/08/07 14:35:30.369, 7, 72706, 100, 989.63
2026/08/07 14:35:30.869, 0, 0, 0, 134.46
2026/08/07 14:35:30.869, 1, 0, 0, 138.26
2026/08/07 14:35:30.869, 2, 0, 0, 132.41
2026/08/07 14:35:30.869, 3, 0, 0, 141.93
2026/08/07 14:35:30.869, 4, 71546, 100, 937.16
2026/08/07 14:35:30.869, 5, 72706, 100, 974.40
2026/08/07 14:35:30.869, 6, 72708, 100, 936.39
2026/08/07 14:35:30.869, 7, 72706, 100, 982.95
2026/08/07 14:35:31.369, 0, 0, 0, 134.46
2026/08/07 14:35:31.369, 1, 0, 0, 138.26
2026/08/07 14:35:31.369, 2, 0, 0, 132.43
2026/08/07 14:35:31.369, 3, 0, 0, 141.90
2026/08/07 14:35:31.369, 4, 71546, 100, 933.35
2026/08/07 14:35:31.369, 5, 72706, 100, 971.62
2026/08/07 14:35:31.369, 6, 72708, 100, 940.04
2026/08/07 14:35:31.369, 7, 72706, 100, 980.89
2026/08/07 14:35:31.869, 0, 0, 0, 134.42
2026/08/07 14:35:31.869, 1, 0, 0, 138.07
2026/08/07 14:35:31.870, 2, 0, 0, 132.43
2026/08/07 14:35:31.870, 3, 0, 0, 141.90
2026/08/07 14:35:31.870, 4, 71546, 100, 937.07
2026/08/07 14:35:31.870, 5, 72706, 100, 976.99
2026/08/07 14:35:31.870, 6, 72708, 100, 940.66
2026/08/07 14:35:31.870, 7, 72706, 100, 984.85
2026/08/07 14:35:32.370, 0, 0, 0, 134.42
2026/08/07 14:35:32.370, 1, 0, 0, 138.08
2026/08/07 14:35:32.370, 2, 0, 0, 132.43
2026/08/07 14:35:32.370, 3, 0, 0, 142.01
2026/08/07 14:35:32.370, 4, 71546, 100, 949.87
2026/08/07 14:35:32.370, 5, 72706, 100, 991.39
2026/08/07 14:35:32.370, 6, 72708, 100, 944.92
2026/08/07 14:35:32.370, 7, 72706, 100, 999.17
2026/08/07 14:35:32.870, 0, 0, 0, 134.42
2026/08/07 14:35:32.870, 1, 0, 0, 138.09
2026/08/07 14:35:32.870, 2, 0, 0, 132.45
2026/08/07 14:35:32.870, 3, 0, 0, 142.01
2026/08/07 14:35:32.870, 4, 71546, 100, 948.36
2026/08/07 14:35:32.870, 5, 72706, 100, 993.89
2026/08/07 14:35:32.870, 6, 72708, 100, 954.07
2026/08/07 14:35:32.870, 7, 72706, 100, 1006.53
2026/08/07 14:35:33.370, 0, 0, 0, 134.58
2026/08/07 14:35:33.370, 1, 0, 0, 138.10
2026/08/07 14:35:33.370, 2, 0, 0, 132.45
2026/08/07 14:35:33.370, 3, 0, 0, 141.90
2026/08/07 14:35:33.370, 4, 71546, 100, 941.68
2026/08/07 14:35:33.370, 5, 72706, 100, 989.86
2026/08/07 14:35:33.370, 6, 72708, 100, 945.26
2026/08/07 14:35:33.370, 7, 72706, 100, 997.92
2026/08/07 14:35:33.870, 0, 0, 0, 134.57
2026/08/07 14:35:33.870, 1, 0, 0, 138.10
2026/08/07 14:35:33.870, 2, 0, 0, 132.45
2026/08/07 14:35:33.870, 3, 0, 0, 141.82
2026/08/07 14:35:33.870, 4, 71546, 100, 944.98
2026/08/07 14:35:33.870, 5, 72706, 100, 989.19
2026/08/07 14:35:33.870, 6, 72708, 100, 935.70
2026/08/07 14:35:33.870, 7, 72706, 100, 992.32
2026/08/07 14:35:34.370, 0, 0, 0, 134.42
2026/08/07 14:35:34.370, 1, 0, 0, 138.10
2026/08/07 14:35:34.370, 2, 0, 0, 132.53
2026/08/07 14:35:34.370, 3, 0, 0, 141.78
2026/08/07 14:35:34.370, 4, 71546, 100, 942.64
2026/08/07 14:35:34.370, 5, 72706, 100, 981.61
2026/08/07 14:35:34.370, 6, 72708, 100, 934.63
2026/08/07 14:35:34.370, 7, 72706, 100, 983.97
2026/08/07 14:35:34.871, 0, 0, 0, 134.42
2026/08/07 14:35:34.871, 1, 0, 0, 138.10
2026/08/07 14:35:34.871, 2, 0, 0, 132.52
2026/08/07 14:35:34.871, 3, 0, 0, 141.74
2026/08/07 14:35:34.871, 4, 71546, 100, 943.90
2026/08/07 14:35:34.871, 5, 72706, 100, 977.70
2026/08/07 14:35:34.871, 6, 72708, 100, 933.36
2026/08/07 14:35:34.871, 7, 72706, 100, 980.21
2026/08/07 14:35:35.371, 0, 0, 0, 134.42
2026/08/07 14:35:35.371, 1, 0, 0, 138.09
2026/08/07 14:35:35.371, 2, 0, 0, 132.45
2026/08/07 14:35:35.371, 3, 0, 0, 141.52
2026/08/07 14:35:35.371, 4, 71546, 98, 939.32
2026/08/07 14:35:35.371, 5, 72706, 99, 967.94
2026/08/07 14:35:35.371, 6, 72708, 100, 936.73
2026/08/07 14:35:35.371, 7, 72706, 100, 982.24
2026/08/07 14:35:35.871, 0, 0, 0, 134.42
2026/08/07 14:35:35.877, 1, 0, 0, 138.20
2026/08/07 14:35:35.884, 2, 0, 0, 132.45
2026/08/07 14:35:35.885, 3, 0, 0, 141.24
2026/08/07 14:35:35.885, 4, 71546, 100, 933.13
2026/08/07 14:35:35.886, 5, 72706, 100, 956.89
2026/08/07 14:35:35.887, 6, 72708, 100, 931.38
2026/08/07 14:35:35.888, 7, 72706, 100, 979.86
2026/08/07 14:35:36.388, 0, 0, 0, 134.46
2026/08/07 14:35:36.388, 1, 0, 0, 138.21
2026/08/07 14:35:36.388, 2, 0, 0, 132.45
2026/08/07 14:35:36.388, 3, 0, 0, 141.17
2026/08/07 14:35:36.388, 4, 71546, 100, 932.67
2026/08/07 14:35:36.388, 5, 72706, 100, 969.64
2026/08/07 14:35:36.388, 6, 72708, 100, 938.73
2026/08/07 14:35:36.388, 7, 72706, 100, 984.70
2026/08/07 14:35:36.888, 0, 0, 0, 134.46
2026/08/07 14:35:36.888, 1, 0, 0, 138.08
2026/08/07 14:35:36.888, 2, 0, 0, 132.45
2026/08/07 14:35:36.888, 3, 0, 0, 140.98
2026/08/07 14:35:36.888, 4, 71546, 100, 944.49
2026/08/07 14:35:36.888, 5, 72706, 100, 982.76
2026/08/07 14:35:36.888, 6, 72708, 100, 945.00
2026/08/07 14:35:36.888, 7, 72706, 100, 985.69
2026/08/07 14:35:37.388, 0, 0, 0, 134.42
2026/08/07 14:35:37.388, 1, 0, 0, 138.07
2026/08/07 14:35:37.388, 2, 0, 0, 132.44
2026/08/07 14:35:37.388, 3, 0, 0, 140.89
2026/08/07 14:35:37.388, 4, 71546, 100, 945.85
2026/08/07 14:35:37.388, 5, 72706, 100, 977.38
2026/08/07 14:35:37.388, 6, 72708, 100, 945.86
2026/08/07 14:35:37.388, 7, 72706, 100, 991.09
2026/08/07 14:35:37.888, 0, 0, 0, 134.42
2026/08/07 14:35:37.888, 1, 0, 0, 138.08
2026/08/07 14:35:37.888, 2, 0, 0, 132.45
2026/08/07 14:35:37.888, 3, 0, 0, 140.86
2026/08/07 14:35:37.888, 4, 71546, 100, 939.06
2026/08/07 14:35:37.888, 5, 72706, 100, 972.03
2026/08/07 14:35:37.888, 6, 72708, 100, 942.67
2026/08/07 14:35:37.888, 7, 72706, 100, 987.25
2026/08/07 14:35:38.389, 0, 0, 0, 134.53
2026/08/07 14:35:38.389, 1, 0, 0, 138.09
2026/08/07 14:35:38.389, 2, 0, 0, 132.45
2026/08/07 14:35:38.389, 3, 0, 0, 140.78
2026/08/07 14:35:38.389, 4, 71546, 100, 934.11
2026/08/07 14:35:38.390, 5, 72706, 100, 971.42
2026/08/07 14:35:38.390, 6, 72708, 100, 933.21
2026/08/07 14:35:38.390, 7, 72706, 100, 978.46
2026/08/07 14:35:38.890, 0, 0, 0, 134.54
2026/08/07 14:35:38.891, 1, 0, 0, 138.11
2026/08/07 14:35:38.891, 2, 0, 0, 132.44
2026/08/07 14:35:38.891, 3, 0, 0, 140.61
2026/08/07 14:35:38.891, 4, 71546, 100, 936.55
2026/08/07 14:35:38.891, 5, 72706, 100, 967.89
2026/08/07 14:35:38.891, 6, 72708, 100, 930.76
2026/08/07 14:35:38.891, 7, 72706, 100, 980.60
2026/08/07 14:35:39.391, 0, 0, 0, 134.42
2026/08/07 14:35:39.391, 1, 0, 0, 138.10
2026/08/07 14:35:39.391, 2, 0, 0, 132.54
2026/08/07 14:35:39.391, 3, 0, 0, 140.22
2026/08/07 14:35:39.391, 4, 71546, 100, 932.17
2026/08/07 14:35:39.391, 5, 72706, 100, 963.66
2026/08/07 14:35:39.391, 6, 72708, 100, 934.42
2026/08/07 14:35:39.391, 7, 72706, 100, 985.79
2026/08/07 14:35:39.891, 0, 0, 0, 134.42
2026/08/07 14:35:39.891, 1, 0, 0, 138.10
2026/08/07 14:35:39.891, 2, 0, 0, 132.55
2026/08/07 14:35:39.891, 3, 0, 0, 140.07
2026/08/07 14:35:39.891, 4, 71546, 100, 923.30
2026/08/07 14:35:39.891, 5, 72706, 100, 962.86
2026/08/07 14:35:39.891, 6, 72708, 100, 925.87
2026/08/07 14:35:39.891, 7, 72706, 100, 969.58
2026/08/07 14:35:40.391, 0, 0, 0, 134.42
2026/08/07 14:35:40.391, 1, 0, 0, 138.10
2026/08/07 14:35:40.391, 2, 0, 0, 132.43
2026/08/07 14:35:40.391, 3, 0, 0, 140.03
2026/08/07 14:35:40.391, 4, 71546, 100, 932.15
2026/08/07 14:35:40.391, 5, 72706, 100, 964.83
2026/08/07 14:35:40.391, 6, 72708, 100, 923.74
2026/08/07 14:35:40.391, 7, 72706, 100, 976.10
2026/08/07 14:35:40.892, 0, 0, 0, 134.42
2026/08/07 14:35:40.892, 1, 0, 0, 138.17
2026/08/07 14:35:40.892, 2, 0, 0, 132.43
2026/08/07 14:35:40.892, 3, 0, 0, 139.99
2026/08/07 14:35:40.892, 4, 71546, 100, 940.40
2026/08/07 14:35:40.892, 5, 72706, 100, 975.75
2026/08/07 14:35:40.892, 6, 72708, 100, 937.78
2026/08/07 14:35:40.892, 7, 72706, 100, 994.90
2026/08/07 14:35:41.392, 0, 0, 0, 134.42
2026/08/07 14:35:41.392, 1, 0, 0, 138.18
2026/08/07 14:35:41.392, 2, 0, 0, 132.44
2026/08/07 14:35:41.392, 3, 0, 0, 140.03
2026/08/07 14:35:41.392, 4, 71546, 100, 945.53
2026/08/07 14:35:41.392, 5, 72706, 100, 983.40
2026/08/07 14:35:41.392, 6, 72708, 100, 940.35
2026/08/07 14:35:41.392, 7, 72706, 100, 990.42
2026/08/07 14:35:41.892, 0, 0, 0, 134.42
2026/08/07 14:35:41.892, 1, 0, 0, 138.11
2026/08/07 14:35:41.892, 2, 0, 0, 132.42
2026/08/07 14:35:41.893, 3, 0, 0, 140.03
2026/08/07 14:35:41.893, 4, 71546, 100, 945.53
2026/08/07 14:35:41.893, 5, 72706, 100, 980.34
2026/08/07 14:35:41.893, 6, 72708, 100, 939.59
2026/08/07 14:35:41.893, 7, 72706, 100, 987.02
2026/08/07 14:35:42.393, 0, 0, 0, 134.42
2026/08/07 14:35:42.393, 1, 0, 0, 138.08
2026/08/07 14:35:42.393, 2, 0, 0, 132.43
2026/08/07 14:35:42.393, 3, 0, 0, 140.18
2026/08/07 14:35:42.393, 4, 71546, 100, 936.82
2026/08/07 14:35:42.393, 5, 72706, 100, 971.56
2026/08/07 14:35:42.393, 6, 72708, 100, 933.61
2026/08/07 14:35:42.394, 7, 72706, 100, 979.52
2026/08/07 14:35:42.894, 0, 0, 0, 134.42
2026/08/07 14:35:42.894, 1, 0, 0, 138.08
2026/08/07 14:35:42.894, 2, 0, 0, 132.46
2026/08/07 14:35:42.894, 3, 0, 0, 140.18
2026/08/07 14:35:42.894, 4, 71546, 100, 938.70
2026/08/07 14:35:42.894, 5, 72706, 100, 968.70
2026/08/07 14:35:42.894, 6, 72708, 100, 925.97
2026/08/07 14:35:42.894, 7, 72706, 100, 972.26
2026/08/07 14:35:43.394, 0, 0, 0, 134.50
2026/08/07 14:35:43.394, 1, 0, 0, 138.10
2026/08/07 14:35:43.394, 2, 0, 0, 132.46
2026/08/07 14:35:43.394, 3, 0, 0, 139.99
2026/08/07 14:35:43.394, 4, 71546, 100, 933.92
2026/08/07 14:35:43.394, 5, 72706, 100, 963.33
2026/08/07 14:35:43.394, 6, 72708, 100, 931.34
2026/08/07 14:35:43.394, 7, 72706, 100, 975.86
2026/08/07 14:35:43.894, 0, 0, 0, 134.50
2026/08/07 14:35:43.894, 1, 0, 0, 138.10
2026/08/07 14:35:43.894, 2, 0, 0, 132.46
2026/08/07 14:35:43.894, 3, 0, 0, 139.99
2026/08/07 14:35:43.894, 4, 71546, 100, 932.54
2026/08/07 14:35:43.894, 5, 72706, 100, 963.01
2026/08/07 14:35:43.895, 6, 72708, 100, 925.05
2026/08/07 14:35:43.895, 7, 72706, 100, 973.40
2026/08/07 14:35:44.395, 0, 0, 0, 134.42
2026/08/07 14:35:44.395, 1, 0, 0, 138.10
2026/08/07 14:35:44.395, 2, 0, 0, 132.57
2026/08/07 14:35:44.395, 3, 0, 0, 139.99
2026/08/07 14:35:44.395, 4, 71546, 100, 933.62
2026/08/07 14:35:44.395, 5, 72706, 100, 963.29
2026/08/07 14:35:44.395, 6, 72708, 100, 917.60
2026/08/07 14:35:44.395, 7, 72706, 100, 969.97
2026/08/07 14:35:44.895, 0, 0, 0, 134.42
2026/08/07 14:35:44.895, 1, 0, 0, 138.11
2026/08/07 14:35:44.895, 2, 0, 0, 132.57
2026/08/07 14:35:44.895, 3, 0, 0, 139.99
2026/08/07 14:35:44.895, 4, 71546, 100, 939.74
2026/08/07 14:35:44.895, 5, 72706, 100, 969.45
2026/08/07 14:35:44.895, 6, 72708, 100, 925.98
2026/08/07 14:35:44.895, 7, 72706, 100, 982.89
2026/08/07 14:35:45.395, 0, 0, 0, 134.42
2026/08/07 14:35:45.395, 1, 0, 0, 138.10
2026/08/07 14:35:45.395, 2, 0, 0, 132.46
2026/08/07 14:35:45.395, 3, 0, 0, 139.99
2026/08/07 14:35:45.395, 4, 71546, 100, 944.81
2026/08/07 14:35:45.395, 5, 72706, 100, 973.63
2026/08/07 14:35:45.396, 6, 72708, 100, 936.53
2026/08/07 14:35:45.396, 7, 72706, 100, 991.54
2026/08/07 14:35:45.896, 0, 0, 0, 134.42
2026/08/07 14:35:45.896, 1, 0, 0, 138.14
2026/08/07 14:35:45.896, 2, 0, 0, 132.46
2026/08/07 14:35:45.896, 3, 0, 0, 139.99
2026/08/07 14:35:45.896, 4, 71546, 100, 940.39
2026/08/07 14:35:45.896, 5, 72706, 100, 972.07
2026/08/07 14:35:45.896, 6, 72708, 100, 944.47
2026/08/07 14:35:45.896, 7, 72706, 100, 985.89
2026/08/07 14:35:46.396, 0, 0, 0, 134.42
2026/08/07 14:35:46.396, 1, 0, 0, 138.15
2026/08/07 14:35:46.396, 2, 0, 0, 132.46
2026/08/07 14:35:46.396, 3, 0, 0, 139.99
2026/08/07 14:35:46.396, 4, 71546, 100, 937.72
2026/08/07 14:35:46.396, 5, 72706, 100, 973.95
2026/08/07 14:35:46.396, 6, 72708, 100, 945.43
2026/08/07 14:35:46.396, 7, 72706, 100, 983.50
2026/08/07 14:35:46.896, 0, 0, 0, 134.42
2026/08/07 14:35:46.896, 1, 0, 0, 138.10
2026/08/07 14:35:46.896, 2, 0, 0, 132.46
2026/08/07 14:35:46.896, 3, 0, 0, 139.99
2026/08/07 14:35:46.896, 4, 71546, 100, 935.21
2026/08/07 14:35:46.896, 5, 72706, 100, 970.60
2026/08/07 14:35:46.896, 6, 72708, 100, 945.55
2026/08/07 14:35:46.896, 7, 72706, 100, 987.55
2026/08/07 14:35:47.396, 0, 0, 0, 134.42
2026/08/07 14:35:47.396, 1, 0, 0, 138.10
2026/08/07 14:35:47.396, 2, 0, 0, 132.45
2026/08/07 14:35:47.397, 3, 0, 0, 140.07
2026/08/07 14:35:47.397, 4, 71546, 100, 934.98
2026/08/07 14:35:47.397, 5, 72706, 100, 971.54
2026/08/07 14:35:47.397, 6, 72708, 100, 934.15
2026/08/07 14:35:47.397, 7, 72706, 100, 979.54
2026/08/07 14:35:47.897, 0, 0, 0, 134.42
2026/08/07 14:35:47.898, 1, 0, 0, 138.11
2026/08/07 14:35:47.899, 2, 0, 0, 132.45
2026/08/07 14:35:47.901, 3, 0, 0, 140.07
2026/08/07 14:35:47.902, 4, 71546, 100, 934.97
2026/08/07 14:35:47.903, 5, 72706, 100, 966.65
2026/08/07 14:35:47.904, 6, 72708, 100, 925.11
2026/08/07 14:35:47.906, 7, 72706, 100, 973.08
2026/08/07 14:35:48.407, 0, 0, 0, 134.54
2026/08/07 14:35:48.407, 1, 0, 0, 138.10
2026/08/07 14:35:48.407, 2, 0, 0, 132.47
2026/08/07 14:35:48.407, 3, 0, 0, 139.99
2026/08/07 14:35:48.407, 4, 71546, 100, 929.88
2026/08/07 14:35:48.407, 5, 72706, 100, 959.05
2026/08/07 14:35:48.407, 6, 72708, 100, 930.27
2026/08/07 14:35:48.407, 7, 72706, 100, 961.98
2026/08/07 14:35:48.907, 0, 0, 0, 134.54
2026/08/07 14:35:48.907, 1, 0, 0, 138.11
2026/08/07 14:35:48.907, 2, 0, 0, 132.47
2026/08/07 14:35:48.907, 3, 0, 0, 139.99
2026/08/07 14:35:48.907, 4, 71546, 100, 933.47
2026/08/07 14:35:48.907, 5, 72706, 100, 961.40
2026/08/07 14:35:48.907, 6, 72708, 100, 931.79
2026/08/07 14:35:48.907, 7, 72706, 100, 968.74
2026/08/07 14:35:49.407, 0, 0, 0, 134.42
2026/08/07 14:35:49.407, 1, 0, 0, 138.04
2026/08/07 14:35:49.407, 2, 0, 0, 132.58
2026/08/07 14:35:49.407, 3, 0, 0, 139.99
2026/08/07 14:35:49.407, 4, 71546, 100, 935.83
2026/08/07 14:35:49.407, 5, 72706, 100, 968.77
2026/08/07 14:35:49.407, 6, 72708, 100, 938.53
2026/08/07 14:35:49.407, 7, 72706, 100, 985.87
2026/08/07 14:35:49.907, 0, 0, 0, 134.42
2026/08/07 14:35:49.907, 1, 0, 0, 137.85
2026/08/07 14:35:49.908, 2, 0, 0, 132.59
2026/08/07 14:35:49.908, 3, 0, 0, 139.99
2026/08/07 14:35:49.908, 4, 71546, 100, 941.10
2026/08/07 14:35:49.908, 5, 72706, 100, 977.33
2026/08/07 14:35:49.908, 6, 72708, 100, 944.10
2026/08/07 14:35:49.908, 7, 72706, 100, 982.86
2026/08/07 14:35:50.408, 0, 0, 0, 134.42
2026/08/07 14:35:50.408, 1, 0, 0, 137.78
2026/08/07 14:35:50.408, 2, 0, 0, 132.46
2026/08/07 14:35:50.408, 3, 0, 0, 139.99
2026/08/07 14:35:50.408, 4, 71546, 100, 942.27
2026/08/07 14:35:50.408, 5, 72706, 100, 975.40
2026/08/07 14:35:50.408, 6, 72708, 100, 944.22
2026/08/07 14:35:50.408, 7, 72706, 100, 984.95
2026/08/07 14:35:50.908, 0, 0, 0, 134.42
2026/08/07 14:35:50.908, 1, 0, 0, 137.86
2026/08/07 14:35:50.909, 2, 0, 0, 132.46
2026/08/07 14:35:50.909, 3, 0, 0, 139.91
2026/08/07 14:35:50.909, 4, 71546, 100, 938.94
2026/08/07 14:35:50.909, 5, 72706, 100, 972.29
2026/08/07 14:35:50.909, 6, 72708, 100, 940.34
2026/08/07 14:35:50.909, 7, 72706, 100, 982.48
2026/08/07 14:35:51.409, 0, 0, 0, 134.42
2026/08/07 14:35:51.409, 1, 0, 0, 137.84
2026/08/07 14:35:51.409, 2, 0, 0, 132.47
2026/08/07 14:35:51.409, 3, 0, 0, 139.84
2026/08/07 14:35:51.409, 4, 71546, 100, 933.78
2026/08/07 14:35:51.409, 5, 72706, 100, 966.88
2026/08/07 14:35:51.409, 6, 72708, 100, 941.62
2026/08/07 14:35:51.409, 7, 72706, 100, 973.82
2026/08/07 14:35:51.909, 0, 0, 0, 134.42
2026/08/07 14:35:51.909, 1, 0, 0, 137.87
2026/08/07 14:35:51.909, 2, 0, 0, 132.47
2026/08/07 14:35:51.909, 3, 0, 0, 139.87
2026/08/07 14:35:51.909, 4, 71546, 100, 927.73
2026/08/07 14:35:51.909, 5, 72706, 100, 967.02
2026/08/07 14:35:51.909, 6, 72708, 100, 942.27
2026/08/07 14:35:51.909, 7, 72706, 100, 972.05
2026/08/07 14:35:52.410, 0, 0, 0, 134.42
2026/08/07 14:35:52.410, 1, 0, 0, 137.88
2026/08/07 14:35:52.410, 2, 0, 0, 132.46
2026/08/07 14:35:52.410, 3, 0, 0, 139.87
2026/08/07 14:35:52.410, 4, 71546, 100, 930.48
2026/08/07 14:35:52.410, 5, 72706, 100, 961.85
2026/08/07 14:35:52.410, 6, 72708, 100, 934.41
2026/08/07 14:35:52.410, 7, 72706, 100, 972.78
2026/08/07 14:35:52.910, 0, 0, 0, 134.42
2026/08/07 14:35:52.910, 1, 0, 0, 137.78
2026/08/07 14:35:52.910, 2, 0, 0, 132.41
2026/08/07 14:35:52.910, 3, 0, 0, 139.84
2026/08/07 14:35:52.910, 4, 71546, 100, 922.99
2026/08/07 14:35:52.910, 5, 72706, 100, 954.50
2026/08/07 14:35:52.910, 6, 72708, 100, 922.73
2026/08/07 14:35:52.910, 7, 72706, 100, 965.22
2026/08/07 14:35:53.410, 0, 0, 0, 134.54
2026/08/07 14:35:53.410, 1, 0, 0, 137.61
2026/08/07 14:35:53.410, 2, 0, 0, 132.42
2026/08/07 14:35:53.410, 3, 0, 0, 139.84
2026/08/07 14:35:53.410, 4, 71546, 100, 926.33
2026/08/07 14:35:53.410, 5, 72706, 100, 962.09
2026/08/07 14:35:53.410, 6, 72708, 100, 922.93
2026/08/07 14:35:53.410, 7, 72706, 100, 956.65
2026/08/07 14:35:53.911, 0, 0, 0, 134.54
2026/08/07 14:35:53.911, 1, 0, 0, 137.61
2026/08/07 14:35:53.911, 2, 0, 0, 132.47
2026/08/07 14:35:53.911, 3, 0, 0, 139.72
2026/08/07 14:35:53.911, 4, 71546, 100, 942.80
2026/08/07 14:35:53.911, 5, 72706, 100, 969.89
2026/08/07 14:35:53.911, 6, 72708, 100, 939.08
2026/08/07 14:35:53.911, 7, 72706, 100, 975.30
2026/08/07 14:35:54.411, 0, 0, 0, 134.42
2026/08/07 14:35:54.411, 1, 0, 0, 137.59
2026/08/07 14:35:54.411, 2, 0, 0, 132.54
2026/08/07 14:35:54.411, 3, 0, 0, 139.64
2026/08/07 14:35:54.411, 4, 71546, 100, 942.14
2026/08/07 14:35:54.411, 5, 72706, 100, 967.67
2026/08/07 14:35:54.411, 6, 72708, 100, 941.52
2026/08/07 14:35:54.411, 7, 72706, 100, 982.41
2026/08/07 14:35:54.911, 0, 0, 0, 134.42
2026/08/07 14:35:54.911, 1, 0, 0, 137.40
2026/08/07 14:35:54.911, 2, 0, 0, 132.53
2026/08/07 14:35:54.911, 3, 0, 0, 139.68
2026/08/07 14:35:54.911, 4, 71546, 100, 939.14
2026/08/07 14:35:54.911, 5, 72706, 100, 969.61
2026/08/07 14:35:54.911, 6, 72708, 100, 934.39
2026/08/07 14:35:54.911, 7, 72706, 100, 973.14
2026/08/07 14:35:55.411, 0, 0, 0, 134.42
2026/08/07 14:35:55.411, 1, 0, 0, 137.44
2026/08/07 14:35:55.411, 2, 0, 0, 132.46
2026/08/07 14:35:55.411, 3, 0, 0, 139.56
2026/08/07 14:35:55.411, 4, 71546, 100, 938.11
2026/08/07 14:35:55.411, 5, 72706, 100, 963.83
2026/08/07 14:35:55.411, 6, 72708, 100, 937.92
2026/08/07 14:35:55.411, 7, 72706, 100, 975.09
2026/08/07 14:35:55.911, 0, 0, 0, 134.42
2026/08/07 14:35:55.911, 1, 0, 0, 137.58
2026/08/07 14:35:55.911, 2, 0, 0, 132.47
2026/08/07 14:35:55.911, 3, 0, 0, 139.50
2026/08/07 14:35:55.911, 4, 71546, 100, 932.22
2026/08/07 14:35:55.911, 5, 72706, 100, 960.62
2026/08/07 14:35:55.911, 6, 72708, 100, 939.78
2026/08/07 14:35:55.911, 7, 72706, 100, 977.64
2026/08/07 14:35:56.411, 0, 0, 0, 134.42
2026/08/07 14:35:56.411, 1, 0, 0, 137.37
2026/08/07 14:35:56.412, 2, 0, 0, 132.47
2026/08/07 14:35:56.412, 3, 0, 0, 139.50
2026/08/07 14:35:56.412, 4, 71546, 100, 931.25
2026/08/07 14:35:56.412, 5, 72706, 100, 958.65
2026/08/07 14:35:56.412, 6, 72708, 100, 928.10
2026/08/07 14:35:56.412, 7, 72706, 100, 972.72
2026/08/07 14:35:56.912, 0, 0, 0, 134.42
2026/08/07 14:35:56.912, 1, 0, 0, 137.06
2026/08/07 14:35:56.912, 2, 0, 0, 132.43
2026/08/07 14:35:56.912, 3, 0, 0, 139.52
2026/08/07 14:35:56.912, 4, 71546, 99, 923.63
2026/08/07 14:35:56.912, 5, 72706, 99, 954.33
2026/08/07 14:35:56.912, 6, 72708, 100, 922.38
2026/08/07 14:35:56.912, 7, 72706, 100, 966.42
2026/08/07 14:35:57.412, 0, 0, 0, 134.42
2026/08/07 14:35:57.412, 1, 0, 0, 136.99
2026/08/07 14:35:57.414, 2, 0, 0, 132.43
2026/08/07 14:35:57.415, 3, 0, 0, 139.60
2026/08/07 14:35:57.416, 4, 71546, 100, 921.15
2026/08/07 14:35:57.417, 5, 72706, 100, 957.98
2026/08/07 14:35:57.418, 6, 72708, 100, 919.64
2026/08/07 14:35:57.419, 7, 72706, 100, 957.53
2026/08/07 14:35:57.921, 0, 0, 0, 134.42
2026/08/07 14:35:57.921, 1, 0, 0, 137.12
2026/08/07 14:35:57.921, 2, 0, 0, 132.46
2026/08/07 14:35:57.921, 3, 0, 0, 139.61
2026/08/07 14:35:57.921, 4, 71546, 100, 935.43
2026/08/07 14:35:57.921, 5, 72706, 100, 958.89
2026/08/07 14:35:57.921, 6, 72708, 100, 930.09
2026/08/07 14:35:57.921, 7, 72706, 100, 972.17
2026/08/07 14:35:58.421, 0, 0, 0, 134.54
2026/08/07 14:35:58.421, 1, 0, 0, 137.03
2026/08/07 14:35:58.421, 2, 0, 0, 132.46
2026/08/07 14:35:58.421, 3, 0, 0, 139.34
2026/08/07 14:35:58.421, 4, 71546, 100, 941.65
2026/08/07 14:35:58.421, 5, 72706, 100, 966.23
2026/08/07 14:35:58.421, 6, 72708, 100, 943.76
2026/08/07 14:35:58.421, 7, 72706, 100, 982.91
2026/08/07 14:35:58.921, 0, 0, 0, 134.54
2026/08/07 14:35:58.921, 1, 0, 0, 136.72
2026/08/07 14:35:58.921, 2, 0, 0, 132.47
2026/08/07 14:35:58.921, 3, 0, 0, 139.34
2026/08/07 14:35:58.921, 4, 71546, 100, 946.82
2026/08/07 14:35:58.921, 5, 72706, 100, 966.76
2026/08/07 14:35:58.921, 6, 72708, 100, 940.86
2026/08/07 14:35:58.921, 7, 72706, 100, 987.48
2026/08/07 14:35:59.421, 0, 0, 0, 134.42
2026/08/07 14:35:59.422, 1, 0, 0, 136.85
2026/08/07 14:35:59.424, 2, 0, 0, 132.55
2026/08/07 14:35:59.425, 3, 0, 0, 139.40
2026/08/07 14:35:59.426, 4, 71546, 100, 939.66
2026/08/07 14:35:59.427, 5, 72706, 100, 963.83
2026/08/07 14:35:59.428, 6, 72708, 100, 936.70
2026/08/07 14:35:59.430, 7, 72706, 100, 981.20
2026/08/07 14:35:59.931, 0, 0, 0, 134.42
2026/08/07 14:35:59.931, 1, 0, 0, 137.08
2026/08/07 14:35:59.931, 2, 0, 0, 132.55
2026/08/07 14:35:59.931, 3, 0, 0, 139.30
2026/08/07 14:35:59.931, 4, 71546, 100, 938.55
2026/08/07 14:35:59.931, 5, 72706, 100, 965.08
2026/08/07 14:35:59.931, 6, 72708, 100, 930.13
2026/08/07 14:35:59.931, 7, 72706, 100, 971.60
2026/08/07 14:36:00.431, 0, 0, 0, 134.42
2026/08/07 14:36:00.431, 1, 0, 0, 136.97
2026/08/07 14:36:00.431, 2, 0, 0, 132.46
2026/08/07 14:36:00.431, 3, 0, 0, 139.27
2026/08/07 14:36:00.431, 4, 71546, 100, 936.96
2026/08/07 14:36:00.431, 5, 72706, 100, 956.07
2026/08/07 14:36:00.431, 6, 72708, 100, 931.92
2026/08/07 14:36:00.431, 7, 72706, 100, 971.19
2026/08/07 14:36:00.931, 0, 0, 0, 134.42
2026/08/07 14:36:00.931, 1, 0, 0, 136.91
2026/08/07 14:36:00.931, 2, 0, 0, 132.43
2026/08/07 14:36:00.931, 3, 0, 0, 139.04
2026/08/07 14:36:00.931, 4, 71546, 100, 931.40
2026/08/07 14:36:00.931, 5, 72706, 100, 953.33
2026/08/07 14:36:00.931, 6, 72708, 100, 929.88
2026/08/07 14:36:00.931, 7, 72706, 100, 963.18
2026/08/07 14:36:01.431, 0, 0, 0, 134.42
2026/08/07 14:36:01.431, 1, 0, 0, 136.95
2026/08/07 14:36:01.431, 2, 0, 0, 132.42
2026/08/07 14:36:01.431, 3, 0, 0, 138.92
2026/08/07 14:36:01.431, 4, 71546, 100, 926.30
2026/08/07 14:36:01.431, 5, 72706, 100, 947.67
2026/08/07 14:36:01.431, 6, 72708, 100, 926.27
2026/08/07 14:36:01.431, 7, 72706, 100, 961.60
2026/08/07 14:36:01.932, 0, 0, 0, 134.42
2026/08/07 14:36:01.932, 1, 0, 0, 136.73
2026/08/07 14:36:01.932, 2, 0, 0, 132.46
2026/08/07 14:36:01.932, 3, 0, 0, 138.92
2026/08/07 14:36:01.932, 4, 71546, 100, 927.10
2026/08/07 14:36:01.932, 5, 72706, 100, 952.01
2026/08/07 14:36:01.932, 6, 72708, 100, 929.64
2026/08/07 14:36:01.932, 7, 72706, 100, 968.75
2026/08/07 14:36:02.432, 0, 0, 0, 134.42
2026/08/07 14:36:02.432, 1, 0, 0, 136.68
2026/08/07 14:36:02.432, 2, 0, 0, 132.46
2026/08/07 14:36:02.432, 3, 0, 0, 139.17
2026/08/07 14:36:02.432, 4, 71546, 100, 942.42
2026/08/07 14:36:02.432, 5, 72706, 100, 965.36
2026/08/07 14:36:02.432, 6, 72708, 100, 933.53
2026/08/07 14:36:02.432, 7, 72706, 100, 977.78
2026/08/07 14:36:02.932, 0, 0, 0, 134.42
2026/08/07 14:36:02.933, 1, 0, 0, 136.79
2026/08/07 14:36:02.933, 2, 0, 0, 132.46
2026/08/07 14:36:02.933, 3, 0, 0, 139.10
2026/08/07 14:36:02.933, 4, 71546, 100, 942.83
2026/08/07 14:36:02.933, 5, 72706, 100, 961.12
2026/08/07 14:36:02.933, 6, 72708, 100, 941.88
2026/08/07 14:36:02.933, 7, 72706, 100, 978.23
2026/08/07 14:36:03.433, 0, 0, 0, 134.54
2026/08/07 14:36:03.433, 1, 0, 0, 136.76
2026/08/07 14:36:03.433, 2, 0, 0, 132.47
2026/08/07 14:36:03.433, 3, 0, 0, 138.83
2026/08/07 14:36:03.433, 4, 71546, 100, 931.31
2026/08/07 14:36:03.433, 5, 72706, 100, 960.46
2026/08/07 14:36:03.433, 6, 72708, 100, 937.05
2026/08/07 14:36:03.433, 7, 72706, 100, 969.40
2026/08/07 14:36:03.933, 0, 0, 0, 134.54
2026/08/07 14:36:03.933, 1, 0, 0, 136.50
2026/08/07 14:36:03.933, 2, 0, 0, 132.43
2026/08/07 14:36:03.933, 3, 0, 0, 138.75
2026/08/07 14:36:03.933, 4, 71546, 100, 930.64
2026/08/07 14:36:03.933, 5, 72706, 100, 960.03
2026/08/07 14:36:03.933, 6, 72708, 100, 932.93
2026/08/07 14:36:03.933, 7, 72706, 100, 970.48
2026/08/07 14:36:04.433, 0, 0, 0, 134.42
2026/08/07 14:36:04.433, 1, 0, 0, 136.62
2026/08/07 14:36:04.433, 2, 0, 0, 132.51
2026/08/07 14:36:04.433, 3, 0, 0, 138.65
2026/08/07 14:36:04.433, 4, 71546, 100, 930.55
2026/08/07 14:36:04.433, 5, 72706, 100, 962.98
2026/08/07 14:36:04.433, 6, 72708, 100, 934.40
2026/08/07 14:36:04.433, 7, 72706, 100, 969.44
2026/08/07 14:36:04.933, 0, 0, 0, 134.42
2026/08/07 14:36:04.933, 1, 0, 0, 136.70
2026/08/07 14:36:04.933, 2, 0, 0, 132.55
2026/08/07 14:36:04.933, 3, 0, 0, 138.69
2026/08/07 14:36:04.933, 4, 71546, 100, 930.30
2026/08/07 14:36:04.933, 5, 72706, 100, 960.33
2026/08/07 14:36:04.933, 6, 72708, 100, 932.74
2026/08/07 14:36:04.933, 7, 72706, 100, 971.64
2026/08/07 14:36:05.434, 0, 0, 0, 134.42
2026/08/07 14:36:05.434, 1, 0, 0, 136.45
2026/08/07 14:36:05.434, 2, 0, 0, 132.43
2026/08/07 14:36:05.434, 3, 0, 0, 138.77
2026/08/07 14:36:05.434, 4, 71546, 100, 922.74
2026/08/07 14:36:05.434, 5, 72706, 99, 954.33
2026/08/07 14:36:05.434, 6, 72708, 99, 932.53
2026/08/07 14:36:05.434, 7, 72706, 100, 966.61
2026/08/07 14:36:05.934, 0, 0, 0, 134.42
2026/08/07 14:36:05.934, 1, 0, 0, 136.68
2026/08/07 14:36:05.934, 2, 0, 0, 132.39
2026/08/07 14:36:05.934, 3, 0, 0, 138.69
2026/08/07 14:36:05.934, 4, 71546, 100, 919.50
2026/08/07 14:36:05.934, 5, 72706, 100, 954.13
2026/08/07 14:36:05.934, 6, 72708, 100, 921.63
2026/08/07 14:36:05.934, 7, 72706, 100, 957.57
2026/08/07 14:36:06.434, 0, 0, 0, 134.42
2026/08/07 14:36:06.434, 1, 0, 0, 136.65
2026/08/07 14:36:06.434, 2, 0, 0, 132.38
2026/08/07 14:36:06.434, 3, 0, 0, 138.51
2026/08/07 14:36:06.434, 4, 71546, 100, 932.00
2026/08/07 14:36:06.434, 5, 72706, 100, 955.04
2026/08/07 14:36:06.434, 6, 72708, 100, 930.55
2026/08/07 14:36:06.434, 7, 72706, 100, 973.20
2026/08/07 14:36:06.934, 0, 0, 0, 134.42
2026/08/07 14:36:06.934, 1, 0, 0, 136.39
2026/08/07 14:36:06.934, 2, 0, 0, 132.42
2026/08/07 14:36:06.934, 3, 0, 0, 138.51
2026/08/07 14:36:06.934, 4, 71546, 100, 938.87
2026/08/07 14:36:06.934, 5, 72706, 100, 962.70
2026/08/07 14:36:06.934, 6, 72708, 100, 945.99
2026/08/07 14:36:06.934, 7, 72706, 100, 979.00
2026/08/07 14:36:07.434, 0, 0, 0, 134.42
2026/08/07 14:36:07.435, 1, 0, 0, 136.43
2026/08/07 14:36:07.435, 2, 0, 0, 132.43
2026/08/07 14:36:07.435, 3, 0, 0, 138.65
2026/08/07 14:36:07.435, 4, 71546, 100, 938.40
2026/08/07 14:36:07.435, 5, 72706, 100, 964.13
2026/08/07 14:36:07.435, 6, 72708, 99, 943.00
2026/08/07 14:36:07.435, 7, 72706, 100, 975.99
2026/08/07 14:36:07.935, 0, 0, 0, 134.42
2026/08/07 14:36:07.936, 1, 0, 0, 136.38
2026/08/07 14:36:07.938, 2, 0, 0, 132.40
2026/08/07 14:36:07.940, 3, 0, 0, 138.50
2026/08/07 14:36:07.941, 4, 71546, 100, 934.50
2026/08/07 14:36:07.942, 5, 72706, 100, 963.18
2026/08/07 14:36:07.944, 6, 72708, 100, 938.20
2026/08/07 14:36:07.945, 7, 72706, 100, 974.70
2026/08/07 14:36:08.447, 0, 0, 0, 134.54
2026/08/07 14:36:08.447, 1, 0, 0, 136.30
2026/08/07 14:36:08.447, 2, 0, 0, 132.36
2026/08/07 14:36:08.447, 3, 0, 0, 138.32
2026/08/07 14:36:08.447, 4, 71546, 100, 934.94
2026/08/07 14:36:08.447, 5, 72706, 100, 963.01
2026/08/07 14:36:08.447, 6, 72708, 100, 928.71
2026/08/07 14:36:08.447, 7, 72706, 100, 970.04
2026/08/07 14:36:08.947, 0, 0, 0, 134.54
2026/08/07 14:36:08.947, 1, 0, 0, 136.30
2026/08/07 14:36:08.947, 2, 0, 0, 132.43
2026/08/07 14:36:08.947, 3, 0, 0, 138.40
2026/08/07 14:36:08.947, 4, 71546, 100, 934.55
2026/08/07 14:36:08.947, 5, 72706, 100, 957.52
2026/08/07 14:36:08.947, 6, 72708, 100, 927.85
2026/08/07 14:36:08.947, 7, 72706, 100, 965.84
2026/08/07 14:36:09.447, 0, 0, 0, 134.42
2026/08/07 14:36:09.447, 1, 0, 0, 136.38
2026/08/07 14:36:09.447, 2, 0, 0, 132.51
2026/08/07 14:36:09.447, 3, 0, 0, 138.39
2026/08/07 14:36:09.447, 4, 71546, 100, 926.99
2026/08/07 14:36:09.447, 5, 72706, 100, 951.47
2026/08/07 14:36:09.447, 6, 72708, 100, 922.94
2026/08/07 14:36:09.447, 7, 72706, 100, 961.19
2026/08/07 14:36:09.947, 0, 0, 0, 134.42
2026/08/07 14:36:09.947, 1, 0, 0, 136.38
2026/08/07 14:36:09.947, 2, 0, 0, 132.51
2026/08/07 14:36:09.947, 3, 0, 0, 138.35
2026/08/07 14:36:09.947, 4, 71546, 100, 921.26
2026/08/07 14:36:09.947, 5, 72706, 100, 945.13
2026/08/07 14:36:09.947, 6, 72708, 100, 917.90
2026/08/07 14:36:09.947, 7, 72706, 100, 966.02
2026/08/07 14:36:10.448, 0, 0, 0, 134.42
2026/08/07 14:36:10.448, 1, 0, 0, 136.27
2026/08/07 14:36:10.448, 2, 0, 0, 132.47
2026/08/07 14:36:10.448, 3, 0, 0, 138.42
2026/08/07 14:36:10.448, 4, 71546, 100, 927.56
2026/08/07 14:36:10.448, 5, 72706, 100, 953.02
2026/08/07 14:36:10.448, 6, 72708, 100, 919.08
2026/08/07 14:36:10.448, 7, 72706, 100, 960.41
2026/08/07 14:36:10.948, 0, 0, 0, 134.42
2026/08/07 14:36:10.948, 1, 0, 0, 136.50
2026/08/07 14:36:10.948, 2, 0, 0, 132.43
2026/08/07 14:36:10.948, 3, 0, 0, 138.39
2026/08/07 14:36:10.948, 4, 71546, 100, 940.00
2026/08/07 14:36:10.948, 5, 72706, 100, 958.51
2026/08/07 14:36:10.948, 6, 72708, 100, 932.73
2026/08/07 14:36:10.948, 7, 72706, 100, 966.39
2026/08/07 14:36:11.448, 0, 0, 0, 134.42
2026/08/07 14:36:11.449, 1, 0, 0, 136.53
2026/08/07 14:36:11.450, 2, 0, 0, 132.40
2026/08/07 14:36:11.450, 3, 0, 0, 138.23
2026/08/07 14:36:11.451, 4, 71546, 100, 938.24
2026/08/07 14:36:11.452, 5, 72706, 100, 955.17
2026/08/07 14:36:11.453, 6, 72708, 100, 944.99
2026/08/07 14:36:11.453, 7, 72706, 100, 975.14
2026/08/07 14:36:11.954, 0, 0, 0, 134.42
2026/08/07 14:36:11.954, 1, 0, 0, 136.26
2026/08/07 14:36:11.954, 2, 0, 0, 132.43
2026/08/07 14:36:11.954, 3, 0, 0, 138.24
2026/08/07 14:36:11.954, 4, 71546, 100, 936.27
2026/08/07 14:36:11.954, 5, 72706, 100, 960.76
2026/08/07 14:36:11.954, 6, 72708, 100, 939.71
2026/08/07 14:36:11.954, 7, 72706, 100, 971.18
2026/08/07 14:36:12.454, 0, 0, 0, 134.42
2026/08/07 14:36:12.454, 1, 0, 0, 136.27
2026/08/07 14:36:12.454, 2, 0, 0, 132.47
2026/08/07 14:36:12.454, 3, 0, 0, 138.35
2026/08/07 14:36:12.455, 4, 71546, 100, 935.64
2026/08/07 14:36:12.455, 5, 72706, 100, 960.15
2026/08/07 14:36:12.455, 6, 72708, 100, 939.80
2026/08/07 14:36:12.455, 7, 72706, 100, 973.20
2026/08/07 14:36:12.955, 0, 0, 0, 134.42
2026/08/07 14:36:12.955, 1, 0, 0, 136.27
2026/08/07 14:36:12.955, 2, 0, 0, 132.43
2026/08/07 14:36:12.955, 3, 0, 0, 138.35
2026/08/07 14:36:12.955, 4, 71546, 100, 931.81
2026/08/07 14:36:12.955, 5, 72706, 100, 957.87
2026/08/07 14:36:12.955, 6, 72708, 100, 931.10
2026/08/07 14:36:12.955, 7, 72706, 100, 973.18
2026/08/07 14:36:13.455, 0, 0, 0, 134.54
2026/08/07 14:36:13.455, 1, 0, 0, 136.27
2026/08/07 14:36:13.455, 2, 0, 0, 132.43
2026/08/07 14:36:13.455, 3, 0, 0, 138.24
2026/08/07 14:36:13.455, 4, 71546, 100, 929.71
2026/08/07 14:36:13.455, 5, 72706, 100, 954.99
2026/08/07 14:36:13.455, 6, 72708, 100, 921.33
2026/08/07 14:36:13.455, 7, 72706, 100, 971.16
2026/08/07 14:36:13.955, 0, 0, 0, 134.54
2026/08/07 14:36:13.955, 1, 0, 0, 136.27
2026/08/07 14:36:13.956, 2, 0, 0, 132.47
2026/08/07 14:36:13.957, 3, 0, 0, 138.20
2026/08/07 14:36:13.958, 4, 71546, 100, 925.35
2026/08/07 14:36:13.958, 5, 72706, 100, 953.70
2026/08/07 14:36:13.958, 6, 72708, 100, 921.15
2026/08/07 14:36:13.959, 7, 72706, 100, 962.75
2026/08/07 14:36:14.459, 0, 0, 0, 134.42
2026/08/07 14:36:14.460, 1, 0, 0, 136.27
2026/08/07 14:36:14.461, 2, 0, 0, 132.55
2026/08/07 14:36:14.461, 3, 0, 0, 138.16
2026/08/07 14:36:14.461, 4, 71546, 100, 920.22
2026/08/07 14:36:14.461, 5, 72706, 100, 943.67
2026/08/07 14:36:14.461, 6, 72708, 100, 920.34
2026/08/07 14:36:14.461, 7, 72706, 100, 955.95
2026/08/07 14:36:14.963, 0, 0, 0, 134.42
2026/08/07 14:36:14.963, 1, 0, 0, 136.23
2026/08/07 14:36:14.963, 2, 0, 0, 132.47
2026/08/07 14:36:14.963, 3, 0, 0, 138.12
2026/08/07 14:36:14.963, 4, 71546, 100, 923.52
2026/08/07 14:36:14.963, 5, 72706, 100, 947.65
2026/08/07 14:36:14.963, 6, 72708, 100, 932.16
2026/08/07 14:36:14.963, 7, 72706, 100, 968.63
2026/08/07 14:36:15.463, 0, 0, 0, 134.42
2026/08/07 14:36:15.463, 1, 0, 0, 136.31
2026/08/07 14:36:15.463, 2, 0, 0, 132.40
2026/08/07 14:36:15.463, 3, 0, 0, 138.16
2026/08/07 14:36:15.463, 4, 71546, 100, 937.91
2026/08/07 14:36:15.463, 5, 72706, 100, 965.64
2026/08/07 14:36:15.463, 6, 72708, 100, 937.54
2026/08/07 14:36:15.463, 7, 72706, 100, 976.66
2026/08/07 14:36:15.963, 0, 0, 0, 134.42
2026/08/07 14:36:15.963, 1, 0, 0, 136.38
2026/08/07 14:36:15.963, 2, 0, 0, 132.43
2026/08/07 14:36:15.963, 3, 0, 0, 138.24
2026/08/07 14:36:15.963, 4, 71546, 100, 940.67
2026/08/07 14:36:15.963, 5, 72706, 100, 962.14
2026/08/07 14:36:15.963, 6, 72708, 100, 936.60
2026/08/07 14:36:15.963, 7, 72706, 100, 979.43
2026/08/07 14:36:16.463, 0, 0, 0, 134.42
2026/08/07 14:36:16.463, 1, 0, 0, 136.34
2026/08/07 14:36:16.463, 2, 0, 0, 132.43
2026/08/07 14:36:16.463, 3, 0, 0, 138.24
2026/08/07 14:36:16.463, 4, 71546, 100, 938.32
2026/08/07 14:36:16.463, 5, 72706, 100, 955.10
2026/08/07 14:36:16.463, 6, 72708, 100, 938.45
2026/08/07 14:36:16.463, 7, 72706, 100, 974.39
2026/08/07 14:36:16.964, 0, 0, 0, 134.42
2026/08/07 14:36:16.964, 1, 0, 0, 136.27
2026/08/07 14:36:16.964, 2, 0, 0, 132.40
2026/08/07 14:36:16.964, 3, 0, 0, 138.20
2026/08/07 14:36:16.964, 4, 71546, 100, 937.79
2026/08/07 14:36:16.964, 5, 72706, 100, 955.07
2026/08/07 14:36:16.964, 6, 72708, 100, 937.62
2026/08/07 14:36:16.964, 7, 72706, 100, 969.72
2026/08/07 14:36:17.464, 0, 0, 0, 134.42
2026/08/07 14:36:17.464, 1, 0, 0, 136.23
2026/08/07 14:36:17.464, 2, 0, 0, 132.40
2026/08/07 14:36:17.464, 3, 0, 0, 138.31
2026/08/07 14:36:17.464, 4, 71546, 100, 931.23
2026/08/07 14:36:17.464, 5, 72706, 100, 956.80
2026/08/07 14:36:17.464, 6, 72708, 100, 930.94
2026/08/07 14:36:17.464, 7, 72706, 100, 968.95
2026/08/07 14:36:17.964, 0, 0, 0, 134.42
2026/08/07 14:36:17.964, 1, 0, 0, 136.23
2026/08/07 14:36:17.964, 2, 0, 0, 132.43
2026/08/07 14:36:17.964, 3, 0, 0, 138.28
2026/08/07 14:36:17.964, 4, 71546, 100, 929.36
2026/08/07 14:36:17.964, 5, 72706, 100, 953.43
2026/08/07 14:36:17.964, 6, 72708, 100, 926.25
2026/08/07 14:36:17.964, 7, 72706, 100, 970.31
2026/08/07 14:36:18.464, 0, 0, 0, 134.50
2026/08/07 14:36:18.464, 1, 0, 0, 136.27
2026/08/07 14:36:18.465, 2, 0, 0, 132.48
2026/08/07 14:36:18.465, 3, 0, 0, 138.12
2026/08/07 14:36:18.465, 4, 71546, 100, 919.01
2026/08/07 14:36:18.465, 5, 72706, 100, 939.57
2026/08/07 14:36:18.465, 6, 72708, 100, 924.55
2026/08/07 14:36:18.465, 7, 72706, 100, 966.84
2026/08/07 14:36:18.965, 0, 0, 0, 134.50
2026/08/07 14:36:18.965, 1, 0, 0, 136.23
2026/08/07 14:36:18.965, 2, 0, 0, 132.51
2026/08/07 14:36:18.965, 3, 0, 0, 138.12
2026/08/07 14:36:18.965, 4, 71546, 100, 920.44
2026/08/07 14:36:18.965, 5, 72706, 100, 944.05
2026/08/07 14:36:18.965, 6, 72708, 100, 919.20
2026/08/07 14:36:18.965, 7, 72706, 100, 963.20
2026/08/07 14:36:19.465, 0, 0, 0, 134.42
2026/08/07 14:36:19.465, 1, 0, 0, 136.19
2026/08/07 14:36:19.465, 2, 0, 0, 132.51
2026/08/07 14:36:19.465, 3, 0, 0, 138.16
2026/08/07 14:36:19.465, 4, 71546, 100, 934.34
2026/08/07 14:36:19.465, 5, 72706, 100, 958.33
2026/08/07 14:36:19.465, 6, 72708, 100, 928.99
2026/08/07 14:36:19.465, 7, 72706, 100, 970.67
2026/08/07 14:36:19.965, 0, 0, 0, 134.42
2026/08/07 14:36:19.965, 1, 0, 0, 136.19
2026/08/07 14:36:19.965, 2, 0, 0, 132.47
2026/08/07 14:36:19.965, 3, 0, 0, 138.16
2026/08/07 14:36:19.965, 4, 71546, 100, 943.88
2026/08/07 14:36:19.965, 5, 72706, 100, 965.86
2026/08/07 14:36:19.965, 6, 72708, 100, 937.17
2026/08/07 14:36:19.965, 7, 72706, 100, 974.09
2026/08/07 14:36:20.465, 0, 0, 0, 134.42
2026/08/07 14:36:20.465, 1, 0, 0, 136.34
2026/08/07 14:36:20.465, 2, 0, 0, 132.43
2026/08/07 14:36:20.465, 3, 0, 0, 138.13
2026/08/07 14:36:20.465, 4, 71546, 100, 943.67
2026/08/07 14:36:20.465, 5, 72706, 100, 963.77
2026/08/07 14:36:20.465, 6, 72708, 100, 940.34
2026/08/07 14:36:20.465, 7, 72706, 100, 974.57
2026/08/07 14:36:20.965, 0, 0, 0, 134.42
2026/08/07 14:36:20.965, 1, 0, 0, 136.43
2026/08/07 14:36:20.966, 2, 0, 0, 132.39
2026/08/07 14:36:20.966, 3, 0, 0, 138.17
2026/08/07 14:36:20.966, 4, 71546, 100, 935.87
2026/08/07 14:36:20.966, 5, 72706, 100, 957.92
2026/08/07 14:36:20.966, 6, 72708, 100, 935.33
2026/08/07 14:36:20.966, 7, 72706, 100, 964.76
2026/08/07 14:36:21.466, 0, 0, 0, 134.42
2026/08/07 14:36:21.466, 1, 0, 0, 136.34
2026/08/07 14:36:21.466, 2, 0, 0, 132.40
2026/08/07 14:36:21.466, 3, 0, 0, 138.12
2026/08/07 14:36:21.466, 4, 71546, 100, 929.49
2026/08/07 14:36:21.466, 5, 72706, 100, 953.77
2026/08/07 14:36:21.466, 6, 72708, 100, 934.61
2026/08/07 14:36:21.466, 7, 72706, 100, 967.87
2026/08/07 14:36:21.966, 0, 0, 0, 134.42
2026/08/07 14:36:21.966, 1, 0, 0, 136.19
2026/08/07 14:36:21.966, 2, 0, 0, 132.44
2026/08/07 14:36:21.966, 3, 0, 0, 138.05
2026/08/07 14:36:21.966, 4, 71546, 100, 923.20
2026/08/07 14:36:21.966, 5, 72706, 100, 953.95
2026/08/07 14:36:21.966, 6, 72708, 100, 936.55
2026/08/07 14:36:21.966, 7, 72706, 100, 974.61
2026/08/07 14:36:22.466, 0, 0, 0, 134.42
2026/08/07 14:36:22.466, 1, 0, 0, 136.19
2026/08/07 14:36:22.466, 2, 0, 0, 132.47
2026/08/07 14:36:22.466, 3, 0, 0, 138.16
2026/08/07 14:36:22.466, 4, 71546, 100, 924.67
2026/08/07 14:36:22.466, 5, 72706, 100, 952.41
2026/08/07 14:36:22.466, 6, 72708, 100, 926.74
2026/08/07 14:36:22.467, 7, 72706, 100, 973.28
2026/08/07 14:36:22.967, 0, 0, 0, 134.42
2026/08/07 14:36:22.967, 1, 0, 0, 136.19
2026/08/07 14:36:22.967, 2, 0, 0, 132.47
2026/08/07 14:36:22.967, 3, 0, 0, 138.16
2026/08/07 14:36:22.967, 4, 71546, 100, 925.84
2026/08/07 14:36:22.967, 5, 72706, 100, 945.47
2026/08/07 14:36:22.967, 6, 72708, 100, 916.13
2026/08/07 14:36:22.967, 7, 72706, 100, 956.71
2026/08/07 14:36:23.467, 0, 0, 0, 134.50
2026/08/07 14:36:23.467, 1, 0, 0, 136.19
2026/08/07 14:36:23.469, 2, 0, 0, 132.44
2026/08/07 14:36:23.470, 3, 0, 0, 138.12
2026/08/07 14:36:23.472, 4, 71546, 100, 935.85
2026/08/07 14:36:23.473, 5, 72706, 100, 952.48
2026/08/07 14:36:23.475, 6, 72708, 100, 923.90
2026/08/07 14:36:23.476, 7, 72706, 100, 962.32
2026/08/07 14:36:23.978, 0, 0, 0, 134.50
2026/08/07 14:36:23.978, 1, 0, 0, 136.19
2026/08/07 14:36:23.978, 2, 0, 0, 132.48
2026/08/07 14:36:23.978, 3, 0, 0, 138.24
2026/08/07 14:36:23.978, 4, 71546, 100, 939.83
2026/08/07 14:36:23.978, 5, 72706, 100, 958.00
2026/08/07 14:36:23.978, 6, 72708, 100, 943.51
2026/08/07 14:36:23.978, 7, 72706, 100, 982.27
2026/08/07 14:36:24.478, 0, 0, 0, 134.42
2026/08/07 14:36:24.478, 1, 0, 0, 136.19
2026/08/07 14:36:24.478, 2, 0, 0, 132.55
2026/08/07 14:36:24.478, 3, 0, 0, 138.24
2026/08/07 14:36:24.478, 4, 71546, 100, 940.52
2026/08/07 14:36:24.478, 5, 72706, 100, 965.23
2026/08/07 14:36:24.478, 6, 72708, 100, 935.86
2026/08/07 14:36:24.478, 7, 72706, 100, 974.70
2026/08/07 14:36:24.978, 0, 0, 0, 134.42
2026/08/07 14:36:24.978, 1, 0, 0, 136.19
2026/08/07 14:36:24.978, 2, 0, 0, 132.51
2026/08/07 14:36:24.978, 3, 0, 0, 138.16
2026/08/07 14:36:24.978, 4, 71546, 100, 940.26
2026/08/07 14:36:24.978, 5, 72706, 100, 967.07
2026/08/07 14:36:24.978, 6, 72708, 100, 931.14
2026/08/07 14:36:24.978, 7, 72706, 100, 975.53
2026/08/07 14:36:25.478, 0, 0, 0, 134.42
2026/08/07 14:36:25.478, 1, 0, 0, 136.38
2026/08/07 14:36:25.478, 2, 0, 0, 132.43
2026/08/07 14:36:25.478, 3, 0, 0, 138.12
2026/08/07 14:36:25.478, 4, 71546, 100, 931.97
2026/08/07 14:36:25.478, 5, 72706, 100, 955.56
2026/08/07 14:36:25.478, 6, 72708, 100, 938.30
2026/08/07 14:36:25.478, 7, 72706, 100, 971.14
2026/08/07 14:36:25.978, 0, 0, 0, 134.42
2026/08/07 14:36:25.978, 1, 0, 0, 136.38
2026/08/07 14:36:25.978, 2, 0, 0, 132.43
2026/08/07 14:36:25.978, 3, 0, 0, 138.12
2026/08/07 14:36:25.978, 4, 71546, 100, 923.61
2026/08/07 14:36:25.978, 5, 72706, 100, 949.96
2026/08/07 14:36:25.978, 6, 72708, 100, 935.67
2026/08/07 14:36:25.979, 7, 72706, 100, 965.32
2026/08/07 14:36:26.479, 0, 0, 0, 134.42
2026/08/07 14:36:26.479, 1, 0, 0, 136.23
2026/08/07 14:36:26.479, 2, 0, 0, 132.47
2026/08/07 14:36:26.479, 3, 0, 0, 138.16
2026/08/07 14:36:26.479, 4, 71546, 100, 922.78
2026/08/07 14:36:26.479, 5, 72706, 100, 948.87
2026/08/07 14:36:26.479, 6, 72708, 100, 933.51
2026/08/07 14:36:26.479, 7, 72706, 100, 963.74
2026/08/07 14:36:26.979, 0, 0, 0, 134.42
2026/08/07 14:36:26.979, 1, 0, 0, 136.23
2026/08/07 14:36:26.979, 2, 0, 0, 132.47
2026/08/07 14:36:26.979, 3, 0, 0, 138.16
2026/08/07 14:36:26.979, 4, 71546, 100, 921.04
2026/08/07 14:36:26.979, 5, 72706, 100, 944.37
2026/08/07 14:36:26.979, 6, 72708, 100, 928.72
2026/08/07 14:36:26.979, 7, 72706, 100, 960.31
2026/08/07 14:36:27.479, 0, 0, 0, 134.42
2026/08/07 14:36:27.479, 1, 0, 0, 136.23
2026/08/07 14:36:27.479, 2, 0, 0, 132.48
2026/08/07 14:36:27.479, 3, 0, 0, 138.28
2026/08/07 14:36:27.479, 4, 71546, 100, 928.93
2026/08/07 14:36:27.479, 5, 72706, 100, 945.53
2026/08/07 14:36:27.479, 6, 72708, 100, 928.72
2026/08/07 14:36:27.479, 7, 72706, 100, 962.49
2026/08/07 14:36:27.979, 0, 0, 0, 134.42
2026/08/07 14:36:27.979, 1, 0, 0, 136.19
2026/08/07 14:36:27.980, 2, 0, 0, 132.43
2026/08/07 14:36:27.980, 3, 0, 0, 138.24
2026/08/07 14:36:27.980, 4, 71546, 100, 933.48
2026/08/07 14:36:27.980, 5, 72706, 100, 954.17
2026/08/07 14:36:27.980, 6, 72708, 100, 927.87
2026/08/07 14:36:27.980, 7, 72706, 100, 969.26
2026/08/07 14:36:28.480, 0, 0, 0, 134.50
2026/08/07 14:36:28.480, 1, 0, 0, 136.19
2026/08/07 14:36:28.480, 2, 0, 0, 132.44
2026/08/07 14:36:28.480, 3, 0, 0, 138.09
2026/08/07 14:36:28.480, 4, 71546, 100, 934.84
2026/08/07 14:36:28.480, 5, 72706, 100, 962.06
2026/08/07 14:36:28.480, 6, 72708, 100, 935.50
2026/08/07 14:36:28.480, 7, 72706, 100, 976.13
2026/08/07 14:36:28.981, 0, 0, 0, 134.50
2026/08/07 14:36:28.981, 1, 0, 0, 136.19
2026/08/07 14:36:28.981, 2, 0, 0, 132.51
2026/08/07 14:36:28.981, 3, 0, 0, 138.09
2026/08/07 14:36:28.981, 4, 71546, 100, 939.95
2026/08/07 14:36:28.981, 5, 72706, 100, 965.54
2026/08/07 14:36:28.981, 6, 72708, 100, 941.38
2026/08/07 14:36:28.981, 7, 72706, 100, 977.19
2026/08/07 14:36:29.481, 0, 0, 0, 134.42
2026/08/07 14:36:29.481, 1, 0, 0, 136.19
2026/08/07 14:36:29.481, 2, 0, 0, 132.55
2026/08/07 14:36:29.481, 3, 0, 0, 138.12
2026/08/07 14:36:29.481, 4, 71546, 100, 937.18
2026/08/07 14:36:29.481, 5, 72706, 100, 962.88
2026/08/07 14:36:29.481, 6, 72708, 100, 936.73
2026/08/07 14:36:29.481, 7, 72706, 100, 973.06
2026/08/07 14:36:29.981, 0, 0, 0, 134.42
2026/08/07 14:36:29.981, 1, 0, 0, 136.23
2026/08/07 14:36:29.981, 2, 0, 0, 132.51
2026/08/07 14:36:29.981, 3, 0, 0, 138.12
2026/08/07 14:36:29.981, 4, 71546, 100, 930.78
2026/08/07 14:36:29.981, 5, 72706, 100, 952.89
2026/08/07 14:36:29.981, 6, 72708, 100, 930.93
2026/08/07 14:36:29.981, 7, 72706, 100, 965.42
2026/08/07 14:36:30.481, 0, 0, 0, 134.42
2026/08/07 14:36:30.481, 1, 0, 0, 136.42
2026/08/07 14:36:30.481, 2, 0, 0, 132.43
2026/08/07 14:36:30.481, 3, 0, 0, 138.05
2026/08/07 14:36:30.481, 4, 71546, 100, 933.52
2026/08/07 14:36:30.481, 5, 72706, 100, 949.51
2026/08/07 14:36:30.481, 6, 72708, 100, 924.28
2026/08/07 14:36:30.481, 7, 72706, 100, 965.11
2026/08/07 14:36:30.981, 0, 0, 0, 134.42
2026/08/07 14:36:30.981, 1, 0, 0, 136.42
2026/08/07 14:36:30.981, 2, 0, 0, 132.43
2026/08/07 14:36:30.982, 3, 0, 0, 138.05
2026/08/07 14:36:30.982, 4, 71546, 100, 933.82
2026/08/07 14:36:30.982, 5, 72706, 100, 943.05
2026/08/07 14:36:30.982, 6, 72708, 100, 927.97
2026/08/07 14:36:30.982, 7, 72706, 99, 966.30
2026/08/07 14:36:31.482, 0, 0, 0, 134.42
2026/08/07 14:36:31.482, 1, 0, 0, 136.27
2026/08/07 14:36:31.482, 2, 0, 0, 132.47
2026/08/07 14:36:31.482, 3, 0, 0, 138.05
2026/08/07 14:36:31.482, 4, 71546, 100, 922.91
2026/08/07 14:36:31.482, 5, 72706, 100, 940.60
2026/08/07 14:36:31.482, 6, 72708, 100, 920.25
2026/08/07 14:36:31.482, 7, 72706, 100, 953.38
2026/08/07 14:36:31.982, 0, 0, 0, 134.42
2026/08/07 14:36:31.982, 1, 0, 0, 136.23
2026/08/07 14:36:31.982, 2, 0, 0, 132.40
2026/08/07 14:36:31.982, 3, 0, 0, 138.05
2026/08/07 14:36:31.982, 4, 71546, 100, 925.75
2026/08/07 14:36:31.982, 5, 72706, 100, 953.49
2026/08/07 14:36:31.982, 6, 72708, 100, 917.92
2026/08/07 14:36:31.982, 7, 72706, 100, 958.63
2026/08/07 14:36:32.482, 0, 0, 0, 134.42
2026/08/07 14:36:32.482, 1, 0, 0, 136.23
2026/08/07 14:36:32.482, 2, 0, 0, 132.32
2026/08/07 14:36:32.482, 3, 0, 0, 138.16
2026/08/07 14:36:32.482, 4, 71546, 100, 937.72
2026/08/07 14:36:32.482, 5, 72706, 100, 961.79
2026/08/07 14:36:32.482, 6, 72708, 100, 933.46
2026/08/07 14:36:32.482, 7, 72706, 100, 970.90
2026/08/07 14:36:32.982, 0, 0, 0, 134.42
2026/08/07 14:36:32.982, 1, 0, 0, 136.19
2026/08/07 14:36:32.982, 2, 0, 0, 132.36
2026/08/07 14:36:32.982, 3, 0, 0, 138.16
2026/08/07 14:36:32.982, 4, 71546, 100, 943.66
2026/08/07 14:36:32.982, 5, 72706, 100, 964.55
2026/08/07 14:36:32.982, 6, 72708, 100, 936.74
2026/08/07 14:36:32.982, 7, 72706, 100, 976.82
2026/08/07 14:36:33.483, 0, 0, 0, 134.50
2026/08/07 14:36:33.483, 1, 0, 0, 136.19
2026/08/07 14:36:33.483, 2, 0, 0, 132.32
2026/08/07 14:36:33.483, 3, 0, 0, 138.09
2026/08/07 14:36:33.483, 4, 71546, 100, 939.15
2026/08/07 14:36:33.483, 5, 72706, 100, 957.20
2026/08/07 14:36:33.483, 6, 72708, 100, 939.66
2026/08/07 14:36:33.483, 7, 72706, 100, 982.05
2026/08/07 14:36:33.983, 0, 0, 0, 134.50
2026/08/07 14:36:33.983, 1, 0, 0, 136.19
2026/08/07 14:36:33.983, 2, 0, 0, 132.40
2026/08/07 14:36:33.983, 3, 0, 0, 138.16
2026/08/07 14:36:33.983, 4, 71546, 100, 932.08
2026/08/07 14:36:33.983, 5, 72706, 100, 950.18
2026/08/07 14:36:33.983, 6, 72708, 100, 933.77
2026/08/07 14:36:33.983, 7, 72706, 100, 970.31
2026/08/07 14:36:34.483, 0, 0, 0, 134.42
2026/08/07 14:36:34.483, 1, 0, 0, 136.19
2026/08/07 14:36:34.483, 2, 0, 0, 132.51
2026/08/07 14:36:34.483, 3, 0, 0, 138.12
2026/08/07 14:36:34.484, 4, 71546, 100, 932.66
2026/08/07 14:36:34.484, 5, 72706, 100, 951.12
2026/08/07 14:36:34.484, 6, 72708, 100, 928.15
2026/08/07 14:36:34.484, 7, 72706, 100, 966.30
2026/08/07 14:36:34.984, 0, 0, 0, 134.42
2026/08/07 14:36:34.984, 1, 0, 0, 136.19
2026/08/07 14:36:34.984, 2, 0, 0, 132.55
2026/08/07 14:36:34.984, 3, 0, 0, 138.12
2026/08/07 14:36:34.984, 4, 71546, 100, 928.79
2026/08/07 14:36:34.984, 5, 72706, 100, 953.89
2026/08/07 14:36:34.984, 6, 72708, 100, 925.93
2026/08/07 14:36:34.984, 7, 72706, 100, 969.23
2026/08/07 14:36:35.484, 0, 0, 0, 134.42
2026/08/07 14:36:35.484, 1, 0, 0, 136.31
2026/08/07 14:36:35.484, 2, 0, 0, 132.47
2026/08/07 14:36:35.484, 3, 0, 0, 138.12
2026/08/07 14:36:35.484, 4, 71546, 99, 926.55
2026/08/07 14:36:35.484, 5, 72706, 99, 948.54
2026/08/07 14:36:35.484, 6, 72708, 100, 924.00
2026/08/07 14:36:35.484, 7, 72706, 100, 964.69
2026/08/07 14:36:35.984, 0, 0, 0, 134.42
2026/08/07 14:36:35.984, 1, 0, 0, 136.31
2026/08/07 14:36:35.984, 2, 0, 0, 132.47
2026/08/07 14:36:35.984, 3, 0, 0, 138.09
2026/08/07 14:36:35.984, 4, 71546, 100, 925.02
2026/08/07 14:36:35.984, 5, 72706, 100, 945.57
2026/08/07 14:36:35.984, 6, 72708, 100, 927.49
2026/08/07 14:36:35.984, 7, 72706, 99, 959.70
2026/08/07 14:36:36.484, 0, 0, 0, 134.42
2026/08/07 14:36:36.484, 1, 0, 0, 136.19
2026/08/07 14:36:36.485, 2, 0, 0, 132.43
2026/08/07 14:36:36.485, 3, 0, 0, 138.12
2026/08/07 14:36:36.485, 4, 71546, 100, 927.99
2026/08/07 14:36:36.485, 5, 72706, 100, 959.70
2026/08/07 14:36:36.485, 6, 72708, 100, 931.46
2026/08/07 14:36:36.485, 7, 72706, 100, 966.42
2026/08/07 14:36:36.985, 0, 0, 0, 134.42
2026/08/07 14:36:36.985, 1, 0, 0, 136.19
2026/08/07 14:36:36.985, 2, 0, 0, 132.43
2026/08/07 14:36:36.985, 3, 0, 0, 138.16
2026/08/07 14:36:36.985, 4, 71546, 100, 937.27
2026/08/07 14:36:36.985, 5, 72706, 100, 961.78
2026/08/07 14:36:36.985, 6, 72708, 100, 940.69
2026/08/07 14:36:36.985, 7, 72706, 100, 973.65
2026/08/07 14:36:37.485, 0, 0, 0, 134.42
2026/08/07 14:36:37.486, 1, 0, 0, 136.19
2026/08/07 14:36:37.486, 2, 0, 0, 132.47
2026/08/07 14:36:37.487, 3, 0, 0, 138.24
2026/08/07 14:36:37.487, 4, 71546, 100, 939.76
2026/08/07 14:36:37.487, 5, 72706, 100, 967.02
2026/08/07 14:36:37.487, 6, 72708, 100, 939.71
2026/08/07 14:36:37.487, 7, 72706, 100, 975.22
2026/08/07 14:36:37.987, 0, 0, 0, 134.42
2026/08/07 14:36:37.988, 1, 0, 0, 136.19
2026/08/07 14:36:37.990, 2, 0, 0, 132.48
2026/08/07 14:36:37.991, 3, 0, 0, 138.20
2026/08/07 14:36:37.993, 4, 71546, 100, 941.13
2026/08/07 14:36:37.994, 5, 72706, 100, 960.60
2026/08/07 14:36:37.996, 6, 72708, 100, 936.76
2026/08/07 14:36:37.997, 7, 72706, 100, 972.79
2026/08/07 14:36:38.499, 0, 0, 0, 134.50
2026/08/07 14:36:38.499, 1, 0, 0, 136.19
2026/08/07 14:36:38.499, 2, 0, 0, 132.43
2026/08/07 14:36:38.499, 3, 0, 0, 138.09
2026/08/07 14:36:38.499, 4, 71546, 100, 936.04
2026/08/07 14:36:38.499, 5, 72706, 100, 953.05
2026/08/07 14:36:38.499, 6, 72708, 100, 931.03
2026/08/07 14:36:38.499, 7, 72706, 100, 969.45
2026/08/07 14:36:38.999, 0, 0, 0, 134.50
2026/08/07 14:36:38.999, 1, 0, 0, 136.19
2026/08/07 14:36:38.999, 2, 0, 0, 132.51
2026/08/07 14:36:38.999, 3, 0, 0, 138.05
2026/08/07 14:36:38.999, 4, 71546, 100, 930.50
2026/08/07 14:36:38.999, 5, 72706, 100, 953.03
2026/08/07 14:36:38.999, 6, 72708, 100, 928.70
2026/08/07 14:36:38.999, 7, 72706, 100, 967.80
2026/08/07 14:36:39.499, 0, 0, 0, 134.42
2026/08/07 14:36:39.499, 1, 0, 0, 136.19
2026/08/07 14:36:39.499, 2, 0, 0, 132.51
2026/08/07 14:36:39.499, 3, 0, 0, 138.05
2026/08/07 14:36:39.499, 4, 71546, 100, 923.94
2026/08/07 14:36:39.499, 5, 72706, 100, 948.37
2026/08/07 14:36:39.499, 6, 72708, 100, 927.87
2026/08/07 14:36:39.499, 7, 72706, 100, 972.00
2026/08/07 14:36:39.999, 0, 0, 0, 134.42
2026/08/07 14:36:39.999, 1, 0, 0, 136.19
2026/08/07 14:36:39.999, 2, 0, 0, 132.47
2026/08/07 14:36:39.999, 3, 0, 0, 138.05
2026/08/07 14:36:39.999, 4, 71546, 100, 921.26
2026/08/07 14:36:39.999, 5, 72706, 100, 948.68
2026/08/07 14:36:39.999, 6, 72708, 100, 916.55
2026/08/07 14:36:39.999, 7, 72706, 100, 958.53
2026/08/07 14:36:40.499, 0, 0, 0, 134.42
2026/08/07 14:36:40.499, 1, 0, 0, 136.31
2026/08/07 14:36:40.499, 2, 0, 0, 132.48
2026/08/07 14:36:40.499, 3, 0, 0, 138.09
2026/08/07 14:36:40.499, 4, 71546, 100, 927.83
2026/08/07 14:36:40.499, 5, 72706, 100, 951.21
2026/08/07 14:36:40.499, 6, 72708, 100, 916.50
2026/08/07 14:36:40.499, 7, 72706, 100, 955.89
2026/08/07 14:36:41.000, 0, 0, 0, 134.42
2026/08/07 14:36:41.000, 1, 0, 0, 136.31
2026/08/07 14:36:41.000, 2, 0, 0, 132.47
2026/08/07 14:36:41.000, 3, 0, 0, 138.13
2026/08/07 14:36:41.000, 4, 71546, 100, 932.07
2026/08/07 14:36:41.000, 5, 72706, 100, 956.86
2026/08/07 14:36:41.000, 6, 72708, 100, 932.71
2026/08/07 14:36:41.000, 7, 72706, 100, 968.91
2026/08/07 14:36:41.500, 0, 0, 0, 134.42
2026/08/07 14:36:41.500, 1, 0, 0, 136.23
2026/08/07 14:36:41.500, 2, 0, 0, 132.40
2026/08/07 14:36:41.500, 3, 0, 0, 138.09
2026/08/07 14:36:41.500, 4, 71546, 100, 938.56
2026/08/07 14:36:41.500, 5, 72706, 100, 962.82
2026/08/07 14:36:41.500, 6, 72708, 100, 939.12
2026/08/07 14:36:41.500, 7, 72706, 100, 977.29
2026/08/07 14:36:42.000, 0, 0, 0, 134.50
2026/08/07 14:36:42.000, 1, 0, 0, 136.19
2026/08/07 14:36:42.000, 2, 0, 0, 132.40
2026/08/07 14:36:42.000, 3, 0, 0, 138.13
2026/08/07 14:36:42.000, 4, 71546, 100, 938.28
2026/08/07 14:36:42.000, 5, 72706, 100, 961.91
2026/08/07 14:36:42.000, 6, 72708, 100, 944.27
2026/08/07 14:36:42.000, 7, 72706, 100, 980.19
2026/08/07 14:36:42.500, 0, 0, 0, 134.70
2026/08/07 14:36:42.500, 1, 0, 0, 136.23
2026/08/07 14:36:42.500, 2, 0, 0, 132.47
2026/08/07 14:36:42.500, 3, 0, 0, 138.24
2026/08/07 14:36:42.500, 4, 71546, 100, 933.90
2026/08/07 14:36:42.500, 5, 72706, 100, 963.09
2026/08/07 14:36:42.500, 6, 72708, 100, 931.22
2026/08/07 14:36:42.500, 7, 72706, 100, 971.09
2026/08/07 14:36:43.000, 0, 0, 0, 134.66
2026/08/07 14:36:43.000, 1, 0, 0, 136.23
2026/08/07 14:36:43.000, 2, 0, 0, 132.47
2026/08/07 14:36:43.000, 3, 0, 0, 138.16
2026/08/07 14:36:43.000, 4, 71546, 100, 931.90
2026/08/07 14:36:43.000, 5, 72706, 100, 957.24
2026/08/07 14:36:43.000, 6, 72708, 100, 924.39
2026/08/07 14:36:43.000, 7, 72706, 100, 968.23
2026/08/07 14:36:43.501, 0, 0, 0, 134.57
2026/08/07 14:36:43.501, 1, 0, 0, 136.19
2026/08/07 14:36:43.501, 2, 0, 0, 132.44
2026/08/07 14:36:43.501, 3, 0, 0, 138.09
2026/08/07 14:36:43.501, 4, 71546, 100, 933.17
2026/08/07 14:36:43.501, 5, 72706, 100, 950.78
2026/08/07 14:36:43.501, 6, 72708, 100, 933.90
2026/08/07 14:36:43.501, 7, 72706, 100, 971.12
2026/08/07 14:36:44.001, 0, 0, 0, 134.57
2026/08/07 14:36:44.001, 1, 0, 0, 136.19
2026/08/07 14:36:44.001, 2, 0, 0, 132.43
2026/08/07 14:36:44.001, 3, 0, 0, 138.12
2026/08/07 14:36:44.001, 4, 71546, 99, 930.37
2026/08/07 14:36:44.001, 5, 72706, 99, 943.94
2026/08/07 14:36:44.001, 6, 72708, 99, 931.70
2026/08/07 14:36:44.001, 7, 72706, 100, 965.42
2026/08/07 14:36:44.501, 0, 0, 0, 134.46
2026/08/07 14:36:44.502, 1, 0, 0, 136.19
2026/08/07 14:36:44.502, 2, 0, 0, 132.51
2026/08/07 14:36:44.502, 3, 0, 0, 138.12
2026/08/07 14:36:44.502, 4, 71546, 100, 922.24
2026/08/07 14:36:44.502, 5, 72706, 100, 947.40
2026/08/07 14:36:44.502, 6, 72708, 100, 926.03
2026/08/07 14:36:44.502, 7, 72706, 100, 959.39
2026/08/07 14:36:45.002, 0, 0, 0, 134.46
2026/08/07 14:36:45.002, 1, 0, 0, 136.19
2026/08/07 14:36:45.002, 2, 0, 0, 132.55
2026/08/07 14:36:45.002, 3, 0, 0, 138.09
2026/08/07 14:36:45.002, 4, 71546, 100, 932.38
2026/08/07 14:36:45.002, 5, 72706, 100, 958.83
2026/08/07 14:36:45.002, 6, 72708, 100, 929.78
2026/08/07 14:36:45.002, 7, 72706, 100, 967.09
2026/08/07 14:36:45.502, 0, 0, 0, 134.50
2026/08/07 14:36:45.503, 1, 0, 0, 136.31
2026/08/07 14:36:45.503, 2, 0, 0, 132.40
2026/08/07 14:36:45.503, 3, 0, 0, 138.12
2026/08/07 14:36:45.503, 4, 71546, 100, 937.48
2026/08/07 14:36:45.503, 5, 72706, 100, 958.52
2026/08/07 14:36:45.503, 6, 72708, 100, 940.74
2026/08/07 14:36:45.503, 7, 72706, 100, 976.41
2026/08/07 14:36:46.003, 0, 0, 0, 134.54
2026/08/07 14:36:46.003, 1, 0, 0, 136.46
2026/08/07 14:36:46.003, 2, 0, 0, 132.40
2026/08/07 14:36:46.003, 3, 0, 0, 138.12
2026/08/07 14:36:46.003, 4, 71546, 100, 937.91
2026/08/07 14:36:46.003, 5, 72706, 100, 963.90
2026/08/07 14:36:46.003, 6, 72708, 100, 947.07
2026/08/07 14:36:46.003, 7, 72706, 100, 975.55
2026/08/07 14:36:46.503, 0, 0, 0, 134.50
2026/08/07 14:36:46.503, 1, 0, 0, 137.07
2026/08/07 14:36:46.503, 2, 0, 0, 132.44
2026/08/07 14:36:46.503, 3, 0, 0, 138.09
2026/08/07 14:36:46.503, 4, 71546, 100, 937.04
2026/08/07 14:36:46.503, 5, 72706, 100, 963.85
2026/08/07 14:36:46.503, 6, 72708, 100, 943.11
2026/08/07 14:36:46.503, 7, 72706, 100, 975.66
2026/08/07 14:36:47.003, 0, 0, 0, 134.42
2026/08/07 14:36:47.003, 1, 0, 0, 137.45
2026/08/07 14:36:47.003, 2, 0, 0, 132.44
2026/08/07 14:36:47.003, 3, 0, 0, 138.05
2026/08/07 14:36:47.003, 4, 71546, 100, 936.89
2026/08/07 14:36:47.003, 5, 72706, 100, 964.14
2026/08/07 14:36:47.003, 6, 72708, 100, 928.26
2026/08/07 14:36:47.004, 7, 72706, 100, 969.19
2026/08/07 14:36:47.504, 0, 0, 0, 134.42
2026/08/07 14:36:47.504, 1, 0, 0, 137.49
2026/08/07 14:36:47.504, 2, 0, 0, 132.47
2026/08/07 14:36:47.504, 3, 0, 0, 138.16
2026/08/07 14:36:47.504, 4, 71546, 100, 933.53
2026/08/07 14:36:47.504, 5, 72706, 100, 956.11
2026/08/07 14:36:47.504, 6, 72708, 100, 930.02
2026/08/07 14:36:47.504, 7, 72706, 100, 966.15
2026/08/07 14:36:48.004, 0, 0, 0, 134.46
2026/08/07 14:36:48.004, 1, 0, 0, 137.59
2026/08/07 14:36:48.004, 2, 0, 0, 132.47
2026/08/07 14:36:48.004, 3, 0, 0, 138.20
2026/08/07 14:36:48.004, 4, 71546, 100, 926.61
2026/08/07 14:36:48.004, 5, 72706, 100, 951.61
2026/08/07 14:36:48.004, 6, 72708, 100, 931.45
2026/08/07 14:36:48.004, 7, 72706, 100, 958.25
2026/08/07 14:36:48.504, 0, 0, 0, 134.62
2026/08/07 14:36:48.504, 1, 0, 0, 137.59
2026/08/07 14:36:48.504, 2, 0, 0, 132.47
2026/08/07 14:36:48.504, 3, 0, 0, 138.09
2026/08/07 14:36:48.504, 4, 71546, 100, 927.79
2026/08/07 14:36:48.504, 5, 72706, 100, 943.44
2026/08/07 14:36:48.504, 6, 72708, 100, 921.12
2026/08/07 14:36:48.504, 7, 72706, 100, 963.24
2026/08/07 14:36:49.004, 0, 0, 0, 134.58
2026/08/07 14:36:49.004, 1, 0, 0, 137.60
2026/08/07 14:36:49.004, 2, 0, 0, 132.59
2026/08/07 14:36:49.004, 3, 0, 0, 138.09
2026/08/07 14:36:49.004, 4, 71546, 100, 929.10
2026/08/07 14:36:49.004, 5, 72706, 100, 945.05
2026/08/07 14:36:49.004, 6, 72708, 100, 922.05
2026/08/07 14:36:49.004, 7, 72706, 100, 966.31
2026/08/07 14:36:49.504, 0, 0, 0, 134.46
2026/08/07 14:36:49.504, 1, 0, 0, 137.53
2026/08/07 14:36:49.504, 2, 0, 0, 132.63
2026/08/07 14:36:49.505, 3, 0, 0, 138.12
2026/08/07 14:36:49.505, 4, 71546, 100, 939.26
2026/08/07 14:36:49.505, 5, 72706, 100, 954.00
2026/08/07 14:36:49.505, 6, 72708, 100, 934.54
2026/08/07 14:36:49.505, 7, 72706, 100, 964.29
2026/08/07 14:36:50.005, 0, 0, 0, 134.50
2026/08/07 14:36:50.005, 1, 0, 0, 137.51
2026/08/07 14:36:50.005, 2, 0, 0, 132.59
2026/08/07 14:36:50.005, 3, 0, 0, 138.16
2026/08/07 14:36:50.005, 4, 71546, 100, 940.26
2026/08/07 14:36:50.005, 5, 72706, 100, 958.85
2026/08/07 14:36:50.005, 6, 72708, 100, 942.82
2026/08/07 14:36:50.005, 7, 72706, 100, 971.69
2026/08/07 14:36:50.505, 0, 0, 0, 134.50
2026/08/07 14:36:50.505, 1, 0, 0, 137.68
2026/08/07 14:36:50.505, 2, 0, 0, 132.48
2026/08/07 14:36:50.505, 3, 0, 0, 138.47
2026/08/07 14:36:50.505, 4, 71546, 100, 939.98
2026/08/07 14:36:50.505, 5, 72706, 100, 963.49
2026/08/07 14:36:50.505, 6, 72708, 100, 937.78
2026/08/07 14:36:50.505, 7, 72706, 100, 977.60
2026/08/07 14:36:51.005, 0, 0, 0, 134.46
2026/08/07 14:36:51.005, 1, 0, 0, 137.75
2026/08/07 14:36:51.005, 2, 0, 0, 132.48
2026/08/07 14:36:51.005, 3, 0, 0, 138.96
2026/08/07 14:36:51.005, 4, 71546, 100, 935.93
2026/08/07 14:36:51.005, 5, 72706, 100, 957.37
2026/08/07 14:36:51.005, 6, 72708, 100, 934.10
2026/08/07 14:36:51.005, 7, 72706, 100, 976.64
2026/08/07 14:36:51.505, 0, 0, 0, 134.42
2026/08/07 14:36:51.505, 1, 0, 0, 137.55
2026/08/07 14:36:51.505, 2, 0, 0, 132.47
2026/08/07 14:36:51.505, 3, 0, 0, 138.98
2026/08/07 14:36:51.505, 4, 71546, 100, 932.19
2026/08/07 14:36:51.505, 5, 72706, 100, 957.43
2026/08/07 14:36:51.505, 6, 72708, 100, 925.13
2026/08/07 14:36:51.505, 7, 72706, 100, 967.28
2026/08/07 14:36:52.006, 0, 0, 0, 134.46
2026/08/07 14:36:52.006, 1, 0, 0, 137.49
2026/08/07 14:36:52.006, 2, 0, 0, 132.47
2026/08/07 14:36:52.006, 3, 0, 0, 139.06
2026/08/07 14:36:52.006, 4, 71546, 100, 933.29
2026/08/07 14:36:52.006, 5, 72706, 100, 952.36
2026/08/07 14:36:52.006, 6, 72708, 100, 924.97
2026/08/07 14:36:52.006, 7, 72706, 100, 966.43
2026/08/07 14:36:52.506, 0, 0, 0, 134.46
2026/08/07 14:36:52.506, 1, 0, 0, 137.40
2026/08/07 14:36:52.506, 2, 0, 0, 132.47
2026/08/07 14:36:52.506, 3, 0, 0, 139.33
2026/08/07 14:36:52.506, 4, 71546, 100, 928.70
2026/08/07 14:36:52.506, 5, 72706, 100, 946.64
2026/08/07 14:36:52.506, 6, 72708, 100, 929.40
2026/08/07 14:36:52.506, 7, 72706, 100, 958.48
2026/08/07 14:36:53.006, 0, 0, 0, 134.50
2026/08/07 14:36:53.007, 1, 0, 0, 137.52
2026/08/07 14:36:53.009, 2, 0, 0, 132.47
2026/08/07 14:36:53.010, 3, 0, 0, 139.08
2026/08/07 14:36:53.012, 4, 71546, 100, 929.17
2026/08/07 14:36:53.013, 5, 72706, 100, 945.99
2026/08/07 14:36:53.014, 6, 72708, 100, 921.82
2026/08/07 14:36:53.015, 7, 72706, 100, 957.47
2026/08/07 14:36:53.517, 0, 0, 0, 134.70
2026/08/07 14:36:53.517, 1, 0, 0, 137.67
2026/08/07 14:36:53.517, 2, 0, 0, 132.48
2026/08/07 14:36:53.517, 3, 0, 0, 138.92
2026/08/07 14:36:53.517, 4, 71546, 100, 928.91
2026/08/07 14:36:53.517, 5, 72706, 100, 955.31
2026/08/07 14:36:53.517, 6, 72708, 100, 925.80
2026/08/07 14:36:53.517, 7, 72706, 100, 966.93
2026/08/07 14:36:54.017, 0, 0, 0, 134.62
2026/08/07 14:36:54.017, 1, 0, 0, 137.51
2026/08/07 14:36:54.017, 2, 0, 0, 132.55
2026/08/07 14:36:54.017, 3, 0, 0, 138.94
2026/08/07 14:36:54.017, 4, 71546, 100, 942.66
2026/08/07 14:36:54.017, 5, 72706, 100, 963.27
2026/08/07 14:36:54.017, 6, 72708, 100, 936.23
2026/08/07 14:36:54.017, 7, 72706, 100, 976.86
2026/08/07 14:36:54.517, 0, 0, 0, 134.46
2026/08/07 14:36:54.517, 1, 0, 0, 137.55
2026/08/07 14:36:54.517, 2, 0, 0, 132.59
2026/08/07 14:36:54.517, 3, 0, 0, 139.14
2026/08/07 14:36:54.517, 4, 71546, 100, 945.08
2026/08/07 14:36:54.517, 5, 72706, 100, 961.53
2026/08/07 14:36:54.517, 6, 72708, 100, 940.83
2026/08/07 14:36:54.517, 7, 72706, 100, 979.51
2026/08/07 14:36:55.017, 0, 0, 0, 134.50
2026/08/07 14:36:55.017, 1, 0, 0, 137.60
2026/08/07 14:36:55.017, 2, 0, 0, 132.55
2026/08/07 14:36:55.017, 3, 0, 0, 139.04
2026/08/07 14:36:55.017, 4, 71546, 100, 935.84
2026/08/07 14:36:55.017, 5, 72706, 100, 961.39
2026/08/07 14:36:55.017, 6, 72708, 100, 933.51
2026/08/07 14:36:55.017, 7, 72706, 100, 970.01
2026/08/07 14:36:55.517, 0, 0, 0, 134.50
2026/08/07 14:36:55.517, 1, 0, 0, 137.60
2026/08/07 14:36:55.517, 2, 0, 0, 132.47
2026/08/07 14:36:55.517, 3, 0, 0, 138.87
2026/08/07 14:36:55.517, 4, 71546, 100, 929.66
2026/08/07 14:36:55.517, 5, 72706, 100, 954.31
2026/08/07 14:36:55.517, 6, 72708, 100, 934.56
2026/08/07 14:36:55.517, 7, 72706, 100, 967.72
2026/08/07 14:36:56.018, 0, 0, 0, 134.50
2026/08/07 14:36:56.018, 1, 0, 0, 137.75
2026/08/07 14:36:56.018, 2, 0, 0, 132.48
2026/08/07 14:36:56.018, 3, 0, 0, 138.77
2026/08/07 14:36:56.018, 4, 71546, 100, 928.34
2026/08/07 14:36:56.018, 5, 72706, 100, 956.45
2026/08/07 14:36:56.018, 6, 72708, 100, 936.00
2026/08/07 14:36:56.018, 7, 72706, 100, 965.58
2026/08/07 14:36:56.518, 0, 0, 0, 134.50
2026/08/07 14:36:56.519, 1, 0, 0, 137.71
2026/08/07 14:36:56.521, 2, 0, 0, 132.47
2026/08/07 14:36:56.522, 3, 0, 0, 138.90
2026/08/07 14:36:56.523, 4, 71546, 100, 933.35
2026/08/07 14:36:56.524, 5, 72706, 100, 952.40
2026/08/07 14:36:56.525, 6, 72708, 100, 926.95
2026/08/07 14:36:56.527, 7, 72706, 100, 967.48
2026/08/07 14:36:57.028, 0, 0, 0, 134.46
2026/08/07 14:36:57.028, 1, 0, 0, 137.72
2026/08/07 14:36:57.028, 2, 0, 0, 132.48
2026/08/07 14:36:57.028, 3, 0, 0, 139.00
2026/08/07 14:36:57.028, 4, 71546, 100, 925.47
2026/08/07 14:36:57.028, 5, 72706, 100, 938.66
2026/08/07 14:36:57.028, 6, 72708, 100, 926.66
2026/08/07 14:36:57.028, 7, 72706, 100, 964.68
2026/08/07 14:36:57.528, 0, 0, 0, 134.42
2026/08/07 14:36:57.528, 1, 0, 0, 137.72
2026/08/07 14:36:57.528, 2, 0, 0, 132.47
2026/08/07 14:36:57.528, 3, 0, 0, 138.93
2026/08/07 14:36:57.528, 4, 71546, 100, 929.91
2026/08/07 14:36:57.528, 5, 72706, 100, 944.94
2026/08/07 14:36:57.528, 6, 72708, 100, 925.16
2026/08/07 14:36:57.528, 7, 72706, 100, 968.00
2026/08/07 14:36:58.028, 0, 0, 0, 134.42
2026/08/07 14:36:58.028, 1, 0, 0, 137.60
2026/08/07 14:36:58.029, 2, 0, 0, 132.47
2026/08/07 14:36:58.029, 3, 0, 0, 139.02
2026/08/07 14:36:58.029, 4, 71546, 100, 927.74
2026/08/07 14:36:58.029, 5, 72706, 100, 951.23
2026/08/07 14:36:58.029, 6, 72708, 100, 923.58
2026/08/07 14:36:58.029, 7, 72706, 100, 964.79
2026/08/07 14:36:58.529, 0, 0, 0, 134.62
2026/08/07 14:36:58.529, 1, 0, 0, 137.48
2026/08/07 14:36:58.529, 2, 0, 0, 132.48
2026/08/07 14:36:58.529, 3, 0, 0, 138.85
2026/08/07 14:36:58.529, 4, 71546, 100, 929.94
2026/08/07 14:36:58.529, 5, 72706, 100, 954.09
2026/08/07 14:36:58.529, 6, 72708, 100, 936.48
2026/08/07 14:36:58.529, 7, 72706, 100, 964.31
2026/08/07 14:36:59.029, 0, 0, 0, 134.62
2026/08/07 14:36:59.029, 1, 0, 0, 137.51
2026/08/07 14:36:59.029, 2, 0, 0, 132.55
2026/08/07 14:36:59.029, 3, 0, 0, 138.98
2026/08/07 14:36:59.030, 4, 71546, 100, 937.06
2026/08/07 14:36:59.030, 5, 72706, 100, 958.93
2026/08/07 14:36:59.031, 6, 72708, 100, 941.39
2026/08/07 14:36:59.031, 7, 72706, 100, 969.08
2026/08/07 14:36:59.531, 0, 0, 0, 134.50
2026/08/07 14:36:59.531, 1, 0, 0, 137.63
2026/08/07 14:36:59.532, 2, 0, 0, 132.59
2026/08/07 14:36:59.533, 3, 0, 0, 139.10
2026/08/07 14:36:59.534, 4, 71546, 100, 935.25
2026/08/07 14:36:59.535, 5, 72706, 100, 955.98
2026/08/07 14:36:59.536, 6, 72708, 100, 940.25
2026/08/07 14:36:59.537, 7, 72706, 100, 968.04
2026/08/07 14:37:00.038, 0, 0, 0, 134.50
2026/08/07 14:37:00.038, 1, 0, 0, 137.63
2026/08/07 14:37:00.038, 2, 0, 0, 132.51
2026/08/07 14:37:00.038, 3, 0, 0, 138.86
2026/08/07 14:37:00.038, 4, 71546, 100, 932.68
2026/08/07 14:37:00.038, 5, 72706, 100, 954.41
2026/08/07 14:37:00.038, 6, 72708, 100, 938.86
2026/08/07 14:37:00.038, 7, 72706, 100, 965.75
2026/08/07 14:37:00.538, 0, 0, 0, 134.42
2026/08/07 14:37:00.538, 1, 0, 0, 137.68
2026/08/07 14:37:00.538, 2, 0, 0, 132.47
2026/08/07 14:37:00.538, 3, 0, 0, 138.98
2026/08/07 14:37:00.538, 4, 71546, 100, 935.98
2026/08/07 14:37:00.538, 5, 72706, 100, 954.62
2026/08/07 14:37:00.538, 6, 72708, 100, 926.59
2026/08/07 14:37:00.538, 7, 72706, 100, 966.88
2026/08/07 14:37:01.038, 0, 0, 0, 134.46
2026/08/07 14:37:01.038, 1, 0, 0, 137.56
2026/08/07 14:37:01.038, 2, 0, 0, 132.47
2026/08/07 14:37:01.038, 3, 0, 0, 139.04
2026/08/07 14:37:01.038, 4, 71546, 100, 932.77
2026/08/07 14:37:01.038, 5, 72706, 100, 950.78
2026/08/07 14:37:01.038, 6, 72708, 100, 927.45
2026/08/07 14:37:01.038, 7, 72706, 100, 969.26
2026/08/07 14:37:01.538, 0, 0, 0, 134.46
2026/08/07 14:37:01.538, 1, 0, 0, 137.71
2026/08/07 14:37:01.538, 2, 0, 0, 132.48
2026/08/07 14:37:01.538, 3, 0, 0, 138.96
2026/08/07 14:37:01.538, 4, 71546, 100, 925.47
2026/08/07 14:37:01.538, 5, 72706, 100, 943.88
2026/08/07 14:37:01.538, 6, 72708, 100, 924.05
2026/08/07 14:37:01.538, 7, 72706, 100, 961.10
2026/08/07 14:37:02.038, 0, 0, 0, 134.42
2026/08/07 14:37:02.038, 1, 0, 0, 137.75
2026/08/07 14:37:02.038, 2, 0, 0, 132.48
2026/08/07 14:37:02.038, 3, 0, 0, 138.96
2026/08/07 14:37:02.038, 4, 71546, 100, 926.30
2026/08/07 14:37:02.039, 5, 72706, 100, 946.01
2026/08/07 14:37:02.039, 6, 72708, 100, 923.23
2026/08/07 14:37:02.039, 7, 72706, 100, 968.48
2026/08/07 14:37:02.539, 0, 0, 0, 134.42
2026/08/07 14:37:02.539, 1, 0, 0, 137.49
2026/08/07 14:37:02.539, 2, 0, 0, 132.48
2026/08/07 14:37:02.539, 3, 0, 0, 139.10
2026/08/07 14:37:02.539, 4, 71546, 100, 935.84
2026/08/07 14:37:02.539, 5, 72706, 100, 963.79
2026/08/07 14:37:02.539, 6, 72708, 100, 927.28
2026/08/07 14:37:02.539, 7, 72706, 100, 977.00
2026/08/07 14:37:03.039, 0, 0, 0, 134.42
2026/08/07 14:37:03.039, 1, 0, 0, 137.41
2026/08/07 14:37:03.039, 2, 0, 0, 132.48
2026/08/07 14:37:03.039, 3, 0, 0, 139.29
2026/08/07 14:37:03.039, 4, 71546, 100, 941.39
2026/08/07 14:37:03.039, 5, 72706, 100, 961.36
2026/08/07 14:37:03.039, 6, 72708, 100, 934.67
2026/08/07 14:37:03.039, 7, 72706, 100, 977.00
2026/08/07 14:37:03.539, 0, 0, 0, 134.66
2026/08/07 14:37:03.539, 1, 0, 0, 137.41
2026/08/07 14:37:03.539, 2, 0, 0, 132.47
2026/08/07 14:37:03.539, 3, 0, 0, 139.20
2026/08/07 14:37:03.539, 4, 71546, 100, 939.54
2026/08/07 14:37:03.539, 5, 72706, 100, 956.83
2026/08/07 14:37:03.539, 6, 72708, 100, 941.74
2026/08/07 14:37:03.539, 7, 72706, 100, 976.96
2026/08/07 14:37:04.039, 0, 0, 0, 134.77
2026/08/07 14:37:04.039, 1, 0, 0, 137.63
2026/08/07 14:37:04.039, 2, 0, 0, 132.55
2026/08/07 14:37:04.039, 3, 0, 0, 138.99
2026/08/07 14:37:04.039, 4, 71546, 100, 936.31
2026/08/07 14:37:04.039, 5, 72706, 100, 951.78
2026/08/07 14:37:04.039, 6, 72708, 100, 935.10
2026/08/07 14:37:04.039, 7, 72706, 100, 974.70
2026/08/07 14:37:04.539, 0, 0, 0, 134.54
2026/08/07 14:37:04.539, 1, 0, 0, 137.53
2026/08/07 14:37:04.539, 2, 0, 0, 132.63
2026/08/07 14:37:04.539, 3, 0, 0, 138.83
2026/08/07 14:37:04.539, 4, 71546, 100, 927.94
2026/08/07 14:37:04.539, 5, 72706, 100, 949.36
2026/08/07 14:37:04.539, 6, 72708, 100, 928.18
2026/08/07 14:37:04.539, 7, 72706, 100, 967.37
2026/08/07 14:37:05.039, 0, 0, 0, 134.46
2026/08/07 14:37:05.040, 1, 0, 0, 137.45
2026/08/07 14:37:05.040, 2, 0, 0, 132.59
2026/08/07 14:37:05.040, 3, 0, 0, 138.79
2026/08/07 14:37:05.040, 4, 71546, 100, 932.77
2026/08/07 14:37:05.040, 5, 72706, 100, 953.54
2026/08/07 14:37:05.040, 6, 72708, 100, 921.06
2026/08/07 14:37:05.040, 7, 72706, 100, 970.42
2026/08/07 14:37:05.540, 0, 0, 0, 134.54
2026/08/07 14:37:05.540, 1, 0, 0, 137.71
2026/08/07 14:37:05.540, 2, 0, 0, 132.48
2026/08/07 14:37:05.540, 3, 0, 0, 139.04
2026/08/07 14:37:05.540, 4, 71546, 100, 928.85
2026/08/07 14:37:05.540, 5, 72706, 99, 947.09
2026/08/07 14:37:05.540, 6, 72708, 100, 918.70
2026/08/07 14:37:05.540, 7, 72706, 100, 964.14
2026/08/07 14:37:06.040, 0, 0, 0, 134.54
2026/08/07 14:37:06.040, 1, 0, 0, 137.76
2026/08/07 14:37:06.042, 2, 0, 0, 132.47
2026/08/07 14:37:06.045, 3, 0, 0, 138.97
2026/08/07 14:37:06.048, 4, 71546, 100, 924.15
2026/08/07 14:37:06.050, 5, 72706, 100, 949.28
2026/08/07 14:37:06.051, 6, 72708, 100, 916.06
2026/08/07 14:37:06.053, 7, 72706, 100, 956.07
2026/08/07 14:37:06.555, 0, 0, 0, 134.46
2026/08/07 14:37:06.555, 1, 0, 0, 137.60
2026/08/07 14:37:06.555, 2, 0, 0, 132.47
2026/08/07 14:37:06.555, 3, 0, 0, 138.91
2026/08/07 14:37:06.555, 4, 71546, 100, 932.76
2026/08/07 14:37:06.555, 5, 72706, 100, 957.40
2026/08/07 14:37:06.555, 6, 72708, 100, 929.93
2026/08/07 14:37:06.555, 7, 72706, 100, 973.03
2026/08/07 14:37:07.055, 0, 0, 0, 134.42
2026/08/07 14:37:07.055, 1, 0, 0, 137.45
2026/08/07 14:37:07.055, 2, 0, 0, 132.47
2026/08/07 14:37:07.055, 3, 0, 0, 138.87
2026/08/07 14:37:07.055, 4, 71546, 100, 944.02
2026/08/07 14:37:07.055, 5, 72706, 100, 964.17
2026/08/07 14:37:07.055, 6, 72708, 100, 940.53
2026/08/07 14:37:07.055, 7, 72706, 100, 979.74
2026/08/07 14:37:07.555, 0, 0, 0, 134.42
2026/08/07 14:37:07.555, 1, 0, 0, 137.59
2026/08/07 14:37:07.555, 2, 0, 0, 132.47
2026/08/07 14:37:07.555, 3, 0, 0, 138.85
2026/08/07 14:37:07.555, 4, 71546, 100, 944.83
2026/08/07 14:37:07.555, 5, 72706, 100, 959.78
2026/08/07 14:37:07.555, 6, 72708, 100, 944.28
2026/08/07 14:37:07.555, 7, 72706, 100, 978.64
2026/08/07 14:37:08.055, 0, 0, 0, 134.42
2026/08/07 14:37:08.055, 1, 0, 0, 137.63
2026/08/07 14:37:08.055, 2, 0, 0, 132.47
2026/08/07 14:37:08.055, 3, 0, 0, 138.87
2026/08/07 14:37:08.055, 4, 71546, 100, 935.97
2026/08/07 14:37:08.055, 5, 72706, 100, 956.14
2026/08/07 14:37:08.055, 6, 72708, 100, 937.99
2026/08/07 14:37:08.055, 7, 72706, 100, 970.56
2026/08/07 14:37:08.555, 0, 0, 0, 134.62
2026/08/07 14:37:08.556, 1, 0, 0, 137.40
2026/08/07 14:37:08.558, 2, 0, 0, 132.47
2026/08/07 14:37:08.559, 3, 0, 0, 138.83
2026/08/07 14:37:08.560, 4, 71546, 100, 933.16
2026/08/07 14:37:08.561, 5, 72706, 100, 952.93
2026/08/07 14:37:08.563, 6, 72708, 100, 936.55
2026/08/07 14:37:08.564, 7, 72706, 100, 972.04
2026/08/07 14:37:09.065, 0, 0, 0, 134.46
2026/08/07 14:37:09.065, 1, 0, 0, 137.44
2026/08/07 14:37:09.065, 2, 0, 0, 132.55
2026/08/07 14:37:09.065, 3, 0, 0, 138.89
2026/08/07 14:37:09.065, 4, 71546, 100, 926.76
2026/08/07 14:37:09.065, 5, 72706, 100, 950.52
2026/08/07 14:37:09.065, 6, 72708, 100, 939.81
2026/08/07 14:37:09.065, 7, 72706, 100, 968.79
2026/08/07 14:37:09.565, 0, 0, 0, 134.42
2026/08/07 14:37:09.565, 1, 0, 0, 137.44
2026/08/07 14:37:09.565, 2, 0, 0, 132.58
2026/08/07 14:37:09.565, 3, 0, 0, 138.89
2026/08/07 14:37:09.565, 4, 71546, 100, 925.71
2026/08/07 14:37:09.565, 5, 72706, 100, 950.45
2026/08/07 14:37:09.565, 6, 72708, 100, 931.73
2026/08/07 14:37:09.565, 7, 72706, 100, 963.69
2026/08/07 14:37:10.066, 0, 0, 0, 134.42
2026/08/07 14:37:10.066, 1, 0, 0, 137.40
2026/08/07 14:37:10.066, 2, 0, 0, 132.55
2026/08/07 14:37:10.066, 3, 0, 0, 138.97
2026/08/07 14:37:10.066, 4, 71546, 100, 921.93
2026/08/07 14:37:10.066, 5, 72706, 100, 948.59
2026/08/07 14:37:10.066, 6, 72708, 100, 923.42
2026/08/07 14:37:10.066, 7, 72706, 100, 960.56
2026/08/07 14:37:10.566, 0, 0, 0, 134.42
2026/08/07 14:37:10.566, 1, 0, 0, 137.57
2026/08/07 14:37:10.566, 2, 0, 0, 132.47
2026/08/07 14:37:10.566, 3, 0, 0, 138.88
2026/08/07 14:37:10.566, 4, 71546, 100, 928.08
2026/08/07 14:37:10.566, 5, 72706, 100, 955.32
2026/08/07 14:37:10.566, 6, 72708, 100, 928.46
2026/08/07 14:37:10.566, 7, 72706, 100, 968.36
2026/08/07 14:37:11.066, 0, 0, 0, 134.50
2026/08/07 14:37:11.066, 1, 0, 0, 137.71
2026/08/07 14:37:11.066, 2, 0, 0, 132.47
2026/08/07 14:37:11.066, 3, 0, 0, 138.87
2026/08/07 14:37:11.066, 4, 71546, 100, 935.23
2026/08/07 14:37:11.066, 5, 72706, 100, 960.78
2026/08/07 14:37:11.066, 6, 72708, 100, 942.54
2026/08/07 14:37:11.066, 7, 72706, 100, 985.38
2026/08/07 14:37:11.566, 0, 0, 0, 134.54
2026/08/07 14:37:11.566, 1, 0, 0, 137.56
2026/08/07 14:37:11.566, 2, 0, 0, 132.47
2026/08/07 14:37:11.566, 3, 0, 0, 138.87
2026/08/07 14:37:11.566, 4, 71546, 100, 939.71
2026/08/07 14:37:11.566, 5, 72706, 100, 965.40
2026/08/07 14:37:11.566, 6, 72708, 100, 941.69
2026/08/07 14:37:11.566, 7, 72706, 100, 980.00
2026/08/07 14:37:12.066, 0, 0, 0, 134.46
2026/08/07 14:37:12.066, 1, 0, 0, 137.26
2026/08/07 14:37:12.066, 2, 0, 0, 132.47
2026/08/07 14:37:12.066, 3, 0, 0, 138.91
2026/08/07 14:37:12.066, 4, 71546, 100, 942.37
2026/08/07 14:37:12.067, 5, 72706, 100, 962.22
2026/08/07 14:37:12.067, 6, 72708, 100, 935.83
2026/08/07 14:37:12.067, 7, 72706, 100, 978.76
2026/08/07 14:37:12.567, 0, 0, 0, 134.46
2026/08/07 14:37:12.567, 1, 0, 0, 137.26
2026/08/07 14:37:12.567, 2, 0, 0, 132.47
2026/08/07 14:37:12.567, 3, 0, 0, 139.19
2026/08/07 14:37:12.567, 4, 71546, 100, 936.56
2026/08/07 14:37:12.567, 5, 72706, 100, 955.91
2026/08/07 14:37:12.567, 6, 72708, 100, 931.88
2026/08/07 14:37:12.567, 7, 72706, 100, 974.91
2026/08/07 14:37:13.067, 0, 0, 0, 134.61
2026/08/07 14:37:13.067, 1, 0, 0, 137.41
2026/08/07 14:37:13.067, 2, 0, 0, 132.48
2026/08/07 14:37:13.067, 3, 0, 0, 138.94
2026/08/07 14:37:13.067, 4, 71546, 100, 934.39
2026/08/07 14:37:13.067, 5, 72706, 100, 949.61
2026/08/07 14:37:13.067, 6, 72708, 100, 924.88
2026/08/07 14:37:13.067, 7, 72706, 100, 971.54
2026/08/07 14:37:13.567, 0, 0, 0, 134.65
2026/08/07 14:37:13.567, 1, 0, 0, 137.51
2026/08/07 14:37:13.567, 2, 0, 0, 132.47
2026/08/07 14:37:13.567, 3, 0, 0, 138.78
2026/08/07 14:37:13.567, 4, 71546, 100, 928.32
2026/08/07 14:37:13.567, 5, 72706, 100, 950.56
2026/08/07 14:37:13.567, 6, 72708, 100, 930.65
2026/08/07 14:37:13.567, 7, 72706, 100, 968.49
2026/08/07 14:37:14.067, 0, 0, 0, 134.50
2026/08/07 14:37:14.067, 1, 0, 0, 137.38
2026/08/07 14:37:14.067, 2, 0, 0, 132.51
2026/08/07 14:37:14.067, 3, 0, 0, 138.93
2026/08/07 14:37:14.067, 4, 71546, 99, 923.84
2026/08/07 14:37:14.067, 5, 72706, 99, 947.70
2026/08/07 14:37:14.067, 6, 72708, 100, 928.14
2026/08/07 14:37:14.067, 7, 72706, 99, 969.65
2026/08/07 14:37:14.567, 0, 0, 0, 134.42
2026/08/07 14:37:14.567, 1, 0, 0, 137.41
2026/08/07 14:37:14.567, 2, 0, 0, 132.55
2026/08/07 14:37:14.567, 3, 0, 0, 138.93
2026/08/07 14:37:14.567, 4, 71546, 100, 924.02
2026/08/07 14:37:14.567, 5, 72706, 100, 940.27
2026/08/07 14:37:14.567, 6, 72708, 100, 922.90
2026/08/07 14:37:14.568, 7, 72706, 100, 971.22
2026/08/07 14:37:15.068, 0, 0, 0, 134.46
2026/08/07 14:37:15.068, 1, 0, 0, 137.59
2026/08/07 14:37:15.068, 2, 0, 0, 132.59
2026/08/07 14:37:15.068, 3, 0, 0, 138.84
2026/08/07 14:37:15.068, 4, 71546, 100, 932.26
2026/08/07 14:37:15.068, 5, 72706, 100, 952.45
2026/08/07 14:37:15.068, 6, 72708, 100, 925.95
2026/08/07 14:37:15.068, 7, 72706, 100, 968.49
2026/08/07 14:37:15.568, 0, 0, 0, 134.46
2026/08/07 14:37:15.568, 1, 0, 0, 137.64
2026/08/07 14:37:15.568, 2, 0, 0, 132.51
2026/08/07 14:37:15.568, 3, 0, 0, 138.74
2026/08/07 14:37:15.568, 4, 71546, 100, 938.42
2026/08/07 14:37:15.568, 5, 72706, 100, 963.14
2026/08/07 14:37:15.568, 6, 72708, 100, 938.06
2026/08/07 14:37:15.568, 7, 72706, 100, 978.21
2026/08/07 14:37:16.068, 0, 0, 0, 134.46
2026/08/07 14:37:16.068, 1, 0, 0, 137.60
2026/08/07 14:37:16.068, 2, 0, 0, 132.48
2026/08/07 14:37:16.068, 3, 0, 0, 138.82
2026/08/07 14:37:16.068, 4, 71546, 100, 939.84
2026/08/07 14:37:16.068, 5, 72706, 100, 967.25
2026/08/07 14:37:16.068, 6, 72708, 100, 945.96
2026/08/07 14:37:16.068, 7, 72706, 100, 978.02
2026/08/07 14:37:16.568, 0, 0, 0, 134.46
2026/08/07 14:37:16.568, 1, 0, 0, 137.40
2026/08/07 14:37:16.568, 2, 0, 0, 132.48
2026/08/07 14:37:16.568, 3, 0, 0, 138.91
2026/08/07 14:37:16.568, 4, 71546, 100, 943.39
2026/08/07 14:37:16.568, 5, 72706, 100, 964.38
2026/08/07 14:37:16.568, 6, 72708, 100, 938.29
2026/08/07 14:37:16.568, 7, 72706, 100, 974.58
2026/08/07 14:37:17.068, 0, 0, 0, 134.46
2026/08/07 14:37:17.068, 1, 0, 0, 137.40
2026/08/07 14:37:17.068, 2, 0, 0, 132.48
2026/08/07 14:37:17.068, 3, 0, 0, 138.97
2026/08/07 14:37:17.068, 4, 71546, 100, 939.58
2026/08/07 14:37:17.068, 5, 72706, 100, 957.32
2026/08/07 14:37:17.068, 6, 72708, 100, 930.90
2026/08/07 14:37:17.068, 7, 72706, 100, 973.41
2026/08/07 14:37:17.569, 0, 0, 0, 134.50
2026/08/07 14:37:17.569, 1, 0, 0, 137.55
2026/08/07 14:37:17.569, 2, 0, 0, 132.48
2026/08/07 14:37:17.569, 3, 0, 0, 139.02
2026/08/07 14:37:17.569, 4, 71546, 100, 933.00
2026/08/07 14:37:17.569, 5, 72706, 100, 956.08
2026/08/07 14:37:17.569, 6, 72708, 100, 934.92
2026/08/07 14:37:17.569, 7, 72706, 100, 972.77
2026/08/07 14:37:18.069, 0, 0, 0, 134.65
2026/08/07 14:37:18.069, 1, 0, 0, 137.47
2026/08/07 14:37:18.069, 2, 0, 0, 132.47
2026/08/07 14:37:18.069, 3, 0, 0, 138.79
2026/08/07 14:37:18.069, 4, 71546, 100, 927.27
2026/08/07 14:37:18.069, 5, 72706, 100, 955.73
2026/08/07 14:37:18.069, 6, 72708, 100, 935.61
2026/08/07 14:37:18.069, 7, 72706, 100, 969.13
2026/08/07 14:37:18.569, 0, 0, 0, 134.66
2026/08/07 14:37:18.569, 1, 0, 0, 137.34
2026/08/07 14:37:18.569, 2, 0, 0, 132.47
2026/08/07 14:37:18.569, 3, 0, 0, 138.78
2026/08/07 14:37:18.569, 4, 71546, 100, 927.13
2026/08/07 14:37:18.569, 5, 72706, 100, 947.13
2026/08/07 14:37:18.569, 6, 72708, 99, 918.68
2026/08/07 14:37:18.569, 7, 72706, 100, 956.64
2026/08/07 14:37:19.069, 0, 0, 0, 134.46
2026/08/07 14:37:19.069, 1, 0, 0, 137.37
2026/08/07 14:37:19.069, 2, 0, 0, 132.51
2026/08/07 14:37:19.069, 3, 0, 0, 138.84
2026/08/07 14:37:19.069, 4, 71546, 100, 930.11
2026/08/07 14:37:19.069, 5, 72706, 100, 948.57
2026/08/07 14:37:19.069, 6, 72708, 100, 916.84
2026/08/07 14:37:19.069, 7, 72706, 100, 961.10
2026/08/07 14:37:19.569, 0, 0, 0, 134.46
2026/08/07 14:37:19.569, 1, 0, 0, 137.41
2026/08/07 14:37:19.570, 2, 0, 0, 132.59
2026/08/07 14:37:19.570, 3, 0, 0, 138.69
2026/08/07 14:37:19.570, 4, 71546, 100, 935.10
2026/08/07 14:37:19.570, 5, 72706, 100, 959.47
2026/08/07 14:37:19.570, 6, 72708, 100, 931.48
2026/08/07 14:37:19.570, 7, 72706, 100, 974.33
2026/08/07 14:37:20.070, 0, 0, 0, 134.50
2026/08/07 14:37:20.070, 1, 0, 0, 137.59
2026/08/07 14:37:20.070, 2, 0, 0, 132.55
2026/08/07 14:37:20.070, 3, 0, 0, 138.79
2026/08/07 14:37:20.070, 4, 71546, 100, 934.98
2026/08/07 14:37:20.070, 5, 72706, 100, 962.24
2026/08/07 14:37:20.070, 6, 72708, 100, 942.71
2026/08/07 14:37:20.070, 7, 72706, 100, 979.91
2026/08/07 14:37:20.570, 0, 0, 0, 134.50
2026/08/07 14:37:20.570, 1, 0, 0, 137.75
2026/08/07 14:37:20.570, 2, 0, 0, 132.48
2026/08/07 14:37:20.570, 3, 0, 0, 138.80
2026/08/07 14:37:20.570, 4, 71546, 100, 939.09
2026/08/07 14:37:20.570, 5, 72706, 100, 967.92
2026/08/07 14:37:20.570, 6, 72708, 100, 936.24
2026/08/07 14:37:20.570, 7, 72706, 100, 975.87
2026/08/07 14:37:21.070, 0, 0, 0, 134.54
2026/08/07 14:37:21.070, 1, 0, 0, 137.68
2026/08/07 14:37:21.070, 2, 0, 0, 132.47
2026/08/07 14:37:21.070, 3, 0, 0, 138.68
2026/08/07 14:37:21.070, 4, 71546, 100, 940.30
2026/08/07 14:37:21.070, 5, 72706, 100, 962.96
2026/08/07 14:37:21.070, 6, 72708, 100, 931.01
2026/08/07 14:37:21.070, 7, 72706, 100, 970.62
2026/08/07 14:37:21.570, 0, 0, 0, 134.50
2026/08/07 14:37:21.570, 1, 0, 0, 137.53
2026/08/07 14:37:21.570, 2, 0, 0, 132.48
2026/08/07 14:37:21.570, 3, 0, 0, 138.79
2026/08/07 14:37:21.570, 4, 71546, 100, 932.72
2026/08/07 14:37:21.570, 5, 72706, 100, 952.38
2026/08/07 14:37:21.570, 6, 72708, 100, 936.54
2026/08/07 14:37:21.571, 7, 72706, 100, 967.26
2026/08/07 14:37:22.071, 0, 0, 0, 134.50
2026/08/07 14:37:22.071, 1, 0, 0, 137.36
2026/08/07 14:37:22.071, 2, 0, 0, 132.48
2026/08/07 14:37:22.071, 3, 0, 0, 138.92
2026/08/07 14:37:22.071, 4, 71546, 100, 933.73
2026/08/07 14:37:22.071, 5, 72706, 100, 950.44
2026/08/07 14:37:22.071, 6, 72708, 100, 931.07
2026/08/07 14:37:22.071, 7, 72706, 100, 967.63
2026/08/07 14:37:22.571, 0, 0, 0, 134.50
2026/08/07 14:37:22.572, 1, 0, 0, 137.40
2026/08/07 14:37:22.572, 2, 0, 0, 132.48
2026/08/07 14:37:22.572, 3, 0, 0, 138.99
2026/08/07 14:37:22.572, 4, 71546, 100, 926.57
2026/08/07 14:37:22.572, 5, 72706, 100, 948.97
2026/08/07 14:37:22.572, 6, 72708, 100, 924.80
2026/08/07 14:37:22.572, 7, 72706, 100, 964.55
2026/08/07 14:37:23.072, 0, 0, 0, 134.61
2026/08/07 14:37:23.073, 1, 0, 0, 137.44
2026/08/07 14:37:23.073, 2, 0, 0, 132.48
2026/08/07 14:37:23.073, 3, 0, 0, 139.08
2026/08/07 14:37:23.073, 4, 71546, 100, 925.99
2026/08/07 14:37:23.073, 5, 72706, 100, 943.13
2026/08/07 14:37:23.073, 6, 72708, 100, 920.80
2026/08/07 14:37:23.073, 7, 72706, 100, 953.18
2026/08/07 14:37:23.573, 0, 0, 0, 134.65
2026/08/07 14:37:23.573, 1, 0, 0, 137.52
2026/08/07 14:37:23.573, 2, 0, 0, 132.48
2026/08/07 14:37:23.573, 3, 0, 0, 138.85
2026/08/07 14:37:23.573, 4, 71546, 100, 930.04
2026/08/07 14:37:23.573, 5, 72706, 100, 947.82
2026/08/07 14:37:23.573, 6, 72708, 100, 934.53
2026/08/07 14:37:23.573, 7, 72706, 100, 964.59
2026/08/07 14:37:24.073, 0, 0, 0, 134.46
2026/08/07 14:37:24.073, 1, 0, 0, 137.45
2026/08/07 14:37:24.073, 2, 0, 0, 132.51
2026/08/07 14:37:24.073, 3, 0, 0, 138.68
2026/08/07 14:37:24.073, 4, 71546, 100, 937.79
2026/08/07 14:37:24.073, 5, 72706, 100, 964.30
2026/08/07 14:37:24.073, 6, 72708, 100, 945.71
2026/08/07 14:37:24.073, 7, 72706, 100, 978.89
2026/08/07 14:37:24.573, 0, 0, 0, 134.42
2026/08/07 14:37:24.573, 1, 0, 0, 137.34
2026/08/07 14:37:24.573, 2, 0, 0, 132.59
2026/08/07 14:37:24.573, 3, 0, 0, 138.73
2026/08/07 14:37:24.573, 4, 71546, 100, 942.12
2026/08/07 14:37:24.573, 5, 72706, 100, 964.62
2026/08/07 14:37:24.573, 6, 72708, 100, 943.72
2026/08/07 14:37:24.573, 7, 72706, 100, 981.87
2026/08/07 14:37:25.073, 0, 0, 0, 134.46
2026/08/07 14:37:25.075, 1, 0, 0, 137.26
2026/08/07 14:37:25.076, 2, 0, 0, 132.59
2026/08/07 14:37:25.077, 3, 0, 0, 138.95
2026/08/07 14:37:25.078, 4, 71546, 100, 940.69
2026/08/07 14:37:25.080, 5, 72706, 100, 960.87
2026/08/07 14:37:25.081, 6, 72708, 100, 936.38
2026/08/07 14:37:25.083, 7, 72706, 100, 974.00
2026/08/07 14:37:25.584, 0, 0, 0, 134.50
2026/08/07 14:37:25.584, 1, 0, 0, 137.64
2026/08/07 14:37:25.584, 2, 0, 0, 132.48
2026/08/07 14:37:25.584, 3, 0, 0, 138.90
2026/08/07 14:37:25.584, 4, 71546, 100, 934.19
2026/08/07 14:37:25.584, 5, 72706, 100, 951.96
2026/08/07 14:37:25.584, 6, 72708, 100, 932.13
2026/08/07 14:37:25.584, 7, 72706, 100, 972.42
2026/08/07 14:37:26.084, 0, 0, 0, 134.46
2026/08/07 14:37:26.084, 1, 0, 0, 137.64
2026/08/07 14:37:26.084, 2, 0, 0, 132.48
2026/08/07 14:37:26.084, 3, 0, 0, 138.70
2026/08/07 14:37:26.084, 4, 71546, 100, 928.67
2026/08/07 14:37:26.084, 5, 72706, 100, 951.50
2026/08/07 14:37:26.084, 6, 72708, 100, 929.35
2026/08/07 14:37:26.084, 7, 72706, 100, 967.09
2026/08/07 14:37:26.584, 0, 0, 0, 134.42
2026/08/07 14:37:26.584, 1, 0, 0, 137.34
2026/08/07 14:37:26.584, 2, 0, 0, 132.48
2026/08/07 14:37:26.584, 3, 0, 0, 138.69
2026/08/07 14:37:26.584, 4, 71546, 100, 929.41
2026/08/07 14:37:26.584, 5, 72706, 100, 949.80
2026/08/07 14:37:26.585, 6, 72708, 100, 930.48
2026/08/07 14:37:26.585, 7, 72706, 100, 965.52
2026/08/07 14:37:27.085, 0, 0, 0, 134.46
2026/08/07 14:37:27.085, 1, 0, 0, 137.36
2026/08/07 14:37:27.085, 2, 0, 0, 132.47
2026/08/07 14:37:27.085, 3, 0, 0, 138.70
2026/08/07 14:37:27.085, 4, 71546, 100, 920.96
2026/08/07 14:37:27.085, 5, 72706, 100, 940.22
2026/08/07 14:37:27.085, 6, 72708, 100, 933.93
2026/08/07 14:37:27.085, 7, 72706, 100, 968.73
2026/08/07 14:37:27.585, 0, 0, 0, 134.50
2026/08/07 14:37:27.586, 1, 0, 0, 137.56
2026/08/07 14:37:27.586, 2, 0, 0, 132.47
2026/08/07 14:37:27.587, 3, 0, 0, 138.93
2026/08/07 14:37:27.587, 4, 71546, 100, 924.91
2026/08/07 14:37:27.588, 5, 72706, 100, 943.79
2026/08/07 14:37:27.588, 6, 72708, 100, 925.24
2026/08/07 14:37:27.588, 7, 72706, 100, 960.63
2026/08/07 14:37:28.088, 0, 0, 0, 134.70
2026/08/07 14:37:28.088, 1, 0, 0, 137.51
2026/08/07 14:37:28.088, 2, 0, 0, 132.48
2026/08/07 14:37:28.088, 3, 0, 0, 139.03
2026/08/07 14:37:28.088, 4, 71546, 100, 935.56
2026/08/07 14:37:28.088, 5, 72706, 100, 953.53
2026/08/07 14:37:28.088, 6, 72708, 100, 932.50
2026/08/07 14:37:28.088, 7, 72706, 100, 972.16
2026/08/07 14:37:28.588, 0, 0, 0, 134.66
2026/08/07 14:37:28.588, 1, 0, 0, 137.32
2026/08/07 14:37:28.588, 2, 0, 0, 132.48
2026/08/07 14:37:28.588, 3, 0, 0, 138.88
2026/08/07 14:37:28.588, 4, 71546, 100, 935.53
2026/08/07 14:37:28.589, 5, 72706, 100, 960.85
2026/08/07 14:37:28.589, 6, 72708, 100, 939.15
2026/08/07 14:37:28.589, 7, 72706, 100, 976.62
2026/08/07 14:37:29.089, 0, 0, 0, 134.42
2026/08/07 14:37:29.089, 1, 0, 0, 137.34
2026/08/07 14:37:29.089, 2, 0, 0, 132.59
2026/08/07 14:37:29.089, 3, 0, 0, 138.98
2026/08/07 14:37:29.089, 4, 71546, 100, 934.38
2026/08/07 14:37:29.089, 5, 72706, 100, 957.25
2026/08/07 14:37:29.089, 6, 72708, 100, 940.77
2026/08/07 14:37:29.089, 7, 72706, 100, 979.09
2026/08/07 14:37:29.589, 0, 0, 0, 134.50
2026/08/07 14:37:29.590, 1, 0, 0, 137.38
2026/08/07 14:37:29.590, 2, 0, 0, 132.59
2026/08/07 14:37:29.590, 3, 0, 0, 138.97
2026/08/07 14:37:29.590, 4, 71546, 100, 935.63
2026/08/07 14:37:29.590, 5, 72706, 100, 954.25
2026/08/07 14:37:29.590, 6, 72708, 100, 937.59
2026/08/07 14:37:29.590, 7, 72706, 100, 977.42
2026/08/07 14:37:30.090, 0, 0, 0, 134.54
2026/08/07 14:37:30.090, 1, 0, 0, 137.28
2026/08/07 14:37:30.090, 2, 0, 0, 132.48
2026/08/07 14:37:30.091, 3, 0, 0, 138.93
2026/08/07 14:37:30.091, 4, 71546, 100, 933.28
2026/08/07 14:37:30.091, 5, 72706, 100, 957.29
2026/08/07 14:37:30.091, 6, 72708, 100, 927.37
2026/08/07 14:37:30.091, 7, 72706, 100, 972.18
2026/08/07 14:37:30.591, 0, 0, 0, 134.46
2026/08/07 14:37:30.591, 1, 0, 0, 137.20
2026/08/07 14:37:30.591, 2, 0, 0, 132.48
2026/08/07 14:37:30.591, 3, 0, 0, 138.87
2026/08/07 14:37:30.591, 4, 71546, 100, 929.41
2026/08/07 14:37:30.591, 5, 72706, 100, 954.84
2026/08/07 14:37:30.591, 6, 72708, 100, 928.18
2026/08/07 14:37:30.591, 7, 72706, 100, 971.66
2026/08/07 14:37:31.091, 0, 0, 0, 134.46
2026/08/07 14:37:31.091, 1, 0, 0, 137.40
2026/08/07 14:37:31.091, 2, 0, 0, 132.47
2026/08/07 14:37:31.091, 3, 0, 0, 138.61
2026/08/07 14:37:31.091, 4, 71546, 100, 923.62
2026/08/07 14:37:31.091, 5, 72706, 100, 951.87
2026/08/07 14:37:31.091, 6, 72708, 100, 927.96
2026/08/07 14:37:31.091, 7, 72706, 100, 963.67
2026/08/07 14:37:31.591, 0, 0, 0, 134.46
2026/08/07 14:37:31.591, 1, 0, 0, 137.55
2026/08/07 14:37:31.591, 2, 0, 0, 132.47
2026/08/07 14:37:31.591, 3, 0, 0, 138.55
2026/08/07 14:37:31.591, 4, 71546, 100, 918.35
2026/08/07 14:37:31.591, 5, 72706, 100, 940.15
2026/08/07 14:37:31.591, 6, 72708, 100, 923.43
2026/08/07 14:37:31.591, 7, 72706, 100, 959.93
2026/08/07 14:37:32.091, 0, 0, 0, 134.50
2026/08/07 14:37:32.091, 1, 0, 0, 137.49
2026/08/07 14:37:32.091, 2, 0, 0, 132.48
2026/08/07 14:37:32.091, 3, 0, 0, 138.67
2026/08/07 14:37:32.091, 4, 71546, 100, 923.87
2026/08/07 14:37:32.091, 5, 72706, 100, 951.40
2026/08/07 14:37:32.091, 6, 72708, 100, 923.20
2026/08/07 14:37:32.091, 7, 72706, 100, 969.25
2026/08/07 14:37:32.592, 0, 0, 0, 134.54
2026/08/07 14:37:32.592, 1, 0, 0, 137.37
2026/08/07 14:37:32.592, 2, 0, 0, 132.48
2026/08/07 14:37:32.592, 3, 0, 0, 138.89
2026/08/07 14:37:32.592, 4, 71546, 100, 938.54
2026/08/07 14:37:32.592, 5, 72706, 100, 962.77
2026/08/07 14:37:32.592, 6, 72708, 100, 929.59
2026/08/07 14:37:32.592, 7, 72706, 100, 978.24
2026/08/07 14:37:33.092, 0, 0, 0, 134.62
2026/08/07 14:37:33.092, 1, 0, 0, 137.40
2026/08/07 14:37:33.092, 2, 0, 0, 132.48
2026/08/07 14:37:33.092, 3, 0, 0, 138.80
2026/08/07 14:37:33.092, 4, 71546, 100, 943.33
2026/08/07 14:37:33.092, 5, 72706, 100, 963.75
2026/08/07 14:37:33.092, 6, 72708, 100, 938.97
2026/08/07 14:37:33.092, 7, 72706, 100, 975.15
2026/08/07 14:37:33.592, 0, 0, 0, 134.57
2026/08/07 14:37:33.592, 1, 0, 0, 137.40
2026/08/07 14:37:33.592, 2, 0, 0, 132.47
2026/08/07 14:37:33.592, 3, 0, 0, 138.60
2026/08/07 14:37:33.592, 4, 71546, 100, 936.59
2026/08/07 14:37:33.592, 5, 72706, 100, 961.41
2026/08/07 14:37:33.592, 6, 72708, 100, 940.72
2026/08/07 14:37:33.592, 7, 72706, 100, 973.44
2026/08/07 14:37:34.092, 0, 0, 0, 134.50
2026/08/07 14:37:34.092, 1, 0, 0, 137.44
2026/08/07 14:37:34.092, 2, 0, 0, 132.59
2026/08/07 14:37:34.092, 3, 0, 0, 138.71
2026/08/07 14:37:34.092, 4, 71546, 100, 931.35
2026/08/07 14:37:34.092, 5, 72706, 100, 956.12
2026/08/07 14:37:34.092, 6, 72708, 100, 938.02
2026/08/07 14:37:34.092, 7, 72706, 100, 973.45
2026/08/07 14:37:34.592, 0, 0, 0, 134.62
2026/08/07 14:37:34.593, 1, 0, 0, 137.55
2026/08/07 14:37:34.593, 2, 0, 0, 132.59
2026/08/07 14:37:34.594, 3, 0, 0, 138.84
2026/08/07 14:37:34.595, 4, 71546, 100, 930.48
2026/08/07 14:37:34.595, 5, 72706, 100, 955.67
2026/08/07 14:37:34.595, 6, 72708, 100, 929.65
2026/08/07 14:37:34.595, 7, 72706, 100, 967.59
2026/08/07 14:37:35.096, 0, 0, 0, 134.57
2026/08/07 14:37:35.096, 1, 0, 0, 137.40
2026/08/07 14:37:35.096, 2, 0, 0, 132.47
2026/08/07 14:37:35.096, 3, 0, 0, 138.76
2026/08/07 14:37:35.096, 4, 71546, 100, 931.20
2026/08/07 14:37:35.096, 5, 72706, 100, 950.97
2026/08/07 14:37:35.096, 6, 72708, 100, 929.00
2026/08/07 14:37:35.096, 7, 72706, 100, 969.23
2026/08/07 14:37:35.596, 0, 0, 0, 134.46
2026/08/07 14:37:35.596, 1, 0, 0, 137.30
2026/08/07 14:37:35.596, 2, 0, 0, 132.47
2026/08/07 14:37:35.596, 3, 0, 0, 138.73
2026/08/07 14:37:35.596, 4, 71546, 100, 920.89
2026/08/07 14:37:35.596, 5, 72706, 100, 948.45
2026/08/07 14:37:35.596, 6, 72708, 100, 922.13
2026/08/07 14:37:35.596, 7, 72706, 99, 965.38
2026/08/07 14:37:36.096, 0, 0, 0, 134.42
2026/08/07 14:37:36.096, 1, 0, 0, 137.30
2026/08/07 14:37:36.096, 2, 0, 0, 132.48
2026/08/07 14:37:36.096, 3, 0, 0, 138.80
2026/08/07 14:37:36.096, 4, 71546, 100, 922.02
2026/08/07 14:37:36.096, 5, 72706, 100, 945.74
2026/08/07 14:37:36.096, 6, 72708, 100, 915.09
2026/08/07 14:37:36.096, 7, 72706, 100, 969.46
2026/08/07 14:37:36.597, 0, 0, 0, 134.42
2026/08/07 14:37:36.597, 1, 0, 0, 137.28
2026/08/07 14:37:36.597, 2, 0, 0, 132.48
2026/08/07 14:37:36.597, 3, 0, 0, 138.75
2026/08/07 14:37:36.597, 4, 71546, 100, 933.86
2026/08/07 14:37:36.597, 5, 72706, 100, 950.78
2026/08/07 14:37:36.597, 6, 72708, 100, 928.48
2026/08/07 14:37:36.597, 7, 72706, 100, 970.61
2026/08/07 14:37:37.097, 0, 0, 0, 134.50
2026/08/07 14:37:37.097, 1, 0, 0, 137.36
2026/08/07 14:37:37.097, 2, 0, 0, 132.47
2026/08/07 14:37:37.097, 3, 0, 0, 138.88
2026/08/07 14:37:37.097, 4, 71546, 100, 938.98
2026/08/07 14:37:37.097, 5, 72706, 100, 963.28
2026/08/07 14:37:37.097, 6, 72708, 100, 940.48
2026/08/07 14:37:37.097, 7, 72706, 100, 971.20
2026/08/07 14:37:37.597, 0, 0, 0, 134.50
2026/08/07 14:37:37.597, 1, 0, 0, 137.44
2026/08/07 14:37:37.597, 2, 0, 0, 132.48
2026/08/07 14:37:37.597, 3, 0, 0, 139.08
2026/08/07 14:37:37.597, 4, 71546, 100, 939.26
2026/08/07 14:37:37.597, 5, 72706, 100, 967.46
2026/08/07 14:37:37.597, 6, 72708, 100, 942.53
2026/08/07 14:37:37.597, 7, 72706, 100, 973.94
2026/08/07 14:37:38.097, 0, 0, 0, 134.61
2026/08/07 14:37:38.098, 1, 0, 0, 137.26
2026/08/07 14:37:38.100, 2, 0, 0, 132.48
2026/08/07 14:37:38.101, 3, 0, 0, 138.89
2026/08/07 14:37:38.103, 4, 71546, 100, 936.10
2026/08/07 14:37:38.104, 5, 72706, 100, 955.48
2026/08/07 14:37:38.105, 6, 72708, 100, 935.03
2026/08/07 14:37:38.107, 7, 72706, 100, 974.27
2026/08/07 14:37:38.608, 0, 0, 0, 134.61
2026/08/07 14:37:38.608, 1, 0, 0, 137.07
2026/08/07 14:37:38.608, 2, 0, 0, 132.48
2026/08/07 14:37:38.608, 3, 0, 0, 138.76
2026/08/07 14:37:38.608, 4, 71546, 100, 936.04
2026/08/07 14:37:38.608, 5, 72706, 100, 953.45
2026/08/07 14:37:38.608, 6, 72708, 100, 930.03
2026/08/07 14:37:38.608, 7, 72706, 100, 973.65
2026/08/07 14:37:39.108, 0, 0, 0, 134.42
2026/08/07 14:37:39.109, 1, 0, 0, 137.16
2026/08/07 14:37:39.109, 2, 0, 0, 132.59
2026/08/07 14:37:39.109, 3, 0, 0, 138.83
2026/08/07 14:37:39.109, 4, 71546, 100, 931.17
2026/08/07 14:37:39.109, 5, 72706, 100, 952.89
2026/08/07 14:37:39.109, 6, 72708, 100, 932.71
2026/08/07 14:37:39.109, 7, 72706, 100, 966.18
2026/08/07 14:37:39.609, 0, 0, 0, 134.42
2026/08/07 14:37:39.609, 1, 0, 0, 137.32
2026/08/07 14:37:39.609, 2, 0, 0, 132.59
2026/08/07 14:37:39.609, 3, 0, 0, 138.87
2026/08/07 14:37:39.609, 4, 71546, 100, 924.45
2026/08/07 14:37:39.609, 5, 72706, 100, 950.98
2026/08/07 14:37:39.609, 6, 72708, 100, 924.71
2026/08/07 14:37:39.609, 7, 72706, 100, 963.39
2026/08/07 14:37:40.109, 0, 0, 0, 134.42
2026/08/07 14:37:40.109, 1, 0, 0, 137.53
2026/08/07 14:37:40.109, 2, 0, 0, 132.48
2026/08/07 14:37:40.109, 3, 0, 0, 138.73
2026/08/07 14:37:40.109, 4, 71546, 100, 919.46
2026/08/07 14:37:40.109, 5, 72706, 100, 948.84
2026/08/07 14:37:40.109, 6, 72708, 100, 919.20
2026/08/07 14:37:40.109, 7, 72706, 100, 952.00
2026/08/07 14:37:40.609, 0, 0, 0, 134.42
2026/08/07 14:37:40.609, 1, 0, 0, 137.64
2026/08/07 14:37:40.609, 2, 0, 0, 132.48
2026/08/07 14:37:40.609, 3, 0, 0, 138.65
2026/08/07 14:37:40.609, 4, 71546, 100, 924.22
2026/08/07 14:37:40.609, 5, 72706, 100, 952.69
2026/08/07 14:37:40.609, 6, 72708, 100, 922.09
2026/08/07 14:37:40.609, 7, 72706, 100, 959.47
2026/08/07 14:37:41.109, 0, 0, 0, 134.42
2026/08/07 14:37:41.109, 1, 0, 0, 137.40
2026/08/07 14:37:41.109, 2, 0, 0, 132.48
2026/08/07 14:37:41.109, 3, 0, 0, 138.70
2026/08/07 14:37:41.109, 4, 71546, 100, 934.73
2026/08/07 14:37:41.110, 5, 72706, 100, 956.38
2026/08/07 14:37:41.110, 6, 72708, 100, 936.47
2026/08/07 14:37:41.110, 7, 72706, 100, 979.23
2026/08/07 14:37:41.610, 0, 0, 0, 134.42
2026/08/07 14:37:41.610, 1, 0, 0, 137.34
2026/08/07 14:37:41.611, 2, 0, 0, 132.48
2026/08/07 14:37:41.611, 3, 0, 0, 138.77
2026/08/07 14:37:41.612, 4, 71546, 100, 934.51
2026/08/07 14:37:41.612, 5, 72706, 100, 960.60
2026/08/07 14:37:41.612, 6, 72708, 100, 945.62
2026/08/07 14:37:41.613, 7, 72706, 100, 978.61
2026/08/07 14:37:42.113, 0, 0, 0, 134.46
2026/08/07 14:37:42.114, 1, 0, 0, 137.37
2026/08/07 14:37:42.114, 2, 0, 0, 132.47
2026/08/07 14:37:42.114, 3, 0, 0, 138.90
2026/08/07 14:37:42.114, 4, 71546, 100, 940.51
2026/08/07 14:37:42.114, 5, 72706, 100, 964.09
2026/08/07 14:37:42.114, 6, 72708, 100, 937.22
2026/08/07 14:37:42.114, 7, 72706, 100, 976.82
2026/08/07 14:37:42.614, 0, 0, 0, 134.50
2026/08/07 14:37:42.614, 1, 0, 0, 137.45
2026/08/07 14:37:42.614, 2, 0, 0, 132.48
2026/08/07 14:37:42.614, 3, 0, 0, 139.13
2026/08/07 14:37:42.614, 4, 71546, 100, 937.64
2026/08/07 14:37:42.614, 5, 72706, 100, 962.78
2026/08/07 14:37:42.614, 6, 72708, 100, 932.07
2026/08/07 14:37:42.614, 7, 72706, 100, 969.76
2026/08/07 14:37:43.114, 0, 0, 0, 134.62
2026/08/07 14:37:43.114, 1, 0, 0, 137.34
2026/08/07 14:37:43.114, 2, 0, 0, 132.48
2026/08/07 14:37:43.114, 3, 0, 0, 138.90
2026/08/07 14:37:43.114, 4, 71546, 100, 932.55
2026/08/07 14:37:43.114, 5, 72706, 100, 958.02
2026/08/07 14:37:43.114, 6, 72708, 100, 929.87
2026/08/07 14:37:43.114, 7, 72706, 100, 968.72
2026/08/07 14:37:43.614, 0, 0, 0, 134.58
2026/08/07 14:37:43.614, 1, 0, 0, 137.36
2026/08/07 14:37:43.614, 2, 0, 0, 132.48
2026/08/07 14:37:43.614, 3, 0, 0, 138.59
2026/08/07 14:37:43.614, 4, 71546, 100, 924.65
2026/08/07 14:37:43.614, 5, 72706, 100, 950.55
2026/08/07 14:37:43.614, 6, 72708, 100, 927.13
2026/08/07 14:37:43.614, 7, 72706, 100, 970.17
2026/08/07 14:37:44.114, 0, 0, 0, 134.42
2026/08/07 14:37:44.114, 1, 0, 0, 137.37
2026/08/07 14:37:44.114, 2, 0, 0, 132.59
2026/08/07 14:37:44.114, 3, 0, 0, 138.77
2026/08/07 14:37:44.114, 4, 71546, 99, 928.78
2026/08/07 14:37:44.114, 5, 72706, 99, 947.05
2026/08/07 14:37:44.114, 6, 72708, 100, 922.66
2026/08/07 14:37:44.114, 7, 72706, 99, 972.16
2026/08/07 14:37:44.615, 0, 0, 0, 134.46
2026/08/07 14:37:44.615, 1, 0, 0, 137.22
2026/08/07 14:37:44.615, 2, 0, 0, 132.59
2026/08/07 14:37:44.615, 3, 0, 0, 138.72
2026/08/07 14:37:44.615, 4, 71546, 100, 928.33
2026/08/07 14:37:44.615, 5, 72706, 100, 942.52
2026/08/07 14:37:44.615, 6, 72708, 100, 928.45
2026/08/07 14:37:44.615, 7, 72706, 100, 965.34
2026/08/07 14:37:45.115, 0, 0, 0, 134.46
2026/08/07 14:37:45.115, 1, 0, 0, 137.13
2026/08/07 14:37:45.115, 2, 0, 0, 132.47
2026/08/07 14:37:45.115, 3, 0, 0, 138.66
2026/08/07 14:37:45.115, 4, 71546, 100, 923.01
2026/08/07 14:37:45.115, 5, 72706, 100, 938.45
2026/08/07 14:37:45.115, 6, 72708, 100, 913.25
2026/08/07 14:37:45.115, 7, 72706, 100, 956.98
2026/08/07 14:37:45.615, 0, 0, 0, 134.42
2026/08/07 14:37:45.615, 1, 0, 0, 137.32
2026/08/07 14:37:45.615, 2, 0, 0, 132.48
2026/08/07 14:37:45.615, 3, 0, 0, 138.77
2026/08/07 14:37:45.615, 4, 71546, 100, 926.68
2026/08/07 14:37:45.615, 5, 72706, 100, 943.04
2026/08/07 14:37:45.615, 6, 72708, 100, 914.52
2026/08/07 14:37:45.615, 7, 72706, 100, 959.46
2026/08/07 14:37:46.115, 0, 0, 0, 134.42
2026/08/07 14:37:46.116, 1, 0, 0, 137.40
2026/08/07 14:37:46.118, 2, 0, 0, 132.48
2026/08/07 14:37:46.119, 3, 0, 0, 138.79
2026/08/07 14:37:46.121, 4, 71546, 100, 936.83
2026/08/07 14:37:46.122, 5, 72706, 100, 960.80
2026/08/07 14:37:46.123, 6, 72708, 100, 932.16
2026/08/07 14:37:46.125, 7, 72706, 100, 974.10
2026/08/07 14:37:46.627, 0, 0, 0, 134.42
2026/08/07 14:37:46.627, 1, 0, 0, 137.30
2026/08/07 14:37:46.627, 2, 0, 0, 132.47
2026/08/07 14:37:46.627, 3, 0, 0, 138.75
2026/08/07 14:37:46.627, 4, 71546, 100, 937.08
2026/08/07 14:37:46.627, 5, 72706, 100, 956.49
2026/08/07 14:37:46.627, 6, 72708, 100, 938.14
2026/08/07 14:37:46.627, 7, 72706, 100, 977.35
2026/08/07 14:37:47.127, 0, 0, 0, 134.42
2026/08/07 14:37:47.127, 1, 0, 0, 137.34
2026/08/07 14:37:47.127, 2, 0, 0, 132.48
2026/08/07 14:37:47.127, 3, 0, 0, 138.85
2026/08/07 14:37:47.127, 4, 71546, 100, 929.89
2026/08/07 14:37:47.127, 5, 72706, 100, 950.34
2026/08/07 14:37:47.127, 6, 72708, 100, 938.08
2026/08/07 14:37:47.127, 7, 72706, 100, 973.09
2026/08/07 14:37:47.627, 0, 0, 0, 134.42
2026/08/07 14:37:47.627, 1, 0, 0, 137.16
2026/08/07 14:37:47.627, 2, 0, 0, 132.48
2026/08/07 14:37:47.627, 3, 0, 0, 138.90
2026/08/07 14:37:47.627, 4, 71546, 100, 925.97
2026/08/07 14:37:47.627, 5, 72706, 100, 951.87
2026/08/07 14:37:47.627, 6, 72708, 100, 927.71
2026/08/07 14:37:47.627, 7, 72706, 100, 966.97
2026/08/07 14:37:48.127, 0, 0, 0, 134.61
2026/08/07 14:37:48.127, 1, 0, 0, 137.16
2026/08/07 14:37:48.127, 2, 0, 0, 132.48
2026/08/07 14:37:48.127, 3, 0, 0, 138.85
2026/08/07 14:37:48.127, 4, 71546, 100, 926.13
2026/08/07 14:37:48.127, 5, 72706, 100, 949.22
2026/08/07 14:37:48.127, 6, 72708, 100, 925.21
2026/08/07 14:37:48.127, 7, 72706, 100, 968.30
2026/08/07 14:37:48.627, 0, 0, 0, 134.62
2026/08/07 14:37:48.628, 1, 0, 0, 137.40
2026/08/07 14:37:48.629, 2, 0, 0, 132.48
2026/08/07 14:37:48.630, 3, 0, 0, 138.89
2026/08/07 14:37:48.630, 4, 71546, 100, 922.58
2026/08/07 14:37:48.630, 5, 72706, 100, 947.56
2026/08/07 14:37:48.630, 6, 72708, 100, 918.39
2026/08/07 14:37:48.630, 7, 72706, 100, 958.00
2026/08/07 14:37:49.130, 0, 0, 0, 134.50
2026/08/07 14:37:49.130, 1, 0, 0, 137.41
2026/08/07 14:37:49.130, 2, 0, 0, 132.59
2026/08/07 14:37:49.131, 3, 0, 0, 138.81
2026/08/07 14:37:49.131, 4, 71546, 100, 931.98
2026/08/07 14:37:49.131, 5, 72706, 100, 948.56
2026/08/07 14:37:49.131, 6, 72708, 100, 920.16
2026/08/07 14:37:49.131, 7, 72706, 100, 963.22
2026/08/07 14:37:49.631, 0, 0, 0, 134.58
2026/08/07 14:37:49.631, 1, 0, 0, 137.38
2026/08/07 14:37:49.631, 2, 0, 0, 132.59
2026/08/07 14:37:49.631, 3, 0, 0, 138.85
2026/08/07 14:37:49.631, 4, 71546, 100, 939.12
2026/08/07 14:37:49.631, 5, 72706, 100, 956.24
2026/08/07 14:37:49.631, 6, 72708, 100, 936.11
2026/08/07 14:37:49.631, 7, 72706, 100, 975.97
2026/08/07 14:37:50.131, 0, 0, 0, 134.54
2026/08/07 14:37:50.131, 1, 0, 0, 137.41
2026/08/07 14:37:50.131, 2, 0, 0, 132.47
2026/08/07 14:37:50.131, 3, 0, 0, 138.65
2026/08/07 14:37:50.131, 4, 71546, 100, 943.91
2026/08/07 14:37:50.131, 5, 72706, 100, 965.35
2026/08/07 14:37:50.131, 6, 72708, 100, 937.01
2026/08/07 14:37:50.131, 7, 72706, 100, 979.63
2026/08/07 14:37:50.631, 0, 0, 0, 134.50
2026/08/07 14:37:50.631, 1, 0, 0, 137.48
2026/08/07 14:37:50.631, 2, 0, 0, 132.48
2026/08/07 14:37:50.631, 3, 0, 0, 138.51
2026/08/07 14:37:50.631, 4, 71546, 100, 937.42
2026/08/07 14:37:50.631, 5, 72706, 100, 959.35
2026/08/07 14:37:50.631, 6, 72708, 100, 940.30
2026/08/07 14:37:50.631, 7, 72706, 100, 980.16
2026/08/07 14:37:51.131, 0, 0, 0, 134.46
2026/08/07 14:37:51.131, 1, 0, 0, 137.32
2026/08/07 14:37:51.131, 2, 0, 0, 132.48
2026/08/07 14:37:51.131, 3, 0, 0, 138.87
2026/08/07 14:37:51.131, 4, 71546, 100, 933.11
2026/08/07 14:37:51.131, 5, 72706, 100, 956.48
2026/08/07 14:37:51.131, 6, 72708, 100, 936.00
2026/08/07 14:37:51.131, 7, 72706, 100, 968.51
2026/08/07 14:37:51.631, 0, 0, 0, 134.42
2026/08/07 14:37:51.632, 1, 0, 0, 137.14
2026/08/07 14:37:51.632, 2, 0, 0, 132.48
2026/08/07 14:37:51.632, 3, 0, 0, 138.85
2026/08/07 14:37:51.632, 4, 71546, 100, 933.52
2026/08/07 14:37:51.632, 5, 72706, 100, 952.62
2026/08/07 14:37:51.632, 6, 72708, 100, 930.40
2026/08/07 14:37:51.632, 7, 72706, 100, 969.00
2026/08/07 14:37:52.132, 0, 0, 0, 134.42
2026/08/07 14:37:52.132, 1, 0, 0, 136.99
2026/08/07 14:37:52.132, 2, 0, 0, 132.48
2026/08/07 14:37:52.132, 3, 0, 0, 138.65
2026/08/07 14:37:52.132, 4, 71546, 100, 930.79
2026/08/07 14:37:52.132, 5, 72706, 100, 954.07
2026/08/07 14:37:52.132, 6, 72708, 100, 930.09
2026/08/07 14:37:52.132, 7, 72706, 100, 972.22
2026/08/07 14:37:52.632, 0, 0, 0, 134.42
2026/08/07 14:37:52.632, 1, 0, 0, 136.89
2026/08/07 14:37:52.632, 2, 0, 0, 132.48
2026/08/07 14:37:52.632, 3, 0, 0, 138.77
2026/08/07 14:37:52.632, 4, 71546, 99, 926.00
2026/08/07 14:37:52.632, 5, 72706, 99, 951.66
2026/08/07 14:37:52.632, 6, 72708, 100, 927.30
2026/08/07 14:37:52.632, 7, 72706, 99, 973.78
2026/08/07 14:37:53.132, 0, 0, 0, 134.62
2026/08/07 14:37:53.132, 1, 0, 0, 137.07
2026/08/07 14:37:53.132, 2, 0, 0, 132.48
2026/08/07 14:37:53.132, 3, 0, 0, 138.91
2026/08/07 14:37:53.132, 4, 71546, 100, 922.81
2026/08/07 14:37:53.132, 5, 72706, 100, 948.09
2026/08/07 14:37:53.132, 6, 72708, 100, 919.74
2026/08/07 14:37:53.132, 7, 72706, 100, 962.46
2026/08/07 14:37:53.632, 0, 0, 0, 134.69
2026/08/07 14:37:53.632, 1, 0, 0, 137.38
2026/08/07 14:37:53.632, 2, 0, 0, 132.48
2026/08/07 14:37:53.632, 3, 0, 0, 138.82
2026/08/07 14:37:53.632, 4, 71546, 100, 935.88
2026/08/07 14:37:53.632, 5, 72706, 100, 954.70
2026/08/07 14:37:53.632, 6, 72708, 100, 922.29
2026/08/07 14:37:53.632, 7, 72706, 100, 969.34
2026/08/07 14:37:54.133, 0, 0, 0, 134.50
2026/08/07 14:37:54.133, 1, 0, 0, 137.36
2026/08/07 14:37:54.133, 2, 0, 0, 132.59
2026/08/07 14:37:54.133, 3, 0, 0, 138.67
2026/08/07 14:37:54.133, 4, 71546, 100, 937.55
2026/08/07 14:37:54.133, 5, 72706, 100, 959.69
2026/08/07 14:37:54.133, 6, 72708, 100, 937.13
2026/08/07 14:37:54.133, 7, 72706, 100, 977.85
2026/08/07 14:37:54.633, 0, 0, 0, 134.42
2026/08/07 14:37:54.633, 1, 0, 0, 137.24
2026/08/07 14:37:54.633, 2, 0, 0, 132.59
2026/08/07 14:37:54.633, 3, 0, 0, 138.77
2026/08/07 14:37:54.633, 4, 71546, 100, 935.31
2026/08/07 14:37:54.633, 5, 72706, 100, 963.35
2026/08/07 14:37:54.633, 6, 72708, 100, 942.22
2026/08/07 14:37:54.633, 7, 72706, 100, 974.42
2026/08/07 14:37:55.133, 0, 0, 0, 134.42
2026/08/07 14:37:55.133, 1, 0, 0, 137.22
2026/08/07 14:37:55.133, 2, 0, 0, 132.48
2026/08/07 14:37:55.133, 3, 0, 0, 138.73
2026/08/07 14:37:55.133, 4, 71546, 100, 936.97
2026/08/07 14:37:55.133, 5, 72706, 100, 966.37
2026/08/07 14:37:55.133, 6, 72708, 100, 937.43
2026/08/07 14:37:55.133, 7, 72706, 100, 971.26
2026/08/07 14:37:55.633, 0, 0, 0, 134.50
2026/08/07 14:37:55.633, 1, 0, 0, 137.26
2026/08/07 14:37:55.633, 2, 0, 0, 132.48
2026/08/07 14:37:55.633, 3, 0, 0, 138.69
2026/08/07 14:37:55.633, 4, 71546, 100, 940.27
2026/08/07 14:37:55.633, 5, 72706, 100, 956.64
2026/08/07 14:37:55.633, 6, 72708, 100, 927.63
2026/08/07 14:37:55.633, 7, 72706, 100, 969.56
2026/08/07 14:37:56.133, 0, 0, 0, 134.61
2026/08/07 14:37:56.133, 1, 0, 0, 137.48
2026/08/07 14:37:56.133, 2, 0, 0, 132.51
2026/08/07 14:37:56.133, 3, 0, 0, 138.79
2026/08/07 14:37:56.133, 4, 71546, 100, 931.41
2026/08/07 14:37:56.133, 5, 72706, 100, 948.61
2026/08/07 14:37:56.134, 6, 72708, 100, 930.91
2026/08/07 14:37:56.134, 7, 72706, 100, 968.25
2026/08/07 14:37:56.634, 0, 0, 0, 134.62
2026/08/07 14:37:56.634, 1, 0, 0, 137.41
2026/08/07 14:37:56.634, 2, 0, 0, 132.51
2026/08/07 14:37:56.634, 3, 0, 0, 138.73
2026/08/07 14:37:56.634, 4, 71546, 100, 924.98
2026/08/07 14:37:56.634, 5, 72706, 100, 949.15
2026/08/07 14:37:56.634, 6, 72708, 100, 928.26
2026/08/07 14:37:56.634, 7, 72706, 100, 964.70
2026/08/07 14:37:57.134, 0, 0, 0, 134.54
2026/08/07 14:37:57.134, 1, 0, 0, 137.41
2026/08/07 14:37:57.134, 2, 0, 0, 132.48
2026/08/07 14:37:57.134, 3, 0, 0, 138.72
2026/08/07 14:37:57.134, 4, 71546, 100, 925.79
2026/08/07 14:37:57.134, 5, 72706, 100, 940.62
2026/08/07 14:37:57.134, 6, 72708, 99, 921.21
2026/08/07 14:37:57.134, 7, 72706, 100, 960.96
2026/08/07 14:37:57.634, 0, 0, 0, 134.50
2026/08/07 14:37:57.634, 1, 0, 0, 137.32
2026/08/07 14:37:57.634, 2, 0, 0, 132.48
2026/08/07 14:37:57.634, 3, 0, 0, 139.01
2026/08/07 14:37:57.634, 4, 71546, 100, 928.75
2026/08/07 14:37:57.634, 5, 72706, 100, 944.55
2026/08/07 14:37:57.634, 6, 72708, 100, 923.91
2026/08/07 14:37:57.634, 7, 72706, 100, 964.47
2026/08/07 14:37:58.134, 0, 0, 0, 134.62
2026/08/07 14:37:58.136, 1, 0, 0, 137.17
2026/08/07 14:37:58.137, 2, 0, 0, 132.48
2026/08/07 14:37:58.139, 3, 0, 0, 138.95
2026/08/07 14:37:58.140, 4, 71546, 100, 940.07
2026/08/07 14:37:58.141, 5, 72706, 100, 956.80
2026/08/07 14:37:58.142, 6, 72708, 100, 929.24
2026/08/07 14:37:58.144, 7, 72706, 100, 978.16
2026/08/07 14:37:58.645, 0, 0, 0, 134.57
2026/08/07 14:37:58.645, 1, 0, 0, 137.22
2026/08/07 14:37:58.645, 2, 0, 0, 132.48
2026/08/07 14:37:58.645, 3, 0, 0, 138.69
2026/08/07 14:37:58.645, 4, 71546, 100, 940.58
2026/08/07 14:37:58.645, 5, 72706, 100, 961.65
2026/08/07 14:37:58.645, 6, 72708, 100, 937.96
2026/08/07 14:37:58.645, 7, 72706, 100, 981.49
2026/08/07 14:37:59.145, 0, 0, 0, 134.42
2026/08/07 14:37:59.145, 1, 0, 0, 137.30
2026/08/07 14:37:59.145, 2, 0, 0, 132.59
2026/08/07 14:37:59.145, 3, 0, 0, 138.73
2026/08/07 14:37:59.145, 4, 71546, 100, 938.96
2026/08/07 14:37:59.145, 5, 72706, 100, 964.00
2026/08/07 14:37:59.145, 6, 72708, 100, 938.87
2026/08/07 14:37:59.145, 7, 72706, 100, 980.94
2026/08/07 14:37:59.645, 0, 0, 0, 134.46
2026/08/07 14:37:59.645, 1, 0, 0, 137.24
2026/08/07 14:37:59.645, 2, 0, 0, 132.59
2026/08/07 14:37:59.646, 3, 0, 0, 138.67
2026/08/07 14:37:59.646, 4, 71546, 100, 931.41
2026/08/07 14:37:59.646, 5, 72706, 100, 957.24
2026/08/07 14:37:59.646, 6, 72708, 100, 932.86
2026/08/07 14:37:59.646, 7, 72706, 100, 978.40
2026/08/07 14:38:00.146, 0, 0, 0, 134.50
2026/08/07 14:38:00.146, 1, 0, 0, 137.09
2026/08/07 14:38:00.146, 2, 0, 0, 132.47
2026/08/07 14:38:00.146, 3, 0, 0, 138.84
2026/08/07 14:38:00.146, 4, 71546, 100, 927.80
2026/08/07 14:38:00.146, 5, 72706, 100, 955.52
2026/08/07 14:38:00.146, 6, 72708, 100, 927.03
2026/08/07 14:38:00.146, 7, 72706, 100, 969.61
2026/08/07 14:38:00.646, 0, 0, 0, 134.54
2026/08/07 14:38:00.646, 1, 0, 0, 137.45
2026/08/07 14:38:00.646, 2, 0, 0, 132.48
2026/08/07 14:38:00.646, 3, 0, 0, 139.02
2026/08/07 14:38:00.646, 4, 71546, 100, 933.41
2026/08/07 14:38:00.646, 5, 72706, 100, 948.08
2026/08/07 14:38:00.646, 6, 72708, 100, 927.79
2026/08/07 14:38:00.646, 7, 72706, 100, 970.03
2026/08/07 14:38:01.146, 0, 0, 0, 134.54
2026/08/07 14:38:01.146, 1, 0, 0, 137.60
2026/08/07 14:38:01.146, 2, 0, 0, 132.48
2026/08/07 14:38:01.146, 3, 0, 0, 138.97
2026/08/07 14:38:01.146, 4, 71546, 100, 929.36
2026/08/07 14:38:01.146, 5, 72706, 100, 945.82
2026/08/07 14:38:01.146, 6, 72708, 100, 925.73
2026/08/07 14:38:01.146, 7, 72706, 100, 959.48
2026/08/07 14:38:01.646, 0, 0, 0, 134.46
2026/08/07 14:38:01.646, 1, 0, 0, 137.32
2026/08/07 14:38:01.646, 2, 0, 0, 132.47
2026/08/07 14:38:01.646, 3, 0, 0, 138.80
2026/08/07 14:38:01.646, 4, 71546, 100, 928.18
2026/08/07 14:38:01.646, 5, 72706, 100, 945.49
2026/08/07 14:38:01.646, 6, 72708, 100, 917.15
2026/08/07 14:38:01.646, 7, 72706, 100, 949.73
2026/08/07 14:38:02.146, 0, 0, 0, 134.46
2026/08/07 14:38:02.146, 1, 0, 0, 137.34
2026/08/07 14:38:02.147, 2, 0, 0, 132.47
2026/08/07 14:38:02.147, 3, 0, 0, 138.62
2026/08/07 14:38:02.147, 4, 71546, 100, 929.47
2026/08/07 14:38:02.147, 5, 72706, 100, 951.73
2026/08/07 14:38:02.147, 6, 72708, 100, 923.69
2026/08/07 14:38:02.147, 7, 72706, 100, 959.71
2026/08/07 14:38:02.647, 0, 0, 0, 134.46
2026/08/07 14:38:02.647, 1, 0, 0, 137.28
2026/08/07 14:38:02.647, 2, 0, 0, 132.48
2026/08/07 14:38:02.647, 3, 0, 0, 139.01
2026/08/07 14:38:02.647, 4, 71546, 100, 939.88
2026/08/07 14:38:02.647, 5, 72706, 100, 961.14
2026/08/07 14:38:02.647, 6, 72708, 100, 935.30
2026/08/07 14:38:02.647, 7, 72706, 100, 969.29
2026/08/07 14:38:03.147, 0, 0, 0, 134.58
2026/08/07 14:38:03.147, 1, 0, 0, 137.38
2026/08/07 14:38:03.147, 2, 0, 0, 132.47
2026/08/07 14:38:03.147, 3, 0, 0, 139.09
2026/08/07 14:38:03.147, 4, 71546, 100, 941.87
2026/08/07 14:38:03.147, 5, 72706, 100, 961.13
2026/08/07 14:38:03.147, 6, 72708, 100, 943.22
2026/08/07 14:38:03.147, 7, 72706, 100, 977.07
2026/08/07 14:38:03.647, 0, 0, 0, 134.58
2026/08/07 14:38:03.647, 1, 0, 0, 137.38
2026/08/07 14:38:03.647, 2, 0, 0, 132.48
2026/08/07 14:38:03.647, 3, 0, 0, 138.76
2026/08/07 14:38:03.647, 4, 71546, 100, 933.95
2026/08/07 14:38:03.647, 5, 72706, 100, 961.63
2026/08/07 14:38:03.647, 6, 72708, 100, 940.77
2026/08/07 14:38:03.647, 7, 72706, 100, 974.36
2026/08/07 14:38:04.147, 0, 0, 0, 134.42
2026/08/07 14:38:04.147, 1, 0, 0, 137.21
2026/08/07 14:38:04.147, 2, 0, 0, 132.59
2026/08/07 14:38:04.147, 3, 0, 0, 138.78
2026/08/07 14:38:04.147, 4, 71546, 100, 927.18
2026/08/07 14:38:04.147, 5, 72706, 100, 957.75
2026/08/07 14:38:04.147, 6, 72708, 100, 938.54
2026/08/07 14:38:04.147, 7, 72706, 100, 973.39
2026/08/07 14:38:04.648, 0, 0, 0, 134.50
2026/08/07 14:38:04.648, 1, 0, 0, 137.28
2026/08/07 14:38:04.648, 2, 0, 0, 132.59
2026/08/07 14:38:04.648, 3, 0, 0, 138.80
2026/08/07 14:38:04.648, 4, 71546, 100, 928.49
2026/08/07 14:38:04.648, 5, 72706, 100, 955.51
2026/08/07 14:38:04.648, 6, 72708, 100, 926.34
2026/08/07 14:38:04.648, 7, 72706, 100, 971.57
2026/08/07 14:38:05.148, 0, 0, 0, 134.54
2026/08/07 14:38:05.148, 1, 0, 0, 137.34
2026/08/07 14:38:05.148, 2, 0, 0, 132.48
2026/08/07 14:38:05.148, 3, 0, 0, 138.79
2026/08/07 14:38:05.148, 4, 71546, 100, 931.76
2026/08/07 14:38:05.148, 5, 72706, 100, 949.33
2026/08/07 14:38:05.148, 6, 72708, 100, 916.67
2026/08/07 14:38:05.148, 7, 72706, 100, 965.59
2026/08/07 14:38:05.648, 0, 0, 0, 134.54
2026/08/07 14:38:05.648, 1, 0, 0, 137.45
2026/08/07 14:38:05.648, 2, 0, 0, 132.48
2026/08/07 14:38:05.648, 3, 0, 0, 138.71
2026/08/07 14:38:05.648, 4, 71546, 100, 925.70
2026/08/07 14:38:05.648, 5, 72706, 100, 942.60
2026/08/07 14:38:05.648, 6, 72708, 99, 916.91
2026/08/07 14:38:05.648, 7, 72706, 100, 964.07
2026/08/07 14:38:06.149, 0, 0, 0, 134.58
2026/08/07 14:38:06.149, 1, 0, 0, 137.40
2026/08/07 14:38:06.149, 2, 0, 0, 132.48
2026/08/07 14:38:06.149, 3, 0, 0, 138.67
2026/08/07 14:38:06.149, 4, 71546, 100, 928.07
2026/08/07 14:38:06.149, 5, 72706, 100, 949.45
2026/08/07 14:38:06.149, 6, 72708, 100, 918.05
2026/08/07 14:38:06.149, 7, 72706, 100, 962.95
2026/08/07 14:38:06.649, 0, 0, 0, 134.46
2026/08/07 14:38:06.649, 1, 0, 0, 137.09
2026/08/07 14:38:06.649, 2, 0, 0, 132.48
2026/08/07 14:38:06.649, 3, 0, 0, 138.71
2026/08/07 14:38:06.649, 4, 71546, 100, 932.16
2026/08/07 14:38:06.649, 5, 72706, 100, 960.26
2026/08/07 14:38:06.649, 6, 72708, 100, 926.51
2026/08/07 14:38:06.649, 7, 72706, 100, 971.81
2026/08/07 14:38:07.149, 0, 0, 0, 134.46
2026/08/07 14:38:07.149, 1, 0, 0, 137.07
2026/08/07 14:38:07.149, 2, 0, 0, 132.48
2026/08/07 14:38:07.149, 3, 0, 0, 138.72
2026/08/07 14:38:07.149, 4, 71546, 100, 935.90
2026/08/07 14:38:07.149, 5, 72706, 100, 966.79
2026/08/07 14:38:07.149, 6, 72708, 100, 928.72
2026/08/07 14:38:07.149, 7, 72706, 100, 970.04
2026/08/07 14:38:07.649, 0, 0, 0, 134.50
2026/08/07 14:38:07.650, 1, 0, 0, 137.34
2026/08/07 14:38:07.650, 2, 0, 0, 132.48
2026/08/07 14:38:07.651, 3, 0, 0, 139.07
2026/08/07 14:38:07.652, 4, 71546, 100, 940.96
2026/08/07 14:38:07.653, 5, 72706, 100, 962.73
2026/08/07 14:38:07.653, 6, 72708, 100, 927.72
2026/08/07 14:38:07.654, 7, 72706, 100, 972.39
2026/08/07 14:38:08.154, 0, 0, 0, 134.61
2026/08/07 14:38:08.155, 1, 0, 0, 137.49
2026/08/07 14:38:08.155, 2, 0, 0, 132.48
2026/08/07 14:38:08.155, 3, 0, 0, 138.92
2026/08/07 14:38:08.155, 4, 71546, 100, 935.00
2026/08/07 14:38:08.155, 5, 72706, 100, 952.51
2026/08/07 14:38:08.155, 6, 72708, 100, 930.89
2026/08/07 14:38:08.155, 7, 72706, 100, 968.60
2026/08/07 14:38:08.655, 0, 0, 0, 134.62
2026/08/07 14:38:08.655, 1, 0, 0, 137.55
2026/08/07 14:38:08.655, 2, 0, 0, 132.48
2026/08/07 14:38:08.656, 3, 0, 0, 138.83
2026/08/07 14:38:08.656, 4, 71546, 100, 932.72
2026/08/07 14:38:08.656, 5, 72706, 100, 956.82
2026/08/07 14:38:08.656, 6, 72708, 100, 928.32
2026/08/07 14:38:08.656, 7, 72706, 100, 962.11
2026/08/07 14:38:09.156, 0, 0, 0, 134.46
2026/08/07 14:38:09.156, 1, 0, 0, 137.28
2026/08/07 14:38:09.156, 2, 0, 0, 132.59
2026/08/07 14:38:09.156, 3, 0, 0, 138.82
2026/08/07 14:38:09.156, 4, 71546, 100, 931.47
2026/08/07 14:38:09.156, 5, 72706, 100, 953.26
2026/08/07 14:38:09.156, 6, 72708, 100, 930.19
2026/08/07 14:38:09.156, 7, 72706, 100, 968.49
2026/08/07 14:38:09.656, 0, 0, 0, 134.42
2026/08/07 14:38:09.656, 1, 0, 0, 137.11
2026/08/07 14:38:09.656, 2, 0, 0, 132.59
2026/08/07 14:38:09.656, 3, 0, 0, 138.81
2026/08/07 14:38:09.656, 4, 71546, 100, 925.56
2026/08/07 14:38:09.656, 5, 72706, 100, 951.73
2026/08/07 14:38:09.656, 6, 72708, 100, 926.56
2026/08/07 14:38:09.656, 7, 72706, 100, 967.63
2026/08/07 14:38:10.156, 0, 0, 0, 134.46
2026/08/07 14:38:10.156, 1, 0, 0, 137.22
2026/08/07 14:38:10.156, 2, 0, 0, 132.48
2026/08/07 14:38:10.156, 3, 0, 0, 138.84
2026/08/07 14:38:10.156, 4, 71546, 100, 918.48
2026/08/07 14:38:10.156, 5, 72706, 100, 941.39
2026/08/07 14:38:10.156, 6, 72708, 100, 919.19
2026/08/07 14:38:10.156, 7, 72706, 100, 962.59
2026/08/07 14:38:10.656, 0, 0, 0, 134.46
2026/08/07 14:38:10.656, 1, 0, 0, 137.53
2026/08/07 14:38:10.656, 2, 0, 0, 132.48
2026/08/07 14:38:10.656, 3, 0, 0, 138.83
2026/08/07 14:38:10.656, 4, 71546, 100, 919.78
2026/08/07 14:38:10.656, 5, 72706, 100, 947.22
2026/08/07 14:38:10.656, 6, 72708, 100, 918.07
2026/08/07 14:38:10.656, 7, 72706, 100, 959.08
2026/08/07 14:38:11.156, 0, 0, 0, 134.46
2026/08/07 14:38:11.156, 1, 0, 0, 137.40
2026/08/07 14:38:11.156, 2, 0, 0, 132.48
2026/08/07 14:38:11.157, 3, 0, 0, 138.72
2026/08/07 14:38:11.157, 4, 71546, 100, 935.61
2026/08/07 14:38:11.157, 5, 72706, 100, 962.04
2026/08/07 14:38:11.157, 6, 72708, 100, 929.93
2026/08/07 14:38:11.157, 7, 72706, 100, 969.89
2026/08/07 14:38:11.657, 0, 0, 0, 134.46
2026/08/07 14:38:11.657, 1, 0, 0, 137.13
2026/08/07 14:38:11.657, 2, 0, 0, 132.48
2026/08/07 14:38:11.657, 3, 0, 0, 138.65
2026/08/07 14:38:11.657, 4, 71546, 100, 941.07
2026/08/07 14:38:11.657, 5, 72706, 100, 961.06
2026/08/07 14:38:11.657, 6, 72708, 100, 940.63
2026/08/07 14:38:11.657, 7, 72706, 100, 976.03
2026/08/07 14:38:12.157, 0, 0, 0, 134.42
2026/08/07 14:38:12.159, 1, 0, 0, 137.28
2026/08/07 14:38:12.160, 2, 0, 0, 132.48
2026/08/07 14:38:12.162, 3, 0, 0, 138.69
2026/08/07 14:38:12.163, 4, 71546, 100, 943.29
2026/08/07 14:38:12.164, 5, 72706, 100, 965.09
2026/08/07 14:38:12.165, 6, 72708, 100, 936.64
2026/08/07 14:38:12.167, 7, 72706, 100, 973.50
2026/08/07 14:38:12.668, 0, 0, 0, 134.50
2026/08/07 14:38:12.668, 1, 0, 0, 137.41
2026/08/07 14:38:12.668, 2, 0, 0, 132.48
2026/08/07 14:38:12.668, 3, 0, 0, 138.95
2026/08/07 14:38:12.668, 4, 71546, 100, 932.35
2026/08/07 14:38:12.668, 5, 72706, 100, 958.04
2026/08/07 14:38:12.668, 6, 72708, 100, 930.75
2026/08/07 14:38:12.668, 7, 72706, 100, 970.72
2026/08/07 14:38:13.168, 0, 0, 0, 134.69
2026/08/07 14:38:13.168, 1, 0, 0, 137.63
2026/08/07 14:38:13.168, 2, 0, 0, 132.48
2026/08/07 14:38:13.168, 3, 0, 0, 139.11
2026/08/07 14:38:13.168, 4, 71546, 100, 923.62
2026/08/07 14:38:13.168, 5, 72706, 100, 957.51
2026/08/07 14:38:13.168, 6, 72708, 100, 920.74
2026/08/07 14:38:13.168, 7, 72706, 100, 962.64
2026/08/07 14:38:13.668, 0, 0, 0, 134.69
2026/08/07 14:38:13.668, 1, 0, 0, 137.49
2026/08/07 14:38:13.668, 2, 0, 0, 132.47
2026/08/07 14:38:13.668, 3, 0, 0, 138.88
2026/08/07 14:38:13.668, 4, 71546, 100, 931.05
2026/08/07 14:38:13.668, 5, 72706, 100, 952.00
2026/08/07 14:38:13.668, 6, 72708, 100, 918.85
2026/08/07 14:38:13.668, 7, 72706, 100, 961.86
2026/08/07 14:38:14.168, 0, 0, 0, 134.54
2026/08/07 14:38:14.168, 1, 0, 0, 137.20
2026/08/07 14:38:14.168, 2, 0, 0, 132.59
2026/08/07 14:38:14.169, 3, 0, 0, 138.85
2026/08/07 14:38:14.169, 4, 71546, 100, 928.08
2026/08/07 14:38:14.169, 5, 72706, 100, 944.81
2026/08/07 14:38:14.169, 6, 72708, 100, 922.61
2026/08/07 14:38:14.169, 7, 72706, 99, 960.88
2026/08/07 14:38:14.669, 0, 0, 0, 134.46
2026/08/07 14:38:14.669, 1, 0, 0, 137.32
2026/08/07 14:38:14.669, 2, 0, 0, 132.59
2026/08/07 14:38:14.669, 3, 0, 0, 138.93
2026/08/07 14:38:14.669, 4, 71546, 100, 929.93
2026/08/07 14:38:14.669, 5, 72706, 100, 947.07
2026/08/07 14:38:14.669, 6, 72708, 100, 917.31
2026/08/07 14:38:14.669, 7, 72706, 100, 957.90
2026/08/07 14:38:15.169, 0, 0, 0, 134.54
2026/08/07 14:38:15.169, 1, 0, 0, 137.49
2026/08/07 14:38:15.169, 2, 0, 0, 132.48
2026/08/07 14:38:15.169, 3, 0, 0, 138.91
2026/08/07 14:38:15.169, 4, 71546, 100, 930.00
2026/08/07 14:38:15.169, 5, 72706, 100, 952.66
2026/08/07 14:38:15.169, 6, 72708, 100, 923.66
2026/08/07 14:38:15.169, 7, 72706, 100, 971.09
2026/08/07 14:38:15.670, 0, 0, 0, 134.54
2026/08/07 14:38:15.670, 1, 0, 0, 137.68
2026/08/07 14:38:15.670, 2, 0, 0, 132.48
2026/08/07 14:38:15.670, 3, 0, 0, 138.70
2026/08/07 14:38:15.670, 4, 71546, 100, 934.66
2026/08/07 14:38:15.670, 5, 72706, 100, 959.09
2026/08/07 14:38:15.670, 6, 72708, 100, 930.96
2026/08/07 14:38:15.670, 7, 72706, 100, 972.25
2026/08/07 14:38:16.170, 0, 0, 0, 134.54
2026/08/07 14:38:16.170, 1, 0, 0, 137.48
2026/08/07 14:38:16.170, 2, 0, 0, 132.48
2026/08/07 14:38:16.170, 3, 0, 0, 138.63
2026/08/07 14:38:16.170, 4, 71546, 100, 939.30
2026/08/07 14:38:16.170, 5, 72706, 100, 958.02
2026/08/07 14:38:16.170, 6, 72708, 100, 937.50
2026/08/07 14:38:16.170, 7, 72706, 100, 975.39
2026/08/07 14:38:16.670, 0, 0, 0, 134.54
2026/08/07 14:38:16.670, 1, 0, 0, 137.32
2026/08/07 14:38:16.670, 2, 0, 0, 132.47
2026/08/07 14:38:16.670, 3, 0, 0, 138.62
2026/08/07 14:38:16.670, 4, 71546, 100, 934.86
2026/08/07 14:38:16.670, 5, 72706, 100, 959.11
2026/08/07 14:38:16.670, 6, 72708, 100, 937.41
2026/08/07 14:38:16.670, 7, 72706, 100, 974.10
2026/08/07 14:38:17.170, 0, 0, 0, 134.50
2026/08/07 14:38:17.171, 1, 0, 0, 137.38
2026/08/07 14:38:17.171, 2, 0, 0, 132.47
2026/08/07 14:38:17.171, 3, 0, 0, 138.64
2026/08/07 14:38:17.171, 4, 71546, 100, 931.63
2026/08/07 14:38:17.171, 5, 72706, 100, 954.44
2026/08/07 14:38:17.171, 6, 72708, 100, 934.50
2026/08/07 14:38:17.171, 7, 72706, 100, 973.83
2026/08/07 14:38:17.671, 0, 0, 0, 134.54
2026/08/07 14:38:17.671, 1, 0, 0, 137.44
2026/08/07 14:38:17.671, 2, 0, 0, 132.48
2026/08/07 14:38:17.671, 3, 0, 0, 138.95
2026/08/07 14:38:17.671, 4, 71546, 100, 927.86
2026/08/07 14:38:17.671, 5, 72706, 100, 954.34
2026/08/07 14:38:17.671, 6, 72708, 100, 933.17
2026/08/07 14:38:17.671, 7, 72706, 100, 971.39
2026/08/07 14:38:18.172, 0, 0, 0, 134.65
2026/08/07 14:38:18.172, 1, 0, 0, 137.51
2026/08/07 14:38:18.172, 2, 0, 0, 132.47
2026/08/07 14:38:18.172, 3, 0, 0, 138.88
2026/08/07 14:38:18.172, 4, 71546, 100, 928.28
2026/08/07 14:38:18.172, 5, 72706, 100, 951.78
2026/08/07 14:38:18.172, 6, 72708, 100, 920.28
2026/08/07 14:38:18.172, 7, 72706, 100, 962.50
2026/08/07 14:38:18.672, 0, 0, 0, 134.62
2026/08/07 14:38:18.672, 1, 0, 0, 137.53
2026/08/07 14:38:18.672, 2, 0, 0, 132.48
2026/08/07 14:38:18.672, 3, 0, 0, 138.73
2026/08/07 14:38:18.672, 4, 71546, 100, 886.26
2026/08/07 14:38:18.672, 5, 72706, 100, 908.25
2026/08/07 14:38:18.672, 6, 72708, 100, 887.41
2026/08/07 14:38:18.672, 7, 72706, 100, 920.60
2026/08/07 14:38:19.172, 0, 0, 0, 134.42
2026/08/07 14:38:19.172, 1, 0, 0, 137.34
2026/08/07 14:38:19.172, 2, 0, 0, 132.63
2026/08/07 14:38:19.172, 3, 0, 0, 138.71
2026/08/07 14:38:19.172, 4, 71546, 100, 833.72
2026/08/07 14:38:19.172, 5, 72706, 100, 854.50
2026/08/07 14:38:19.172, 6, 72708, 100, 836.69
2026/08/07 14:38:19.172, 7, 72706, 100, 860.95
2026/08/07 14:38:19.673, 0, 0, 0, 134.46
2026/08/07 14:38:19.673, 1, 0, 0, 137.24
2026/08/07 14:38:19.673, 2, 0, 0, 132.63
2026/08/07 14:38:19.673, 3, 0, 0, 138.68
2026/08/07 14:38:19.673, 4, 71546, 99, 802.02
2026/08/07 14:38:19.673, 5, 72706, 99, 817.48
2026/08/07 14:38:19.673, 6, 72708, 100, 797.49
2026/08/07 14:38:19.673, 7, 72706, 100, 802.25
2026/08/07 14:38:20.174, 0, 0, 0, 134.46
2026/08/07 14:38:20.175, 1, 0, 0, 137.20
2026/08/07 14:38:20.175, 2, 0, 0, 132.47
2026/08/07 14:38:20.175, 3, 0, 0, 138.68
2026/08/07 14:38:20.175, 4, 71546, 0, 496.26
2026/08/07 14:38:20.175, 5, 72706, 0, 504.81
2026/08/07 14:38:20.175, 6, 72708, 0, 491.59
2026/08/07 14:38:20.175, 7, 72706, 0, 495.40
2026/08/07 14:38:20.675, 0, 0, 0, 134.42
2026/08/07 14:38:20.675, 1, 0, 0, 137.28
2026/08/07 14:38:20.675, 2, 0, 0, 132.48
2026/08/07 14:38:20.675, 3, 0, 0, 138.60
2026/08/07 14:38:20.675, 4, 71546, 0, 207.43
2026/08/07 14:38:20.675, 5, 72706, 0, 209.38
2026/08/07 14:38:20.675, 6, 72708, 0, 203.80
2026/08/07 14:38:20.675, 7, 72706, 0, 208.14
2026/08/07 14:38:21.175, 0, 0, 0, 134.42
2026/08/07 14:38:21.175, 1, 0, 0, 137.26
2026/08/07 14:38:21.175, 2, 0, 0, 132.48
2026/08/07 14:38:21.175, 3, 0, 0, 138.57
2026/08/07 14:38:21.175, 4, 71546, 0, 199.95
2026/08/07 14:38:21.175, 5, 72706, 0, 203.15
2026/08/07 14:38:21.175, 6, 72708, 0, 200.21
2026/08/07 14:38:21.175, 7, 72706, 0, 206.11
2026/08/07 14:38:21.675, 0, 0, 0, 134.42
2026/08/07 14:38:21.675, 1, 0, 0, 136.99
2026/08/07 14:38:21.675, 2, 0, 0, 132.48
2026/08/07 14:38:21.675, 3, 0, 0, 138.52
2026/08/07 14:38:21.675, 4, 71546, 0, 199.56
2026/08/07 14:38:21.675, 5, 72706, 0, 202.29
2026/08/07 14:38:21.675, 6, 72708, 0, 199.71
2026/08/07 14:38:21.675, 7, 72706, 0, 205.69
2026/08/07 14:38:22.176, 0, 0, 0, 134.42
2026/08/07 14:38:22.176, 1, 0, 0, 137.17
2026/08/07 14:38:22.176, 2, 0, 0, 132.48
2026/08/07 14:38:22.176, 3, 0, 0, 138.71
2026/08/07 14:38:22.176, 4, 71546, 0, 199.02
2026/08/07 14:38:22.176, 5, 72706, 0, 201.79
2026/08/07 14:38:22.176, 6, 72708, 0, 199.30
2026/08/07 14:38:22.176, 7, 72706, 0, 205.68
