2026/08/07 12:41:23.991, 0, 104118, 0, 198.28
2026/08/07 12:41:24.002, 1, 104114, 0, 201.25
2026/08/07 12:41:24.009, 2, 104114, 0, 194.23
2026/08/07 12:41:24.014, 3, 104114, 0, 205.69
2026/08/07 12:41:24.019, 4, 8318, 1, 195.59
2026/08/07 12:41:24.024, 5, 8216, 0, 194.32
2026/08/07 12:41:24.029, 6, 0, 0, 131.86
2026/08/07 12:41:24.038, 7, 0, 0, 132.51
2026/08/07 12:41:24.547, 0, 104118, 0, 198.24
2026/08/07 12:41:24.548, 1, 104114, 100, 201.29
2026/08/07 12:41:24.548, 2, 104114, 100, 194.23
2026/08/07 12:41:24.548, 3, 104114, 100, 205.97
2026/08/07 12:41:24.548, 4, 8318, 0, 195.51
2026/08/07 12:41:24.548, 5, 8216, 0, 194.32
2026/08/07 12:41:24.548, 6, 0, 0, 131.93
2026/08/07 12:41:24.548, 7, 0, 0, 132.51
2026/08/07 12:41:25.048, 0, 104118, 0, 198.25
2026/08/07 12:41:25.048, 1, 104114, 100, 201.52
2026/08/07 12:41:25.048, 2, 104114, 100, 194.30
2026/08/07 12:41:25.048, 3, 104114, 100, 206.59
2026/08/07 12:41:25.048, 4, 8318, 0, 195.04
2026/08/07 12:41:25.048, 5, 8216, 0, 194.24
2026/08/07 12:41:25.048, 6, 0, 0, 131.93
2026/08/07 12:41:25.048, 7, 0, 0, 132.50
2026/08/07 12:41:25.548, 0, 104118, 0, 198.63
2026/08/07 12:41:25.548, 1, 104114, 100, 201.83
2026/08/07 12:41:25.548, 2, 104114, 100, 194.61
2026/08/07 12:41:25.548, 3, 104114, 100, 206.83
2026/08/07 12:41:25.548, 4, 8318, 0, 194.68
2026/08/07 12:41:25.548, 5, 8216, 0, 194.20
2026/08/07 12:41:25.548, 6, 0, 0, 131.94
2026/08/07 12:41:25.548, 7, 0, 0, 132.50
2026/08/07 12:41:26.048, 0, 104118, 0, 198.61
2026/08/07 12:41:26.048, 1, 104114, 100, 201.83
2026/08/07 12:41:26.048, 2, 104114, 100, 194.61
2026/08/07 12:41:26.048, 3, 104114, 100, 206.56
2026/08/07 12:41:26.048, 4, 8318, 0, 194.61
2026/08/07 12:41:26.048, 5, 8216, 0, 194.13
2026/08/07 12:41:26.049, 6, 0, 0, 131.94
2026/08/07 12:41:26.049, 7, 0, 0, 132.77
2026/08/07 12:41:26.549, 0, 104118, 0, 198.27
2026/08/07 12:41:26.549, 1, 104114, 100, 201.60
2026/08/07 12:41:26.549, 2, 104114, 100, 194.38
2026/08/07 12:41:26.549, 3, 104114, 100, 205.96
2026/08/07 12:41:26.549, 4, 8318, 0, 194.53
2026/08/07 12:41:26.549, 5, 8216, 0, 193.89
2026/08/07 12:41:26.549, 6, 0, 0, 132.01
2026/08/07 12:41:26.549, 7, 0, 0, 132.81
2026/08/07 12:41:27.050, 0, 104118, 0, 198.27
2026/08/07 12:41:27.050, 1, 104114, 100, 201.52
2026/08/07 12:41:27.050, 2, 104114, 100, 194.38
2026/08/07 12:41:27.050, 3, 104114, 100, 205.82
2026/08/07 12:41:27.050, 4, 8318, 0, 194.42
2026/08/07 12:41:27.050, 5, 8214, 0, 193.90
2026/08/07 12:41:27.050, 6, 0, 0, 132.01
2026/08/07 12:41:27.050, 7, 0, 0, 132.58
2026/08/07 12:41:27.550, 0, 104118, 100, 392.38
2026/08/07 12:41:27.551, 1, 104114, 100, 386.96
2026/08/07 12:41:27.551, 2, 104114, 100, 383.55
2026/08/07 12:41:27.551, 3, 104114, 100, 393.87
2026/08/07 12:41:27.551, 4, 8318, 0, 194.89
2026/08/07 12:41:27.551, 5, 8214, 0, 193.89
2026/08/07 12:41:27.551, 6, 0, 0, 131.86
2026/08/07 12:41:27.551, 7, 0, 0, 132.51
2026/08/07 12:41:28.051, 0, 104118, 0, 401.28
2026/08/07 12:41:28.051, 1, 104114, 0, 395.61
2026/08/07 12:41:28.052, 2, 104114, 0, 389.87
2026/08/07 12:41:28.052, 3, 104114, 0, 395.15
2026/08/07 12:41:28.052, 4, 8318, 0, 195.08
2026/08/07 12:41:28.052, 5, 8214, 0, 193.46
2026/08/07 12:41:28.052, 6, 0, 0, 131.94
2026/08/07 12:41:28.052, 7, 0, 0, 132.59
2026/08/07 12:41:28.553, 0, 104118, 0, 221.26
2026/08/07 12:41:28.553, 1, 104114, 3, 210.39
2026/08/07 12:41:28.553, 2, 104114, 30, 200.85
2026/08/07 12:41:28.553, 3, 104114, 0, 214.05
2026/08/07 12:41:28.553, 4, 8318, 0, 194.65
2026/08/07 12:41:28.553, 5, 8166, 25, 193.44
2026/08/07 12:41:28.553, 6, 0, 0, 132.05
2026/08/07 12:41:28.553, 7, 0, 0, 132.68
2026/08/07 12:41:29.053, 0, 104118, 100, 411.45
2026/08/07 12:41:29.054, 1, 105278, 100, 399.45
2026/08/07 12:41:29.055, 2, 105278, 100, 415.52
2026/08/07 12:41:29.056, 3, 105278, 100, 430.09
2026/08/07 12:41:29.057, 4, 8288, 0, 194.65
2026/08/07 12:41:29.057, 5, 8090, 0, 194.16
2026/08/07 12:41:29.057, 6, 0, 0, 131.98
2026/08/07 12:41:29.057, 7, 0, 0, 132.53
2026/08/07 12:41:29.558, 0, 104118, 99, 733.46
2026/08/07 12:41:29.558, 1, 105278, 100, 744.22
2026/08/07 12:41:29.558, 2, 105278, 100, 728.90
2026/08/07 12:41:29.558, 3, 105278, 99, 761.87
2026/08/07 12:41:29.558, 4, 8092, 0, 195.35
2026/08/07 12:41:29.558, 5, 8090, 0, 194.28
2026/08/07 12:41:29.558, 6, 0, 0, 131.92
2026/08/07 12:41:29.558, 7, 0, 0, 132.56
2026/08/07 12:41:30.058, 0, 104118, 100, 864.65
2026/08/07 12:41:30.058, 1, 105278, 100, 888.20
2026/08/07 12:41:30.058, 2, 105278, 100, 863.45
2026/08/07 12:41:30.058, 3, 105278, 100, 867.39
2026/08/07 12:41:30.058, 4, 8092, 0, 195.20
2026/08/07 12:41:30.058, 5, 8090, 0, 194.04
2026/08/07 12:41:30.058, 6, 0, 0, 131.90
2026/08/07 12:41:30.058, 7, 0, 0, 132.64
2026/08/07 12:41:30.558, 0, 104118, 99, 887.36
2026/08/07 12:41:30.558, 1, 105278, 100, 894.96
2026/08/07 12:41:30.558, 2, 105278, 100, 882.24
2026/08/07 12:41:30.558, 3, 105278, 100, 887.98
2026/08/07 12:41:30.558, 4, 8092, 0, 194.42
2026/08/07 12:41:30.558, 5, 8090, 0, 194.13
2026/08/07 12:41:30.558, 6, 0, 0, 131.89
2026/08/07 12:41:30.558, 7, 0, 0, 132.61
2026/08/07 12:41:31.058, 0, 104118, 0, 201.97
2026/08/07 12:41:33.621, 1, 105278, 0, 202.17
2026/08/07 12:41:33.621, 2, 105278, 0, 194.95
2026/08/07 12:41:33.621, 3, 105278, 0, 207.36
2026/08/07 12:41:33.621, 4, 8092, 0, 194.54
2026/08/07 12:41:33.621, 5, 4, 0, 193.97
2026/08/07 12:41:33.621, 6, 0, 0, 132.13
2026/08/07 12:41:37.313, 7, 0, 0, 132.73
2026/08/07 12:41:37.817, 0, 104118, 100, 939.30
2026/08/07 12:41:37.817, 1, 105278, 100, 953.46
2026/08/07 12:41:37.817, 2, 105278, 100, 934.71
2026/08/07 12:41:37.817, 3, 105278, 100, 941.33
2026/08/07 12:41:37.817, 4, 4, 0, 194.84
2026/08/07 12:41:37.817, 5, 4, 0, 134.82
2026/08/07 12:41:37.817, 6, 0, 0, 132.09
2026/08/07 12:41:37.817, 7, 0, 0, 132.85
2026/08/07 12:41:38.317, 0, 104118, 100, 944.98
2026/08/07 12:41:38.317, 1, 105278, 100, 949.12
2026/08/07 12:41:38.317, 2, 105278, 99, 940.59
2026/08/07 12:41:38.317, 3, 105278, 100, 943.60
2026/08/07 12:41:38.318, 4, 4, 0, 194.89
2026/08/07 12:41:38.318, 5, 4, 0, 134.87
2026/08/07 12:41:38.318, 6, 0, 0, 132.21
2026/08/07 12:41:38.318, 7, 0, 0, 132.78
2026/08/07 12:41:38.818, 0, 104118, 100, 946.65
2026/08/07 12:41:38.818, 1, 105278, 100, 943.14
2026/08/07 12:41:38.818, 2, 105278, 100, 941.89
2026/08/07 12:41:38.818, 3, 105278, 100, 950.35
2026/08/07 12:41:38.818, 4, 4, 0, 194.42
2026/08/07 12:41:38.818, 5, 4, 0, 134.60
2026/08/07 12:41:38.818, 6, 0, 0, 132.21
2026/08/07 12:41:38.818, 7, 0, 0, 132.65
2026/08/07 12:41:39.318, 0, 104118, 100, 958.28
2026/08/07 12:41:39.318, 1, 105278, 100, 961.91
2026/08/07 12:41:39.318, 2, 105278, 100, 945.81
2026/08/07 12:41:39.318, 3, 105278, 100, 957.95
2026/08/07 12:41:39.318, 4, 4, 0, 171.61
2026/08/07 12:41:39.318, 5, 4, 0, 134.25
2026/08/07 12:41:39.318, 6, 0, 0, 132.06
2026/08/07 12:41:39.318, 7, 0, 0, 132.66
2026/08/07 12:41:39.818, 0, 104118, 100, 963.22
2026/08/07 12:41:39.818, 1, 105278, 100, 968.38
2026/08/07 12:41:39.818, 2, 105278, 100, 953.75
2026/08/07 12:41:39.818, 3, 105278, 100, 956.79
2026/08/07 12:41:39.818, 4, 4, 0, 143.52
2026/08/07 12:41:39.818, 5, 4, 0, 134.32
2026/08/07 12:41:39.818, 6, 0, 0, 132.12
2026/08/07 12:41:39.818, 7, 0, 0, 132.74
2026/08/07 12:41:40.318, 0, 104118, 100, 962.59
2026/08/07 12:41:40.318, 1, 105278, 100, 976.04
2026/08/07 12:41:40.318, 2, 105278, 100, 953.03
2026/08/07 12:41:40.318, 3, 105278, 100, 960.55
2026/08/07 12:41:40.318, 4, 0, 0, 137.36
2026/08/07 12:41:40.318, 5, 0, 0, 134.48
2026/08/07 12:41:40.318, 6, 0, 0, 132.18
2026/08/07 12:41:40.318, 7, 0, 0, 132.78
2026/08/07 12:41:40.818, 0, 104118, 100, 958.47
2026/08/07 12:41:40.818, 1, 105278, 100, 972.72
2026/08/07 12:41:40.818, 2, 105278, 100, 955.82
2026/08/07 12:41:40.818, 3, 105278, 100, 957.39
2026/08/07 12:41:40.818, 4, 0, 0, 136.41
2026/08/07 12:41:40.818, 5, 0, 0, 134.52
2026/08/07 12:41:40.818, 6, 0, 0, 132.18
2026/08/07 12:41:40.818, 7, 0, 0, 132.96
2026/08/07 12:41:41.318, 0, 104118, 100, 953.64
2026/08/07 12:41:41.318, 1, 105278, 100, 956.23
2026/08/07 12:41:41.319, 2, 105278, 100, 948.14
2026/08/07 12:41:41.319, 3, 105278, 100, 945.25
2026/08/07 12:41:41.319, 4, 0, 0, 136.15
2026/08/07 12:41:41.319, 5, 0, 0, 134.36
2026/08/07 12:41:41.319, 6, 0, 0, 132.13
2026/08/07 12:41:41.319, 7, 0, 0, 133.04
2026/08/07 12:41:41.819, 0, 104118, 100, 958.25
2026/08/07 12:41:41.819, 1, 105278, 100, 959.72
2026/08/07 12:41:41.819, 2, 105278, 100, 947.26
2026/08/07 12:41:41.819, 3, 105278, 100, 945.61
2026/08/07 12:41:41.819, 4, 0, 0, 135.91
2026/08/07 12:41:41.819, 5, 0, 0, 134.24
2026/08/07 12:41:41.819, 6, 0, 0, 132.14
2026/08/07 12:41:41.819, 7, 0, 0, 132.97
2026/08/07 12:41:42.319, 0, 104118, 100, 957.03
2026/08/07 12:41:42.319, 1, 105278, 100, 964.20
2026/08/07 12:41:42.319, 2, 105278, 100, 948.80
2026/08/07 12:41:42.319, 3, 105278, 100, 947.77
2026/08/07 12:41:42.319, 4, 0, 0, 135.29
2026/08/07 12:41:42.319, 5, 0, 0, 134.25
2026/08/07 12:41:42.319, 6, 0, 0, 132.18
2026/08/07 12:41:42.319, 7, 0, 0, 132.88
2026/08/07 12:41:42.819, 0, 104118, 100, 945.69
2026/08/07 12:41:42.819, 1, 105278, 100, 946.27
2026/08/07 12:41:42.819, 2, 105278, 100, 931.06
2026/08/07 12:41:42.819, 3, 105278, 100, 935.97
2026/08/07 12:41:42.819, 4, 0, 0, 135.01
2026/08/07 12:41:42.819, 5, 0, 0, 134.25
2026/08/07 12:41:42.819, 6, 0, 0, 132.22
2026/08/07 12:41:42.819, 7, 0, 0, 132.82
2026/08/07 12:41:43.319, 0, 104118, 100, 944.84
2026/08/07 12:41:43.319, 1, 105278, 100, 946.54
2026/08/07 12:41:43.319, 2, 105278, 100, 937.77
2026/08/07 12:41:43.319, 3, 105278, 100, 944.22
2026/08/07 12:41:43.319, 4, 0, 0, 135.15
2026/08/07 12:41:43.319, 5, 0, 0, 134.25
2026/08/07 12:41:43.319, 6, 0, 0, 132.33
2026/08/07 12:41:43.319, 7, 0, 0, 132.62
2026/08/07 12:41:43.819, 0, 104118, 100, 959.47
2026/08/07 12:41:43.819, 1, 105278, 100, 967.03
2026/08/07 12:41:43.819, 2, 105278, 100, 950.47
2026/08/07 12:41:43.819, 3, 105278, 100, 953.24
2026/08/07 12:41:43.819, 4, 0, 0, 135.07
2026/08/07 12:41:43.819, 5, 0, 0, 134.25
2026/08/07 12:41:43.819, 6, 0, 0, 132.31
2026/08/07 12:41:43.819, 7, 0, 0, 132.62
2026/08/07 12:41:44.320, 0, 104118, 100, 964.20
2026/08/07 12:41:44.320, 1, 105278, 100, 960.50
2026/08/07 12:41:44.320, 2, 105278, 100, 946.25
2026/08/07 12:41:44.320, 3, 105278, 100, 948.57
2026/08/07 12:41:44.320, 4, 0, 0, 134.90
2026/08/07 12:41:44.320, 5, 0, 0, 134.24
2026/08/07 12:41:44.320, 6, 0, 0, 132.20
2026/08/07 12:41:44.320, 7, 0, 0, 132.77
2026/08/07 12:41:44.820, 0, 104118, 100, 967.02
2026/08/07 12:41:44.820, 1, 105278, 100, 963.84
2026/08/07 12:41:44.820, 2, 105278, 100, 951.10
2026/08/07 12:41:44.820, 3, 105278, 100, 951.65
2026/08/07 12:41:44.820, 4, 0, 0, 134.97
2026/08/07 12:41:44.820, 5, 0, 0, 134.25
2026/08/07 12:41:44.820, 6, 0, 0, 132.23
2026/08/07 12:41:44.820, 7, 0, 0, 132.77
2026/08/07 12:41:45.320, 0, 104118, 100, 960.05
2026/08/07 12:41:45.321, 1, 105278, 100, 972.70
2026/08/07 12:41:45.322, 2, 105278, 100, 950.01
2026/08/07 12:41:45.323, 3, 105278, 100, 947.80
2026/08/07 12:41:45.324, 4, 0, 0, 134.81
2026/08/07 12:41:45.325, 5, 0, 0, 134.25
2026/08/07 12:41:45.326, 6, 0, 0, 132.27
2026/08/07 12:41:45.327, 7, 0, 0, 132.88
2026/08/07 12:41:45.828, 0, 104118, 100, 949.75
2026/08/07 12:41:45.828, 1, 105278, 100, 964.38
2026/08/07 12:41:45.828, 2, 105278, 100, 941.49
2026/08/07 12:41:45.828, 3, 105278, 100, 946.24
2026/08/07 12:41:45.828, 4, 0, 0, 134.78
2026/08/07 12:41:45.828, 5, 0, 0, 134.36
2026/08/07 12:41:45.828, 6, 0, 0, 132.23
2026/08/07 12:41:45.828, 7, 0, 0, 133.17
2026/08/07 12:41:46.328, 0, 104118, 100, 945.18
2026/08/07 12:41:46.328, 1, 105278, 100, 954.24
2026/08/07 12:41:46.328, 2, 105278, 100, 935.92
2026/08/07 12:41:46.328, 3, 105278, 100, 951.10
2026/08/07 12:41:46.328, 4, 0, 0, 134.81
2026/08/07 12:41:46.328, 5, 0, 0, 134.36
2026/08/07 12:41:46.328, 6, 0, 0, 132.15
2026/08/07 12:41:46.328, 7, 0, 0, 133.20
2026/08/07 12:41:46.828, 0, 104118, 100, 954.80
2026/08/07 12:41:46.828, 1, 105278, 100, 950.51
2026/08/07 12:41:46.828, 2, 105278, 100, 931.28
2026/08/07 12:41:46.828, 3, 105278, 100, 942.74
2026/08/07 12:41:46.828, 4, 0, 0, 134.62
2026/08/07 12:41:46.828, 5, 0, 0, 134.25
2026/08/07 12:41:46.828, 6, 0, 0, 132.18
2026/08/07 12:41:46.828, 7, 0, 0, 133.05
2026/08/07 12:41:47.328, 0, 104118, 100, 951.12
2026/08/07 12:41:47.328, 1, 105278, 100, 946.06
2026/08/07 12:41:47.328, 2, 105278, 100, 936.40
2026/08/07 12:41:47.329, 3, 105278, 100, 938.03
2026/08/07 12:41:47.329, 4, 0, 0, 134.55
2026/08/07 12:41:47.329, 5, 0, 0, 134.25
2026/08/07 12:41:47.329, 6, 0, 0, 132.22
2026/08/07 12:41:47.329, 7, 0, 0, 133.00
2026/08/07 12:41:47.829, 0, 104118, 100, 948.94
2026/08/07 12:41:47.829, 1, 105278, 100, 955.30
2026/08/07 12:41:47.829, 2, 105278, 100, 943.67
2026/08/07 12:41:47.829, 3, 105278, 100, 953.91
2026/08/07 12:41:47.829, 4, 0, 0, 134.50
2026/08/07 12:41:47.829, 5, 0, 0, 134.25
2026/08/07 12:41:47.829, 6, 0, 0, 132.18
2026/08/07 12:41:47.829, 7, 0, 0, 132.88
2026/08/07 12:41:48.329, 0, 104118, 100, 956.66
2026/08/07 12:41:48.329, 1, 105278, 100, 974.76
2026/08/07 12:41:48.329, 2, 105278, 100, 952.99
2026/08/07 12:41:48.329, 3, 105278, 100, 968.68
2026/08/07 12:41:48.329, 4, 0, 0, 134.74
2026/08/07 12:41:48.329, 5, 0, 0, 134.25
2026/08/07 12:41:48.329, 6, 0, 0, 132.18
2026/08/07 12:41:48.329, 7, 0, 0, 132.93
2026/08/07 12:41:48.829, 0, 104118, 100, 956.22
2026/08/07 12:41:48.829, 1, 105278, 100, 981.41
2026/08/07 12:41:48.829, 2, 105278, 100, 955.64
2026/08/07 12:41:48.829, 3, 105278, 100, 969.06
2026/08/07 12:41:48.829, 4, 0, 0, 134.80
2026/08/07 12:41:48.829, 5, 0, 0, 134.24
2026/08/07 12:41:48.829, 6, 0, 0, 132.23
2026/08/07 12:41:48.829, 7, 0, 0, 132.92
2026/08/07 12:41:49.329, 0, 104118, 100, 967.57
2026/08/07 12:41:49.329, 1, 105278, 100, 974.89
2026/08/07 12:41:49.329, 2, 105278, 100, 954.62
2026/08/07 12:41:49.329, 3, 105278, 100, 960.62
2026/08/07 12:41:49.329, 4, 0, 0, 134.56
2026/08/07 12:41:49.329, 5, 0, 0, 134.25
2026/08/07 12:41:49.329, 6, 0, 0, 132.15
2026/08/07 12:41:49.329, 7, 0, 0, 132.96
2026/08/07 12:41:49.829, 0, 104118, 100, 964.50
2026/08/07 12:41:49.829, 1, 105278, 100, 969.36
2026/08/07 12:41:49.829, 2, 105278, 100, 946.56
2026/08/07 12:41:49.829, 3, 105278, 100, 967.39
2026/08/07 12:41:49.829, 4, 0, 0, 134.52
2026/08/07 12:41:49.829, 5, 0, 0, 134.25
2026/08/07 12:41:49.829, 6, 0, 0, 132.15
2026/08/07 12:41:49.829, 7, 0, 0, 132.97
2026/08/07 12:41:50.329, 0, 104118, 100, 953.79
2026/08/07 12:41:50.329, 1, 105278, 100, 959.14
2026/08/07 12:41:50.329, 2, 105278, 100, 937.87
2026/08/07 12:41:50.329, 3, 105278, 100, 956.00
2026/08/07 12:41:50.329, 4, 0, 0, 134.49
2026/08/07 12:41:50.329, 5, 0, 0, 134.24
2026/08/07 12:41:50.329, 6, 0, 0, 132.25
2026/08/07 12:41:50.329, 7, 0, 0, 132.98
2026/08/07 12:41:50.830, 0, 104118, 100, 956.04
2026/08/07 12:41:50.830, 1, 105278, 100, 951.11
2026/08/07 12:41:50.830, 2, 105278, 100, 943.49
2026/08/07 12:41:50.830, 3, 105278, 100, 947.85
2026/08/07 12:41:50.830, 4, 0, 0, 134.44
2026/08/07 12:41:50.830, 5, 0, 0, 134.36
2026/08/07 12:41:50.830, 6, 0, 0, 132.24
2026/08/07 12:41:50.830, 7, 0, 0, 133.35
2026/08/07 12:41:51.330, 0, 104118, 100, 957.40
2026/08/07 12:41:51.330, 1, 105278, 100, 964.82
2026/08/07 12:41:51.330, 2, 105278, 100, 950.29
2026/08/07 12:41:51.330, 3, 105278, 100, 952.17
2026/08/07 12:41:51.330, 4, 0, 0, 134.38
2026/08/07 12:41:51.330, 5, 0, 0, 134.36
2026/08/07 12:41:51.330, 6, 0, 0, 132.19
2026/08/07 12:41:51.330, 7, 0, 0, 133.38
2026/08/07 12:41:51.830, 0, 104118, 100, 955.86
2026/08/07 12:41:51.830, 1, 105278, 100, 969.37
2026/08/07 12:41:51.830, 2, 105278, 100, 940.77
2026/08/07 12:41:51.830, 3, 105278, 100, 954.34
2026/08/07 12:41:51.830, 4, 0, 0, 134.34
2026/08/07 12:41:51.830, 5, 0, 0, 134.25
2026/08/07 12:41:51.830, 6, 0, 0, 132.16
2026/08/07 12:41:51.830, 7, 0, 0, 133.05
2026/08/07 12:41:52.330, 0, 104118, 100, 962.24
2026/08/07 12:41:52.330, 1, 105278, 100, 965.47
2026/08/07 12:41:52.330, 2, 105278, 100, 939.31
2026/08/07 12:41:52.330, 3, 105278, 100, 954.83
2026/08/07 12:41:52.330, 4, 0, 0, 134.38
2026/08/07 12:41:52.330, 5, 0, 0, 134.25
2026/08/07 12:41:52.330, 6, 0, 0, 132.16
2026/08/07 12:41:52.330, 7, 0, 0, 132.97
2026/08/07 12:41:52.830, 0, 104118, 100, 965.14
2026/08/07 12:41:52.830, 1, 105278, 100, 971.28
2026/08/07 12:41:52.830, 2, 105278, 100, 948.17
2026/08/07 12:41:52.830, 3, 105278, 100, 956.16
2026/08/07 12:41:52.830, 4, 0, 0, 134.45
2026/08/07 12:41:52.830, 5, 0, 0, 134.24
2026/08/07 12:41:52.830, 6, 0, 0, 132.17
2026/08/07 12:41:52.830, 7, 0, 0, 132.97
2026/08/07 12:41:53.330, 0, 104118, 100, 965.28
2026/08/07 12:41:53.330, 1, 105278, 100, 973.76
2026/08/07 12:41:53.330, 2, 105278, 100, 948.70
2026/08/07 12:41:53.330, 3, 105278, 100, 965.31
2026/08/07 12:41:53.330, 4, 0, 0, 134.53
2026/08/07 12:41:53.330, 5, 0, 0, 134.25
2026/08/07 12:41:53.330, 6, 0, 0, 132.20
2026/08/07 12:41:53.330, 7, 0, 0, 133.04
2026/08/07 12:41:53.831, 0, 104118, 100, 971.14
2026/08/07 12:41:53.831, 1, 105278, 100, 973.81
2026/08/07 12:41:53.831, 2, 105278, 100, 949.33
2026/08/07 12:41:53.831, 3, 105278, 100, 963.18
2026/08/07 12:41:53.831, 4, 0, 0, 134.41
2026/08/07 12:41:53.831, 5, 0, 0, 134.25
2026/08/07 12:41:53.831, 6, 0, 0, 132.23
2026/08/07 12:41:53.831, 7, 0, 0, 133.17
2026/08/07 12:41:54.331, 0, 104118, 100, 967.10
2026/08/07 12:41:54.331, 1, 105278, 100, 970.96
2026/08/07 12:41:54.331, 2, 105278, 100, 937.50
2026/08/07 12:41:54.331, 3, 105278, 100, 953.02
2026/08/07 12:41:54.331, 4, 0, 0, 134.26
2026/08/07 12:41:54.331, 5, 0, 0, 134.25
2026/08/07 12:41:54.331, 6, 0, 0, 132.21
2026/08/07 12:41:54.331, 7, 0, 0, 133.13
2026/08/07 12:41:54.831, 0, 104118, 100, 950.85
2026/08/07 12:41:54.831, 1, 105278, 100, 963.93
2026/08/07 12:41:54.831, 2, 105278, 100, 934.13
2026/08/07 12:41:54.831, 3, 105278, 100, 946.37
2026/08/07 12:41:54.831, 4, 0, 0, 134.31
2026/08/07 12:41:54.831, 5, 0, 0, 134.25
2026/08/07 12:41:54.831, 6, 0, 0, 132.19
2026/08/07 12:41:54.831, 7, 0, 0, 133.07
2026/08/07 12:41:55.331, 0, 104118, 100, 944.61
2026/08/07 12:41:55.332, 1, 105278, 100, 959.15
2026/08/07 12:41:55.333, 2, 105278, 100, 947.64
2026/08/07 12:41:55.334, 3, 105278, 100, 950.34
2026/08/07 12:41:55.334, 4, 0, 0, 134.43
2026/08/07 12:41:55.334, 5, 0, 0, 134.25
2026/08/07 12:41:55.334, 6, 0, 0, 132.14
2026/08/07 12:41:55.334, 7, 0, 0, 133.04
2026/08/07 12:41:55.834, 0, 104118, 100, 951.06
2026/08/07 12:41:55.835, 1, 105278, 100, 954.05
2026/08/07 12:41:55.835, 2, 105278, 99, 947.30
2026/08/07 12:41:55.835, 3, 105278, 100, 944.59
2026/08/07 12:41:55.835, 4, 0, 0, 134.46
2026/08/07 12:41:55.835, 5, 0, 0, 134.40
2026/08/07 12:41:55.835, 6, 0, 0, 132.06
2026/08/07 12:41:55.835, 7, 0, 0, 133.09
2026/08/07 12:41:56.335, 0, 104118, 100, 953.56
2026/08/07 12:41:56.335, 1, 105278, 100, 956.50
2026/08/07 12:41:56.335, 2, 105278, 100, 938.86
2026/08/07 12:41:56.335, 3, 105278, 100, 940.05
2026/08/07 12:41:56.335, 4, 0, 0, 134.34
2026/08/07 12:41:56.335, 5, 0, 0, 134.40
2026/08/07 12:41:56.335, 6, 0, 0, 132.14
2026/08/07 12:41:56.335, 7, 0, 0, 133.36
2026/08/07 12:41:56.835, 0, 104118, 100, 967.42
2026/08/07 12:41:56.835, 1, 105278, 100, 974.85
2026/08/07 12:41:56.835, 2, 105278, 100, 939.67
2026/08/07 12:41:56.835, 3, 105278, 100, 956.72
2026/08/07 12:41:56.835, 4, 0, 0, 134.25
2026/08/07 12:41:56.835, 5, 0, 0, 134.25
2026/08/07 12:41:56.835, 6, 0, 0, 132.25
2026/08/07 12:41:56.835, 7, 0, 0, 133.48
2026/08/07 12:41:57.335, 0, 104118, 100, 970.08
2026/08/07 12:41:57.335, 1, 105278, 100, 977.38
2026/08/07 12:41:57.335, 2, 105278, 100, 951.56
2026/08/07 12:41:57.335, 3, 105278, 100, 965.46
2026/08/07 12:41:57.335, 4, 0, 0, 134.25
2026/08/07 12:41:57.335, 5, 0, 0, 134.25
2026/08/07 12:41:57.335, 6, 0, 0, 132.10
2026/08/07 12:41:57.335, 7, 0, 0, 133.24
2026/08/07 12:41:57.835, 0, 104118, 100, 959.28
2026/08/07 12:41:57.836, 1, 105278, 100, 979.50
2026/08/07 12:41:57.838, 2, 105278, 100, 954.59
2026/08/07 12:41:57.839, 3, 105278, 100, 966.74
2026/08/07 12:41:57.841, 4, 0, 0, 134.30
2026/08/07 12:41:57.842, 5, 0, 0, 134.25
2026/08/07 12:41:57.843, 6, 0, 0, 132.06
2026/08/07 12:41:57.844, 7, 0, 0, 133.00
2026/08/07 12:41:58.345, 0, 104118, 100, 961.55
2026/08/07 12:41:58.345, 1, 105278, 100, 986.60
2026/08/07 12:41:58.345, 2, 105278, 100, 956.10
2026/08/07 12:41:58.345, 3, 105278, 100, 970.36
2026/08/07 12:41:58.345, 4, 0, 0, 134.46
2026/08/07 12:41:58.345, 5, 0, 0, 134.25
2026/08/07 12:41:58.345, 6, 0, 0, 132.33
2026/08/07 12:41:58.345, 7, 0, 0, 133.04
2026/08/07 12:41:58.847, 0, 104118, 100, 966.71
2026/08/07 12:41:58.847, 1, 105278, 100, 981.45
2026/08/07 12:41:58.847, 2, 105278, 100, 955.88
2026/08/07 12:41:58.847, 3, 105278, 100, 965.22
2026/08/07 12:41:58.847, 4, 0, 0, 134.37
2026/08/07 12:41:58.847, 5, 0, 0, 134.25
2026/08/07 12:41:58.847, 6, 0, 0, 132.33
2026/08/07 12:41:58.847, 7, 0, 0, 133.19
2026/08/07 12:41:59.347, 0, 104118, 100, 962.99
2026/08/07 12:41:59.347, 1, 105278, 100, 970.32
2026/08/07 12:41:59.347, 2, 105278, 100, 945.15
2026/08/07 12:41:59.347, 3, 105278, 100, 966.42
2026/08/07 12:41:59.347, 4, 0, 0, 134.22
2026/08/07 12:41:59.347, 5, 0, 0, 134.25
2026/08/07 12:41:59.347, 6, 0, 0, 132.19
2026/08/07 12:41:59.347, 7, 0, 0, 133.42
2026/08/07 12:41:59.847, 0, 104118, 100, 958.51
2026/08/07 12:41:59.847, 1, 105278, 100, 969.35
2026/08/07 12:41:59.847, 2, 105278, 100, 938.33
2026/08/07 12:41:59.847, 3, 105278, 100, 960.04
2026/08/07 12:41:59.847, 4, 0, 0, 134.28
2026/08/07 12:41:59.847, 5, 0, 0, 134.24
2026/08/07 12:41:59.847, 6, 0, 0, 132.23
2026/08/07 12:41:59.847, 7, 0, 0, 133.30
2026/08/07 12:42:00.347, 0, 104118, 100, 946.02
2026/08/07 12:42:00.347, 1, 105278, 100, 961.45
2026/08/07 12:42:00.347, 2, 105278, 100, 942.73
2026/08/07 12:42:00.347, 3, 105278, 100, 953.17
2026/08/07 12:42:00.347, 4, 0, 0, 134.27
2026/08/07 12:42:00.347, 5, 0, 0, 134.25
2026/08/07 12:42:00.347, 6, 0, 0, 132.20
2026/08/07 12:42:00.347, 7, 0, 0, 133.13
2026/08/07 12:42:00.847, 0, 104118, 100, 945.58
2026/08/07 12:42:00.847, 1, 105278, 100, 963.22
2026/08/07 12:42:00.847, 2, 105278, 100, 943.51
2026/08/07 12:42:00.847, 3, 105278, 100, 956.25
2026/08/07 12:42:00.847, 4, 0, 0, 134.21
2026/08/07 12:42:00.847, 5, 0, 0, 134.40
2026/08/07 12:42:00.847, 6, 0, 0, 132.21
2026/08/07 12:42:00.847, 7, 0, 0, 133.55
2026/08/07 12:42:01.347, 0, 104118, 100, 968.46
2026/08/07 12:42:01.347, 1, 105278, 100, 981.57
2026/08/07 12:42:01.348, 2, 105278, 100, 946.50
2026/08/07 12:42:01.348, 3, 105278, 100, 954.63
2026/08/07 12:42:01.348, 4, 0, 0, 134.20
2026/08/07 12:42:01.348, 5, 0, 0, 134.40
2026/08/07 12:42:01.348, 6, 0, 0, 132.25
2026/08/07 12:42:01.348, 7, 0, 0, 133.52
2026/08/07 12:42:01.848, 0, 104118, 100, 968.57
2026/08/07 12:42:01.848, 1, 105278, 100, 984.20
2026/08/07 12:42:01.848, 2, 105278, 100, 948.91
2026/08/07 12:42:01.848, 3, 105278, 100, 957.84
2026/08/07 12:42:01.848, 4, 0, 0, 134.26
2026/08/07 12:42:01.848, 5, 0, 0, 134.25
2026/08/07 12:42:01.848, 6, 0, 0, 132.25
2026/08/07 12:42:01.848, 7, 0, 0, 133.23
2026/08/07 12:42:02.348, 0, 104118, 100, 971.00
2026/08/07 12:42:02.348, 1, 105278, 100, 985.25
2026/08/07 12:42:02.348, 2, 105278, 100, 951.30
2026/08/07 12:42:02.348, 3, 105278, 100, 959.25
2026/08/07 12:42:02.348, 4, 0, 0, 134.27
2026/08/07 12:42:02.348, 5, 0, 0, 134.25
2026/08/07 12:42:02.348, 6, 0, 0, 132.27
2026/08/07 12:42:02.348, 7, 0, 0, 133.30
2026/08/07 12:42:02.848, 0, 104118, 100, 970.05
2026/08/07 12:42:02.848, 1, 105278, 100, 975.48
2026/08/07 12:42:02.848, 2, 105278, 100, 958.51
2026/08/07 12:42:02.848, 3, 105278, 100, 960.76
2026/08/07 12:42:02.848, 4, 0, 0, 134.31
2026/08/07 12:42:02.848, 5, 0, 0, 134.25
2026/08/07 12:42:02.848, 6, 0, 0, 132.23
2026/08/07 12:42:02.848, 7, 0, 0, 133.17
2026/08/07 12:42:03.348, 0, 104118, 100, 959.19
2026/08/07 12:42:03.348, 1, 105278, 100, 967.06
2026/08/07 12:42:03.348, 2, 105278, 100, 957.27
2026/08/07 12:42:03.348, 3, 105278, 100, 963.07
2026/08/07 12:42:03.348, 4, 0, 0, 134.49
2026/08/07 12:42:03.348, 5, 0, 0, 134.25
2026/08/07 12:42:03.348, 6, 0, 0, 132.33
2026/08/07 12:42:03.348, 7, 0, 0, 133.29
2026/08/07 12:42:03.848, 0, 104118, 100, 960.15
2026/08/07 12:42:03.848, 1, 105278, 100, 973.99
2026/08/07 12:42:03.848, 2, 105278, 100, 950.25
2026/08/07 12:42:03.848, 3, 105278, 100, 961.41
2026/08/07 12:42:03.848, 4, 0, 0, 134.46
2026/08/07 12:42:03.848, 5, 0, 0, 134.24
2026/08/07 12:42:03.848, 6, 0, 0, 132.30
2026/08/07 12:42:03.848, 7, 0, 0, 133.36
2026/08/07 12:42:04.348, 0, 104118, 100, 961.53
2026/08/07 12:42:04.348, 1, 105278, 100, 973.27
2026/08/07 12:42:04.348, 2, 105278, 100, 937.74
2026/08/07 12:42:04.348, 3, 105278, 100, 962.97
2026/08/07 12:42:04.349, 4, 0, 0, 134.27
2026/08/07 12:42:04.349, 5, 0, 0, 134.25
2026/08/07 12:42:04.349, 6, 0, 0, 132.19
2026/08/07 12:42:04.349, 7, 0, 0, 133.19
2026/08/07 12:42:04.849, 0, 104118, 100, 944.60
2026/08/07 12:42:04.849, 1, 105278, 100, 962.41
2026/08/07 12:42:04.849, 2, 105278, 100, 933.85
2026/08/07 12:42:04.849, 3, 105278, 100, 948.24
2026/08/07 12:42:04.849, 4, 0, 0, 134.24
2026/08/07 12:42:04.849, 5, 0, 0, 134.25
2026/08/07 12:42:04.849, 6, 0, 0, 132.26
2026/08/07 12:42:04.849, 7, 0, 0, 133.20
2026/08/07 12:42:05.349, 0, 104118, 100, 947.26
2026/08/07 12:42:05.349, 1, 105278, 100, 969.62
2026/08/07 12:42:05.349, 2, 105278, 100, 948.42
2026/08/07 12:42:05.349, 3, 105278, 100, 952.42
2026/08/07 12:42:05.349, 4, 0, 0, 134.24
2026/08/07 12:42:05.349, 5, 0, 0, 134.25
2026/08/07 12:42:05.349, 6, 0, 0, 132.26
2026/08/07 12:42:05.349, 7, 0, 0, 133.36
2026/08/07 12:42:05.849, 0, 104118, 100, 968.97
2026/08/07 12:42:05.849, 1, 105278, 100, 982.93
2026/08/07 12:42:05.849, 2, 105278, 100, 952.47
2026/08/07 12:42:05.849, 3, 105278, 100, 971.46
2026/08/07 12:42:05.849, 4, 0, 0, 134.24
2026/08/07 12:42:05.849, 5, 0, 0, 134.36
2026/08/07 12:42:05.849, 6, 0, 0, 132.12
2026/08/07 12:42:05.849, 7, 0, 0, 133.55
2026/08/07 12:42:06.349, 0, 104118, 100, 970.76
2026/08/07 12:42:06.349, 1, 105278, 100, 983.84
2026/08/07 12:42:06.349, 2, 105278, 100, 958.51
2026/08/07 12:42:06.349, 3, 105278, 100, 972.20
2026/08/07 12:42:06.349, 4, 0, 0, 134.23
2026/08/07 12:42:06.349, 5, 0, 0, 134.36
2026/08/07 12:42:06.349, 6, 0, 0, 132.08
2026/08/07 12:42:06.349, 7, 0, 0, 133.38
2026/08/07 12:42:06.849, 0, 104118, 100, 963.09
2026/08/07 12:42:06.849, 1, 105278, 100, 982.76
2026/08/07 12:42:06.849, 2, 105278, 100, 953.67
2026/08/07 12:42:06.849, 3, 105278, 100, 974.63
2026/08/07 12:42:06.849, 4, 0, 0, 134.23
2026/08/07 12:42:06.849, 5, 0, 0, 134.24
2026/08/07 12:42:06.849, 6, 0, 0, 132.15
2026/08/07 12:42:06.849, 7, 0, 0, 133.11
2026/08/07 12:42:07.349, 0, 104118, 100, 956.12
2026/08/07 12:42:07.350, 1, 105278, 100, 978.55
2026/08/07 12:42:07.350, 2, 105278, 100, 944.46
2026/08/07 12:42:07.350, 3, 105278, 100, 966.06
2026/08/07 12:42:07.350, 4, 0, 0, 134.31
2026/08/07 12:42:07.352, 5, 0, 0, 134.25
2026/08/07 12:42:07.353, 6, 0, 0, 132.15
2026/08/07 12:42:07.354, 7, 0, 0, 133.34
2026/08/07 12:42:07.855, 0, 104118, 100, 949.90
2026/08/07 12:42:07.855, 1, 105278, 100, 963.71
2026/08/07 12:42:07.855, 2, 105278, 100, 951.55
2026/08/07 12:42:07.855, 3, 105278, 100, 963.00
2026/08/07 12:42:07.855, 4, 0, 0, 134.31
2026/08/07 12:42:07.855, 5, 0, 0, 134.25
2026/08/07 12:42:07.855, 6, 0, 0, 132.12
2026/08/07 12:42:07.855, 7, 0, 0, 133.32
2026/08/07 12:42:08.355, 0, 104118, 100, 944.90
2026/08/07 12:42:08.355, 1, 105278, 100, 954.30
2026/08/07 12:42:08.355, 2, 105278, 100, 945.54
2026/08/07 12:42:08.355, 3, 105278, 100, 952.12
2026/08/07 12:42:08.355, 4, 0, 0, 134.47
2026/08/07 12:42:08.355, 5, 0, 0, 134.25
2026/08/07 12:42:08.355, 6, 0, 0, 132.20
2026/08/07 12:42:08.355, 7, 0, 0, 133.17
2026/08/07 12:42:08.855, 0, 104118, 100, 955.45
2026/08/07 12:42:08.855, 1, 105278, 100, 966.58
2026/08/07 12:42:08.855, 2, 105278, 100, 941.47
2026/08/07 12:42:08.855, 3, 105278, 100, 948.47
2026/08/07 12:42:08.855, 4, 0, 0, 134.43
2026/08/07 12:42:08.855, 5, 0, 0, 134.25
2026/08/07 12:42:08.855, 6, 0, 0, 132.26
2026/08/07 12:42:08.855, 7, 0, 0, 133.21
2026/08/07 12:42:09.355, 0, 104118, 100, 957.74
2026/08/07 12:42:09.355, 1, 105278, 100, 975.86
2026/08/07 12:42:09.355, 2, 105278, 100, 937.23
2026/08/07 12:42:09.355, 3, 105278, 100, 960.95
2026/08/07 12:42:09.355, 4, 0, 0, 134.24
2026/08/07 12:42:09.355, 5, 0, 0, 134.25
2026/08/07 12:42:09.355, 6, 0, 0, 132.18
2026/08/07 12:42:09.355, 7, 0, 0, 133.15
2026/08/07 12:42:09.855, 0, 104118, 100, 952.96
2026/08/07 12:42:09.855, 1, 105278, 100, 972.96
2026/08/07 12:42:09.855, 2, 105278, 100, 944.22
2026/08/07 12:42:09.855, 3, 105278, 100, 959.14
2026/08/07 12:42:09.855, 4, 0, 0, 134.24
2026/08/07 12:42:09.855, 5, 0, 0, 134.25
2026/08/07 12:42:09.855, 6, 0, 0, 132.23
2026/08/07 12:42:09.855, 7, 0, 0, 133.23
2026/08/07 12:42:10.355, 0, 104118, 100, 960.50
2026/08/07 12:42:10.356, 1, 105278, 100, 970.27
2026/08/07 12:42:10.356, 2, 105278, 100, 953.76
2026/08/07 12:42:10.356, 3, 105278, 100, 963.83
2026/08/07 12:42:10.356, 4, 0, 0, 134.24
2026/08/07 12:42:10.356, 5, 0, 0, 134.25
2026/08/07 12:42:10.356, 6, 0, 0, 132.27
2026/08/07 12:42:10.356, 7, 0, 0, 133.40
2026/08/07 12:42:10.858, 0, 104118, 100, 964.33
2026/08/07 12:42:10.858, 1, 105278, 100, 978.91
2026/08/07 12:42:10.859, 2, 105278, 100, 949.31
2026/08/07 12:42:10.860, 3, 105278, 100, 965.22
2026/08/07 12:42:10.860, 4, 0, 0, 134.24
2026/08/07 12:42:10.860, 5, 0, 0, 134.32
2026/08/07 12:42:10.860, 6, 0, 0, 132.27
2026/08/07 12:42:10.860, 7, 0, 0, 133.51
2026/08/07 12:42:11.360, 0, 104118, 100, 966.52
2026/08/07 12:42:11.360, 1, 105278, 100, 983.54
2026/08/07 12:42:11.360, 2, 105278, 100, 948.23
2026/08/07 12:42:11.360, 3, 105278, 100, 966.40
2026/08/07 12:42:11.360, 4, 0, 0, 134.24
2026/08/07 12:42:11.360, 5, 0, 0, 134.32
2026/08/07 12:42:11.360, 6, 0, 0, 132.24
2026/08/07 12:42:11.360, 7, 0, 0, 133.32
2026/08/07 12:42:11.860, 0, 104118, 100, 964.20
2026/08/07 12:42:11.860, 1, 105278, 100, 984.97
2026/08/07 12:42:11.860, 2, 105278, 100, 950.97
2026/08/07 12:42:11.860, 3, 105278, 100, 971.97
2026/08/07 12:42:11.860, 4, 0, 0, 134.24
2026/08/07 12:42:11.860, 5, 0, 0, 134.25
2026/08/07 12:42:11.860, 6, 0, 0, 132.19
2026/08/07 12:42:11.860, 7, 0, 0, 133.28
2026/08/07 12:42:12.360, 0, 104118, 100, 951.05
2026/08/07 12:42:12.360, 1, 105278, 100, 983.39
2026/08/07 12:42:12.360, 2, 105278, 100, 954.02
2026/08/07 12:42:12.360, 3, 105278, 100, 971.20
2026/08/07 12:42:12.360, 4, 0, 0, 134.24
2026/08/07 12:42:12.360, 5, 0, 0, 134.24
2026/08/07 12:42:12.360, 6, 0, 0, 132.19
2026/08/07 12:42:12.360, 7, 0, 0, 133.19
2026/08/07 12:42:12.860, 0, 104118, 100, 946.22
2026/08/07 12:42:12.860, 1, 105278, 100, 970.06
2026/08/07 12:42:12.860, 2, 105278, 100, 942.33
2026/08/07 12:42:12.860, 3, 105278, 100, 955.91
2026/08/07 12:42:12.860, 4, 0, 0, 134.24
2026/08/07 12:42:12.860, 5, 0, 0, 134.25
2026/08/07 12:42:12.860, 6, 0, 0, 132.16
2026/08/07 12:42:12.861, 7, 0, 0, 133.19
2026/08/07 12:42:13.361, 0, 104118, 100, 949.47
2026/08/07 12:42:13.361, 1, 105278, 100, 961.58
2026/08/07 12:42:13.361, 2, 105278, 100, 930.81
2026/08/07 12:42:13.361, 3, 105278, 100, 950.36
2026/08/07 12:42:13.361, 4, 0, 0, 134.39
2026/08/07 12:42:13.361, 5, 0, 0, 134.25
2026/08/07 12:42:13.361, 6, 0, 0, 132.27
2026/08/07 12:42:13.361, 7, 0, 0, 133.40
2026/08/07 12:42:13.861, 0, 104118, 100, 949.57
2026/08/07 12:42:13.861, 1, 105278, 100, 962.42
2026/08/07 12:42:13.861, 2, 105278, 100, 933.30
2026/08/07 12:42:13.861, 3, 105278, 100, 958.21
2026/08/07 12:42:13.861, 4, 0, 0, 134.38
2026/08/07 12:42:13.861, 5, 0, 0, 134.25
2026/08/07 12:42:13.861, 6, 0, 0, 132.30
2026/08/07 12:42:13.861, 7, 0, 0, 133.23
2026/08/07 12:42:14.361, 0, 104118, 100, 951.16
2026/08/07 12:42:14.361, 1, 105278, 100, 969.65
2026/08/07 12:42:14.361, 2, 105278, 100, 944.93
2026/08/07 12:42:14.361, 3, 105278, 100, 960.25
2026/08/07 12:42:14.361, 4, 0, 0, 134.24
2026/08/07 12:42:14.361, 5, 0, 0, 134.24
2026/08/07 12:42:14.361, 6, 0, 0, 132.19
2026/08/07 12:42:14.361, 7, 0, 0, 133.21
2026/08/07 12:42:14.861, 0, 104118, 100, 958.44
2026/08/07 12:42:14.861, 1, 105278, 100, 975.24
2026/08/07 12:42:14.861, 2, 105278, 100, 953.48
2026/08/07 12:42:14.861, 3, 105278, 100, 962.09
2026/08/07 12:42:14.861, 4, 0, 0, 134.24
2026/08/07 12:42:14.861, 5, 0, 0, 134.24
2026/08/07 12:42:14.862, 6, 0, 0, 132.23
2026/08/07 12:42:14.862, 7, 0, 0, 133.28
2026/08/07 12:42:15.362, 0, 104118, 100, 956.07
2026/08/07 12:42:15.362, 1, 105278, 100, 972.67
2026/08/07 12:42:15.362, 2, 105278, 100, 951.53
2026/08/07 12:42:15.362, 3, 105278, 100, 961.17
2026/08/07 12:42:15.362, 4, 0, 0, 134.24
2026/08/07 12:42:15.362, 5, 0, 0, 134.25
2026/08/07 12:42:15.362, 6, 0, 0, 132.22
2026/08/07 12:42:15.362, 7, 0, 0, 133.19
2026/08/07 12:42:15.862, 0, 104118, 100, 960.90
2026/08/07 12:42:15.862, 1, 105278, 100, 976.03
2026/08/07 12:42:15.862, 2, 105278, 100, 950.45
2026/08/07 12:42:15.862, 3, 105278, 100, 961.73
2026/08/07 12:42:15.862, 4, 0, 0, 134.24
2026/08/07 12:42:15.862, 5, 0, 0, 134.36
2026/08/07 12:42:15.862, 6, 0, 0, 132.15
2026/08/07 12:42:15.862, 7, 0, 0, 133.38
2026/08/07 12:42:16.362, 0, 104118, 100, 957.90
2026/08/07 12:42:16.362, 1, 105278, 100, 981.84
2026/08/07 12:42:16.362, 2, 105278, 100, 948.91
2026/08/07 12:42:16.362, 3, 105278, 100, 965.04
2026/08/07 12:42:16.362, 4, 0, 0, 134.24
2026/08/07 12:42:16.362, 5, 0, 0, 134.36
2026/08/07 12:42:16.362, 6, 0, 0, 132.19
2026/08/07 12:42:16.362, 7, 0, 0, 133.36
2026/08/07 12:42:16.862, 0, 104118, 100, 949.69
2026/08/07 12:42:16.862, 1, 105278, 100, 969.35
2026/08/07 12:42:16.862, 2, 105278, 100, 940.88
2026/08/07 12:42:16.862, 3, 105278, 100, 956.41
2026/08/07 12:42:16.862, 4, 0, 0, 134.24
2026/08/07 12:42:16.862, 5, 0, 0, 134.25
2026/08/07 12:42:16.862, 6, 0, 0, 132.26
2026/08/07 12:42:16.862, 7, 0, 0, 133.04
2026/08/07 12:42:17.362, 0, 104118, 100, 953.52
2026/08/07 12:42:17.362, 1, 105278, 100, 961.73
2026/08/07 12:42:17.362, 2, 105278, 100, 930.80
2026/08/07 12:42:17.362, 3, 105278, 100, 955.19
2026/08/07 12:42:17.362, 4, 0, 0, 134.24
2026/08/07 12:42:17.362, 5, 0, 0, 134.25
2026/08/07 12:42:17.362, 6, 0, 0, 132.19
2026/08/07 12:42:17.362, 7, 0, 0, 133.11
2026/08/07 12:42:17.862, 0, 104118, 100, 955.04
2026/08/07 12:42:17.863, 1, 105278, 100, 962.64
2026/08/07 12:42:17.863, 2, 105278, 100, 936.35
2026/08/07 12:42:17.863, 3, 105278, 100, 951.64
2026/08/07 12:42:17.863, 4, 0, 0, 134.24
2026/08/07 12:42:17.863, 5, 0, 0, 134.25
2026/08/07 12:42:17.863, 6, 0, 0, 132.13
2026/08/07 12:42:17.863, 7, 0, 0, 133.01
2026/08/07 12:42:18.363, 0, 104118, 100, 960.87
2026/08/07 12:42:18.363, 1, 105278, 100, 968.51
2026/08/07 12:42:18.363, 2, 105278, 100, 949.87
2026/08/07 12:42:18.363, 3, 105278, 100, 945.33
2026/08/07 12:42:18.363, 4, 0, 0, 134.35
2026/08/07 12:42:18.363, 5, 0, 0, 134.24
2026/08/07 12:42:18.363, 6, 0, 0, 132.17
2026/08/07 12:42:18.363, 7, 0, 0, 133.01
2026/08/07 12:42:18.863, 0, 104118, 100, 968.30
2026/08/07 12:42:18.863, 1, 105278, 100, 979.43
2026/08/07 12:42:18.863, 2, 105278, 100, 953.35
2026/08/07 12:42:18.863, 3, 105278, 100, 959.11
2026/08/07 12:42:18.863, 4, 0, 0, 134.35
2026/08/07 12:42:18.863, 5, 0, 0, 134.24
2026/08/07 12:42:18.863, 6, 0, 0, 132.16
2026/08/07 12:42:18.863, 7, 0, 0, 133.17
2026/08/07 12:42:19.363, 0, 104118, 100, 971.86
2026/08/07 12:42:19.363, 1, 105278, 100, 984.97
2026/08/07 12:42:19.363, 2, 105278, 100, 945.65
2026/08/07 12:42:19.363, 3, 105278, 100, 962.65
2026/08/07 12:42:19.363, 4, 0, 0, 134.24
2026/08/07 12:42:19.363, 5, 0, 0, 134.24
2026/08/07 12:42:19.363, 6, 0, 0, 132.08
2026/08/07 12:42:19.363, 7, 0, 0, 133.00
2026/08/07 12:42:19.863, 0, 104118, 100, 962.32
2026/08/07 12:42:19.863, 1, 105278, 100, 976.11
2026/08/07 12:42:19.863, 2, 105278, 100, 942.24
2026/08/07 12:42:19.863, 3, 105278, 100, 962.77
2026/08/07 12:42:19.863, 4, 0, 0, 134.25
2026/08/07 12:42:19.863, 5, 0, 0, 134.24
2026/08/07 12:42:19.863, 6, 0, 0, 132.09
2026/08/07 12:42:19.863, 7, 0, 0, 133.00
2026/08/07 12:42:20.363, 0, 104118, 100, 950.64
2026/08/07 12:42:20.363, 1, 105278, 100, 966.03
2026/08/07 12:42:20.363, 2, 105278, 100, 945.84
2026/08/07 12:42:20.363, 3, 105278, 100, 963.29
2026/08/07 12:42:20.363, 4, 0, 0, 134.24
2026/08/07 12:42:20.363, 5, 0, 0, 134.25
2026/08/07 12:42:20.363, 6, 0, 0, 132.21
2026/08/07 12:42:20.363, 7, 0, 0, 133.13
2026/08/07 12:42:20.863, 0, 104118, 100, 951.78
2026/08/07 12:42:20.863, 1, 105278, 100, 972.69
2026/08/07 12:42:20.863, 2, 105278, 100, 942.69
2026/08/07 12:42:20.864, 3, 105278, 100, 962.87
2026/08/07 12:42:20.864, 4, 0, 0, 134.24
2026/08/07 12:42:20.864, 5, 0, 0, 134.36
2026/08/07 12:42:20.864, 6, 0, 0, 132.12
2026/08/07 12:42:20.864, 7, 0, 0, 133.30
2026/08/07 12:42:21.364, 0, 104118, 100, 958.63
2026/08/07 12:42:21.364, 1, 105278, 100, 975.18
2026/08/07 12:42:21.364, 2, 105278, 100, 942.76
2026/08/07 12:42:21.364, 3, 105278, 100, 961.17
2026/08/07 12:42:21.364, 4, 0, 0, 134.23
2026/08/07 12:42:21.364, 5, 0, 0, 134.36
2026/08/07 12:42:21.364, 6, 0, 0, 131.96
2026/08/07 12:42:21.364, 7, 0, 0, 133.27
2026/08/07 12:42:21.864, 0, 104118, 100, 962.67
2026/08/07 12:42:21.864, 1, 105278, 100, 969.45
2026/08/07 12:42:21.864, 2, 105278, 100, 944.16
2026/08/07 12:42:21.864, 3, 105278, 100, 957.72
2026/08/07 12:42:21.864, 4, 0, 0, 134.24
2026/08/07 12:42:21.864, 5, 0, 0, 134.25
2026/08/07 12:42:21.864, 6, 0, 0, 132.04
2026/08/07 12:42:21.864, 7, 0, 0, 133.05
2026/08/07 12:42:22.364, 0, 104118, 100, 953.46
2026/08/07 12:42:22.364, 1, 105278, 100, 962.65
2026/08/07 12:42:22.364, 2, 105278, 100, 934.87
2026/08/07 12:42:22.364, 3, 105278, 100, 953.64
2026/08/07 12:42:22.364, 4, 0, 0, 134.24
2026/08/07 12:42:22.364, 5, 0, 0, 134.25
2026/08/07 12:42:22.364, 6, 0, 0, 132.19
2026/08/07 12:42:22.364, 7, 0, 0, 132.96
2026/08/07 12:42:22.864, 0, 104118, 100, 948.15
2026/08/07 12:42:22.864, 1, 105278, 100, 960.89
2026/08/07 12:42:22.864, 2, 105278, 100, 940.88
2026/08/07 12:42:22.864, 3, 105278, 100, 954.59
2026/08/07 12:42:22.864, 4, 0, 0, 134.24
2026/08/07 12:42:22.864, 5, 0, 0, 134.25
2026/08/07 12:42:22.864, 6, 0, 0, 132.09
2026/08/07 12:42:22.864, 7, 0, 0, 133.01
2026/08/07 12:42:23.364, 0, 104118, 100, 963.91
2026/08/07 12:42:23.365, 1, 105278, 100, 972.99
2026/08/07 12:42:23.365, 2, 105278, 100, 945.23
2026/08/07 12:42:23.365, 3, 105278, 100, 966.96
2026/08/07 12:42:23.365, 4, 0, 0, 134.35
2026/08/07 12:42:23.365, 5, 0, 0, 134.24
2026/08/07 12:42:23.365, 6, 0, 0, 132.13
2026/08/07 12:42:23.365, 7, 0, 0, 133.16
2026/08/07 12:42:23.865, 0, 104118, 100, 967.19
2026/08/07 12:42:23.865, 1, 105278, 100, 990.11
2026/08/07 12:42:23.865, 2, 105278, 100, 948.78
2026/08/07 12:42:23.865, 3, 105278, 100, 970.22
2026/08/07 12:42:23.865, 4, 0, 0, 134.36
2026/08/07 12:42:23.865, 5, 0, 0, 134.24
2026/08/07 12:42:23.865, 6, 0, 0, 132.24
2026/08/07 12:42:23.865, 7, 0, 0, 133.11
2026/08/07 12:42:24.365, 0, 104118, 100, 963.85
2026/08/07 12:42:24.365, 1, 105278, 100, 986.09
2026/08/07 12:42:24.365, 2, 105278, 100, 955.03
2026/08/07 12:42:24.365, 3, 105278, 100, 967.88
2026/08/07 12:42:24.365, 4, 0, 0, 134.24
2026/08/07 12:42:24.365, 5, 0, 0, 134.25
2026/08/07 12:42:24.365, 6, 0, 0, 132.12
2026/08/07 12:42:24.365, 7, 0, 0, 133.04
2026/08/07 12:42:24.865, 0, 104118, 100, 964.15
2026/08/07 12:42:24.865, 1, 105278, 100, 977.66
2026/08/07 12:42:24.865, 2, 105278, 100, 957.35
2026/08/07 12:42:24.865, 3, 105278, 100, 964.74
2026/08/07 12:42:24.865, 4, 0, 0, 134.24
2026/08/07 12:42:24.865, 5, 0, 0, 134.24
2026/08/07 12:42:24.865, 6, 0, 0, 132.12
2026/08/07 12:42:24.865, 7, 0, 0, 133.09
2026/08/07 12:42:25.365, 0, 104118, 100, 962.11
2026/08/07 12:42:25.365, 1, 105278, 100, 970.97
2026/08/07 12:42:25.365, 2, 105278, 100, 954.57
2026/08/07 12:42:25.365, 3, 105278, 100, 963.63
2026/08/07 12:42:25.365, 4, 0, 0, 134.24
2026/08/07 12:42:25.365, 5, 0, 0, 134.25
2026/08/07 12:42:25.365, 6, 0, 0, 132.08
2026/08/07 12:42:25.365, 7, 0, 0, 133.08
2026/08/07 12:42:25.865, 0, 104118, 100, 956.57
2026/08/07 12:42:25.866, 1, 105278, 100, 961.93
2026/08/07 12:42:25.867, 2, 105278, 100, 942.41
2026/08/07 12:42:25.868, 3, 105278, 100, 957.22
2026/08/07 12:42:25.869, 4, 0, 0, 134.24
2026/08/07 12:42:25.870, 5, 0, 0, 134.36
2026/08/07 12:42:25.871, 6, 0, 0, 132.12
2026/08/07 12:42:25.872, 7, 0, 0, 133.11
2026/08/07 12:42:26.373, 0, 104118, 100, 956.03
2026/08/07 12:42:26.373, 1, 105278, 100, 965.26
2026/08/07 12:42:26.373, 2, 105278, 100, 931.53
2026/08/07 12:42:26.373, 3, 105278, 100, 946.34
2026/08/07 12:42:26.373, 4, 0, 0, 134.24
2026/08/07 12:42:26.373, 5, 0, 0, 134.36
2026/08/07 12:42:26.373, 6, 0, 0, 132.23
2026/08/07 12:42:26.373, 7, 0, 0, 133.05
2026/08/07 12:42:26.873, 0, 104118, 100, 952.20
2026/08/07 12:42:26.873, 1, 105278, 100, 969.40
2026/08/07 12:42:26.873, 2, 105278, 100, 936.72
2026/08/07 12:42:26.873, 3, 105278, 100, 951.82
2026/08/07 12:42:26.873, 4, 0, 0, 134.24
2026/08/07 12:42:26.873, 5, 0, 0, 134.25
2026/08/07 12:42:26.873, 6, 0, 0, 132.15
2026/08/07 12:42:26.873, 7, 0, 0, 132.89
2026/08/07 12:42:27.374, 0, 104118, 100, 958.67
2026/08/07 12:42:27.374, 1, 105278, 100, 978.21
2026/08/07 12:42:27.374, 2, 105278, 100, 944.31
2026/08/07 12:42:27.374, 3, 105278, 100, 963.32
2026/08/07 12:42:27.374, 4, 0, 0, 134.24
2026/08/07 12:42:27.374, 5, 0, 0, 134.24
2026/08/07 12:42:27.374, 6, 0, 0, 132.00
2026/08/07 12:42:27.374, 7, 0, 0, 132.85
2026/08/07 12:42:27.874, 0, 104118, 100, 966.47
2026/08/07 12:42:27.874, 1, 105278, 100, 978.93
2026/08/07 12:42:27.874, 2, 105278, 100, 946.48
2026/08/07 12:42:27.874, 3, 105278, 100, 959.11
2026/08/07 12:42:27.874, 4, 0, 0, 134.23
2026/08/07 12:42:27.874, 5, 0, 0, 134.25
2026/08/07 12:42:27.874, 6, 0, 0, 132.12
2026/08/07 12:42:27.874, 7, 0, 0, 132.85
2026/08/07 12:42:28.374, 0, 104118, 100, 967.51
2026/08/07 12:42:28.375, 1, 105278, 100, 981.11
2026/08/07 12:42:28.376, 2, 105278, 100, 960.08
2026/08/07 12:42:28.377, 3, 105278, 100, 962.27
2026/08/07 12:42:28.378, 4, 0, 0, 134.35
2026/08/07 12:42:28.380, 5, 0, 0, 134.25
2026/08/07 12:42:28.381, 6, 0, 0, 132.32
2026/08/07 12:42:28.382, 7, 0, 0, 132.85
2026/08/07 12:42:28.883, 0, 104118, 100, 960.05
2026/08/07 12:42:28.883, 1, 105278, 100, 980.53
2026/08/07 12:42:28.883, 2, 105278, 100, 964.20
2026/08/07 12:42:28.883, 3, 105278, 100, 963.81
2026/08/07 12:42:28.883, 4, 0, 0, 134.35
2026/08/07 12:42:28.883, 5, 0, 0, 134.25
2026/08/07 12:42:28.883, 6, 0, 0, 132.15
2026/08/07 12:42:28.883, 7, 0, 0, 132.81
2026/08/07 12:42:29.383, 0, 104118, 100, 954.98
2026/08/07 12:42:29.383, 1, 105278, 100, 973.31
2026/08/07 12:42:29.383, 2, 105278, 100, 943.98
2026/08/07 12:42:29.383, 3, 105278, 100, 956.27
2026/08/07 12:42:29.383, 4, 0, 0, 134.24
2026/08/07 12:42:29.383, 5, 0, 0, 134.25
2026/08/07 12:42:29.383, 6, 0, 0, 132.11
2026/08/07 12:42:29.383, 7, 0, 0, 132.82
2026/08/07 12:42:29.884, 0, 104118, 100, 955.66
2026/08/07 12:42:29.884, 1, 105278, 100, 974.22
2026/08/07 12:42:29.884, 2, 105278, 100, 940.29
2026/08/07 12:42:29.884, 3, 105278, 100, 957.48
2026/08/07 12:42:29.884, 4, 0, 0, 134.24
2026/08/07 12:42:29.884, 5, 0, 0, 134.25
2026/08/07 12:42:29.884, 6, 0, 0, 132.19
2026/08/07 12:42:29.884, 7, 0, 0, 132.77
2026/08/07 12:42:30.384, 0, 104118, 100, 956.23
2026/08/07 12:42:30.384, 1, 105278, 100, 978.39
2026/08/07 12:42:30.384, 2, 105278, 100, 950.50
2026/08/07 12:42:30.384, 3, 105278, 100, 962.91
2026/08/07 12:42:30.384, 4, 0, 0, 134.24
2026/08/07 12:42:30.384, 5, 0, 0, 134.24
2026/08/07 12:42:30.384, 6, 0, 0, 132.08
2026/08/07 12:42:30.384, 7, 0, 0, 132.73
2026/08/07 12:42:30.884, 0, 104118, 100, 951.40
2026/08/07 12:42:30.884, 1, 105278, 100, 969.18
2026/08/07 12:42:30.884, 2, 105278, 100, 945.68
2026/08/07 12:42:30.884, 3, 105278, 100, 961.89
2026/08/07 12:42:30.884, 4, 0, 0, 134.24
2026/08/07 12:42:30.884, 5, 0, 0, 134.36
2026/08/07 12:42:30.884, 6, 0, 0, 132.03
2026/08/07 12:42:30.884, 7, 0, 0, 132.82
2026/08/07 12:42:31.384, 0, 104118, 100, 945.31
2026/08/07 12:42:31.384, 1, 105278, 100, 954.18
2026/08/07 12:42:31.384, 2, 105278, 100, 933.84
2026/08/07 12:42:31.384, 3, 105278, 100, 950.00
2026/08/07 12:42:31.384, 4, 0, 0, 134.24
2026/08/07 12:42:31.384, 5, 0, 0, 134.36
2026/08/07 12:42:31.384, 6, 0, 0, 132.11
2026/08/07 12:42:31.384, 7, 0, 0, 133.00
2026/08/07 12:42:31.884, 0, 104118, 100, 945.46
2026/08/07 12:42:31.884, 1, 105278, 100, 957.24
2026/08/07 12:42:31.884, 2, 105278, 100, 936.42
2026/08/07 12:42:31.884, 3, 105278, 100, 947.81
2026/08/07 12:42:31.884, 4, 0, 0, 134.24
2026/08/07 12:42:31.884, 5, 0, 0, 134.24
2026/08/07 12:42:31.884, 6, 0, 0, 132.20
2026/08/07 12:42:31.884, 7, 0, 0, 132.90
2026/08/07 12:42:32.384, 0, 104118, 100, 963.22
2026/08/07 12:42:32.384, 1, 105278, 100, 980.12
2026/08/07 12:42:32.384, 2, 105278, 100, 954.14
2026/08/07 12:42:32.384, 3, 105278, 100, 957.90
2026/08/07 12:42:32.384, 4, 0, 0, 134.24
2026/08/07 12:42:32.384, 5, 0, 0, 134.25
2026/08/07 12:42:32.385, 6, 0, 0, 132.09
2026/08/07 12:42:32.385, 7, 0, 0, 132.70
2026/08/07 12:42:32.885, 0, 104118, 100, 967.51
2026/08/07 12:42:32.885, 1, 105278, 100, 982.11
2026/08/07 12:42:32.885, 2, 105278, 100, 955.77
2026/08/07 12:42:32.885, 3, 105278, 100, 963.13
2026/08/07 12:42:32.885, 4, 0, 0, 134.24
2026/08/07 12:42:32.885, 5, 0, 0, 134.24
2026/08/07 12:42:32.885, 6, 0, 0, 132.07
2026/08/07 12:42:32.885, 7, 0, 0, 132.69
2026/08/07 12:42:33.385, 0, 104118, 100, 961.66
2026/08/07 12:42:33.385, 1, 105278, 100, 969.85
2026/08/07 12:42:33.385, 2, 105278, 100, 952.13
2026/08/07 12:42:33.385, 3, 105278, 100, 961.39
2026/08/07 12:42:33.385, 4, 0, 0, 134.35
2026/08/07 12:42:33.385, 5, 0, 0, 134.25
2026/08/07 12:42:33.385, 6, 0, 0, 132.23
2026/08/07 12:42:33.385, 7, 0, 0, 132.66
2026/08/07 12:42:33.885, 0, 104118, 100, 962.67
2026/08/07 12:42:33.885, 1, 105278, 100, 973.02
2026/08/07 12:42:33.885, 2, 105278, 100, 952.44
2026/08/07 12:42:33.885, 3, 105278, 100, 952.96
2026/08/07 12:42:33.885, 4, 0, 0, 134.35
2026/08/07 12:42:33.885, 5, 0, 0, 134.25
2026/08/07 12:42:33.885, 6, 0, 0, 132.17
2026/08/07 12:42:33.885, 7, 0, 0, 132.70
2026/08/07 12:42:34.385, 0, 104118, 100, 958.07
2026/08/07 12:42:34.385, 1, 105278, 100, 977.19
2026/08/07 12:42:34.385, 2, 105278, 100, 949.42
2026/08/07 12:42:34.385, 3, 105278, 100, 955.33
2026/08/07 12:42:34.385, 4, 0, 0, 134.24
2026/08/07 12:42:34.385, 5, 0, 0, 134.24
2026/08/07 12:42:34.385, 6, 0, 0, 131.94
2026/08/07 12:42:34.385, 7, 0, 0, 132.80
2026/08/07 12:42:34.885, 0, 104118, 100, 956.25
2026/08/07 12:42:34.885, 1, 105278, 100, 973.44
2026/08/07 12:42:34.885, 2, 105278, 100, 945.10
2026/08/07 12:42:34.885, 3, 105278, 100, 962.03
2026/08/07 12:42:34.885, 4, 0, 0, 134.25
2026/08/07 12:42:34.885, 5, 0, 0, 134.24
2026/08/07 12:42:34.885, 6, 0, 0, 131.97
2026/08/07 12:42:34.885, 7, 0, 0, 132.89
2026/08/07 12:42:35.385, 0, 104118, 100, 942.51
2026/08/07 12:42:35.385, 1, 105278, 100, 955.38
2026/08/07 12:42:35.385, 2, 105278, 100, 930.49
2026/08/07 12:42:35.385, 3, 105278, 100, 951.02
2026/08/07 12:42:35.385, 4, 0, 0, 134.25
2026/08/07 12:42:35.385, 5, 0, 0, 134.25
2026/08/07 12:42:35.385, 6, 0, 0, 132.13
2026/08/07 12:42:35.385, 7, 0, 0, 132.78
2026/08/07 12:42:35.886, 0, 104118, 100, 936.80
2026/08/07 12:42:35.886, 1, 105278, 100, 955.15
2026/08/07 12:42:35.887, 2, 105278, 100, 930.60
2026/08/07 12:42:35.888, 3, 105278, 100, 942.35
2026/08/07 12:42:35.890, 4, 0, 0, 134.24
2026/08/07 12:42:35.891, 5, 0, 0, 134.36
2026/08/07 12:42:35.892, 6, 0, 0, 132.01
2026/08/07 12:42:35.892, 7, 0, 0, 132.81
2026/08/07 12:42:36.392, 0, 104118, 100, 953.02
2026/08/07 12:42:36.392, 1, 105278, 100, 978.65
2026/08/07 12:42:36.392, 2, 105278, 100, 947.90
2026/08/07 12:42:36.393, 3, 105278, 100, 956.79
2026/08/07 12:42:36.393, 4, 0, 0, 134.24
2026/08/07 12:42:36.393, 5, 0, 0, 134.36
2026/08/07 12:42:36.393, 6, 0, 0, 132.11
2026/08/07 12:42:36.393, 7, 0, 0, 132.97
2026/08/07 12:42:36.893, 0, 104118, 100, 961.18
2026/08/07 12:42:36.893, 1, 105278, 100, 985.82
2026/08/07 12:42:36.893, 2, 105278, 100, 961.48
2026/08/07 12:42:36.893, 3, 105278, 100, 968.54
2026/08/07 12:42:36.893, 4, 0, 0, 134.24
2026/08/07 12:42:36.893, 5, 0, 0, 134.25
2026/08/07 12:42:36.893, 6, 0, 0, 132.20
2026/08/07 12:42:36.893, 7, 0, 0, 132.85
2026/08/07 12:42:37.393, 0, 104118, 100, 965.10
2026/08/07 12:42:37.393, 1, 105278, 100, 983.79
2026/08/07 12:42:37.393, 2, 105278, 100, 961.46
2026/08/07 12:42:37.393, 3, 105278, 100, 971.51
2026/08/07 12:42:37.393, 4, 0, 0, 134.24
2026/08/07 12:42:37.393, 5, 0, 0, 134.24
2026/08/07 12:42:37.393, 6, 0, 0, 132.04
2026/08/07 12:42:37.393, 7, 0, 0, 132.73
2026/08/07 12:42:37.893, 0, 104118, 100, 962.66
2026/08/07 12:42:37.893, 1, 105278, 100, 980.88
2026/08/07 12:42:37.893, 2, 105278, 100, 958.18
2026/08/07 12:42:37.893, 3, 105278, 100, 969.79
2026/08/07 12:42:37.893, 4, 0, 0, 134.24
2026/08/07 12:42:37.893, 5, 0, 0, 134.25
2026/08/07 12:42:37.893, 6, 0, 0, 131.96
2026/08/07 12:42:37.893, 7, 0, 0, 132.74
2026/08/07 12:42:38.393, 0, 104118, 100, 955.85
2026/08/07 12:42:38.393, 1, 105278, 100, 968.07
2026/08/07 12:42:38.394, 2, 105278, 100, 953.13
2026/08/07 12:42:38.395, 3, 105278, 100, 965.38
2026/08/07 12:42:38.396, 4, 0, 0, 134.35
2026/08/07 12:42:38.397, 5, 0, 0, 134.25
2026/08/07 12:42:38.398, 6, 0, 0, 131.92
2026/08/07 12:42:38.399, 7, 0, 0, 132.73
2026/08/07 12:42:38.900, 0, 104118, 100, 955.04
2026/08/07 12:42:38.900, 1, 105278, 100, 967.55
2026/08/07 12:42:38.900, 2, 105278, 100, 941.16
2026/08/07 12:42:38.900, 3, 105278, 100, 953.01
2026/08/07 12:42:38.900, 4, 0, 0, 134.35
2026/08/07 12:42:38.900, 5, 0, 0, 134.25
2026/08/07 12:42:38.900, 6, 0, 0, 132.03
2026/08/07 12:42:38.900, 7, 0, 0, 132.73
2026/08/07 12:42:39.400, 0, 104118, 100, 955.64
2026/08/07 12:42:39.400, 1, 105278, 100, 974.56
2026/08/07 12:42:39.400, 2, 105278, 100, 934.78
2026/08/07 12:42:39.400, 3, 105278, 100, 952.80
2026/08/07 12:42:39.400, 4, 0, 0, 134.23
2026/08/07 12:42:39.400, 5, 0, 0, 134.24
2026/08/07 12:42:39.400, 6, 0, 0, 132.10
2026/08/07 12:42:39.400, 7, 0, 0, 132.58
2026/08/07 12:42:39.900, 0, 104118, 100, 959.53
2026/08/07 12:42:39.900, 1, 105278, 100, 971.08
2026/08/07 12:42:39.900, 2, 105278, 100, 940.87
2026/08/07 12:42:39.900, 3, 105278, 100, 954.82
2026/08/07 12:42:39.900, 4, 0, 0, 134.23
2026/08/07 12:42:39.900, 5, 0, 0, 134.25
2026/08/07 12:42:39.900, 6, 0, 0, 131.91
2026/08/07 12:42:39.900, 7, 0, 0, 132.58
2026/08/07 12:42:40.400, 0, 104118, 100, 953.07
2026/08/07 12:42:40.400, 1, 105278, 100, 968.00
2026/08/07 12:42:40.400, 2, 105278, 100, 945.05
2026/08/07 12:42:40.400, 3, 105278, 100, 954.71
2026/08/07 12:42:40.400, 4, 0, 0, 134.24
2026/08/07 12:42:40.400, 5, 0, 0, 134.25
2026/08/07 12:42:40.400, 6, 0, 0, 131.77
2026/08/07 12:42:40.400, 7, 0, 0, 132.70
2026/08/07 12:42:40.900, 0, 104118, 100, 954.83
2026/08/07 12:42:40.900, 1, 105278, 100, 972.01
2026/08/07 12:42:40.900, 2, 105278, 100, 946.62
2026/08/07 12:42:40.900, 3, 105278, 100, 956.67
2026/08/07 12:42:40.900, 4, 0, 0, 134.25
2026/08/07 12:42:40.900, 5, 0, 0, 134.36
2026/08/07 12:42:40.900, 6, 0, 0, 131.90
2026/08/07 12:42:40.900, 7, 0, 0, 132.81
2026/08/07 12:42:41.400, 0, 104118, 100, 963.80
2026/08/07 12:42:41.400, 1, 105278, 100, 977.65
2026/08/07 12:42:41.400, 2, 105278, 100, 945.61
2026/08/07 12:42:41.400, 3, 105278, 100, 962.75
2026/08/07 12:42:41.400, 4, 0, 0, 134.24
2026/08/07 12:42:41.400, 5, 0, 0, 134.36
2026/08/07 12:42:41.400, 6, 0, 0, 132.01
2026/08/07 12:42:41.400, 7, 0, 0, 132.81
2026/08/07 12:42:41.900, 0, 104118, 100, 970.20
2026/08/07 12:42:41.900, 1, 105278, 100, 986.03
2026/08/07 12:42:41.900, 2, 105278, 100, 940.91
2026/08/07 12:42:41.900, 3, 105278, 100, 964.65
2026/08/07 12:42:41.900, 4, 0, 0, 134.23
2026/08/07 12:42:41.901, 5, 0, 0, 134.25
2026/08/07 12:42:41.901, 6, 0, 0, 131.77
2026/08/07 12:42:41.901, 7, 0, 0, 132.65
2026/08/07 12:42:42.401, 0, 104118, 100, 973.37
2026/08/07 12:42:42.401, 1, 105278, 100, 983.22
2026/08/07 12:42:42.401, 2, 105278, 100, 946.58
2026/08/07 12:42:42.401, 3, 105278, 100, 965.28
2026/08/07 12:42:42.401, 4, 0, 0, 134.24
2026/08/07 12:42:42.401, 5, 0, 0, 134.24
2026/08/07 12:42:42.401, 6, 0, 0, 131.71
2026/08/07 12:42:42.401, 7, 0, 0, 132.66
2026/08/07 12:42:42.901, 0, 104118, 100, 956.28
2026/08/07 12:42:42.901, 1, 105278, 100, 967.29
2026/08/07 12:42:42.901, 2, 105278, 100, 944.12
2026/08/07 12:42:42.901, 3, 105278, 100, 959.98
2026/08/07 12:42:42.901, 4, 0, 0, 134.24
2026/08/07 12:42:42.901, 5, 0, 0, 134.25
2026/08/07 12:42:42.901, 6, 0, 0, 131.93
2026/08/07 12:42:42.901, 7, 0, 0, 132.70
2026/08/07 12:42:43.401, 0, 104118, 100, 941.36
2026/08/07 12:42:43.401, 1, 105278, 100, 954.44
2026/08/07 12:42:43.401, 2, 105278, 100, 946.15
2026/08/07 12:42:43.401, 3, 105278, 100, 951.41
2026/08/07 12:42:43.401, 4, 0, 0, 134.35
2026/08/07 12:42:43.401, 5, 0, 0, 134.24
2026/08/07 12:42:43.401, 6, 0, 0, 132.08
2026/08/07 12:42:43.401, 7, 0, 0, 132.66
2026/08/07 12:42:43.901, 0, 104118, 100, 954.11
2026/08/07 12:42:43.901, 1, 105278, 100, 966.09
2026/08/07 12:42:43.901, 2, 105278, 100, 947.29
2026/08/07 12:42:43.901, 3, 105278, 100, 957.62
2026/08/07 12:42:43.901, 4, 0, 0, 134.36
2026/08/07 12:42:43.901, 5, 0, 0, 134.25
2026/08/07 12:42:43.901, 6, 0, 0, 132.01
2026/08/07 12:42:43.901, 7, 0, 0, 132.65
2026/08/07 12:42:44.401, 0, 104118, 99, 954.35
2026/08/07 12:42:44.401, 1, 105278, 99, 964.75
2026/08/07 12:42:44.401, 2, 105278, 100, 941.22
2026/08/07 12:42:44.401, 3, 105278, 99, 954.78
2026/08/07 12:42:44.401, 4, 0, 0, 134.24
2026/08/07 12:42:44.401, 5, 0, 0, 134.25
2026/08/07 12:42:44.401, 6, 0, 0, 132.00
2026/08/07 12:42:44.401, 7, 0, 0, 132.54
2026/08/07 12:42:44.901, 0, 104118, 100, 955.19
2026/08/07 12:42:44.901, 1, 105278, 100, 966.51
2026/08/07 12:42:44.901, 2, 105278, 100, 943.80
2026/08/07 12:42:44.901, 3, 105278, 100, 952.52
2026/08/07 12:42:44.901, 4, 0, 0, 134.24
2026/08/07 12:42:44.901, 5, 0, 0, 134.25
2026/08/07 12:42:44.901, 6, 0, 0, 131.96
2026/08/07 12:42:44.901, 7, 0, 0, 132.50
2026/08/07 12:42:45.402, 0, 104118, 100, 952.97
2026/08/07 12:42:45.402, 1, 105278, 100, 968.68
2026/08/07 12:42:45.402, 2, 105278, 100, 951.22
2026/08/07 12:42:45.402, 3, 105278, 100, 957.67
2026/08/07 12:42:45.402, 4, 0, 0, 134.24
2026/08/07 12:42:45.402, 5, 0, 0, 134.25
2026/08/07 12:42:45.402, 6, 0, 0, 132.00
2026/08/07 12:42:45.402, 7, 0, 0, 132.61
2026/08/07 12:42:45.902, 0, 104118, 100, 953.52
2026/08/07 12:42:45.902, 1, 105278, 100, 972.31
2026/08/07 12:42:45.902, 2, 105278, 100, 955.21
2026/08/07 12:42:45.902, 3, 105278, 100, 957.40
2026/08/07 12:42:45.902, 4, 0, 0, 134.23
2026/08/07 12:42:45.902, 5, 0, 0, 134.36
2026/08/07 12:42:45.902, 6, 0, 0, 132.11
2026/08/07 12:42:45.902, 7, 0, 0, 132.70
2026/08/07 12:42:46.402, 0, 104118, 100, 957.20
2026/08/07 12:42:46.402, 1, 105278, 100, 979.69
2026/08/07 12:42:46.402, 2, 105278, 100, 956.17
2026/08/07 12:42:46.402, 3, 105278, 100, 960.80
2026/08/07 12:42:46.402, 4, 0, 0, 134.24
2026/08/07 12:42:46.402, 5, 0, 0, 134.36
2026/08/07 12:42:46.402, 6, 0, 0, 132.08
2026/08/07 12:42:46.402, 7, 0, 0, 132.66
2026/08/07 12:42:46.902, 0, 104118, 100, 959.56
2026/08/07 12:42:46.902, 1, 105278, 100, 969.59
2026/08/07 12:42:46.902, 2, 105278, 100, 948.19
2026/08/07 12:42:46.902, 3, 105278, 100, 964.07
2026/08/07 12:42:46.902, 4, 0, 0, 134.24
2026/08/07 12:42:46.902, 5, 0, 0, 134.24
2026/08/07 12:42:46.902, 6, 0, 0, 132.05
2026/08/07 12:42:46.902, 7, 0, 0, 132.54
2026/08/07 12:42:47.402, 0, 104118, 100, 959.24
2026/08/07 12:42:47.402, 1, 105278, 100, 967.22
2026/08/07 12:42:47.402, 2, 105278, 100, 939.45
2026/08/07 12:42:47.402, 3, 105278, 100, 955.22
2026/08/07 12:42:47.402, 4, 0, 0, 134.24
2026/08/07 12:42:47.402, 5, 0, 0, 134.25
2026/08/07 12:42:47.402, 6, 0, 0, 131.97
2026/08/07 12:42:47.402, 7, 0, 0, 132.58
2026/08/07 12:42:47.902, 0, 104118, 100, 954.63
2026/08/07 12:42:47.902, 1, 105278, 100, 962.35
2026/08/07 12:42:47.904, 2, 105278, 100, 944.05
2026/08/07 12:42:47.905, 3, 105278, 100, 950.06
2026/08/07 12:42:47.905, 4, 0, 0, 134.23
2026/08/07 12:42:47.905, 5, 0, 0, 134.25
2026/08/07 12:42:47.905, 6, 0, 0, 132.00
2026/08/07 12:42:47.905, 7, 0, 0, 132.62
2026/08/07 12:42:48.405, 0, 104118, 100, 947.07
2026/08/07 12:42:48.405, 1, 105278, 100, 966.41
2026/08/07 12:42:48.405, 2, 105278, 100, 936.44
2026/08/07 12:42:48.405, 3, 105278, 100, 947.02
2026/08/07 12:42:48.405, 4, 0, 0, 134.34
2026/08/07 12:42:48.405, 5, 0, 0, 134.25
2026/08/07 12:42:48.405, 6, 0, 0, 132.10
2026/08/07 12:42:48.405, 7, 0, 0, 132.62
2026/08/07 12:42:48.905, 0, 104118, 99, 952.82
2026/08/07 12:42:48.905, 1, 105278, 99, 967.34
2026/08/07 12:42:48.905, 2, 105278, 100, 933.05
2026/08/07 12:42:48.905, 3, 105278, 99, 946.48
2026/08/07 12:42:48.905, 4, 0, 0, 134.34
2026/08/07 12:42:48.905, 5, 0, 0, 134.24
2026/08/07 12:42:48.905, 6, 0, 0, 132.18
2026/08/07 12:42:48.905, 7, 0, 0, 132.54
2026/08/07 12:42:49.405, 0, 104118, 100, 963.21
2026/08/07 12:42:49.405, 1, 105278, 100, 977.37
2026/08/07 12:42:49.405, 2, 105278, 100, 950.99
2026/08/07 12:42:49.405, 3, 105278, 100, 961.16
2026/08/07 12:42:49.405, 4, 0, 0, 134.24
2026/08/07 12:42:49.405, 5, 0, 0, 134.25
2026/08/07 12:42:49.405, 6, 0, 0, 132.07
2026/08/07 12:42:49.405, 7, 0, 0, 132.54
2026/08/07 12:42:49.905, 0, 104118, 100, 954.72
2026/08/07 12:42:49.905, 1, 105278, 100, 976.39
2026/08/07 12:42:49.905, 2, 105278, 100, 952.93
2026/08/07 12:42:49.905, 3, 105278, 100, 968.83
2026/08/07 12:42:49.905, 4, 0, 0, 134.23
2026/08/07 12:42:49.905, 5, 0, 0, 134.25
2026/08/07 12:42:49.905, 6, 0, 0, 132.08
2026/08/07 12:42:49.905, 7, 0, 0, 132.65
2026/08/07 12:42:50.405, 0, 104118, 100, 950.58
2026/08/07 12:42:50.405, 1, 105278, 100, 972.89
2026/08/07 12:42:50.405, 2, 105278, 100, 949.08
2026/08/07 12:42:50.405, 3, 105278, 100, 965.67
2026/08/07 12:42:50.405, 4, 0, 0, 134.23
2026/08/07 12:42:50.405, 5, 0, 0, 134.25
2026/08/07 12:42:50.405, 6, 0, 0, 132.01
2026/08/07 12:42:50.406, 7, 0, 0, 132.69
2026/08/07 12:42:50.906, 0, 104118, 100, 961.79
2026/08/07 12:42:50.906, 1, 105278, 100, 977.95
2026/08/07 12:42:50.906, 2, 105278, 100, 952.65
2026/08/07 12:42:50.906, 3, 105278, 100, 963.60
2026/08/07 12:42:50.906, 4, 0, 0, 134.24
2026/08/07 12:42:50.906, 5, 0, 0, 134.36
2026/08/07 12:42:50.906, 6, 0, 0, 131.81
2026/08/07 12:42:50.906, 7, 0, 0, 132.86
2026/08/07 12:42:51.406, 0, 104118, 100, 958.34
2026/08/07 12:42:51.406, 1, 105278, 100, 976.37
2026/08/07 12:42:51.407, 2, 105278, 100, 952.51
2026/08/07 12:42:51.408, 3, 105278, 100, 956.23
2026/08/07 12:42:51.409, 4, 0, 0, 134.24
2026/08/07 12:42:51.410, 5, 0, 0, 134.36
2026/08/07 12:42:51.411, 6, 0, 0, 131.85
2026/08/07 12:42:51.413, 7, 0, 0, 132.77
2026/08/07 12:42:51.914, 0, 104118, 100, 952.51
2026/08/07 12:42:51.914, 1, 105278, 100, 973.16
2026/08/07 12:42:51.914, 2, 105278, 100, 944.51
2026/08/07 12:42:51.914, 3, 105278, 100, 958.29
2026/08/07 12:42:51.914, 4, 0, 0, 134.24
2026/08/07 12:42:51.914, 5, 0, 0, 134.24
2026/08/07 12:42:51.914, 6, 0, 0, 131.93
2026/08/07 12:42:51.914, 7, 0, 0, 132.54
2026/08/07 12:42:52.414, 0, 104118, 100, 955.40
2026/08/07 12:42:52.414, 1, 105278, 100, 972.28
2026/08/07 12:42:52.414, 2, 105278, 100, 943.56
2026/08/07 12:42:52.414, 3, 105278, 100, 957.45
2026/08/07 12:42:52.414, 4, 0, 0, 134.24
2026/08/07 12:42:52.414, 5, 0, 0, 134.24
2026/08/07 12:42:52.414, 6, 0, 0, 131.78
2026/08/07 12:42:52.414, 7, 0, 0, 132.51
2026/08/07 12:42:52.914, 0, 104118, 100, 949.93
2026/08/07 12:42:52.914, 1, 105278, 100, 965.56
2026/08/07 12:42:52.914, 2, 105278, 100, 933.60
2026/08/07 12:42:52.914, 3, 105278, 100, 949.79
2026/08/07 12:42:52.914, 4, 0, 0, 134.24
2026/08/07 12:42:52.914, 5, 0, 0, 134.25
2026/08/07 12:42:52.914, 6, 0, 0, 131.96
2026/08/07 12:42:52.914, 7, 0, 0, 132.54
2026/08/07 12:42:53.414, 0, 104118, 100, 943.95
2026/08/07 12:42:53.414, 1, 105278, 100, 959.16
2026/08/07 12:42:53.414, 2, 105278, 100, 931.45
2026/08/07 12:42:53.414, 3, 105278, 100, 950.88
2026/08/07 12:42:53.414, 4, 0, 0, 134.35
2026/08/07 12:42:53.415, 5, 0, 0, 134.25
2026/08/07 12:42:53.415, 6, 0, 0, 132.10
2026/08/07 12:42:53.415, 7, 0, 0, 132.62
2026/08/07 12:42:53.915, 0, 104118, 100, 948.64
2026/08/07 12:42:53.915, 1, 105278, 100, 967.30
2026/08/07 12:42:53.915, 2, 105278, 100, 947.56
2026/08/07 12:42:53.915, 3, 105278, 100, 961.36
2026/08/07 12:42:53.915, 4, 0, 0, 134.35
2026/08/07 12:42:53.915, 5, 0, 0, 134.25
2026/08/07 12:42:53.915, 6, 0, 0, 131.99
2026/08/07 12:42:53.915, 7, 0, 0, 132.66
2026/08/07 12:42:54.415, 0, 104118, 100, 948.44
2026/08/07 12:42:54.415, 1, 105278, 100, 969.84
2026/08/07 12:42:54.415, 2, 105278, 100, 953.11
2026/08/07 12:42:54.415, 3, 105278, 100, 965.44
2026/08/07 12:42:54.415, 4, 0, 0, 134.24
2026/08/07 12:42:54.415, 5, 0, 0, 134.25
2026/08/07 12:42:54.415, 6, 0, 0, 132.07
2026/08/07 12:42:54.415, 7, 0, 0, 132.69
2026/08/07 12:42:54.915, 0, 104118, 100, 948.97
2026/08/07 12:42:54.915, 1, 105278, 100, 971.10
2026/08/07 12:42:54.915, 2, 105278, 100, 947.89
2026/08/07 12:42:54.915, 3, 105278, 100, 959.45
2026/08/07 12:42:54.915, 4, 0, 0, 134.24
2026/08/07 12:42:54.915, 5, 0, 0, 134.25
2026/08/07 12:42:54.915, 6, 0, 0, 132.04
2026/08/07 12:42:54.915, 7, 0, 0, 132.62
2026/08/07 12:42:55.415, 0, 104118, 100, 951.48
2026/08/07 12:42:55.415, 1, 105278, 100, 977.67
2026/08/07 12:42:55.415, 2, 105278, 100, 946.11
2026/08/07 12:42:55.415, 3, 105278, 100, 957.73
2026/08/07 12:42:55.415, 4, 0, 0, 134.24
2026/08/07 12:42:55.415, 5, 0, 0, 134.24
2026/08/07 12:42:55.415, 6, 0, 0, 131.96
2026/08/07 12:42:55.415, 7, 0, 0, 132.58
2026/08/07 12:42:55.915, 0, 104118, 100, 957.51
2026/08/07 12:42:55.915, 1, 105278, 100, 973.40
2026/08/07 12:42:55.915, 2, 105278, 100, 951.10
2026/08/07 12:42:55.915, 3, 105278, 100, 960.71
2026/08/07 12:42:55.915, 4, 0, 0, 134.24
2026/08/07 12:42:55.915, 5, 0, 0, 134.36
2026/08/07 12:42:55.916, 6, 0, 0, 131.93
2026/08/07 12:42:55.916, 7, 0, 0, 132.85
2026/08/07 12:42:56.416, 0, 104118, 100, 950.54
2026/08/07 12:42:56.417, 1, 105278, 100, 964.09
2026/08/07 12:42:56.417, 2, 105278, 100, 947.30
2026/08/07 12:42:56.417, 3, 105278, 100, 963.22
2026/08/07 12:42:56.417, 4, 0, 0, 134.24
2026/08/07 12:42:56.418, 5, 0, 0, 134.36
2026/08/07 12:42:56.418, 6, 0, 0, 131.98
2026/08/07 12:42:56.418, 7, 0, 0, 133.00
2026/08/07 12:42:56.918, 0, 104118, 100, 947.34
2026/08/07 12:42:56.918, 1, 105278, 100, 959.06
2026/08/07 12:42:56.918, 2, 105278, 100, 926.01
2026/08/07 12:42:56.918, 3, 105278, 100, 955.20
2026/08/07 12:42:56.918, 4, 0, 0, 134.24
2026/08/07 12:42:56.918, 5, 0, 0, 134.25
2026/08/07 12:42:56.918, 6, 0, 0, 132.09
2026/08/07 12:42:56.918, 7, 0, 0, 132.86
2026/08/07 12:42:57.419, 0, 104118, 100, 953.67
2026/08/07 12:42:57.419, 1, 105278, 100, 968.58
2026/08/07 12:42:57.419, 2, 105278, 100, 928.47
2026/08/07 12:42:57.419, 3, 105278, 100, 956.16
2026/08/07 12:42:57.419, 4, 0, 0, 134.24
2026/08/07 12:42:57.419, 5, 0, 0, 134.25
2026/08/07 12:42:57.419, 6, 0, 0, 132.21
2026/08/07 12:42:57.419, 7, 0, 0, 132.70
2026/08/07 12:42:57.919, 0, 104118, 100, 945.05
2026/08/07 12:42:57.919, 1, 105278, 100, 961.27
2026/08/07 12:42:57.919, 2, 105278, 100, 939.55
2026/08/07 12:42:57.919, 3, 105278, 100, 956.45
2026/08/07 12:42:57.919, 4, 0, 0, 134.25
2026/08/07 12:42:57.919, 5, 0, 0, 134.25
2026/08/07 12:42:57.919, 6, 0, 0, 132.16
2026/08/07 12:42:57.919, 7, 0, 0, 132.54
2026/08/07 12:42:58.419, 0, 104118, 100, 949.86
2026/08/07 12:42:58.419, 1, 105278, 100, 962.98
2026/08/07 12:42:58.419, 2, 105278, 100, 949.55
2026/08/07 12:42:58.419, 3, 105278, 100, 958.58
2026/08/07 12:42:58.419, 4, 0, 0, 134.35
2026/08/07 12:42:58.419, 5, 0, 0, 134.25
2026/08/07 12:42:58.419, 6, 0, 0, 131.93
2026/08/07 12:42:58.419, 7, 0, 0, 132.62
2026/08/07 12:42:58.919, 0, 104118, 100, 964.95
2026/08/07 12:42:58.919, 1, 105278, 100, 974.92
2026/08/07 12:42:58.919, 2, 105278, 100, 958.12
2026/08/07 12:42:58.919, 3, 105278, 100, 963.17
2026/08/07 12:42:58.919, 4, 0, 0, 134.35
2026/08/07 12:42:58.920, 5, 0, 0, 134.25
2026/08/07 12:42:58.920, 6, 0, 0, 131.84
2026/08/07 12:42:58.920, 7, 0, 0, 132.66
2026/08/07 12:42:59.420, 0, 104118, 100, 968.31
2026/08/07 12:42:59.420, 1, 105278, 100, 969.70
2026/08/07 12:42:59.420, 2, 105278, 100, 943.18
2026/08/07 12:42:59.420, 3, 105278, 100, 954.62
2026/08/07 12:42:59.420, 4, 0, 0, 134.24
2026/08/07 12:42:59.420, 5, 0, 0, 134.25
2026/08/07 12:42:59.420, 6, 0, 0, 131.89
2026/08/07 12:42:59.420, 7, 0, 0, 132.58
2026/08/07 12:42:59.920, 0, 104118, 100, 960.17
2026/08/07 12:42:59.920, 1, 105278, 100, 974.68
2026/08/07 12:42:59.920, 2, 105278, 100, 946.83
2026/08/07 12:42:59.920, 3, 105278, 100, 959.82
2026/08/07 12:42:59.920, 4, 0, 0, 134.24
2026/08/07 12:42:59.920, 5, 0, 0, 134.24
2026/08/07 12:42:59.920, 6, 0, 0, 131.97
2026/08/07 12:42:59.920, 7, 0, 0, 132.50
2026/08/07 12:43:00.420, 0, 104118, 100, 958.75
2026/08/07 12:43:00.421, 1, 105278, 100, 972.54
2026/08/07 12:43:00.421, 2, 105278, 100, 953.41
2026/08/07 12:43:00.421, 3, 105278, 100, 965.02
2026/08/07 12:43:00.421, 4, 0, 0, 134.24
2026/08/07 12:43:00.421, 5, 0, 0, 134.21
2026/08/07 12:43:00.421, 6, 0, 0, 132.01
2026/08/07 12:43:00.421, 7, 0, 0, 132.58
2026/08/07 12:43:00.921, 0, 104118, 100, 952.36
2026/08/07 12:43:00.921, 1, 105278, 100, 959.31
2026/08/07 12:43:00.921, 2, 105278, 100, 946.68
2026/08/07 12:43:00.921, 3, 105278, 100, 954.14
2026/08/07 12:43:00.921, 4, 0, 0, 134.24
2026/08/07 12:43:00.921, 5, 0, 0, 134.29
2026/08/07 12:43:00.921, 6, 0, 0, 131.98
2026/08/07 12:43:00.921, 7, 0, 0, 132.78
2026/08/07 12:43:01.421, 0, 104118, 100, 952.65
2026/08/07 12:43:01.421, 1, 105278, 100, 955.76
2026/08/07 12:43:01.421, 2, 105278, 100, 935.42
2026/08/07 12:43:01.421, 3, 105278, 100, 946.13
2026/08/07 12:43:01.421, 4, 0, 0, 134.24
2026/08/07 12:43:01.421, 5, 0, 0, 134.32
2026/08/07 12:43:01.421, 6, 0, 0, 131.97
2026/08/07 12:43:01.421, 7, 0, 0, 132.74
2026/08/07 12:43:01.922, 0, 104118, 100, 952.02
2026/08/07 12:43:01.922, 1, 105278, 100, 955.61
2026/08/07 12:43:01.922, 2, 105278, 100, 931.19
2026/08/07 12:43:01.922, 3, 105278, 100, 946.84
2026/08/07 12:43:01.922, 4, 0, 0, 134.24
2026/08/07 12:43:01.922, 5, 0, 0, 134.25
2026/08/07 12:43:01.922, 6, 0, 0, 132.07
2026/08/07 12:43:01.922, 7, 0, 0, 132.58
2026/08/07 12:43:02.422, 0, 104118, 100, 955.19
2026/08/07 12:43:02.422, 1, 105278, 100, 964.34
2026/08/07 12:43:02.422, 2, 105278, 100, 936.25
2026/08/07 12:43:02.422, 3, 105278, 100, 949.51
2026/08/07 12:43:02.422, 4, 0, 0, 134.23
2026/08/07 12:43:02.422, 5, 0, 0, 134.25
2026/08/07 12:43:02.422, 6, 0, 0, 131.88
2026/08/07 12:43:02.422, 7, 0, 0, 132.50
2026/08/07 12:43:02.922, 0, 104118, 100, 961.85
2026/08/07 12:43:02.922, 1, 105278, 100, 974.24
2026/08/07 12:43:02.922, 2, 105278, 100, 939.09
2026/08/07 12:43:02.922, 3, 105278, 100, 965.42
2026/08/07 12:43:02.922, 4, 0, 0, 134.23
2026/08/07 12:43:02.922, 5, 0, 0, 134.24
2026/08/07 12:43:02.922, 6, 0, 0, 131.88
2026/08/07 12:43:02.922, 7, 0, 0, 132.46
2026/08/07 12:43:03.422, 0, 104118, 100, 962.37
2026/08/07 12:43:03.422, 1, 105278, 100, 977.07
2026/08/07 12:43:03.422, 2, 105278, 100, 947.26
2026/08/07 12:43:03.422, 3, 105278, 100, 966.08
2026/08/07 12:43:03.422, 4, 0, 0, 134.31
2026/08/07 12:43:03.422, 5, 0, 0, 134.25
2026/08/07 12:43:03.422, 6, 0, 0, 132.03
2026/08/07 12:43:03.422, 7, 0, 0, 132.50
2026/08/07 12:43:03.922, 0, 104118, 100, 966.10
2026/08/07 12:43:03.923, 1, 105278, 100, 980.08
2026/08/07 12:43:03.924, 2, 105278, 100, 947.06
2026/08/07 12:43:03.925, 3, 105278, 100, 958.84
2026/08/07 12:43:03.926, 4, 0, 0, 134.31
2026/08/07 12:43:03.927, 5, 0, 0, 134.25
2026/08/07 12:43:03.928, 6, 0, 0, 131.96
2026/08/07 12:43:03.929, 7, 0, 0, 132.58
2026/08/07 12:43:04.430, 0, 104118, 100, 962.37
2026/08/07 12:43:04.430, 1, 105278, 100, 977.09
2026/08/07 12:43:04.430, 2, 105278, 100, 950.39
2026/08/07 12:43:04.430, 3, 105278, 100, 960.39
2026/08/07 12:43:04.430, 4, 0, 0, 134.24
2026/08/07 12:43:04.430, 5, 0, 0, 134.25
2026/08/07 12:43:04.430, 6, 0, 0, 131.92
2026/08/07 12:43:04.430, 7, 0, 0, 132.66
2026/08/07 12:43:04.930, 0, 104118, 100, 955.81
2026/08/07 12:43:04.930, 1, 105278, 100, 968.90
2026/08/07 12:43:04.930, 2, 105278, 100, 948.84
2026/08/07 12:43:04.930, 3, 105278, 100, 963.36
2026/08/07 12:43:04.930, 4, 0, 0, 134.24
2026/08/07 12:43:04.930, 5, 0, 0, 134.24
2026/08/07 12:43:04.930, 6, 0, 0, 131.96
2026/08/07 12:43:04.930, 7, 0, 0, 132.69
2026/08/07 12:43:05.430, 0, 104118, 100, 948.97
2026/08/07 12:43:05.430, 1, 105278, 100, 962.84
2026/08/07 12:43:05.430, 2, 105278, 100, 942.59
2026/08/07 12:43:05.430, 3, 105278, 100, 959.26
2026/08/07 12:43:05.430, 4, 0, 0, 134.23
2026/08/07 12:43:05.430, 5, 0, 0, 134.25
2026/08/07 12:43:05.430, 6, 0, 0, 131.84
2026/08/07 12:43:05.430, 7, 0, 0, 132.62
2026/08/07 12:43:05.930, 0, 104118, 100, 943.77
2026/08/07 12:43:05.930, 1, 105278, 100, 965.56
2026/08/07 12:43:05.930, 2, 105278, 100, 943.92
2026/08/07 12:43:05.930, 3, 105278, 100, 956.56
2026/08/07 12:43:05.930, 4, 0, 0, 134.23
2026/08/07 12:43:05.930, 5, 0, 0, 134.32
2026/08/07 12:43:05.930, 6, 0, 0, 131.92
2026/08/07 12:43:05.930, 7, 0, 0, 132.73
2026/08/07 12:43:06.430, 0, 104118, 99, 947.63
2026/08/07 12:43:06.430, 1, 105278, 99, 969.00
2026/08/07 12:43:06.430, 2, 105278, 99, 942.22
2026/08/07 12:43:06.430, 3, 105278, 100, 961.08
2026/08/07 12:43:06.430, 4, 0, 0, 134.23
2026/08/07 12:43:06.430, 5, 0, 0, 134.32
2026/08/07 12:43:06.430, 6, 0, 0, 131.96
2026/08/07 12:43:06.430, 7, 0, 0, 132.70
2026/08/07 12:43:06.930, 0, 104118, 100, 956.15
2026/08/07 12:43:06.930, 1, 105278, 100, 969.81
2026/08/07 12:43:06.930, 2, 105278, 100, 942.73
2026/08/07 12:43:06.930, 3, 105278, 100, 955.60
2026/08/07 12:43:06.930, 4, 0, 0, 134.23
2026/08/07 12:43:06.930, 5, 0, 0, 134.17
2026/08/07 12:43:06.930, 6, 0, 0, 131.96
2026/08/07 12:43:06.930, 7, 0, 0, 132.54
2026/08/07 12:43:07.430, 0, 104118, 100, 960.49
2026/08/07 12:43:07.430, 1, 105278, 100, 972.10
2026/08/07 12:43:07.430, 2, 105278, 100, 952.21
2026/08/07 12:43:07.431, 3, 105278, 100, 964.22
2026/08/07 12:43:07.431, 4, 0, 0, 134.24
2026/08/07 12:43:07.431, 5, 0, 0, 134.17
2026/08/07 12:43:07.431, 6, 0, 0, 132.03
2026/08/07 12:43:07.431, 7, 0, 0, 132.54
2026/08/07 12:43:07.931, 0, 104118, 100, 952.94
2026/08/07 12:43:07.931, 1, 105278, 100, 977.01
2026/08/07 12:43:07.931, 2, 105278, 100, 954.20
2026/08/07 12:43:07.931, 3, 105278, 100, 968.64
2026/08/07 12:43:07.931, 4, 0, 0, 134.24
2026/08/07 12:43:07.931, 5, 0, 0, 134.21
2026/08/07 12:43:07.931, 6, 0, 0, 131.99
2026/08/07 12:43:07.931, 7, 0, 0, 132.58
2026/08/07 12:43:08.431, 0, 104118, 100, 959.78
2026/08/07 12:43:08.431, 1, 105278, 100, 981.83
2026/08/07 12:43:08.431, 2, 105278, 100, 951.04
2026/08/07 12:43:08.431, 3, 105278, 100, 956.65
2026/08/07 12:43:08.431, 4, 0, 0, 134.31
2026/08/07 12:43:08.431, 5, 0, 0, 134.21
2026/08/07 12:43:08.431, 6, 0, 0, 132.11
2026/08/07 12:43:08.431, 7, 0, 0, 132.54
2026/08/07 12:43:08.931, 0, 104118, 100, 961.85
2026/08/07 12:43:08.931, 1, 105278, 100, 981.27
2026/08/07 12:43:08.931, 2, 105278, 100, 949.59
2026/08/07 12:43:08.931, 3, 105278, 100, 960.03
2026/08/07 12:43:08.931, 4, 0, 0, 134.32
2026/08/07 12:43:08.931, 5, 0, 0, 134.21
2026/08/07 12:43:08.931, 6, 0, 0, 132.11
2026/08/07 12:43:08.931, 7, 0, 0, 132.58
2026/08/07 12:43:09.431, 0, 104118, 100, 957.69
2026/08/07 12:43:09.431, 1, 105278, 100, 974.15
2026/08/07 12:43:09.431, 2, 105278, 100, 939.12
2026/08/07 12:43:09.431, 3, 105278, 100, 962.23
2026/08/07 12:43:09.431, 4, 0, 0, 134.22
2026/08/07 12:43:09.431, 5, 0, 0, 134.21
2026/08/07 12:43:09.431, 6, 0, 0, 131.99
2026/08/07 12:43:09.431, 7, 0, 0, 132.62
2026/08/07 12:43:09.931, 0, 104118, 100, 960.72
2026/08/07 12:43:09.931, 1, 105278, 100, 970.63
2026/08/07 12:43:09.931, 2, 105278, 100, 936.43
2026/08/07 12:43:09.931, 3, 105278, 100, 957.53
2026/08/07 12:43:09.931, 4, 0, 0, 134.22
2026/08/07 12:43:09.931, 5, 0, 0, 134.25
2026/08/07 12:43:09.931, 6, 0, 0, 131.96
2026/08/07 12:43:09.931, 7, 0, 0, 132.58
2026/08/07 12:43:10.431, 0, 104118, 100, 956.40
2026/08/07 12:43:10.431, 1, 105278, 100, 965.58
2026/08/07 12:43:10.431, 2, 105278, 100, 943.91
2026/08/07 12:43:10.431, 3, 105278, 100, 954.97
2026/08/07 12:43:10.431, 4, 0, 0, 134.23
2026/08/07 12:43:10.431, 5, 0, 0, 134.24
2026/08/07 12:43:10.431, 6, 0, 0, 132.00
2026/08/07 12:43:10.431, 7, 0, 0, 132.46
2026/08/07 12:43:10.932, 0, 104118, 99, 941.76
2026/08/07 12:43:10.932, 1, 105278, 99, 962.09
2026/08/07 12:43:10.932, 2, 105278, 99, 936.32
2026/08/07 12:43:10.932, 3, 105278, 100, 953.96
2026/08/07 12:43:10.932, 4, 0, 0, 134.24
2026/08/07 12:43:10.932, 5, 0, 0, 134.32
2026/08/07 12:43:10.932, 6, 0, 0, 132.01
2026/08/07 12:43:10.932, 7, 0, 0, 132.74
2026/08/07 12:43:11.432, 0, 104118, 100, 943.99
2026/08/07 12:43:11.432, 1, 105278, 100, 955.38
2026/08/07 12:43:11.432, 2, 105278, 100, 934.27
2026/08/07 12:43:11.432, 3, 105278, 100, 951.67
2026/08/07 12:43:11.432, 4, 0, 0, 134.24
2026/08/07 12:43:11.432, 5, 0, 0, 134.32
2026/08/07 12:43:11.432, 6, 0, 0, 132.01
2026/08/07 12:43:11.432, 7, 0, 0, 132.74
2026/08/07 12:43:11.932, 0, 104118, 100, 961.30
2026/08/07 12:43:11.932, 1, 105278, 100, 970.93
2026/08/07 12:43:11.932, 2, 105278, 100, 949.72
2026/08/07 12:43:11.932, 3, 105278, 100, 957.14
2026/08/07 12:43:11.932, 4, 0, 0, 134.24
2026/08/07 12:43:11.932, 5, 0, 0, 134.25
2026/08/07 12:43:11.932, 6, 0, 0, 132.04
2026/08/07 12:43:11.932, 7, 0, 0, 132.62
2026/08/07 12:43:12.432, 0, 104118, 100, 964.13
2026/08/07 12:43:12.432, 1, 105278, 100, 980.67
2026/08/07 12:43:12.432, 2, 105278, 100, 957.82
2026/08/07 12:43:12.432, 3, 105278, 100, 963.72
2026/08/07 12:43:12.432, 4, 0, 0, 134.24
2026/08/07 12:43:12.432, 5, 0, 0, 134.25
2026/08/07 12:43:12.432, 6, 0, 0, 131.97
2026/08/07 12:43:12.432, 7, 0, 0, 132.62
2026/08/07 12:43:12.932, 0, 104118, 100, 964.45
2026/08/07 12:43:12.932, 1, 105278, 100, 974.72
2026/08/07 12:43:12.932, 2, 105278, 100, 956.55
2026/08/07 12:43:12.932, 3, 105278, 100, 969.87
2026/08/07 12:43:12.932, 4, 0, 0, 134.24
2026/08/07 12:43:12.932, 5, 0, 0, 134.24
2026/08/07 12:43:12.932, 6, 0, 0, 132.13
2026/08/07 12:43:12.932, 7, 0, 0, 132.50
2026/08/07 12:43:13.432, 0, 104118, 100, 955.98
2026/08/07 12:43:13.433, 1, 105278, 100, 972.38
2026/08/07 12:43:13.434, 2, 105278, 100, 945.63
2026/08/07 12:43:13.435, 3, 105278, 100, 961.65
2026/08/07 12:43:13.436, 4, 0, 0, 134.36
2026/08/07 12:43:13.437, 5, 0, 0, 134.25
2026/08/07 12:43:13.438, 6, 0, 0, 132.32
2026/08/07 12:43:13.439, 7, 0, 0, 132.62
2026/08/07 12:43:13.940, 0, 104118, 100, 952.13
2026/08/07 12:43:13.940, 1, 105278, 100, 967.63
2026/08/07 12:43:13.940, 2, 105278, 100, 937.64
2026/08/07 12:43:13.940, 3, 105278, 100, 956.11
2026/08/07 12:43:13.940, 4, 0, 0, 134.36
2026/08/07 12:43:13.940, 5, 0, 0, 134.25
2026/08/07 12:43:13.940, 6, 0, 0, 132.17
2026/08/07 12:43:13.940, 7, 0, 0, 132.58
2026/08/07 12:43:14.440, 0, 104118, 100, 955.29
2026/08/07 12:43:14.440, 1, 105278, 100, 966.69
2026/08/07 12:43:14.440, 2, 105278, 100, 929.62
2026/08/07 12:43:14.440, 3, 105278, 100, 954.15
2026/08/07 12:43:14.440, 4, 0, 0, 134.24
2026/08/07 12:43:14.440, 5, 0, 0, 134.25
2026/08/07 12:43:14.440, 6, 0, 0, 132.13
2026/08/07 12:43:14.441, 7, 0, 0, 132.50
2026/08/07 12:43:14.941, 0, 104118, 100, 953.42
2026/08/07 12:43:14.941, 1, 105278, 100, 970.26
2026/08/07 12:43:14.941, 2, 105278, 100, 935.57
2026/08/07 12:43:14.941, 3, 105278, 100, 954.36
2026/08/07 12:43:14.941, 4, 0, 0, 134.24
2026/08/07 12:43:14.941, 5, 0, 0, 134.21
2026/08/07 12:43:14.941, 6, 0, 0, 132.24
2026/08/07 12:43:14.941, 7, 0, 0, 132.54
2026/08/07 12:43:15.441, 0, 104118, 100, 944.33
2026/08/07 12:43:15.441, 1, 105278, 100, 967.10
2026/08/07 12:43:15.441, 2, 105278, 100, 943.61
2026/08/07 12:43:15.441, 3, 105278, 100, 957.94
2026/08/07 12:43:15.441, 4, 0, 0, 134.23
2026/08/07 12:43:15.441, 5, 0, 0, 134.21
2026/08/07 12:43:15.441, 6, 0, 0, 132.07
2026/08/07 12:43:15.441, 7, 0, 0, 132.51
2026/08/07 12:43:15.941, 0, 104118, 100, 944.00
2026/08/07 12:43:15.941, 1, 105278, 100, 973.11
2026/08/07 12:43:15.941, 2, 105278, 100, 945.27
2026/08/07 12:43:15.941, 3, 105278, 100, 958.65
2026/08/07 12:43:15.941, 4, 0, 0, 134.23
2026/08/07 12:43:15.941, 5, 0, 0, 134.32
2026/08/07 12:43:15.941, 6, 0, 0, 131.96
2026/08/07 12:43:15.941, 7, 0, 0, 132.66
2026/08/07 12:43:16.441, 0, 104118, 100, 962.76
2026/08/07 12:43:16.441, 1, 105278, 100, 978.05
2026/08/07 12:43:16.441, 2, 105278, 100, 951.09
2026/08/07 12:43:16.441, 3, 105278, 100, 962.62
2026/08/07 12:43:16.441, 4, 0, 0, 134.23
2026/08/07 12:43:16.441, 5, 0, 0, 134.32
2026/08/07 12:43:16.441, 6, 0, 0, 132.08
2026/08/07 12:43:16.441, 7, 0, 0, 132.73
2026/08/07 12:43:16.941, 0, 104118, 100, 964.43
2026/08/07 12:43:16.941, 1, 105278, 100, 972.63
2026/08/07 12:43:16.941, 2, 105278, 100, 949.82
2026/08/07 12:43:16.941, 3, 105278, 100, 958.08
2026/08/07 12:43:16.941, 4, 0, 0, 134.23
2026/08/07 12:43:16.941, 5, 0, 0, 134.25
2026/08/07 12:43:16.941, 6, 0, 0, 132.05
2026/08/07 12:43:16.941, 7, 0, 0, 132.65
2026/08/07 12:43:17.441, 0, 104118, 100, 959.02
2026/08/07 12:43:17.441, 1, 105278, 100, 970.52
2026/08/07 12:43:17.441, 2, 105278, 100, 949.61
2026/08/07 12:43:17.441, 3, 105278, 100, 957.27
2026/08/07 12:43:17.441, 4, 0, 0, 134.23
2026/08/07 12:43:17.441, 5, 0, 0, 134.25
2026/08/07 12:43:17.441, 6, 0, 0, 132.00
2026/08/07 12:43:17.441, 7, 0, 0, 132.54
2026/08/07 12:43:17.941, 0, 104118, 100, 956.32
2026/08/07 12:43:17.941, 1, 105278, 100, 967.63
2026/08/07 12:43:17.941, 2, 105278, 100, 948.26
2026/08/07 12:43:17.941, 3, 105278, 100, 956.23
2026/08/07 12:43:17.941, 4, 0, 0, 134.23
2026/08/07 12:43:17.941, 5, 0, 0, 134.24
2026/08/07 12:43:17.941, 6, 0, 0, 132.08
2026/08/07 12:43:17.941, 7, 0, 0, 132.46
2026/08/07 12:43:18.442, 0, 104118, 100, 949.36
2026/08/07 12:43:18.442, 1, 105278, 100, 960.50
2026/08/07 12:43:18.442, 2, 105278, 100, 935.54
2026/08/07 12:43:18.442, 3, 105278, 100, 957.40
2026/08/07 12:43:18.442, 4, 0, 0, 134.31
2026/08/07 12:43:18.442, 5, 0, 0, 134.25
2026/08/07 12:43:18.442, 6, 0, 0, 131.89
2026/08/07 12:43:18.442, 7, 0, 0, 132.62
2026/08/07 12:43:18.942, 0, 104118, 100, 945.32
2026/08/07 12:43:18.942, 1, 105278, 100, 969.70
2026/08/07 12:43:18.942, 2, 105278, 100, 929.67
2026/08/07 12:43:18.942, 3, 105278, 100, 959.69
2026/08/07 12:43:18.942, 4, 0, 0, 134.31
2026/08/07 12:43:18.942, 5, 0, 0, 134.21
2026/08/07 12:43:18.942, 6, 0, 0, 131.77
2026/08/07 12:43:18.942, 7, 0, 0, 132.62
2026/08/07 12:43:19.442, 0, 104118, 100, 952.46
2026/08/07 12:43:19.443, 1, 105278, 100, 967.05
2026/08/07 12:43:19.444, 2, 105278, 100, 934.63
2026/08/07 12:43:19.445, 3, 105278, 100, 948.39
2026/08/07 12:43:19.446, 4, 0, 0, 134.23
2026/08/07 12:43:19.448, 5, 0, 0, 134.21
2026/08/07 12:43:19.448, 6, 0, 0, 131.99
2026/08/07 12:43:19.449, 7, 0, 0, 132.65
2026/08/07 12:43:19.950, 0, 104118, 100, 943.18
2026/08/07 12:43:19.950, 1, 105278, 100, 963.67
2026/08/07 12:43:19.950, 2, 105278, 100, 948.33
2026/08/07 12:43:19.950, 3, 105278, 100, 952.48
2026/08/07 12:43:19.950, 4, 0, 0, 134.23
2026/08/07 12:43:19.950, 5, 0, 0, 134.21
2026/08/07 12:43:19.950, 6, 0, 0, 132.04
2026/08/07 12:43:19.950, 7, 0, 0, 132.65
2026/08/07 12:43:20.450, 0, 104118, 100, 951.64
2026/08/07 12:43:20.450, 1, 105278, 100, 969.42
2026/08/07 12:43:20.450, 2, 105278, 100, 954.85
2026/08/07 12:43:20.450, 3, 105278, 100, 966.66
2026/08/07 12:43:20.450, 4, 0, 0, 134.24
2026/08/07 12:43:20.450, 5, 0, 0, 134.21
2026/08/07 12:43:20.450, 6, 0, 0, 131.97
2026/08/07 12:43:20.450, 7, 0, 0, 132.58
2026/08/07 12:43:20.951, 0, 104118, 100, 960.29
2026/08/07 12:43:20.951, 1, 105278, 100, 975.78
2026/08/07 12:43:20.951, 2, 105278, 100, 943.33
2026/08/07 12:43:20.951, 3, 105278, 100, 965.26
2026/08/07 12:43:20.951, 4, 0, 0, 134.24
2026/08/07 12:43:20.951, 5, 0, 0, 134.28
2026/08/07 12:43:20.951, 6, 0, 0, 131.95
2026/08/07 12:43:20.951, 7, 0, 0, 132.70
2026/08/07 12:43:21.451, 0, 104118, 100, 959.70
2026/08/07 12:43:21.451, 1, 105278, 100, 974.96
2026/08/07 12:43:21.451, 2, 105278, 100, 941.04
2026/08/07 12:43:21.451, 3, 105278, 100, 962.76
2026/08/07 12:43:21.451, 4, 0, 0, 134.24
2026/08/07 12:43:21.451, 5, 0, 0, 134.28
2026/08/07 12:43:21.451, 6, 0, 0, 131.84
2026/08/07 12:43:21.451, 7, 0, 0, 132.70
2026/08/07 12:43:21.951, 0, 104118, 100, 949.80
2026/08/07 12:43:21.956, 1, 105278, 100, 971.41
2026/08/07 12:43:21.957, 2, 105278, 100, 949.09
2026/08/07 12:43:21.957, 3, 105278, 100, 962.46
2026/08/07 12:43:21.957, 4, 0, 0, 134.24
2026/08/07 12:43:21.957, 5, 0, 0, 134.21
2026/08/07 12:43:21.958, 6, 0, 0, 131.74
2026/08/07 12:43:21.958, 7, 0, 0, 132.50
2026/08/07 12:43:22.458, 0, 104118, 100, 949.01
2026/08/07 12:43:22.458, 1, 105278, 100, 970.35
2026/08/07 12:43:22.458, 2, 105278, 100, 945.16
2026/08/07 12:43:22.458, 3, 105278, 100, 960.20
2026/08/07 12:43:22.458, 4, 0, 0, 134.24
2026/08/07 12:43:22.458, 5, 0, 0, 134.17
2026/08/07 12:43:22.458, 6, 0, 0, 131.78
2026/08/07 12:43:22.458, 7, 0, 0, 132.54
2026/08/07 12:43:22.958, 0, 104118, 100, 959.83
2026/08/07 12:43:22.958, 1, 105278, 100, 977.25
2026/08/07 12:43:22.958, 2, 105278, 100, 945.87
2026/08/07 12:43:22.958, 3, 105278, 100, 959.67
2026/08/07 12:43:22.958, 4, 0, 0, 134.24
2026/08/07 12:43:22.958, 5, 0, 0, 134.21
2026/08/07 12:43:22.958, 6, 0, 0, 131.88
2026/08/07 12:43:22.958, 7, 0, 0, 132.54
2026/08/07 12:43:23.458, 0, 104118, 100, 960.93
2026/08/07 12:43:23.458, 1, 105278, 100, 971.51
2026/08/07 12:43:23.458, 2, 105278, 100, 948.11
2026/08/07 12:43:23.458, 3, 105278, 100, 954.27
2026/08/07 12:43:23.458, 4, 0, 0, 134.35
2026/08/07 12:43:23.458, 5, 0, 0, 134.25
2026/08/07 12:43:23.458, 6, 0, 0, 132.03
2026/08/07 12:43:23.458, 7, 0, 0, 132.46
2026/08/07 12:43:23.958, 0, 104118, 100, 947.70
2026/08/07 12:43:23.958, 1, 105278, 99, 957.12
2026/08/07 12:43:23.958, 2, 105278, 100, 941.80
2026/08/07 12:43:23.958, 3, 105278, 100, 943.40
2026/08/07 12:43:23.958, 4, 0, 0, 134.35
2026/08/07 12:43:23.958, 5, 0, 0, 134.25
2026/08/07 12:43:23.958, 6, 0, 0, 132.07
2026/08/07 12:43:23.958, 7, 0, 0, 132.54
2026/08/07 12:43:24.459, 0, 104118, 100, 942.72
2026/08/07 12:43:24.459, 1, 105278, 100, 951.43
2026/08/07 12:43:24.459, 2, 105278, 100, 933.50
2026/08/07 12:43:24.459, 3, 105278, 100, 949.92
2026/08/07 12:43:24.459, 4, 0, 0, 134.24
2026/08/07 12:43:24.459, 5, 0, 0, 134.21
2026/08/07 12:43:24.459, 6, 0, 0, 132.07
2026/08/07 12:43:24.459, 7, 0, 0, 132.58
2026/08/07 12:43:24.959, 0, 104118, 100, 957.75
2026/08/07 12:43:24.959, 1, 105278, 100, 964.61
2026/08/07 12:43:24.959, 2, 105278, 100, 944.77
2026/08/07 12:43:24.959, 3, 105278, 100, 959.05
2026/08/07 12:43:24.959, 4, 0, 0, 134.24
2026/08/07 12:43:24.959, 5, 0, 0, 134.21
2026/08/07 12:43:24.959, 6, 0, 0, 132.03
2026/08/07 12:43:24.959, 7, 0, 0, 132.50
2026/08/07 12:43:25.459, 0, 104118, 100, 967.63
2026/08/07 12:43:25.459, 1, 105278, 100, 977.47
2026/08/07 12:43:25.459, 2, 105278, 100, 958.06
2026/08/07 12:43:25.459, 3, 105278, 100, 972.22
2026/08/07 12:43:25.459, 4, 0, 0, 134.24
2026/08/07 12:43:25.459, 5, 0, 0, 134.25
2026/08/07 12:43:25.459, 6, 0, 0, 131.82
2026/08/07 12:43:25.459, 7, 0, 0, 132.50
2026/08/07 12:43:25.959, 0, 104118, 100, 968.78
2026/08/07 12:43:25.959, 1, 105278, 100, 982.06
2026/08/07 12:43:25.959, 2, 105278, 100, 960.26
2026/08/07 12:43:25.959, 3, 105278, 100, 966.20
2026/08/07 12:43:25.959, 4, 0, 0, 134.25
2026/08/07 12:43:25.959, 5, 0, 0, 134.28
2026/08/07 12:43:25.959, 6, 0, 0, 131.82
2026/08/07 12:43:25.959, 7, 0, 0, 132.73
2026/08/07 12:43:26.459, 0, 104118, 100, 964.24
2026/08/07 12:43:26.459, 1, 105278, 100, 979.09
2026/08/07 12:43:26.459, 2, 105278, 100, 953.01
2026/08/07 12:43:26.459, 3, 105278, 100, 956.90
2026/08/07 12:43:26.459, 4, 0, 0, 134.25
2026/08/07 12:43:26.459, 5, 0, 0, 134.21
2026/08/07 12:43:26.459, 6, 0, 0, 131.97
2026/08/07 12:43:26.459, 7, 0, 0, 132.77
2026/08/07 12:43:26.959, 0, 104118, 100, 951.55
2026/08/07 12:43:26.960, 1, 105278, 100, 969.24
2026/08/07 12:43:26.960, 2, 105278, 100, 942.20
2026/08/07 12:43:26.960, 3, 105278, 100, 948.41
2026/08/07 12:43:26.960, 4, 0, 0, 134.25
2026/08/07 12:43:26.960, 5, 0, 0, 134.17
2026/08/07 12:43:26.960, 6, 0, 0, 132.02
2026/08/07 12:43:26.960, 7, 0, 0, 132.54
2026/08/07 12:43:27.460, 0, 104118, 100, 948.81
2026/08/07 12:43:27.460, 1, 105278, 100, 962.31
2026/08/07 12:43:27.460, 2, 105278, 100, 934.59
2026/08/07 12:43:27.460, 3, 105278, 100, 947.64
2026/08/07 12:43:27.460, 4, 0, 0, 134.24
2026/08/07 12:43:27.460, 5, 0, 0, 134.21
2026/08/07 12:43:27.460, 6, 0, 0, 132.01
2026/08/07 12:43:27.460, 7, 0, 0, 132.50
2026/08/07 12:43:27.960, 0, 104118, 100, 957.83
2026/08/07 12:43:27.960, 1, 105278, 100, 964.77
2026/08/07 12:43:27.960, 2, 105278, 100, 941.79
2026/08/07 12:43:27.960, 3, 105278, 100, 954.56
2026/08/07 12:43:27.960, 4, 0, 0, 134.24
2026/08/07 12:43:27.960, 5, 0, 0, 134.13
2026/08/07 12:43:27.960, 6, 0, 0, 132.16
2026/08/07 12:43:27.960, 7, 0, 0, 132.58
2026/08/07 12:43:28.460, 0, 104118, 100, 952.66
2026/08/07 12:43:28.461, 1, 105278, 99, 962.04
2026/08/07 12:43:28.461, 2, 105278, 99, 946.00
2026/08/07 12:43:28.461, 3, 105278, 99, 953.06
2026/08/07 12:43:28.461, 4, 0, 0, 134.35
2026/08/07 12:43:28.461, 5, 0, 0, 134.17
2026/08/07 12:43:28.461, 6, 0, 0, 132.24
2026/08/07 12:43:28.461, 7, 0, 0, 132.54
2026/08/07 12:43:28.961, 0, 104118, 100, 947.61
2026/08/07 12:43:28.961, 1, 105278, 100, 965.96
2026/08/07 12:43:28.961, 2, 105278, 100, 940.20
2026/08/07 12:43:28.961, 3, 105278, 100, 946.09
2026/08/07 12:43:28.961, 4, 0, 0, 134.35
2026/08/07 12:43:28.961, 5, 0, 0, 134.25
2026/08/07 12:43:28.961, 6, 0, 0, 132.20
2026/08/07 12:43:28.961, 7, 0, 0, 132.46
2026/08/07 12:43:29.462, 0, 104118, 100, 956.41
2026/08/07 12:43:29.462, 1, 105278, 100, 980.93
2026/08/07 12:43:29.462, 2, 105278, 100, 946.09
2026/08/07 12:43:29.462, 3, 105278, 100, 959.54
2026/08/07 12:43:29.462, 4, 0, 0, 134.25
2026/08/07 12:43:29.462, 5, 0, 0, 134.24
2026/08/07 12:43:29.462, 6, 0, 0, 132.10
2026/08/07 12:43:29.462, 7, 0, 0, 132.54
2026/08/07 12:43:29.962, 0, 104118, 100, 960.81
2026/08/07 12:43:29.962, 1, 105278, 100, 981.53
2026/08/07 12:43:29.962, 2, 105278, 100, 951.66
2026/08/07 12:43:29.962, 3, 105278, 100, 972.16
2026/08/07 12:43:29.962, 4, 0, 0, 134.24
2026/08/07 12:43:29.962, 5, 0, 0, 134.25
2026/08/07 12:43:29.962, 6, 0, 0, 131.98
2026/08/07 12:43:29.962, 7, 0, 0, 132.58
2026/08/07 12:43:30.462, 0, 104118, 100, 962.32
2026/08/07 12:43:30.462, 1, 105278, 100, 973.72
2026/08/07 12:43:30.462, 2, 105278, 100, 950.51
2026/08/07 12:43:30.462, 3, 105278, 100, 965.54
2026/08/07 12:43:30.462, 4, 0, 0, 134.24
2026/08/07 12:43:30.462, 5, 0, 0, 134.21
2026/08/07 12:43:30.462, 6, 0, 0, 132.05
2026/08/07 12:43:30.462, 7, 0, 0, 132.54
2026/08/07 12:43:30.962, 0, 104118, 100, 958.78
2026/08/07 12:43:30.962, 1, 105278, 100, 971.69
2026/08/07 12:43:30.962, 2, 105278, 100, 949.70
2026/08/07 12:43:30.962, 3, 105278, 100, 960.58
2026/08/07 12:43:30.962, 4, 0, 0, 134.24
2026/08/07 12:43:30.962, 5, 0, 0, 134.32
2026/08/07 12:43:30.962, 6, 0, 0, 132.04
2026/08/07 12:43:30.962, 7, 0, 0, 132.62
2026/08/07 12:43:31.462, 0, 104118, 100, 945.09
2026/08/07 12:43:31.462, 1, 105278, 100, 964.78
2026/08/07 12:43:31.462, 2, 105278, 100, 937.60
2026/08/07 12:43:31.462, 3, 105278, 100, 953.85
2026/08/07 12:43:31.462, 4, 0, 0, 134.23
2026/08/07 12:43:31.462, 5, 0, 0, 134.32
2026/08/07 12:43:31.462, 6, 0, 0, 131.91
2026/08/07 12:43:31.462, 7, 0, 0, 132.58
2026/08/07 12:43:31.963, 0, 104118, 100, 938.78
2026/08/07 12:43:31.963, 1, 105278, 100, 963.16
2026/08/07 12:43:31.965, 2, 105278, 100, 929.00
2026/08/07 12:43:31.966, 3, 105278, 100, 952.32
2026/08/07 12:43:31.967, 4, 0, 0, 134.23
2026/08/07 12:43:31.969, 5, 0, 0, 134.17
2026/08/07 12:43:31.970, 6, 0, 0, 131.92
2026/08/07 12:43:31.970, 7, 0, 0, 132.46
2026/08/07 12:43:32.471, 0, 104118, 100, 953.87
2026/08/07 12:43:32.471, 1, 105278, 100, 973.34
2026/08/07 12:43:32.471, 2, 105278, 100, 932.41
2026/08/07 12:43:32.471, 3, 105278, 100, 954.55
2026/08/07 12:43:32.471, 4, 0, 0, 134.23
2026/08/07 12:43:32.471, 5, 0, 0, 134.21
2026/08/07 12:43:32.471, 6, 0, 0, 132.05
2026/08/07 12:43:32.471, 7, 0, 0, 132.47
2026/08/07 12:43:32.972, 0, 104118, 100, 952.85
2026/08/07 12:43:32.972, 1, 105278, 100, 966.97
2026/08/07 12:43:32.972, 2, 105278, 100, 930.83
2026/08/07 12:43:32.972, 3, 105278, 99, 949.45
2026/08/07 12:43:32.972, 4, 0, 0, 134.23
2026/08/07 12:43:32.972, 5, 0, 0, 134.25
2026/08/07 12:43:32.972, 6, 0, 0, 132.19
2026/08/07 12:43:32.972, 7, 0, 0, 132.51
2026/08/07 12:43:33.472, 0, 104118, 100, 953.34
2026/08/07 12:43:33.472, 1, 105278, 100, 961.31
2026/08/07 12:43:33.472, 2, 105278, 100, 939.47
2026/08/07 12:43:33.472, 3, 105278, 100, 951.21
2026/08/07 12:43:33.472, 4, 0, 0, 134.35
2026/08/07 12:43:33.472, 5, 0, 0, 134.25
2026/08/07 12:43:33.472, 6, 0, 0, 132.04
2026/08/07 12:43:33.472, 7, 0, 0, 132.54
2026/08/07 12:43:33.972, 0, 104118, 100, 961.94
2026/08/07 12:43:33.972, 1, 105278, 100, 969.98
2026/08/07 12:43:33.972, 2, 105278, 100, 955.51
2026/08/07 12:43:33.972, 3, 105278, 100, 958.33
2026/08/07 12:43:33.972, 4, 0, 0, 134.35
2026/08/07 12:43:33.972, 5, 0, 0, 134.17
2026/08/07 12:43:33.972, 6, 0, 0, 131.97
2026/08/07 12:43:33.972, 7, 0, 0, 132.58
2026/08/07 12:43:34.472, 0, 104118, 100, 962.30
2026/08/07 12:43:34.472, 1, 105278, 100, 968.45
2026/08/07 12:43:34.472, 2, 105278, 100, 946.55
2026/08/07 12:43:34.472, 3, 105278, 100, 954.57
2026/08/07 12:43:34.472, 4, 0, 0, 134.24
2026/08/07 12:43:34.472, 5, 0, 0, 134.13
2026/08/07 12:43:34.472, 6, 0, 0, 131.94
2026/08/07 12:43:34.472, 7, 0, 0, 132.58
2026/08/07 12:43:34.972, 0, 104118, 100, 962.35
2026/08/07 12:43:34.972, 1, 105278, 100, 975.72
2026/08/07 12:43:34.972, 2, 105278, 100, 946.59
2026/08/07 12:43:34.972, 3, 105278, 100, 958.46
2026/08/07 12:43:34.972, 4, 0, 0, 134.25
2026/08/07 12:43:34.972, 5, 0, 0, 134.09
2026/08/07 12:43:34.972, 6, 0, 0, 132.00
2026/08/07 12:43:34.972, 7, 0, 0, 132.50
2026/08/07 12:43:35.472, 0, 104118, 100, 966.15
2026/08/07 12:43:35.472, 1, 105278, 100, 979.47
2026/08/07 12:43:35.472, 2, 105278, 100, 948.24
2026/08/07 12:43:35.472, 3, 105278, 100, 954.80
2026/08/07 12:43:35.472, 4, 0, 0, 134.25
2026/08/07 12:43:35.472, 5, 0, 0, 134.13
2026/08/07 12:43:35.472, 6, 0, 0, 132.11
2026/08/07 12:43:35.472, 7, 0, 0, 132.54
2026/08/07 12:43:35.972, 0, 104118, 100, 956.17
2026/08/07 12:43:35.972, 1, 105278, 100, 963.13
2026/08/07 12:43:35.972, 2, 105278, 100, 939.82
2026/08/07 12:43:35.972, 3, 105278, 100, 949.47
2026/08/07 12:43:35.972, 4, 0, 0, 134.24
2026/08/07 12:43:35.972, 5, 0, 0, 134.32
2026/08/07 12:43:35.972, 6, 0, 0, 132.05
2026/08/07 12:43:35.972, 7, 0, 0, 132.66
2026/08/07 12:43:36.472, 0, 104118, 100, 948.21
2026/08/07 12:43:36.472, 1, 105278, 100, 958.86
2026/08/07 12:43:36.472, 2, 105278, 100, 943.90
2026/08/07 12:43:36.473, 3, 105278, 100, 949.75
2026/08/07 12:43:36.473, 4, 0, 0, 134.24
2026/08/07 12:43:36.473, 5, 0, 0, 134.32
2026/08/07 12:43:36.473, 6, 0, 0, 132.02
2026/08/07 12:43:36.473, 7, 0, 0, 132.62
2026/08/07 12:43:36.973, 0, 104118, 100, 953.75
2026/08/07 12:43:36.973, 1, 105278, 100, 971.49
2026/08/07 12:43:36.973, 2, 105278, 100, 939.57
2026/08/07 12:43:36.973, 3, 105278, 100, 955.83
2026/08/07 12:43:36.973, 4, 0, 0, 134.24
2026/08/07 12:43:36.973, 5, 0, 0, 134.24
2026/08/07 12:43:36.973, 6, 0, 0, 132.02
2026/08/07 12:43:36.973, 7, 0, 0, 132.50
2026/08/07 12:43:37.473, 0, 104118, 100, 949.91
2026/08/07 12:43:37.473, 1, 105278, 100, 962.34
2026/08/07 12:43:37.473, 2, 105278, 100, 937.01
2026/08/07 12:43:37.473, 3, 105278, 100, 944.52
2026/08/07 12:43:37.473, 4, 0, 0, 134.24
2026/08/07 12:43:37.473, 5, 0, 0, 134.21
2026/08/07 12:43:37.473, 6, 0, 0, 132.05
2026/08/07 12:43:37.473, 7, 0, 0, 132.50
2026/08/07 12:43:37.973, 0, 104118, 100, 946.59
2026/08/07 12:43:37.973, 1, 105278, 100, 967.28
2026/08/07 12:43:37.973, 2, 105278, 100, 944.33
2026/08/07 12:43:37.973, 3, 105278, 100, 946.32
2026/08/07 12:43:37.973, 4, 0, 0, 134.24
2026/08/07 12:43:37.973, 5, 0, 0, 134.13
2026/08/07 12:43:37.973, 6, 0, 0, 132.12
2026/08/07 12:43:37.973, 7, 0, 0, 132.50
2026/08/07 12:43:38.473, 0, 104118, 100, 956.32
2026/08/07 12:43:38.473, 1, 105278, 100, 978.45
2026/08/07 12:43:38.473, 2, 105278, 100, 948.84
2026/08/07 12:43:38.473, 3, 105278, 100, 959.71
2026/08/07 12:43:38.473, 4, 0, 0, 134.35
2026/08/07 12:43:38.473, 5, 0, 0, 134.09
2026/08/07 12:43:38.473, 6, 0, 0, 132.13
2026/08/07 12:43:38.473, 7, 0, 0, 132.46
2026/08/07 12:43:38.973, 0, 104118, 100, 957.16
2026/08/07 12:43:38.973, 1, 105278, 100, 977.18
2026/08/07 12:43:38.973, 2, 105278, 100, 943.26
2026/08/07 12:43:38.973, 3, 105278, 100, 964.61
2026/08/07 12:43:38.973, 4, 0, 0, 134.36
2026/08/07 12:43:38.973, 5, 0, 0, 134.09
2026/08/07 12:43:38.973, 6, 0, 0, 131.98
2026/08/07 12:43:38.973, 7, 0, 0, 132.54
2026/08/07 12:43:39.473, 0, 104118, 100, 959.72
2026/08/07 12:43:39.473, 1, 105278, 100, 978.86
2026/08/07 12:43:39.473, 2, 105278, 100, 942.15
2026/08/07 12:43:39.473, 3, 105278, 100, 963.32
2026/08/07 12:43:39.473, 4, 0, 0, 134.24
2026/08/07 12:43:39.473, 5, 0, 0, 134.05
2026/08/07 12:43:39.473, 6, 0, 0, 132.05
2026/08/07 12:43:39.473, 7, 0, 0, 132.50
2026/08/07 12:43:39.973, 0, 104118, 100, 964.95
2026/08/07 12:43:39.973, 1, 105278, 100, 972.33
2026/08/07 12:43:39.973, 2, 105278, 100, 949.60
2026/08/07 12:43:39.973, 3, 105278, 100, 961.02
2026/08/07 12:43:39.973, 4, 0, 0, 134.24
2026/08/07 12:43:39.973, 5, 0, 0, 134.09
2026/08/07 12:43:39.974, 6, 0, 0, 132.13
2026/08/07 12:43:39.974, 7, 0, 0, 132.58
2026/08/07 12:43:40.474, 0, 104118, 100, 954.52
2026/08/07 12:43:40.474, 1, 105278, 100, 966.63
2026/08/07 12:43:40.474, 2, 105278, 100, 951.27
2026/08/07 12:43:40.474, 3, 105278, 100, 959.49
2026/08/07 12:43:40.474, 4, 0, 0, 134.24
2026/08/07 12:43:40.474, 5, 0, 0, 134.17
2026/08/07 12:43:40.474, 6, 0, 0, 132.06
2026/08/07 12:43:40.474, 7, 0, 0, 132.58
2026/08/07 12:43:40.974, 0, 104118, 100, 948.28
2026/08/07 12:43:40.974, 1, 105278, 100, 963.38
2026/08/07 12:43:40.974, 2, 105278, 100, 942.55
2026/08/07 12:43:40.974, 3, 105278, 100, 956.39
2026/08/07 12:43:40.974, 4, 0, 0, 134.25
2026/08/07 12:43:40.974, 5, 0, 0, 134.32
2026/08/07 12:43:40.974, 6, 0, 0, 132.14
2026/08/07 12:43:40.974, 7, 0, 0, 132.54
2026/08/07 12:43:41.474, 0, 104118, 100, 951.87
2026/08/07 12:43:41.474, 1, 105278, 100, 962.86
2026/08/07 12:43:41.474, 2, 105278, 100, 937.31
2026/08/07 12:43:41.474, 3, 105278, 100, 953.86
2026/08/07 12:43:41.474, 4, 0, 0, 134.25
2026/08/07 12:43:41.474, 5, 0, 0, 134.32
2026/08/07 12:43:41.474, 6, 0, 0, 131.95
2026/08/07 12:43:41.474, 7, 0, 0, 132.58
2026/08/07 12:43:41.974, 0, 104118, 100, 952.05
2026/08/07 12:43:41.974, 1, 105278, 100, 965.75
2026/08/07 12:43:41.974, 2, 105278, 100, 938.13
2026/08/07 12:43:41.974, 3, 105278, 100, 948.77
2026/08/07 12:43:41.974, 4, 0, 0, 134.24
2026/08/07 12:43:41.974, 5, 0, 0, 134.25
2026/08/07 12:43:41.974, 6, 0, 0, 131.98
2026/08/07 12:43:41.974, 7, 0, 0, 132.46
2026/08/07 12:43:42.474, 0, 104118, 100, 960.23
2026/08/07 12:43:42.474, 1, 105278, 100, 974.00
2026/08/07 12:43:42.474, 2, 105278, 100, 945.52
2026/08/07 12:43:42.474, 3, 105278, 100, 957.34
2026/08/07 12:43:42.475, 4, 0, 0, 134.24
2026/08/07 12:43:42.476, 5, 0, 0, 134.17
2026/08/07 12:43:42.476, 6, 0, 0, 132.20
2026/08/07 12:43:42.476, 7, 0, 0, 132.46
2026/08/07 12:43:42.976, 0, 104118, 100, 968.54
2026/08/07 12:43:42.976, 1, 105278, 100, 984.94
2026/08/07 12:43:42.976, 2, 105278, 100, 953.84
2026/08/07 12:43:42.976, 3, 105278, 100, 965.77
2026/08/07 12:43:42.976, 4, 0, 0, 134.24
2026/08/07 12:43:42.976, 5, 0, 0, 134.13
2026/08/07 12:43:42.976, 6, 0, 0, 132.09
2026/08/07 12:43:42.976, 7, 0, 0, 132.54
2026/08/07 12:43:43.476, 0, 104118, 100, 965.85
2026/08/07 12:43:43.476, 1, 105278, 100, 990.48
2026/08/07 12:43:43.476, 2, 105278, 100, 956.44
2026/08/07 12:43:43.476, 3, 105278, 100, 959.23
2026/08/07 12:43:43.476, 4, 0, 0, 134.35
2026/08/07 12:43:43.476, 5, 0, 0, 134.13
2026/08/07 12:43:43.476, 6, 0, 0, 132.05
2026/08/07 12:43:43.476, 7, 0, 0, 132.54
2026/08/07 12:43:43.976, 0, 104118, 100, 952.06
2026/08/07 12:43:43.976, 1, 105278, 100, 977.90
2026/08/07 12:43:43.976, 2, 105278, 100, 959.95
2026/08/07 12:43:43.976, 3, 105278, 100, 961.41
2026/08/07 12:43:43.976, 4, 0, 0, 134.35
2026/08/07 12:43:43.976, 5, 0, 0, 134.13
2026/08/07 12:43:43.976, 6, 0, 0, 131.93
2026/08/07 12:43:43.976, 7, 0, 0, 132.51
2026/08/07 12:43:44.476, 0, 104118, 100, 950.70
2026/08/07 12:43:44.476, 1, 105278, 100, 962.99
2026/08/07 12:43:44.476, 2, 105278, 100, 952.12
2026/08/07 12:43:44.476, 3, 105278, 100, 957.69
2026/08/07 12:43:44.476, 4, 0, 0, 134.23
2026/08/07 12:43:44.476, 5, 0, 0, 134.17
2026/08/07 12:43:44.476, 6, 0, 0, 131.86
2026/08/07 12:43:44.476, 7, 0, 0, 132.50
2026/08/07 12:43:44.977, 0, 104118, 100, 958.39
2026/08/07 12:43:44.977, 1, 105278, 100, 966.23
2026/08/07 12:43:44.977, 2, 105278, 100, 935.59
2026/08/07 12:43:44.977, 3, 105278, 100, 955.59
2026/08/07 12:43:44.977, 4, 0, 0, 134.23
2026/08/07 12:43:44.977, 5, 0, 0, 134.21
2026/08/07 12:43:44.977, 6, 0, 0, 131.81
2026/08/07 12:43:44.977, 7, 0, 0, 132.46
2026/08/07 12:43:45.477, 0, 104118, 100, 952.20
2026/08/07 12:43:45.477, 1, 105278, 100, 966.10
2026/08/07 12:43:45.477, 2, 105278, 100, 929.59
2026/08/07 12:43:45.477, 3, 105278, 100, 953.30
2026/08/07 12:43:45.477, 4, 0, 0, 134.24
2026/08/07 12:43:45.477, 5, 0, 0, 134.24
2026/08/07 12:43:45.477, 6, 0, 0, 131.73
2026/08/07 12:43:45.477, 7, 0, 0, 132.46
2026/08/07 12:43:45.977, 0, 104118, 100, 951.90
2026/08/07 12:43:45.977, 1, 105278, 100, 969.56
2026/08/07 12:43:45.977, 2, 105278, 100, 944.23
2026/08/07 12:43:45.977, 3, 105278, 100, 954.52
2026/08/07 12:43:45.977, 4, 0, 0, 134.24
2026/08/07 12:43:45.977, 5, 0, 0, 134.32
2026/08/07 12:43:45.977, 6, 0, 0, 131.77
2026/08/07 12:43:45.977, 7, 0, 0, 132.58
2026/08/07 12:43:46.477, 0, 104118, 100, 961.76
2026/08/07 12:43:46.477, 1, 105278, 100, 970.82
2026/08/07 12:43:46.477, 2, 105278, 100, 949.65
2026/08/07 12:43:46.477, 3, 105278, 100, 957.18
2026/08/07 12:43:46.477, 4, 0, 0, 134.24
2026/08/07 12:43:46.477, 5, 0, 0, 134.25
2026/08/07 12:43:46.477, 6, 0, 0, 131.88
2026/08/07 12:43:46.477, 7, 0, 0, 132.65
2026/08/07 12:43:46.977, 0, 104118, 100, 958.59
2026/08/07 12:43:46.977, 1, 105278, 100, 973.68
2026/08/07 12:43:46.977, 2, 105278, 100, 951.80
2026/08/07 12:43:46.977, 3, 105278, 100, 958.06
2026/08/07 12:43:46.977, 4, 0, 0, 134.24
2026/08/07 12:43:46.977, 5, 0, 0, 134.13
2026/08/07 12:43:46.977, 6, 0, 0, 131.92
2026/08/07 12:43:46.977, 7, 0, 0, 132.51
2026/08/07 12:43:47.477, 0, 104118, 100, 966.72
2026/08/07 12:43:47.477, 1, 105278, 100, 981.35
2026/08/07 12:43:47.478, 2, 105278, 100, 956.17
2026/08/07 12:43:47.478, 3, 105278, 100, 964.88
2026/08/07 12:43:47.478, 4, 0, 0, 134.24
2026/08/07 12:43:47.478, 5, 0, 0, 134.17
2026/08/07 12:43:47.478, 6, 0, 0, 131.86
2026/08/07 12:43:47.478, 7, 0, 0, 132.46
2026/08/07 12:43:47.978, 0, 104118, 100, 964.06
2026/08/07 12:43:47.978, 1, 105278, 100, 973.35
2026/08/07 12:43:47.978, 2, 105278, 100, 956.50
2026/08/07 12:43:47.978, 3, 105278, 100, 967.80
2026/08/07 12:43:47.978, 4, 0, 0, 134.24
2026/08/07 12:43:47.978, 5, 0, 0, 134.13
2026/08/07 12:43:47.978, 6, 0, 0, 132.08
2026/08/07 12:43:47.978, 7, 0, 0, 132.46
2026/08/07 12:43:48.478, 0, 104118, 100, 953.23
2026/08/07 12:43:48.478, 1, 105278, 100, 966.16
2026/08/07 12:43:48.478, 2, 105278, 100, 949.66
2026/08/07 12:43:48.478, 3, 105278, 100, 960.77
2026/08/07 12:43:48.478, 4, 0, 0, 134.34
2026/08/07 12:43:48.478, 5, 0, 0, 134.17
2026/08/07 12:43:48.478, 6, 0, 0, 132.00
2026/08/07 12:43:48.478, 7, 0, 0, 132.54
2026/08/07 12:43:48.978, 0, 104118, 100, 950.92
2026/08/07 12:43:48.978, 1, 105278, 100, 969.45
2026/08/07 12:43:48.978, 2, 105278, 100, 947.32
2026/08/07 12:43:48.978, 3, 105278, 100, 957.58
2026/08/07 12:43:48.978, 4, 0, 0, 134.35
2026/08/07 12:43:48.978, 5, 0, 0, 134.25
2026/08/07 12:43:48.978, 6, 0, 0, 131.73
2026/08/07 12:43:48.978, 7, 0, 0, 132.54
2026/08/07 12:43:49.478, 0, 104118, 100, 957.61
2026/08/07 12:43:49.478, 1, 105278, 100, 975.66
2026/08/07 12:43:49.478, 2, 105278, 100, 947.30
2026/08/07 12:43:49.478, 3, 105278, 100, 958.28
2026/08/07 12:43:49.478, 4, 0, 0, 134.23
2026/08/07 12:43:49.478, 5, 0, 0, 134.21
2026/08/07 12:43:49.478, 6, 0, 0, 131.69
2026/08/07 12:43:49.478, 7, 0, 0, 132.47
2026/08/07 12:43:49.978, 0, 104118, 100, 951.09
2026/08/07 12:43:49.978, 1, 105278, 100, 969.53
2026/08/07 12:43:49.978, 2, 105278, 100, 943.83
2026/08/07 12:43:49.978, 3, 105278, 100, 953.90
2026/08/07 12:43:49.978, 4, 0, 0, 134.23
2026/08/07 12:43:49.978, 5, 0, 0, 134.17
2026/08/07 12:43:49.978, 6, 0, 0, 131.81
2026/08/07 12:43:49.978, 7, 0, 0, 132.54
2026/08/07 12:43:50.478, 0, 104118, 100, 948.86
2026/08/07 12:43:50.479, 1, 105278, 100, 964.81
2026/08/07 12:43:50.479, 2, 105278, 100, 938.38
2026/08/07 12:43:50.479, 3, 105278, 99, 955.94
2026/08/07 12:43:50.479, 4, 0, 0, 134.23
2026/08/07 12:43:50.479, 5, 0, 0, 134.21
2026/08/07 12:43:50.479, 6, 0, 0, 131.96
2026/08/07 12:43:50.479, 7, 0, 0, 132.58
2026/08/07 12:43:50.979, 0, 104118, 100, 956.45
2026/08/07 12:43:50.979, 1, 105278, 100, 969.12
2026/08/07 12:43:50.979, 2, 105278, 100, 938.45
2026/08/07 12:43:50.979, 3, 105278, 100, 960.82
2026/08/07 12:43:50.979, 4, 0, 0, 134.24
2026/08/07 12:43:50.979, 5, 0, 0, 134.32
2026/08/07 12:43:50.979, 6, 0, 0, 132.00
2026/08/07 12:43:50.979, 7, 0, 0, 132.73
2026/08/07 12:43:51.479, 0, 104118, 100, 955.01
2026/08/07 12:43:51.479, 1, 105278, 100, 969.05
2026/08/07 12:43:51.479, 2, 105278, 100, 938.81
2026/08/07 12:43:51.479, 3, 105278, 100, 956.97
2026/08/07 12:43:51.479, 4, 0, 0, 134.24
2026/08/07 12:43:51.479, 5, 0, 0, 134.21
2026/08/07 12:43:51.479, 6, 0, 0, 131.97
2026/08/07 12:43:51.479, 7, 0, 0, 132.77
2026/08/07 12:43:51.979, 0, 104118, 100, 956.29
2026/08/07 12:43:51.979, 1, 105278, 100, 976.10
2026/08/07 12:43:51.979, 2, 105278, 100, 944.81
2026/08/07 12:43:51.979, 3, 105278, 100, 962.85
2026/08/07 12:43:51.979, 4, 0, 0, 134.24
2026/08/07 12:43:51.979, 5, 0, 0, 134.02
2026/08/07 12:43:51.979, 6, 0, 0, 132.00
2026/08/07 12:43:51.979, 7, 0, 0, 132.50
2026/08/07 12:43:52.479, 0, 104118, 100, 958.14
2026/08/07 12:43:52.479, 1, 105278, 100, 987.00
2026/08/07 12:43:52.479, 2, 105278, 100, 951.44
2026/08/07 12:43:52.479, 3, 105278, 100, 967.84
2026/08/07 12:43:52.479, 4, 0, 0, 134.24
2026/08/07 12:43:52.479, 5, 0, 0, 134.13
2026/08/07 12:43:52.479, 6, 0, 0, 132.04
2026/08/07 12:43:52.479, 7, 0, 0, 132.43
2026/08/07 12:43:52.979, 0, 104118, 100, 954.72
2026/08/07 12:43:52.979, 1, 105278, 100, 970.56
2026/08/07 12:43:52.979, 2, 105278, 100, 959.91
2026/08/07 12:43:52.979, 3, 105278, 100, 966.46
2026/08/07 12:43:52.979, 4, 0, 0, 134.23
2026/08/07 12:43:52.979, 5, 0, 0, 134.05
2026/08/07 12:43:52.979, 6, 0, 0, 132.14
2026/08/07 12:43:52.979, 7, 0, 0, 132.58
2026/08/07 12:43:53.479, 0, 104118, 100, 956.42
2026/08/07 12:43:53.479, 1, 105278, 100, 963.17
2026/08/07 12:43:53.479, 2, 105278, 100, 947.86
2026/08/07 12:43:53.479, 3, 105278, 100, 961.27
2026/08/07 12:43:53.479, 4, 0, 0, 134.35
2026/08/07 12:43:53.479, 5, 0, 0, 134.02
2026/08/07 12:43:53.479, 6, 0, 0, 132.07
2026/08/07 12:43:53.479, 7, 0, 0, 132.62
2026/08/07 12:43:53.980, 0, 104118, 100, 955.17
2026/08/07 12:43:53.980, 1, 105278, 100, 970.18
2026/08/07 12:43:53.981, 2, 105278, 100, 936.84
2026/08/07 12:43:53.982, 3, 105278, 100, 956.41
2026/08/07 12:43:53.983, 4, 0, 0, 134.35
2026/08/07 12:43:53.984, 5, 0, 0, 134.17
2026/08/07 12:43:53.985, 6, 0, 0, 131.93
2026/08/07 12:43:53.985, 7, 0, 0, 132.54
2026/08/07 12:43:54.487, 0, 104118, 100, 947.20
2026/08/07 12:43:54.487, 1, 105278, 100, 965.37
2026/08/07 12:43:54.487, 2, 105278, 100, 941.10
2026/08/07 12:43:54.487, 3, 105278, 100, 953.56
2026/08/07 12:43:54.487, 4, 0, 0, 134.24
2026/08/07 12:43:54.487, 5, 0, 0, 134.17
2026/08/07 12:43:54.487, 6, 0, 0, 131.93
2026/08/07 12:43:54.487, 7, 0, 0, 132.54
2026/08/07 12:43:54.987, 0, 104118, 100, 943.23
2026/08/07 12:43:54.987, 1, 105278, 100, 960.99
2026/08/07 12:43:54.988, 2, 105278, 100, 942.51
2026/08/07 12:43:54.989, 3, 105278, 100, 958.12
2026/08/07 12:43:54.990, 4, 0, 0, 134.24
2026/08/07 12:43:54.991, 5, 0, 0, 134.21
2026/08/07 12:43:54.992, 6, 0, 0, 132.01
2026/08/07 12:43:54.993, 7, 0, 0, 132.51
2026/08/07 12:43:55.494, 0, 104118, 100, 954.11
2026/08/07 12:43:55.494, 1, 105278, 100, 972.63
2026/08/07 12:43:55.494, 2, 105278, 100, 953.77
2026/08/07 12:43:55.494, 3, 105278, 100, 961.68
2026/08/07 12:43:55.494, 4, 0, 0, 134.24
2026/08/07 12:43:55.494, 5, 0, 0, 134.09
2026/08/07 12:43:55.494, 6, 0, 0, 131.88
2026/08/07 12:43:55.494, 7, 0, 0, 132.54
2026/08/07 12:43:55.994, 0, 104118, 100, 957.00
2026/08/07 12:43:55.994, 1, 105278, 100, 976.54
2026/08/07 12:43:55.994, 2, 105278, 100, 960.05
2026/08/07 12:43:55.994, 3, 105278, 100, 958.49
2026/08/07 12:43:55.994, 4, 0, 0, 134.24
2026/08/07 12:43:55.994, 5, 0, 0, 134.02
2026/08/07 12:43:55.994, 6, 0, 0, 131.76
2026/08/07 12:43:55.994, 7, 0, 0, 132.66
2026/08/07 12:43:56.494, 0, 104118, 100, 960.95
2026/08/07 12:43:56.494, 1, 105278, 100, 974.41
2026/08/07 12:43:56.494, 2, 105278, 100, 956.62
2026/08/07 12:43:56.494, 3, 105278, 100, 963.15
2026/08/07 12:43:56.494, 4, 0, 0, 134.25
2026/08/07 12:43:56.494, 5, 0, 0, 134.05
2026/08/07 12:43:56.494, 6, 0, 0, 131.71
2026/08/07 12:43:56.495, 7, 0, 0, 132.62
2026/08/07 12:43:56.995, 0, 104118, 100, 967.48
2026/08/07 12:43:56.995, 1, 105278, 100, 979.82
2026/08/07 12:43:56.995, 2, 105278, 100, 957.90
2026/08/07 12:43:56.995, 3, 105278, 100, 973.76
2026/08/07 12:43:56.995, 4, 0, 0, 134.24
2026/08/07 12:43:56.995, 5, 0, 0, 134.09
2026/08/07 12:43:56.995, 6, 0, 0, 131.71
2026/08/07 12:43:56.995, 7, 0, 0, 132.54
2026/08/07 12:43:57.495, 0, 104118, 100, 959.87
2026/08/07 12:43:57.495, 1, 105278, 100, 973.86
2026/08/07 12:43:57.495, 2, 105278, 100, 956.94
2026/08/07 12:43:57.495, 3, 105278, 100, 968.29
2026/08/07 12:43:57.495, 4, 0, 0, 134.24
2026/08/07 12:43:57.495, 5, 0, 0, 134.17
2026/08/07 12:43:57.495, 6, 0, 0, 131.74
2026/08/07 12:43:57.495, 7, 0, 0, 132.54
2026/08/07 12:43:57.995, 0, 104118, 100, 946.66
2026/08/07 12:43:57.995, 1, 105278, 100, 969.90
2026/08/07 12:43:57.995, 2, 105278, 100, 940.13
2026/08/07 12:43:57.995, 3, 105278, 100, 956.70
2026/08/07 12:43:57.995, 4, 0, 0, 134.24
2026/08/07 12:43:57.995, 5, 0, 0, 134.21
2026/08/07 12:43:57.995, 6, 0, 0, 132.02
2026/08/07 12:43:57.995, 7, 0, 0, 132.62
2026/08/07 12:43:58.495, 0, 104118, 100, 943.78
2026/08/07 12:43:58.495, 1, 105278, 100, 961.64
2026/08/07 12:43:58.495, 2, 105278, 100, 933.35
2026/08/07 12:43:58.495, 3, 105278, 100, 957.77
2026/08/07 12:43:58.495, 4, 0, 0, 134.35
2026/08/07 12:43:58.495, 5, 0, 0, 134.21
2026/08/07 12:43:58.495, 6, 0, 0, 132.13
2026/08/07 12:43:58.495, 7, 0, 0, 132.62
2026/08/07 12:43:58.995, 0, 104118, 100, 953.04
2026/08/07 12:43:58.995, 1, 105278, 100, 967.13
2026/08/07 12:43:58.995, 2, 105278, 100, 949.06
2026/08/07 12:43:58.995, 3, 105278, 100, 965.02
2026/08/07 12:43:58.995, 4, 0, 0, 134.36
2026/08/07 12:43:58.995, 5, 0, 0, 134.17
2026/08/07 12:43:58.995, 6, 0, 0, 132.01
2026/08/07 12:43:58.995, 7, 0, 0, 132.54
2026/08/07 12:43:59.495, 0, 104118, 100, 954.17
2026/08/07 12:43:59.495, 1, 105278, 100, 966.74
2026/08/07 12:43:59.495, 2, 105278, 100, 943.47
2026/08/07 12:43:59.495, 3, 105278, 100, 947.34
2026/08/07 12:43:59.495, 4, 0, 0, 134.24
2026/08/07 12:43:59.495, 5, 0, 0, 134.13
2026/08/07 12:43:59.495, 6, 0, 0, 131.94
2026/08/07 12:43:59.495, 7, 0, 0, 132.62
2026/08/07 12:43:59.995, 0, 104118, 100, 953.24
2026/08/07 12:43:59.998, 1, 105278, 100, 966.11
2026/08/07 12:43:59.998, 2, 105278, 100, 936.26
2026/08/07 12:43:59.998, 3, 105278, 100, 947.35
2026/08/07 12:43:59.998, 4, 0, 0, 134.24
2026/08/07 12:43:59.998, 5, 0, 0, 134.13
2026/08/07 12:43:59.998, 6, 0, 0, 131.79
2026/08/07 12:43:59.998, 7, 0, 0, 132.58
2026/08/07 12:44:00.498, 0, 104118, 100, 963.56
2026/08/07 12:44:00.498, 1, 105278, 100, 973.06
2026/08/07 12:44:00.498, 2, 105278, 100, 946.51
2026/08/07 12:44:00.498, 3, 105278, 100, 962.24
2026/08/07 12:44:00.498, 4, 0, 0, 134.24
2026/08/07 12:44:00.498, 5, 0, 0, 134.17
2026/08/07 12:44:00.498, 6, 0, 0, 131.78
2026/08/07 12:44:00.498, 7, 0, 0, 132.54
2026/08/07 12:44:00.999, 0, 104118, 100, 965.36
2026/08/07 12:44:00.999, 1, 105278, 100, 978.36
2026/08/07 12:44:00.999, 2, 105278, 100, 955.53
2026/08/07 12:44:00.999, 3, 105278, 100, 966.54
2026/08/07 12:44:00.999, 4, 0, 0, 134.24
2026/08/07 12:44:00.999, 5, 0, 0, 134.17
2026/08/07 12:44:00.999, 6, 0, 0, 132.00
2026/08/07 12:44:00.999, 7, 0, 0, 132.78
2026/08/07 12:44:01.499, 0, 104118, 100, 951.76
2026/08/07 12:44:01.499, 1, 105278, 100, 977.54
2026/08/07 12:44:01.499, 2, 105278, 100, 952.98
2026/08/07 12:44:01.499, 3, 105278, 100, 965.72
2026/08/07 12:44:01.499, 4, 0, 0, 134.24
2026/08/07 12:44:01.499, 5, 0, 0, 134.05
2026/08/07 12:44:01.499, 6, 0, 0, 132.12
2026/08/07 12:44:01.499, 7, 0, 0, 132.70
2026/08/07 12:44:01.999, 0, 104118, 100, 948.96
2026/08/07 12:44:01.999, 1, 105278, 100, 966.67
2026/08/07 12:44:01.999, 2, 105278, 100, 948.60
2026/08/07 12:44:01.999, 3, 105278, 100, 954.48
2026/08/07 12:44:01.999, 4, 0, 0, 134.24
2026/08/07 12:44:01.999, 5, 0, 0, 134.09
2026/08/07 12:44:01.999, 6, 0, 0, 131.98
2026/08/07 12:44:01.999, 7, 0, 0, 132.50
2026/08/07 12:44:02.499, 0, 104118, 100, 947.31
2026/08/07 12:44:02.505, 1, 105278, 100, 951.52
2026/08/07 12:44:02.506, 2, 105278, 100, 937.25
2026/08/07 12:44:02.507, 3, 105278, 100, 943.14
2026/08/07 12:44:02.509, 4, 0, 0, 134.24
2026/08/07 12:44:02.510, 5, 0, 0, 134.17
2026/08/07 12:44:02.510, 6, 0, 0, 131.87
2026/08/07 12:44:02.511, 7, 0, 0, 132.54
2026/08/07 12:44:03.011, 0, 104118, 100, 951.69
2026/08/07 12:44:03.011, 1, 105278, 100, 960.26
2026/08/07 12:44:03.011, 2, 105278, 100, 932.57
2026/08/07 12:44:03.011, 3, 105278, 100, 937.84
2026/08/07 12:44:03.011, 4, 0, 0, 134.36
2026/08/07 12:44:03.011, 5, 0, 0, 134.17
2026/08/07 12:44:03.011, 6, 0, 0, 132.05
2026/08/07 12:44:03.011, 7, 0, 0, 132.58
2026/08/07 12:44:03.512, 0, 104118, 100, 956.09
2026/08/07 12:44:03.512, 1, 105278, 100, 969.15
2026/08/07 12:44:03.512, 2, 105278, 100, 943.45
2026/08/07 12:44:03.512, 3, 105278, 100, 947.50
2026/08/07 12:44:03.512, 4, 0, 0, 134.36
2026/08/07 12:44:03.512, 5, 0, 0, 134.09
2026/08/07 12:44:03.512, 6, 0, 0, 132.25
2026/08/07 12:44:03.512, 7, 0, 0, 132.54
2026/08/07 12:44:04.012, 0, 104118, 100, 945.04
2026/08/07 12:44:04.012, 1, 105278, 100, 962.73
2026/08/07 12:44:04.012, 2, 105278, 100, 939.80
2026/08/07 12:44:04.012, 3, 105278, 100, 951.18
2026/08/07 12:44:04.012, 4, 0, 0, 134.24
2026/08/07 12:44:04.012, 5, 0, 0, 134.05
2026/08/07 12:44:04.012, 6, 0, 0, 132.13
2026/08/07 12:44:04.012, 7, 0, 0, 132.51
2026/08/07 12:44:04.512, 0, 104118, 100, 953.52
2026/08/07 12:44:04.512, 1, 105278, 100, 968.08
2026/08/07 12:44:04.512, 2, 105278, 100, 947.59
2026/08/07 12:44:04.512, 3, 105278, 100, 962.33
2026/08/07 12:44:04.512, 4, 0, 0, 134.24
2026/08/07 12:44:04.512, 5, 0, 0, 134.13
2026/08/07 12:44:04.512, 6, 0, 0, 131.96
2026/08/07 12:44:04.512, 7, 0, 0, 132.46
2026/08/07 12:44:05.012, 0, 104118, 100, 960.68
2026/08/07 12:44:05.012, 1, 105278, 100, 979.34
2026/08/07 12:44:05.013, 2, 105278, 100, 957.34
2026/08/07 12:44:05.015, 3, 105278, 100, 968.79
2026/08/07 12:44:05.016, 4, 0, 0, 134.24
2026/08/07 12:44:05.016, 5, 0, 0, 134.17
2026/08/07 12:44:05.017, 6, 0, 0, 132.01
2026/08/07 12:44:05.018, 7, 0, 0, 132.46
2026/08/07 12:44:05.519, 0, 104118, 100, 958.59
2026/08/07 12:44:05.519, 1, 105278, 100, 980.95
2026/08/07 12:44:05.519, 2, 105278, 100, 956.22
2026/08/07 12:44:05.519, 3, 105278, 100, 963.28
2026/08/07 12:44:05.519, 4, 0, 0, 134.24
2026/08/07 12:44:05.519, 5, 0, 0, 134.21
2026/08/07 12:44:05.519, 6, 0, 0, 131.97
2026/08/07 12:44:05.519, 7, 0, 0, 132.50
2026/08/07 12:44:06.020, 0, 104118, 100, 963.48
2026/08/07 12:44:06.020, 1, 105278, 100, 983.41
2026/08/07 12:44:06.020, 2, 105278, 100, 955.89
2026/08/07 12:44:06.020, 3, 105278, 100, 960.68
2026/08/07 12:44:06.020, 4, 0, 0, 134.24
2026/08/07 12:44:06.020, 5, 0, 0, 134.32
2026/08/07 12:44:06.020, 6, 0, 0, 131.97
2026/08/07 12:44:06.020, 7, 0, 0, 132.70
2026/08/07 12:44:06.520, 0, 104118, 100, 962.34
2026/08/07 12:44:06.520, 1, 105278, 100, 981.95
2026/08/07 12:44:06.520, 2, 105278, 100, 958.77
2026/08/07 12:44:06.520, 3, 105278, 100, 964.91
2026/08/07 12:44:06.520, 4, 0, 0, 134.25
2026/08/07 12:44:06.520, 5, 0, 0, 134.25
2026/08/07 12:44:06.520, 6, 0, 0, 131.98
2026/08/07 12:44:06.520, 7, 0, 0, 132.70
2026/08/07 12:44:07.020, 0, 104118, 100, 955.60
2026/08/07 12:44:07.020, 1, 105278, 100, 973.18
2026/08/07 12:44:07.020, 2, 105278, 100, 956.14
2026/08/07 12:44:07.020, 3, 105278, 100, 960.36
2026/08/07 12:44:07.020, 4, 0, 0, 134.24
2026/08/07 12:44:07.020, 5, 0, 0, 134.13
2026/08/07 12:44:07.020, 6, 0, 0, 131.90
2026/08/07 12:44:07.020, 7, 0, 0, 132.51
2026/08/07 12:44:07.520, 0, 104118, 100, 944.16
2026/08/07 12:44:07.520, 1, 105278, 100, 953.96
2026/08/07 12:44:07.520, 2, 105278, 100, 948.99
2026/08/07 12:44:07.520, 3, 105278, 100, 952.22
2026/08/07 12:44:07.520, 4, 0, 0, 134.24
2026/08/07 12:44:07.520, 5, 0, 0, 134.09
2026/08/07 12:44:07.520, 6, 0, 0, 132.00
2026/08/07 12:44:07.520, 7, 0, 0, 132.46
2026/08/07 12:44:08.020, 0, 104118, 99, 938.29
2026/08/07 12:44:08.020, 1, 105278, 100, 948.58
2026/08/07 12:44:08.020, 2, 105278, 100, 941.55
2026/08/07 12:44:08.020, 3, 105278, 99, 945.02
2026/08/07 12:44:08.020, 4, 0, 0, 134.31
2026/08/07 12:44:08.020, 5, 0, 0, 134.05
2026/08/07 12:44:08.020, 6, 0, 0, 132.08
2026/08/07 12:44:08.020, 7, 0, 0, 132.50
2026/08/07 12:44:08.520, 0, 104118, 100, 943.91
2026/08/07 12:44:08.520, 1, 105278, 100, 956.18
2026/08/07 12:44:08.520, 2, 105278, 100, 939.67
2026/08/07 12:44:08.520, 3, 105278, 100, 948.66
2026/08/07 12:44:08.520, 4, 0, 0, 134.31
2026/08/07 12:44:08.520, 5, 0, 0, 134.17
2026/08/07 12:44:08.520, 6, 0, 0, 132.05
2026/08/07 12:44:08.520, 7, 0, 0, 132.46
2026/08/07 12:44:09.020, 0, 104118, 100, 963.01
2026/08/07 12:44:09.020, 1, 105278, 100, 972.33
2026/08/07 12:44:09.023, 2, 105278, 100, 944.19
2026/08/07 12:44:09.024, 3, 105278, 100, 960.41
2026/08/07 12:44:09.024, 4, 0, 0, 134.24
2026/08/07 12:44:09.024, 5, 0, 0, 134.02
2026/08/07 12:44:09.024, 6, 0, 0, 132.10
2026/08/07 12:44:09.024, 7, 0, 0, 132.43
2026/08/07 12:44:09.524, 0, 104118, 100, 968.56
2026/08/07 12:44:09.524, 1, 105278, 100, 984.08
2026/08/07 12:44:09.524, 2, 105278, 100, 948.28
2026/08/07 12:44:09.524, 3, 105278, 100, 965.36
2026/08/07 12:44:09.524, 4, 0, 0, 134.24
2026/08/07 12:44:09.524, 5, 0, 0, 133.98
2026/08/07 12:44:09.524, 6, 0, 0, 131.97
2026/08/07 12:44:09.524, 7, 0, 0, 132.46
2026/08/07 12:44:10.024, 0, 104118, 100, 965.35
2026/08/07 12:44:10.024, 1, 105278, 100, 985.04
2026/08/07 12:44:10.024, 2, 105278, 100, 952.88
2026/08/07 12:44:10.024, 3, 105278, 100, 964.75
2026/08/07 12:44:10.024, 4, 0, 0, 134.23
2026/08/07 12:44:10.024, 5, 0, 0, 134.17
2026/08/07 12:44:10.024, 6, 0, 0, 131.93
2026/08/07 12:44:10.024, 7, 0, 0, 132.50
2026/08/07 12:44:10.524, 0, 104118, 100, 960.31
2026/08/07 12:44:10.524, 1, 105278, 100, 969.90
2026/08/07 12:44:10.524, 2, 105278, 100, 955.48
2026/08/07 12:44:10.524, 3, 105278, 100, 961.02
2026/08/07 12:44:10.524, 4, 0, 0, 134.24
2026/08/07 12:44:10.524, 5, 0, 0, 134.21
2026/08/07 12:44:10.524, 6, 0, 0, 131.90
2026/08/07 12:44:10.524, 7, 0, 0, 132.54
2026/08/07 12:44:11.024, 0, 104118, 100, 956.48
2026/08/07 12:44:11.024, 1, 105278, 100, 961.27
2026/08/07 12:44:11.024, 2, 105278, 100, 940.36
2026/08/07 12:44:11.024, 3, 105278, 100, 956.77
2026/08/07 12:44:11.024, 4, 0, 0, 134.24
2026/08/07 12:44:11.024, 5, 0, 0, 134.28
2026/08/07 12:44:11.024, 6, 0, 0, 131.84
2026/08/07 12:44:11.024, 7, 0, 0, 132.65
2026/08/07 12:44:11.524, 0, 104118, 100, 952.42
2026/08/07 12:44:11.524, 1, 105278, 100, 968.02
2026/08/07 12:44:11.524, 2, 105278, 100, 934.70
2026/08/07 12:44:11.524, 3, 105278, 100, 956.35
2026/08/07 12:44:11.524, 4, 0, 0, 134.24
2026/08/07 12:44:11.524, 5, 0, 0, 134.21
2026/08/07 12:44:11.525, 6, 0, 0, 131.90
2026/08/07 12:44:11.525, 7, 0, 0, 132.62
2026/08/07 12:44:12.025, 0, 104118, 100, 955.37
2026/08/07 12:44:12.025, 1, 105278, 100, 964.84
2026/08/07 12:44:12.025, 2, 105278, 100, 946.20
2026/08/07 12:44:12.025, 3, 105278, 100, 955.91
2026/08/07 12:44:12.025, 4, 0, 0, 134.24
2026/08/07 12:44:12.025, 5, 0, 0, 134.13
2026/08/07 12:44:12.025, 6, 0, 0, 132.09
2026/08/07 12:44:12.025, 7, 0, 0, 132.50
2026/08/07 12:44:12.525, 0, 104118, 99, 948.89
2026/08/07 12:44:12.525, 1, 105278, 100, 959.88
2026/08/07 12:44:12.525, 2, 105278, 100, 943.55
2026/08/07 12:44:12.525, 3, 105278, 99, 957.56
2026/08/07 12:44:12.525, 4, 0, 0, 134.24
2026/08/07 12:44:12.525, 5, 0, 0, 134.17
2026/08/07 12:44:12.525, 6, 0, 0, 132.24
2026/08/07 12:44:12.525, 7, 0, 0, 132.58
2026/08/07 12:44:13.025, 0, 104118, 100, 958.53
2026/08/07 12:44:13.025, 1, 105278, 100, 968.67
2026/08/07 12:44:13.025, 2, 105278, 100, 941.67
2026/08/07 12:44:13.025, 3, 105278, 100, 963.07
2026/08/07 12:44:13.025, 4, 0, 0, 134.31
2026/08/07 12:44:13.025, 5, 0, 0, 134.13
2026/08/07 12:44:13.025, 6, 0, 0, 132.12
2026/08/07 12:44:13.025, 7, 0, 0, 132.58
2026/08/07 12:44:13.525, 0, 104118, 100, 965.30
2026/08/07 12:44:13.525, 1, 105278, 100, 970.69
2026/08/07 12:44:13.525, 2, 105278, 100, 940.85
2026/08/07 12:44:13.525, 3, 105278, 100, 956.74
2026/08/07 12:44:13.525, 4, 0, 0, 134.31
2026/08/07 12:44:13.525, 5, 0, 0, 134.17
2026/08/07 12:44:13.525, 6, 0, 0, 131.96
2026/08/07 12:44:13.525, 7, 0, 0, 132.54
2026/08/07 12:44:14.025, 0, 104118, 100, 963.58
2026/08/07 12:44:14.025, 1, 105278, 100, 973.91
2026/08/07 12:44:14.025, 2, 105278, 100, 941.50
2026/08/07 12:44:14.025, 3, 105278, 100, 959.17
2026/08/07 12:44:14.025, 4, 0, 0, 134.24
2026/08/07 12:44:14.025, 5, 0, 0, 134.21
2026/08/07 12:44:14.025, 6, 0, 0, 131.80
2026/08/07 12:44:14.025, 7, 0, 0, 132.58
2026/08/07 12:44:14.525, 0, 104118, 100, 967.65
2026/08/07 12:44:14.525, 1, 105278, 100, 982.54
2026/08/07 12:44:14.525, 2, 105278, 100, 951.10
2026/08/07 12:44:14.525, 3, 105278, 100, 965.90
2026/08/07 12:44:14.525, 4, 0, 0, 134.24
2026/08/07 12:44:14.525, 5, 0, 0, 134.13
2026/08/07 12:44:14.525, 6, 0, 0, 131.78
2026/08/07 12:44:14.525, 7, 0, 0, 132.51
2026/08/07 12:44:15.025, 0, 104118, 100, 958.78
2026/08/07 12:44:15.025, 1, 105278, 100, 972.02
2026/08/07 12:44:15.025, 2, 105278, 100, 946.03
2026/08/07 12:44:15.025, 3, 105278, 100, 960.60
2026/08/07 12:44:15.025, 4, 0, 0, 134.24
2026/08/07 12:44:15.025, 5, 0, 0, 134.10
2026/08/07 12:44:15.025, 6, 0, 0, 131.93
2026/08/07 12:44:15.025, 7, 0, 0, 132.43
2026/08/07 12:44:15.526, 0, 104118, 100, 946.21
2026/08/07 12:44:15.526, 1, 105278, 100, 962.69
2026/08/07 12:44:15.526, 2, 105278, 100, 940.13
2026/08/07 12:44:15.526, 3, 105278, 100, 947.64
2026/08/07 12:44:15.526, 4, 0, 0, 134.23
2026/08/07 12:44:15.526, 5, 0, 0, 134.13
2026/08/07 12:44:15.526, 6, 0, 0, 132.01
2026/08/07 12:44:15.526, 7, 0, 0, 132.58
2026/08/07 12:44:16.026, 0, 104118, 100, 946.19
2026/08/07 12:44:16.026, 1, 105278, 100, 972.71
2026/08/07 12:44:16.026, 2, 105278, 100, 940.58
2026/08/07 12:44:16.026, 3, 105278, 100, 956.52
2026/08/07 12:44:16.026, 4, 0, 0, 134.24
2026/08/07 12:44:16.026, 5, 0, 0, 134.24
2026/08/07 12:44:16.026, 6, 0, 0, 132.01
2026/08/07 12:44:16.026, 7, 0, 0, 132.69
2026/08/07 12:44:16.526, 0, 104118, 100, 948.04
2026/08/07 12:44:16.526, 1, 105278, 100, 970.28
2026/08/07 12:44:16.526, 2, 105278, 100, 939.19
2026/08/07 12:44:16.526, 3, 105278, 100, 960.39
2026/08/07 12:44:16.526, 4, 0, 0, 134.24
2026/08/07 12:44:16.526, 5, 0, 0, 134.21
2026/08/07 12:44:16.526, 6, 0, 0, 131.96
2026/08/07 12:44:16.526, 7, 0, 0, 132.69
2026/08/07 12:44:17.026, 0, 104118, 100, 947.00
2026/08/07 12:44:17.026, 1, 105278, 100, 963.19
2026/08/07 12:44:17.026, 2, 105278, 100, 938.76
2026/08/07 12:44:17.026, 3, 105278, 100, 953.50
2026/08/07 12:44:17.026, 4, 0, 0, 134.24
2026/08/07 12:44:17.026, 5, 0, 0, 134.09
2026/08/07 12:44:17.026, 6, 0, 0, 132.09
2026/08/07 12:44:17.026, 7, 0, 0, 132.62
2026/08/07 12:44:17.526, 0, 104118, 100, 945.21
2026/08/07 12:44:17.526, 1, 105278, 100, 970.18
2026/08/07 12:44:17.526, 2, 105278, 100, 932.98
2026/08/07 12:44:17.526, 3, 105278, 100, 955.54
2026/08/07 12:44:17.526, 4, 0, 0, 134.24
2026/08/07 12:44:17.526, 5, 0, 0, 133.97
2026/08/07 12:44:17.526, 6, 0, 0, 132.09
2026/08/07 12:44:17.526, 7, 0, 0, 132.54
2026/08/07 12:44:18.026, 0, 104118, 100, 956.43
2026/08/07 12:44:18.026, 1, 105278, 100, 984.26
2026/08/07 12:44:18.027, 2, 105278, 100, 939.62
2026/08/07 12:44:18.028, 3, 105278, 100, 961.20
2026/08/07 12:44:18.029, 4, 0, 0, 134.32
2026/08/07 12:44:18.030, 5, 0, 0, 133.86
2026/08/07 12:44:18.031, 6, 0, 0, 132.13
2026/08/07 12:44:18.032, 7, 0, 0, 132.58
2026/08/07 12:44:18.533, 0, 104118, 100, 967.20
2026/08/07 12:44:18.533, 1, 105278, 100, 983.25
2026/08/07 12:44:18.533, 2, 105278, 100, 948.68
2026/08/07 12:44:18.533, 3, 105278, 100, 966.26
2026/08/07 12:44:18.533, 4, 0, 0, 134.32
2026/08/07 12:44:18.533, 5, 0, 0, 134.02
2026/08/07 12:44:18.533, 6, 0, 0, 132.02
2026/08/07 12:44:18.533, 7, 0, 0, 132.62
2026/08/07 12:44:19.033, 0, 104118, 100, 961.71
2026/08/07 12:44:19.033, 1, 105278, 100, 979.18
2026/08/07 12:44:19.033, 2, 105278, 100, 940.43
2026/08/07 12:44:19.033, 3, 105278, 100, 962.07
2026/08/07 12:44:19.033, 4, 0, 0, 134.24
2026/08/07 12:44:19.033, 5, 0, 0, 134.13
2026/08/07 12:44:19.033, 6, 0, 0, 131.90
2026/08/07 12:44:19.033, 7, 0, 0, 132.50
2026/08/07 12:44:19.533, 0, 104118, 100, 956.81
2026/08/07 12:44:19.533, 1, 105278, 100, 976.09
2026/08/07 12:44:19.533, 2, 105278, 100, 942.38
2026/08/07 12:44:19.533, 3, 105278, 100, 954.63
2026/08/07 12:44:19.533, 4, 0, 0, 134.24
2026/08/07 12:44:19.533, 5, 0, 0, 134.13
2026/08/07 12:44:19.533, 6, 0, 0, 131.89
2026/08/07 12:44:19.533, 7, 0, 0, 132.46
2026/08/07 12:44:20.033, 0, 104118, 100, 962.38
2026/08/07 12:44:20.033, 1, 105278, 100, 969.10
2026/08/07 12:44:20.033, 2, 105278, 100, 941.44
2026/08/07 12:44:20.033, 3, 105278, 100, 952.52
2026/08/07 12:44:20.033, 4, 0, 0, 134.24
2026/08/07 12:44:20.033, 5, 0, 0, 133.98
2026/08/07 12:44:20.033, 6, 0, 0, 131.74
2026/08/07 12:44:20.033, 7, 0, 0, 132.54
2026/08/07 12:44:20.533, 0, 104118, 100, 962.68
2026/08/07 12:44:20.533, 1, 105278, 100, 967.16
2026/08/07 12:44:20.534, 2, 105278, 100, 941.66
2026/08/07 12:44:20.534, 3, 105278, 100, 957.43
2026/08/07 12:44:20.534, 4, 0, 0, 134.24
2026/08/07 12:44:20.534, 5, 0, 0, 133.93
2026/08/07 12:44:20.534, 6, 0, 0, 131.85
2026/08/07 12:44:20.534, 7, 0, 0, 132.58
2026/08/07 12:44:21.034, 0, 104118, 100, 952.84
2026/08/07 12:44:21.034, 1, 105278, 100, 954.27
2026/08/07 12:44:21.034, 2, 105278, 100, 939.52
2026/08/07 12:44:21.034, 3, 105278, 100, 948.26
2026/08/07 12:44:21.034, 4, 0, 0, 134.24
2026/08/07 12:44:21.034, 5, 0, 0, 134.21
2026/08/07 12:44:21.034, 6, 0, 0, 131.82
2026/08/07 12:44:21.034, 7, 0, 0, 132.70
2026/08/07 12:44:21.534, 0, 104118, 100, 950.79
2026/08/07 12:44:21.534, 1, 105278, 100, 950.42
2026/08/07 12:44:21.534, 2, 105278, 100, 934.91
2026/08/07 12:44:21.534, 3, 105278, 100, 944.58
2026/08/07 12:44:21.534, 4, 0, 0, 134.24
2026/08/07 12:44:21.534, 5, 0, 0, 134.28
2026/08/07 12:44:21.534, 6, 0, 0, 131.89
2026/08/07 12:44:21.534, 7, 0, 0, 132.73
2026/08/07 12:44:22.034, 0, 104118, 100, 962.40
2026/08/07 12:44:22.034, 1, 105278, 100, 967.11
2026/08/07 12:44:22.034, 2, 105278, 100, 944.23
2026/08/07 12:44:22.034, 3, 105278, 100, 959.31
2026/08/07 12:44:22.034, 4, 0, 0, 134.24
2026/08/07 12:44:22.034, 5, 0, 0, 134.17
2026/08/07 12:44:22.034, 6, 0, 0, 132.15
2026/08/07 12:44:22.034, 7, 0, 0, 132.62
2026/08/07 12:44:22.534, 0, 104118, 100, 961.43
2026/08/07 12:44:22.534, 1, 105278, 100, 978.24
2026/08/07 12:44:22.534, 2, 105278, 100, 952.89
2026/08/07 12:44:22.534, 3, 105278, 100, 969.10
2026/08/07 12:44:22.534, 4, 0, 0, 134.25
2026/08/07 12:44:22.534, 5, 0, 0, 134.21
2026/08/07 12:44:22.534, 6, 0, 0, 132.03
2026/08/07 12:44:22.534, 7, 0, 0, 132.54
2026/08/07 12:44:23.034, 0, 104118, 100, 967.02
2026/08/07 12:44:23.034, 1, 105278, 100, 973.71
2026/08/07 12:44:23.034, 2, 105278, 100, 954.46
2026/08/07 12:44:23.034, 3, 105278, 100, 968.09
2026/08/07 12:44:23.034, 4, 0, 0, 134.36
2026/08/07 12:44:23.034, 5, 0, 0, 134.17
2026/08/07 12:44:23.034, 6, 0, 0, 132.08
2026/08/07 12:44:23.034, 7, 0, 0, 132.58
2026/08/07 12:44:23.534, 0, 104118, 100, 971.18
2026/08/07 12:44:23.534, 1, 105278, 100, 964.56
2026/08/07 12:44:23.534, 2, 105278, 100, 954.05
2026/08/07 12:44:23.534, 3, 105278, 100, 962.92
2026/08/07 12:44:23.534, 4, 0, 0, 134.36
2026/08/07 12:44:23.534, 5, 0, 0, 134.09
2026/08/07 12:44:23.534, 6, 0, 0, 132.09
2026/08/07 12:44:23.534, 7, 0, 0, 132.62
2026/08/07 12:44:24.035, 0, 104118, 100, 961.53
2026/08/07 12:44:24.035, 1, 105278, 100, 970.46
2026/08/07 12:44:24.035, 2, 105278, 100, 948.84
2026/08/07 12:44:24.035, 3, 105278, 100, 957.70
2026/08/07 12:44:24.035, 4, 0, 0, 134.24
2026/08/07 12:44:24.035, 5, 0, 0, 134.02
2026/08/07 12:44:24.035, 6, 0, 0, 131.98
2026/08/07 12:44:24.035, 7, 0, 0, 132.54
2026/08/07 12:44:24.535, 0, 104118, 100, 953.96
2026/08/07 12:44:24.535, 1, 105278, 100, 959.42
2026/08/07 12:44:24.535, 2, 105278, 100, 950.71
2026/08/07 12:44:24.535, 3, 105278, 100, 957.83
2026/08/07 12:44:24.535, 4, 0, 0, 134.24
2026/08/07 12:44:24.535, 5, 0, 0, 133.98
2026/08/07 12:44:24.535, 6, 0, 0, 131.89
2026/08/07 12:44:24.535, 7, 0, 0, 132.50
2026/08/07 12:44:25.035, 0, 104118, 100, 956.16
2026/08/07 12:44:25.035, 1, 105278, 100, 955.54
2026/08/07 12:44:25.035, 2, 105278, 100, 948.18
2026/08/07 12:44:25.035, 3, 105278, 100, 950.97
2026/08/07 12:44:25.035, 4, 0, 0, 134.24
2026/08/07 12:44:25.035, 5, 0, 0, 134.05
2026/08/07 12:44:25.035, 6, 0, 0, 131.98
2026/08/07 12:44:25.035, 7, 0, 0, 132.54
2026/08/07 12:44:25.535, 0, 104118, 100, 947.13
2026/08/07 12:44:25.536, 1, 105278, 100, 959.63
2026/08/07 12:44:25.537, 2, 105278, 100, 944.39
2026/08/07 12:44:25.537, 3, 105278, 100, 943.59
2026/08/07 12:44:25.537, 4, 0, 0, 134.24
2026/08/07 12:44:25.537, 5, 0, 0, 134.13
2026/08/07 12:44:25.537, 6, 0, 0, 132.14
2026/08/07 12:44:25.537, 7, 0, 0, 132.50
2026/08/07 12:44:26.037, 0, 104118, 100, 949.08
2026/08/07 12:44:26.037, 1, 105278, 100, 965.27
2026/08/07 12:44:26.037, 2, 105278, 100, 939.76
2026/08/07 12:44:26.037, 3, 105278, 100, 947.21
2026/08/07 12:44:26.037, 4, 0, 0, 134.25
2026/08/07 12:44:26.037, 5, 0, 0, 134.09
2026/08/07 12:44:26.037, 6, 0, 0, 132.06
2026/08/07 12:44:26.037, 7, 0, 0, 132.66
2026/08/07 12:44:26.538, 0, 104118, 100, 963.82
2026/08/07 12:44:26.538, 1, 105278, 100, 976.10
2026/08/07 12:44:26.538, 2, 105278, 100, 943.95
2026/08/07 12:44:26.538, 3, 105278, 100, 957.00
2026/08/07 12:44:26.538, 4, 0, 0, 134.25
2026/08/07 12:44:26.538, 5, 0, 0, 134.17
2026/08/07 12:44:26.538, 6, 0, 0, 131.95
2026/08/07 12:44:26.538, 7, 0, 0, 132.66
2026/08/07 12:44:27.038, 0, 104118, 100, 958.97
2026/08/07 12:44:27.038, 1, 105278, 100, 970.62
2026/08/07 12:44:27.038, 2, 105278, 100, 953.23
2026/08/07 12:44:27.038, 3, 105278, 100, 968.47
2026/08/07 12:44:27.038, 4, 0, 0, 134.24
2026/08/07 12:44:27.038, 5, 0, 0, 134.05
2026/08/07 12:44:27.038, 6, 0, 0, 131.81
2026/08/07 12:44:27.038, 7, 0, 0, 132.43
2026/08/07 12:44:27.538, 0, 104118, 100, 952.93
2026/08/07 12:44:27.538, 1, 105278, 100, 967.71
2026/08/07 12:44:27.538, 2, 105278, 100, 949.16
2026/08/07 12:44:27.538, 3, 105278, 100, 962.55
2026/08/07 12:44:27.538, 4, 0, 0, 134.24
2026/08/07 12:44:27.538, 5, 0, 0, 134.01
2026/08/07 12:44:27.538, 6, 0, 0, 131.89
2026/08/07 12:44:27.538, 7, 0, 0, 132.43
2026/08/07 12:44:28.038, 0, 104118, 100, 959.26
2026/08/07 12:44:28.038, 1, 105278, 100, 973.62
2026/08/07 12:44:28.038, 2, 105278, 100, 942.48
2026/08/07 12:44:28.038, 3, 105278, 100, 955.40
2026/08/07 12:44:28.038, 4, 0, 0, 134.35
2026/08/07 12:44:28.038, 5, 0, 0, 134.13
2026/08/07 12:44:28.038, 6, 0, 0, 132.08
2026/08/07 12:44:28.038, 7, 0, 0, 132.46
2026/08/07 12:44:28.538, 0, 104118, 100, 961.74
2026/08/07 12:44:28.538, 1, 105278, 100, 973.46
2026/08/07 12:44:28.538, 2, 105278, 100, 943.93
2026/08/07 12:44:28.538, 3, 105278, 100, 951.31
2026/08/07 12:44:28.538, 4, 0, 0, 134.35
2026/08/07 12:44:28.538, 5, 0, 0, 134.17
2026/08/07 12:44:28.538, 6, 0, 0, 132.12
2026/08/07 12:44:28.538, 7, 0, 0, 132.46
2026/08/07 12:44:29.038, 0, 104118, 100, 956.12
2026/08/07 12:44:29.038, 1, 105278, 100, 973.62
2026/08/07 12:44:29.038, 2, 105278, 100, 945.16
2026/08/07 12:44:29.038, 3, 105278, 100, 952.93
2026/08/07 12:44:29.038, 4, 0, 0, 134.27
2026/08/07 12:44:29.038, 5, 0, 0, 134.17
2026/08/07 12:44:29.038, 6, 0, 0, 132.10
2026/08/07 12:44:29.038, 7, 0, 0, 132.50
2026/08/07 12:44:29.538, 0, 104118, 100, 951.79
2026/08/07 12:44:29.538, 1, 105278, 100, 970.49
2026/08/07 12:44:29.538, 2, 105278, 100, 938.91
2026/08/07 12:44:29.538, 3, 105278, 100, 957.81
2026/08/07 12:44:29.538, 4, 0, 0, 134.24
2026/08/07 12:44:29.538, 5, 0, 0, 134.13
2026/08/07 12:44:29.538, 6, 0, 0, 132.12
2026/08/07 12:44:29.538, 7, 0, 0, 132.51
2026/08/07 12:44:30.039, 0, 104118, 99, 944.45
2026/08/07 12:44:30.039, 1, 105278, 99, 955.42
2026/08/07 12:44:30.039, 2, 105278, 100, 938.11
2026/08/07 12:44:30.039, 3, 105278, 99, 949.53
2026/08/07 12:44:30.039, 4, 0, 0, 134.23
2026/08/07 12:44:30.039, 5, 0, 0, 134.13
2026/08/07 12:44:30.039, 6, 0, 0, 132.03
2026/08/07 12:44:30.039, 7, 0, 0, 132.46
2026/08/07 12:44:30.539, 0, 104118, 100, 944.01
2026/08/07 12:44:30.539, 1, 105278, 100, 952.11
2026/08/07 12:44:30.539, 2, 105278, 100, 937.00
2026/08/07 12:44:30.539, 3, 105278, 100, 948.11
2026/08/07 12:44:30.539, 4, 0, 0, 134.23
2026/08/07 12:44:30.539, 5, 0, 0, 134.21
2026/08/07 12:44:30.539, 6, 0, 0, 131.95
2026/08/07 12:44:30.539, 7, 0, 0, 132.54
2026/08/07 12:44:31.039, 0, 104118, 100, 956.31
2026/08/07 12:44:31.039, 1, 105278, 100, 972.70
2026/08/07 12:44:31.039, 2, 105278, 100, 938.17
2026/08/07 12:44:31.039, 3, 105278, 100, 955.64
2026/08/07 12:44:31.039, 4, 0, 0, 134.23
2026/08/07 12:44:31.039, 5, 0, 0, 134.28
2026/08/07 12:44:31.039, 6, 0, 0, 132.03
2026/08/07 12:44:31.039, 7, 0, 0, 132.70
2026/08/07 12:44:31.539, 0, 104118, 100, 965.99
2026/08/07 12:44:31.539, 1, 105278, 100, 983.62
2026/08/07 12:44:31.539, 2, 105278, 100, 953.17
2026/08/07 12:44:31.539, 3, 105278, 100, 965.47
2026/08/07 12:44:31.539, 4, 0, 0, 134.24
2026/08/07 12:44:31.539, 5, 0, 0, 134.28
2026/08/07 12:44:31.539, 6, 0, 0, 132.00
2026/08/07 12:44:31.539, 7, 0, 0, 132.70
2026/08/07 12:44:32.039, 0, 104118, 100, 967.31
2026/08/07 12:44:32.039, 1, 105278, 100, 980.95
2026/08/07 12:44:32.039, 2, 105278, 100, 955.58
2026/08/07 12:44:32.039, 3, 105278, 100, 973.51
2026/08/07 12:44:32.039, 4, 0, 0, 134.24
2026/08/07 12:44:32.039, 5, 0, 0, 134.13
2026/08/07 12:44:32.039, 6, 0, 0, 131.90
2026/08/07 12:44:32.039, 7, 0, 0, 132.58
2026/08/07 12:44:32.539, 0, 104118, 100, 959.33
2026/08/07 12:44:32.539, 1, 105278, 100, 971.04
2026/08/07 12:44:32.539, 2, 105278, 100, 941.37
2026/08/07 12:44:32.539, 3, 105278, 100, 971.65
2026/08/07 12:44:32.539, 4, 0, 0, 134.24
2026/08/07 12:44:32.539, 5, 0, 0, 134.09
2026/08/07 12:44:32.540, 6, 0, 0, 131.98
2026/08/07 12:44:32.540, 7, 0, 0, 132.54
2026/08/07 12:44:33.040, 0, 104118, 100, 954.73
2026/08/07 12:44:33.040, 1, 105278, 100, 975.18
2026/08/07 12:44:33.040, 2, 105278, 100, 944.95
2026/08/07 12:44:33.040, 3, 105278, 100, 964.51
2026/08/07 12:44:33.040, 4, 0, 0, 134.35
2026/08/07 12:44:33.040, 5, 0, 0, 133.97
2026/08/07 12:44:33.040, 6, 0, 0, 132.20
2026/08/07 12:44:33.040, 7, 0, 0, 132.70
2026/08/07 12:44:33.540, 0, 104118, 100, 954.82
2026/08/07 12:44:33.540, 1, 105278, 100, 975.73
2026/08/07 12:44:33.540, 2, 105278, 100, 958.29
2026/08/07 12:44:33.540, 3, 105278, 100, 961.22
2026/08/07 12:44:33.540, 4, 0, 0, 134.35
2026/08/07 12:44:33.540, 5, 0, 0, 133.98
2026/08/07 12:44:33.540, 6, 0, 0, 132.20
2026/08/07 12:44:33.540, 7, 0, 0, 132.69
2026/08/07 12:44:34.040, 0, 104118, 100, 949.34
2026/08/07 12:44:34.040, 1, 105278, 100, 965.85
2026/08/07 12:44:34.040, 2, 105278, 100, 941.13
2026/08/07 12:44:34.040, 3, 105278, 100, 954.68
2026/08/07 12:44:34.040, 4, 0, 0, 134.27
2026/08/07 12:44:34.040, 5, 0, 0, 134.06
2026/08/07 12:44:34.040, 6, 0, 0, 131.98
2026/08/07 12:44:34.040, 7, 0, 0, 132.46
2026/08/07 12:44:34.540, 0, 104118, 99, 950.66
2026/08/07 12:44:34.540, 1, 105278, 99, 958.02
2026/08/07 12:44:34.540, 2, 105278, 100, 932.73
2026/08/07 12:44:34.540, 3, 105278, 99, 950.05
2026/08/07 12:44:34.540, 4, 0, 0, 134.23
2026/08/07 12:44:34.540, 5, 0, 0, 134.05
2026/08/07 12:44:34.540, 6, 0, 0, 131.98
2026/08/07 12:44:34.540, 7, 0, 0, 132.43
2026/08/07 12:44:35.040, 0, 104118, 100, 961.58
2026/08/07 12:44:35.040, 1, 105278, 100, 965.84
2026/08/07 12:44:35.040, 2, 105278, 100, 945.85
2026/08/07 12:44:35.040, 3, 105278, 100, 963.96
2026/08/07 12:44:35.040, 4, 0, 0, 134.24
2026/08/07 12:44:35.040, 5, 0, 0, 134.13
2026/08/07 12:44:35.040, 6, 0, 0, 132.05
2026/08/07 12:44:35.040, 7, 0, 0, 132.46
2026/08/07 12:44:35.540, 0, 104118, 100, 967.46
2026/08/07 12:44:35.541, 1, 105278, 100, 980.02
2026/08/07 12:44:35.542, 2, 105278, 100, 954.16
2026/08/07 12:44:35.543, 3, 105278, 100, 968.72
2026/08/07 12:44:35.543, 4, 0, 0, 134.24
2026/08/07 12:44:35.544, 5, 0, 0, 134.17
2026/08/07 12:44:35.545, 6, 0, 0, 132.05
2026/08/07 12:44:35.547, 7, 0, 0, 132.54
2026/08/07 12:44:36.048, 0, 104118, 100, 973.74
2026/08/07 12:44:36.048, 1, 105278, 100, 984.71
2026/08/07 12:44:36.048, 2, 105278, 100, 956.54
2026/08/07 12:44:36.048, 3, 105278, 100, 968.88
2026/08/07 12:44:36.048, 4, 0, 0, 134.24
2026/08/07 12:44:36.048, 5, 0, 0, 134.28
2026/08/07 12:44:36.048, 6, 0, 0, 131.92
2026/08/07 12:44:36.048, 7, 0, 0, 132.81
2026/08/07 12:44:36.548, 0, 104118, 100, 972.40
2026/08/07 12:44:36.548, 1, 105278, 100, 981.07
2026/08/07 12:44:36.548, 2, 105278, 100, 956.30
2026/08/07 12:44:36.548, 3, 105278, 100, 970.73
2026/08/07 12:44:36.548, 4, 0, 0, 134.23
2026/08/07 12:44:36.548, 5, 0, 0, 134.25
2026/08/07 12:44:36.548, 6, 0, 0, 131.89
2026/08/07 12:44:36.548, 7, 0, 0, 132.73
2026/08/07 12:44:37.048, 0, 104118, 100, 966.55
2026/08/07 12:44:37.048, 1, 105278, 100, 973.08
2026/08/07 12:44:37.048, 2, 105278, 100, 957.74
2026/08/07 12:44:37.048, 3, 105278, 100, 964.40
2026/08/07 12:44:37.048, 4, 0, 0, 134.24
2026/08/07 12:44:37.048, 5, 0, 0, 134.13
2026/08/07 12:44:37.048, 6, 0, 0, 132.08
2026/08/07 12:44:37.048, 7, 0, 0, 132.50
2026/08/07 12:44:37.548, 0, 104118, 100, 956.19
2026/08/07 12:44:37.548, 1, 105278, 100, 964.89
2026/08/07 12:44:37.548, 2, 105278, 100, 947.29
2026/08/07 12:44:37.548, 3, 105278, 100, 962.97
2026/08/07 12:44:37.548, 4, 0, 0, 134.24
2026/08/07 12:44:37.548, 5, 0, 0, 134.13
2026/08/07 12:44:37.548, 6, 0, 0, 132.04
2026/08/07 12:44:37.548, 7, 0, 0, 132.54
2026/08/07 12:44:38.048, 0, 104118, 100, 946.79
2026/08/07 12:44:38.048, 1, 105278, 100, 967.03
2026/08/07 12:44:38.048, 2, 105278, 100, 938.94
2026/08/07 12:44:38.048, 3, 105278, 100, 961.72
2026/08/07 12:44:38.048, 4, 0, 0, 134.36
2026/08/07 12:44:38.048, 5, 0, 0, 134.09
2026/08/07 12:44:38.048, 6, 0, 0, 132.02
2026/08/07 12:44:38.048, 7, 0, 0, 132.51
2026/08/07 12:44:38.548, 0, 104118, 100, 942.48
2026/08/07 12:44:38.548, 1, 105278, 100, 965.69
2026/08/07 12:44:38.548, 2, 105278, 100, 938.91
2026/08/07 12:44:38.548, 3, 105278, 100, 951.65
2026/08/07 12:44:38.548, 4, 0, 0, 134.36
2026/08/07 12:44:38.548, 5, 0, 0, 134.05
2026/08/07 12:44:38.548, 6, 0, 0, 132.05
2026/08/07 12:44:38.548, 7, 0, 0, 132.50
2026/08/07 12:44:39.049, 0, 104118, 100, 949.19
2026/08/07 12:44:39.049, 1, 105278, 100, 956.49
2026/08/07 12:44:39.049, 2, 105278, 100, 942.13
2026/08/07 12:44:39.049, 3, 105278, 100, 945.81
2026/08/07 12:44:39.049, 4, 0, 0, 134.24
2026/08/07 12:44:39.049, 5, 0, 0, 134.02
2026/08/07 12:44:39.049, 6, 0, 0, 132.09
2026/08/07 12:44:39.049, 7, 0, 0, 132.46
2026/08/07 12:44:39.549, 0, 104118, 100, 957.99
2026/08/07 12:44:39.549, 1, 105278, 100, 962.10
2026/08/07 12:44:39.549, 2, 105278, 100, 942.55
2026/08/07 12:44:39.549, 3, 105278, 100, 954.26
2026/08/07 12:44:39.549, 4, 0, 0, 134.24
2026/08/07 12:44:39.549, 5, 0, 0, 134.09
2026/08/07 12:44:39.549, 6, 0, 0, 132.05
2026/08/07 12:44:39.549, 7, 0, 0, 132.43
2026/08/07 12:44:40.049, 0, 104118, 100, 963.35
2026/08/07 12:44:40.049, 1, 105278, 100, 973.66
2026/08/07 12:44:40.049, 2, 105278, 100, 948.88
2026/08/07 12:44:40.049, 3, 105278, 100, 965.36
2026/08/07 12:44:40.049, 4, 0, 0, 134.24
2026/08/07 12:44:40.049, 5, 0, 0, 134.17
2026/08/07 12:44:40.049, 6, 0, 0, 132.01
2026/08/07 12:44:40.049, 7, 0, 0, 132.46
2026/08/07 12:44:40.549, 0, 104118, 100, 965.20
2026/08/07 12:44:40.549, 1, 105278, 100, 972.82
2026/08/07 12:44:40.549, 2, 105278, 100, 953.19
2026/08/07 12:44:40.549, 3, 105278, 100, 968.17
2026/08/07 12:44:40.549, 4, 0, 0, 134.24
2026/08/07 12:44:40.549, 5, 0, 0, 134.17
2026/08/07 12:44:40.549, 6, 0, 0, 131.94
2026/08/07 12:44:40.549, 7, 0, 0, 132.46
2026/08/07 12:44:41.049, 0, 104118, 100, 964.17
2026/08/07 12:44:41.049, 1, 105278, 100, 970.75
2026/08/07 12:44:41.049, 2, 105278, 100, 955.16
2026/08/07 12:44:41.049, 3, 105278, 100, 962.92
2026/08/07 12:44:41.049, 4, 0, 0, 134.23
2026/08/07 12:44:41.049, 5, 0, 0, 134.24
2026/08/07 12:44:41.049, 6, 0, 0, 131.86
2026/08/07 12:44:41.049, 7, 0, 0, 132.62
2026/08/07 12:44:41.549, 0, 104118, 100, 956.17
2026/08/07 12:44:41.549, 1, 105278, 100, 976.38
2026/08/07 12:44:41.549, 2, 105278, 100, 955.76
2026/08/07 12:44:41.549, 3, 105278, 100, 959.72
2026/08/07 12:44:41.549, 4, 0, 0, 134.23
2026/08/07 12:44:41.549, 5, 0, 0, 134.09
2026/08/07 12:44:41.549, 6, 0, 0, 131.78
2026/08/07 12:44:41.549, 7, 0, 0, 132.58
2026/08/07 12:44:42.049, 0, 104118, 100, 955.12
2026/08/07 12:44:42.049, 1, 105278, 100, 974.62
2026/08/07 12:44:42.049, 2, 105278, 100, 946.92
2026/08/07 12:44:42.049, 3, 105278, 100, 957.26
2026/08/07 12:44:42.049, 4, 0, 0, 134.23
2026/08/07 12:44:42.049, 5, 0, 0, 133.94
2026/08/07 12:44:42.049, 6, 0, 0, 131.72
2026/08/07 12:44:42.049, 7, 0, 0, 132.43
2026/08/07 12:44:42.550, 0, 104118, 100, 956.87
2026/08/07 12:44:42.550, 1, 105278, 100, 965.47
2026/08/07 12:44:42.550, 2, 105278, 100, 940.99
2026/08/07 12:44:42.550, 3, 105278, 100, 952.80
2026/08/07 12:44:42.550, 4, 0, 0, 134.24
2026/08/07 12:44:42.550, 5, 0, 0, 133.97
2026/08/07 12:44:42.550, 6, 0, 0, 131.95
2026/08/07 12:44:42.550, 7, 0, 0, 132.43
2026/08/07 12:44:43.050, 0, 104118, 100, 949.61
2026/08/07 12:44:43.050, 1, 105278, 100, 964.41
2026/08/07 12:44:43.050, 2, 105278, 100, 939.20
2026/08/07 12:44:43.050, 3, 105278, 100, 954.11
2026/08/07 12:44:43.050, 4, 0, 0, 134.35
2026/08/07 12:44:43.050, 5, 0, 0, 133.93
2026/08/07 12:44:43.050, 6, 0, 0, 132.19
2026/08/07 12:44:43.050, 7, 0, 0, 132.39
2026/08/07 12:44:43.550, 0, 104118, 100, 939.44
2026/08/07 12:44:43.550, 1, 105278, 100, 962.89
2026/08/07 12:44:43.550, 2, 105278, 100, 938.84
2026/08/07 12:44:43.550, 3, 105278, 100, 949.30
2026/08/07 12:44:43.550, 4, 0, 0, 134.36
2026/08/07 12:44:43.550, 5, 0, 0, 134.09
2026/08/07 12:44:43.550, 6, 0, 0, 132.04
2026/08/07 12:44:43.550, 7, 0, 0, 132.43
2026/08/07 12:44:44.050, 0, 104118, 100, 948.05
2026/08/07 12:44:44.050, 1, 105278, 100, 966.86
2026/08/07 12:44:44.050, 2, 105278, 100, 945.30
2026/08/07 12:44:44.050, 3, 105278, 100, 956.08
2026/08/07 12:44:44.050, 4, 0, 0, 134.25
2026/08/07 12:44:44.050, 5, 0, 0, 134.09
2026/08/07 12:44:44.050, 6, 0, 0, 131.97
2026/08/07 12:44:44.050, 7, 0, 0, 132.43
2026/08/07 12:44:44.550, 0, 104118, 100, 953.84
2026/08/07 12:44:44.550, 1, 105278, 100, 972.38
2026/08/07 12:44:44.550, 2, 105278, 100, 954.57
2026/08/07 12:44:44.550, 3, 105278, 100, 969.06
2026/08/07 12:44:44.550, 4, 0, 0, 134.24
2026/08/07 12:44:44.550, 5, 0, 0, 134.05
2026/08/07 12:44:44.550, 6, 0, 0, 132.10
2026/08/07 12:44:44.550, 7, 0, 0, 132.46
2026/08/07 12:44:45.050, 0, 104118, 100, 956.77
2026/08/07 12:44:45.050, 1, 105278, 100, 972.35
2026/08/07 12:44:45.050, 2, 105278, 100, 947.75
2026/08/07 12:44:45.050, 3, 105278, 100, 963.88
2026/08/07 12:44:45.050, 4, 0, 0, 134.24
2026/08/07 12:44:45.050, 5, 0, 0, 134.13
2026/08/07 12:44:45.050, 6, 0, 0, 132.01
2026/08/07 12:44:45.050, 7, 0, 0, 132.46
2026/08/07 12:44:45.550, 0, 104118, 100, 962.09
2026/08/07 12:44:45.550, 1, 105278, 100, 977.02
2026/08/07 12:44:45.550, 2, 105278, 100, 946.44
2026/08/07 12:44:45.550, 3, 105278, 100, 961.90
2026/08/07 12:44:45.550, 4, 0, 0, 134.25
2026/08/07 12:44:45.550, 5, 0, 0, 133.98
2026/08/07 12:44:45.551, 6, 0, 0, 131.86
2026/08/07 12:44:45.551, 7, 0, 0, 132.43
2026/08/07 12:44:46.051, 0, 104118, 100, 961.51
2026/08/07 12:44:46.051, 1, 105278, 100, 979.82
2026/08/07 12:44:46.051, 2, 105278, 100, 943.38
2026/08/07 12:44:46.051, 3, 105278, 100, 956.32
2026/08/07 12:44:46.051, 4, 0, 0, 134.25
2026/08/07 12:44:46.051, 5, 0, 0, 134.10
2026/08/07 12:44:46.051, 6, 0, 0, 131.95
2026/08/07 12:44:46.051, 7, 0, 0, 132.58
2026/08/07 12:44:46.551, 0, 104118, 100, 948.49
2026/08/07 12:44:46.551, 1, 105278, 100, 966.84
2026/08/07 12:44:46.551, 2, 105278, 100, 932.23
2026/08/07 12:44:46.551, 3, 105278, 100, 945.65
2026/08/07 12:44:46.551, 4, 0, 0, 134.25
2026/08/07 12:44:46.551, 5, 0, 0, 134.24
2026/08/07 12:44:46.551, 6, 0, 0, 132.10
2026/08/07 12:44:46.551, 7, 0, 0, 132.58
2026/08/07 12:44:47.051, 0, 104118, 100, 945.02
2026/08/07 12:44:47.051, 1, 105278, 100, 952.11
2026/08/07 12:44:47.051, 2, 105278, 100, 931.40
2026/08/07 12:44:47.051, 3, 105278, 100, 941.73
2026/08/07 12:44:47.051, 4, 0, 0, 134.24
2026/08/07 12:44:47.051, 5, 0, 0, 134.09
2026/08/07 12:44:47.051, 6, 0, 0, 132.10
2026/08/07 12:44:47.051, 7, 0, 0, 132.47
2026/08/07 12:44:47.551, 0, 104118, 100, 957.43
2026/08/07 12:44:47.551, 1, 105278, 100, 960.16
2026/08/07 12:44:47.551, 2, 105278, 100, 933.40
2026/08/07 12:44:47.551, 3, 105278, 100, 945.51
2026/08/07 12:44:47.551, 4, 0, 0, 134.24
2026/08/07 12:44:47.551, 5, 0, 0, 134.05
2026/08/07 12:44:47.551, 6, 0, 0, 132.10
2026/08/07 12:44:47.551, 7, 0, 0, 132.50
2026/08/07 12:44:48.051, 0, 104118, 100, 954.35
2026/08/07 12:44:48.051, 1, 105278, 100, 965.89
2026/08/07 12:44:48.051, 2, 105278, 100, 942.30
2026/08/07 12:44:48.051, 3, 105278, 100, 965.22
2026/08/07 12:44:48.051, 4, 0, 0, 134.36
2026/08/07 12:44:48.051, 5, 0, 0, 134.05
2026/08/07 12:44:48.051, 6, 0, 0, 132.10
2026/08/07 12:44:48.051, 7, 0, 0, 132.54
2026/08/07 12:44:48.551, 0, 104118, 100, 953.72
2026/08/07 12:44:48.551, 1, 105278, 100, 971.30
2026/08/07 12:44:48.551, 2, 105278, 100, 951.88
2026/08/07 12:44:48.551, 3, 105278, 100, 967.39
2026/08/07 12:44:48.552, 4, 0, 0, 134.35
2026/08/07 12:44:48.552, 5, 0, 0, 134.09
2026/08/07 12:44:48.552, 6, 0, 0, 131.98
2026/08/07 12:44:48.553, 7, 0, 0, 132.54
2026/08/07 12:44:49.053, 0, 104118, 100, 968.09
2026/08/07 12:44:49.053, 1, 105278, 100, 980.27
2026/08/07 12:44:49.053, 2, 105278, 100, 956.14
2026/08/07 12:44:49.053, 3, 105278, 100, 968.28
2026/08/07 12:44:49.053, 4, 0, 0, 134.24
2026/08/07 12:44:49.053, 5, 0, 0, 134.05
2026/08/07 12:44:49.053, 6, 0, 0, 132.00
2026/08/07 12:44:49.053, 7, 0, 0, 132.50
2026/08/07 12:44:49.553, 0, 104118, 100, 963.00
2026/08/07 12:44:49.553, 1, 105278, 100, 975.00
2026/08/07 12:44:49.554, 2, 105278, 100, 960.85
2026/08/07 12:44:49.555, 3, 105278, 100, 965.04
2026/08/07 12:44:49.556, 4, 0, 0, 134.24
2026/08/07 12:44:49.557, 5, 0, 0, 133.97
2026/08/07 12:44:49.558, 6, 0, 0, 131.89
2026/08/07 12:44:49.559, 7, 0, 0, 132.50
2026/08/07 12:44:50.061, 0, 104118, 100, 960.89
2026/08/07 12:44:50.061, 1, 105278, 100, 971.91
2026/08/07 12:44:50.061, 2, 105278, 100, 944.93
2026/08/07 12:44:50.061, 3, 105278, 100, 958.40
2026/08/07 12:44:50.061, 4, 0, 0, 134.24
2026/08/07 12:44:50.061, 5, 0, 0, 134.09
2026/08/07 12:44:50.061, 6, 0, 0, 131.79
2026/08/07 12:44:50.061, 7, 0, 0, 132.54
2026/08/07 12:44:50.561, 0, 104118, 100, 961.39
2026/08/07 12:44:50.561, 1, 105278, 100, 968.62
2026/08/07 12:44:50.561, 2, 105278, 100, 933.15
2026/08/07 12:44:50.561, 3, 105278, 100, 954.56
2026/08/07 12:44:50.561, 4, 0, 0, 134.25
2026/08/07 12:44:50.561, 5, 0, 0, 134.05
2026/08/07 12:44:50.561, 6, 0, 0, 131.88
2026/08/07 12:44:50.561, 7, 0, 0, 132.51
2026/08/07 12:44:51.061, 0, 104118, 100, 950.89
2026/08/07 12:44:51.061, 1, 105278, 100, 964.67
2026/08/07 12:44:51.061, 2, 105278, 100, 936.22
2026/08/07 12:44:51.061, 3, 105278, 100, 955.36
2026/08/07 12:44:51.061, 4, 0, 0, 134.24
2026/08/07 12:44:51.061, 5, 0, 0, 134.09
2026/08/07 12:44:51.061, 6, 0, 0, 131.92
2026/08/07 12:44:51.061, 7, 0, 0, 132.62
2026/08/07 12:44:51.561, 0, 104118, 100, 953.59
2026/08/07 12:44:51.561, 1, 105278, 100, 961.82
2026/08/07 12:44:51.561, 2, 105278, 100, 940.65
2026/08/07 12:44:51.561, 3, 105278, 100, 948.96
2026/08/07 12:44:51.561, 4, 0, 0, 134.24
2026/08/07 12:44:51.561, 5, 0, 0, 134.21
2026/08/07 12:44:51.561, 6, 0, 0, 132.09
2026/08/07 12:44:51.561, 7, 0, 0, 132.62
2026/08/07 12:44:52.061, 0, 104118, 99, 953.45
2026/08/07 12:44:52.061, 1, 105278, 99, 956.59
2026/08/07 12:44:52.061, 2, 105278, 100, 945.49
2026/08/07 12:44:52.061, 3, 105278, 99, 948.86
2026/08/07 12:44:52.061, 4, 0, 0, 134.24
2026/08/07 12:44:52.061, 5, 0, 0, 134.21
2026/08/07 12:44:52.061, 6, 0, 0, 132.05
2026/08/07 12:44:52.062, 7, 0, 0, 132.46
2026/08/07 12:44:52.562, 0, 104118, 100, 947.78
2026/08/07 12:44:52.562, 1, 105278, 100, 962.72
2026/08/07 12:44:52.562, 2, 105278, 100, 941.30
2026/08/07 12:44:52.562, 3, 105278, 100, 952.55
2026/08/07 12:44:52.562, 4, 0, 0, 134.24
2026/08/07 12:44:52.562, 5, 0, 0, 134.17
2026/08/07 12:44:52.562, 6, 0, 0, 132.06
2026/08/07 12:44:52.562, 7, 0, 0, 132.54
2026/08/07 12:44:53.062, 0, 104118, 100, 960.93
2026/08/07 12:44:53.062, 1, 105278, 100, 973.92
2026/08/07 12:44:53.062, 2, 105278, 100, 947.85
2026/08/07 12:44:53.062, 3, 105278, 100, 959.62
2026/08/07 12:44:53.062, 4, 0, 0, 134.35
2026/08/07 12:44:53.062, 5, 0, 0, 134.13
2026/08/07 12:44:53.062, 6, 0, 0, 132.13
2026/08/07 12:44:53.062, 7, 0, 0, 132.54
2026/08/07 12:44:53.562, 0, 104118, 100, 960.80
2026/08/07 12:44:53.562, 1, 105278, 100, 984.21
2026/08/07 12:44:53.562, 2, 105278, 100, 957.76
2026/08/07 12:44:53.562, 3, 105278, 100, 965.41
2026/08/07 12:44:53.562, 4, 0, 0, 134.36
2026/08/07 12:44:53.562, 5, 0, 0, 134.17
2026/08/07 12:44:53.562, 6, 0, 0, 131.90
2026/08/07 12:44:53.562, 7, 0, 0, 132.46
2026/08/07 12:44:54.062, 0, 104118, 100, 962.62
2026/08/07 12:44:54.062, 1, 105278, 100, 986.24
2026/08/07 12:44:54.062, 2, 105278, 100, 956.01
2026/08/07 12:44:54.062, 3, 105278, 100, 961.02
2026/08/07 12:44:54.062, 4, 0, 0, 134.24
2026/08/07 12:44:54.062, 5, 0, 0, 134.06
2026/08/07 12:44:54.062, 6, 0, 0, 131.73
2026/08/07 12:44:54.062, 7, 0, 0, 132.50
2026/08/07 12:44:54.562, 0, 104118, 100, 964.29
2026/08/07 12:44:54.562, 1, 105278, 100, 971.65
2026/08/07 12:44:54.562, 2, 105278, 100, 944.49
2026/08/07 12:44:54.562, 3, 105278, 100, 957.61
2026/08/07 12:44:54.562, 4, 0, 0, 134.24
2026/08/07 12:44:54.562, 5, 0, 0, 134.01
2026/08/07 12:44:54.562, 6, 0, 0, 131.96
2026/08/07 12:44:54.562, 7, 0, 0, 132.50
2026/08/07 12:44:55.062, 0, 104118, 100, 955.94
2026/08/07 12:44:55.062, 1, 105278, 100, 963.77
2026/08/07 12:44:55.062, 2, 105278, 100, 938.77
2026/08/07 12:44:55.062, 3, 105278, 100, 952.66
2026/08/07 12:44:55.062, 4, 0, 0, 134.24
2026/08/07 12:44:55.062, 5, 0, 0, 134.05
2026/08/07 12:44:55.062, 6, 0, 0, 132.01
2026/08/07 12:44:55.062, 7, 0, 0, 132.51
2026/08/07 12:44:55.563, 0, 104118, 100, 955.61
2026/08/07 12:44:55.563, 1, 105278, 100, 967.59
2026/08/07 12:44:55.563, 2, 105278, 100, 939.62
2026/08/07 12:44:55.563, 3, 105278, 100, 950.84
2026/08/07 12:44:55.563, 4, 0, 0, 134.24
2026/08/07 12:44:55.563, 5, 0, 0, 133.90
2026/08/07 12:44:55.563, 6, 0, 0, 132.08
2026/08/07 12:44:55.563, 7, 0, 0, 132.50
2026/08/07 12:44:56.063, 0, 104118, 100, 952.49
2026/08/07 12:44:56.063, 1, 105278, 100, 963.03
2026/08/07 12:44:56.063, 2, 105278, 100, 935.27
2026/08/07 12:44:56.064, 3, 105278, 100, 949.69
2026/08/07 12:44:56.067, 4, 0, 0, 134.23
2026/08/07 12:44:56.069, 5, 0, 0, 134.09
2026/08/07 12:44:56.070, 6, 0, 0, 132.15
2026/08/07 12:44:56.071, 7, 0, 0, 132.66
2026/08/07 12:44:56.576, 0, 104118, 100, 946.87
2026/08/07 12:44:56.576, 1, 105278, 98, 956.17
2026/08/07 12:44:56.576, 2, 105278, 100, 941.12
2026/08/07 12:44:56.576, 3, 105278, 99, 945.66
2026/08/07 12:44:56.576, 4, 0, 0, 134.23
2026/08/07 12:44:56.576, 5, 0, 0, 134.32
2026/08/07 12:44:56.576, 6, 0, 0, 131.95
2026/08/07 12:44:56.576, 7, 0, 0, 132.66
2026/08/07 12:44:57.076, 0, 104118, 100, 949.98
2026/08/07 12:44:57.076, 1, 105278, 100, 961.03
2026/08/07 12:44:57.076, 2, 105278, 100, 944.94
2026/08/07 12:44:57.076, 3, 105278, 100, 955.31
2026/08/07 12:44:57.076, 4, 0, 0, 134.23
2026/08/07 12:44:57.076, 5, 0, 0, 134.25
2026/08/07 12:44:57.076, 6, 0, 0, 131.65
2026/08/07 12:44:57.076, 7, 0, 0, 132.50
2026/08/07 12:44:57.576, 0, 104118, 100, 962.88
2026/08/07 12:44:57.576, 1, 105278, 100, 971.65
2026/08/07 12:44:57.576, 2, 105278, 100, 948.74
2026/08/07 12:44:57.576, 3, 105278, 100, 962.63
2026/08/07 12:44:57.576, 4, 0, 0, 134.24
2026/08/07 12:44:57.576, 5, 0, 0, 134.21
2026/08/07 12:44:57.576, 6, 0, 0, 131.73
2026/08/07 12:44:57.576, 7, 0, 0, 132.54
2026/08/07 12:44:58.076, 0, 104118, 100, 967.66
2026/08/07 12:44:58.077, 1, 105278, 100, 976.03
2026/08/07 12:44:58.077, 2, 105278, 100, 951.25
2026/08/07 12:44:58.077, 3, 105278, 100, 961.35
2026/08/07 12:44:58.077, 4, 0, 0, 134.32
2026/08/07 12:44:58.077, 5, 0, 0, 134.17
2026/08/07 12:44:58.077, 6, 0, 0, 132.19
2026/08/07 12:44:58.077, 7, 0, 0, 132.47
2026/08/07 12:44:58.577, 0, 104118, 100, 970.30
2026/08/07 12:44:58.577, 1, 105278, 100, 983.68
2026/08/07 12:44:58.577, 2, 105278, 100, 954.47
2026/08/07 12:44:58.577, 3, 105278, 100, 966.47
2026/08/07 12:44:58.577, 4, 0, 0, 134.32
2026/08/07 12:44:58.577, 5, 0, 0, 134.17
2026/08/07 12:44:58.577, 6, 0, 0, 132.31
2026/08/07 12:44:58.577, 7, 0, 0, 132.50
2026/08/07 12:44:59.077, 0, 104118, 100, 954.42
2026/08/07 12:44:59.077, 1, 105278, 100, 980.30
2026/08/07 12:44:59.077, 2, 105278, 100, 947.33
2026/08/07 12:44:59.077, 3, 105278, 100, 963.48
2026/08/07 12:44:59.077, 4, 0, 0, 134.24
2026/08/07 12:44:59.077, 5, 0, 0, 134.17
2026/08/07 12:44:59.077, 6, 0, 0, 132.13
2026/08/07 12:44:59.077, 7, 0, 0, 132.54
2026/08/07 12:44:59.577, 0, 104118, 100, 946.81
2026/08/07 12:44:59.577, 1, 105278, 100, 970.71
2026/08/07 12:44:59.577, 2, 105278, 100, 938.33
2026/08/07 12:44:59.577, 3, 105278, 100, 952.22
2026/08/07 12:44:59.577, 4, 0, 0, 134.25
2026/08/07 12:44:59.577, 5, 0, 0, 134.06
2026/08/07 12:44:59.577, 6, 0, 0, 131.95
2026/08/07 12:44:59.577, 7, 0, 0, 132.50
2026/08/07 12:45:00.077, 0, 104118, 100, 950.66
2026/08/07 12:45:00.077, 1, 105278, 100, 975.56
2026/08/07 12:45:00.077, 2, 105278, 100, 939.53
2026/08/07 12:45:00.077, 3, 105278, 100, 947.16
2026/08/07 12:45:00.077, 4, 0, 0, 134.25
2026/08/07 12:45:00.077, 5, 0, 0, 134.05
2026/08/07 12:45:00.077, 6, 0, 0, 131.93
2026/08/07 12:45:00.077, 7, 0, 0, 132.54
2026/08/07 12:45:00.577, 0, 104118, 100, 952.53
2026/08/07 12:45:00.577, 1, 105278, 100, 964.36
2026/08/07 12:45:00.577, 2, 105278, 100, 939.23
2026/08/07 12:45:00.577, 3, 105278, 100, 941.77
2026/08/07 12:45:00.577, 4, 0, 0, 134.24
2026/08/07 12:45:00.577, 5, 0, 0, 134.05
2026/08/07 12:45:00.577, 6, 0, 0, 132.05
2026/08/07 12:45:00.577, 7, 0, 0, 132.51
2026/08/07 12:45:01.077, 0, 104118, 100, 944.42
2026/08/07 12:45:01.077, 1, 105278, 100, 956.62
2026/08/07 12:45:01.078, 2, 105278, 100, 932.68
2026/08/07 12:45:01.079, 3, 105278, 100, 936.34
2026/08/07 12:45:01.080, 4, 0, 0, 134.25
2026/08/07 12:45:01.081, 5, 0, 0, 134.17
2026/08/07 12:45:01.082, 6, 0, 0, 132.02
2026/08/07 12:45:01.083, 7, 0, 0, 132.58
2026/08/07 12:45:01.584, 0, 104118, 100, 947.90
2026/08/07 12:45:01.584, 1, 105278, 100, 970.27
2026/08/07 12:45:01.584, 2, 105278, 100, 940.88
2026/08/07 12:45:01.584, 3, 105278, 100, 945.75
2026/08/07 12:45:01.584, 4, 0, 0, 134.24
2026/08/07 12:45:01.584, 5, 0, 0, 134.28
2026/08/07 12:45:01.584, 6, 0, 0, 131.87
2026/08/07 12:45:01.584, 7, 0, 0, 132.54
2026/08/07 12:45:02.084, 0, 104118, 100, 958.67
2026/08/07 12:45:02.084, 1, 105278, 100, 981.04
2026/08/07 12:45:02.084, 2, 105278, 100, 943.90
2026/08/07 12:45:02.084, 3, 105278, 100, 961.95
2026/08/07 12:45:02.084, 4, 0, 0, 134.24
2026/08/07 12:45:02.084, 5, 0, 0, 134.09
2026/08/07 12:45:02.084, 6, 0, 0, 131.87
2026/08/07 12:45:02.084, 7, 0, 0, 132.39
2026/08/07 12:45:02.584, 0, 104118, 100, 959.71
2026/08/07 12:45:02.584, 1, 105278, 100, 979.65
2026/08/07 12:45:02.584, 2, 105278, 100, 947.38
2026/08/07 12:45:02.584, 3, 105278, 100, 970.62
2026/08/07 12:45:02.584, 4, 0, 0, 134.24
2026/08/07 12:45:02.584, 5, 0, 0, 133.97
2026/08/07 12:45:02.584, 6, 0, 0, 131.98
2026/08/07 12:45:02.585, 7, 0, 0, 132.43
2026/08/07 12:45:03.085, 0, 104118, 100, 963.03
2026/08/07 12:45:03.085, 1, 105278, 100, 968.47
2026/08/07 12:45:03.085, 2, 105278, 100, 947.51
2026/08/07 12:45:03.085, 3, 105278, 100, 960.06
2026/08/07 12:45:03.085, 4, 0, 0, 134.32
2026/08/07 12:45:03.085, 5, 0, 0, 133.97
2026/08/07 12:45:03.085, 6, 0, 0, 131.99
2026/08/07 12:45:03.085, 7, 0, 0, 132.43
2026/08/07 12:45:03.585, 0, 104118, 100, 959.81
2026/08/07 12:45:03.586, 1, 105278, 100, 962.17
2026/08/07 12:45:03.586, 2, 105278, 100, 942.83
2026/08/07 12:45:03.586, 3, 105278, 100, 952.43
2026/08/07 12:45:03.586, 4, 0, 0, 134.32
2026/08/07 12:45:03.586, 5, 0, 0, 134.05
2026/08/07 12:45:03.586, 6, 0, 0, 132.02
2026/08/07 12:45:03.586, 7, 0, 0, 132.50
2026/08/07 12:45:04.086, 0, 104118, 100, 958.86
2026/08/07 12:45:04.086, 1, 105278, 100, 968.88
2026/08/07 12:45:04.086, 2, 105278, 100, 944.75
2026/08/07 12:45:04.086, 3, 105278, 100, 954.73
2026/08/07 12:45:04.086, 4, 0, 0, 134.25
2026/08/07 12:45:04.086, 5, 0, 0, 134.17
2026/08/07 12:45:04.086, 6, 0, 0, 131.98
2026/08/07 12:45:04.086, 7, 0, 0, 132.62
2026/08/07 12:45:04.586, 0, 104118, 100, 959.72
2026/08/07 12:45:04.587, 1, 105278, 100, 956.17
2026/08/07 12:45:04.587, 2, 105278, 100, 946.91
2026/08/07 12:45:04.587, 3, 105278, 100, 955.34
2026/08/07 12:45:04.587, 4, 0, 0, 134.25
2026/08/07 12:45:04.587, 5, 0, 0, 134.17
2026/08/07 12:45:04.587, 6, 0, 0, 131.91
2026/08/07 12:45:04.587, 7, 0, 0, 132.50
2026/08/07 12:45:05.087, 0, 104118, 100, 953.35
2026/08/07 12:45:05.087, 1, 105278, 100, 945.08
2026/08/07 12:45:05.087, 2, 105278, 100, 943.82
2026/08/07 12:45:05.087, 3, 105278, 100, 948.82
2026/08/07 12:45:05.088, 4, 0, 0, 134.25
2026/08/07 12:45:05.088, 5, 0, 0, 134.17
2026/08/07 12:45:05.088, 6, 0, 0, 131.72
2026/08/07 12:45:05.088, 7, 0, 0, 132.43
2026/08/07 12:45:05.588, 0, 104118, 100, 948.82
2026/08/07 12:45:05.588, 1, 105278, 100, 953.73
2026/08/07 12:45:05.588, 2, 105278, 100, 940.20
2026/08/07 12:45:05.588, 3, 105278, 100, 951.99
2026/08/07 12:45:05.588, 4, 0, 0, 134.25
2026/08/07 12:45:05.588, 5, 0, 0, 134.21
2026/08/07 12:45:05.588, 6, 0, 0, 131.86
2026/08/07 12:45:05.588, 7, 0, 0, 132.46
2026/08/07 12:45:06.088, 0, 104118, 100, 953.73
2026/08/07 12:45:06.088, 1, 105278, 100, 971.33
2026/08/07 12:45:06.088, 2, 105278, 100, 938.92
2026/08/07 12:45:06.088, 3, 105278, 100, 955.83
2026/08/07 12:45:06.088, 4, 0, 0, 134.24
2026/08/07 12:45:06.088, 5, 0, 0, 134.17
2026/08/07 12:45:06.088, 6, 0, 0, 132.05
2026/08/07 12:45:06.088, 7, 0, 0, 132.65
2026/08/07 12:45:06.588, 0, 104118, 100, 957.56
2026/08/07 12:45:06.588, 1, 105278, 100, 975.09
2026/08/07 12:45:06.588, 2, 105278, 100, 950.68
2026/08/07 12:45:06.588, 3, 105278, 100, 957.43
2026/08/07 12:45:06.588, 4, 0, 0, 134.25
2026/08/07 12:45:06.588, 5, 0, 0, 134.21
2026/08/07 12:45:06.588, 6, 0, 0, 131.99
2026/08/07 12:45:06.588, 7, 0, 0, 132.69
2026/08/07 12:45:07.088, 0, 104118, 100, 955.48
2026/08/07 12:45:07.088, 1, 105278, 100, 978.32
2026/08/07 12:45:07.088, 2, 105278, 100, 948.81
2026/08/07 12:45:07.088, 3, 105278, 100, 961.28
2026/08/07 12:45:07.088, 4, 0, 0, 134.24
2026/08/07 12:45:07.088, 5, 0, 0, 134.17
2026/08/07 12:45:07.088, 6, 0, 0, 132.00
2026/08/07 12:45:07.088, 7, 0, 0, 132.58
2026/08/07 12:45:07.588, 0, 104118, 100, 955.27
2026/08/07 12:45:07.588, 1, 105278, 100, 971.60
2026/08/07 12:45:07.588, 2, 105278, 100, 942.18
2026/08/07 12:45:07.588, 3, 105278, 100, 956.23
2026/08/07 12:45:07.588, 4, 0, 0, 134.24
2026/08/07 12:45:07.588, 5, 0, 0, 134.09
2026/08/07 12:45:07.588, 6, 0, 0, 131.94
2026/08/07 12:45:07.588, 7, 0, 0, 132.58
2026/08/07 12:45:08.088, 0, 104118, 100, 955.12
2026/08/07 12:45:08.088, 1, 105278, 100, 961.81
2026/08/07 12:45:08.088, 2, 105278, 100, 933.47
2026/08/07 12:45:08.088, 3, 105278, 100, 949.22
2026/08/07 12:45:08.088, 4, 0, 0, 134.32
2026/08/07 12:45:08.088, 5, 0, 0, 134.05
2026/08/07 12:45:08.088, 6, 0, 0, 132.17
2026/08/07 12:45:08.088, 7, 0, 0, 132.54
2026/08/07 12:45:08.588, 0, 104118, 100, 953.16
2026/08/07 12:45:08.589, 1, 105278, 100, 963.50
2026/08/07 12:45:08.589, 2, 105278, 100, 931.08
2026/08/07 12:45:08.589, 3, 105278, 100, 947.24
2026/08/07 12:45:08.589, 4, 0, 0, 134.32
2026/08/07 12:45:08.589, 5, 0, 0, 134.05
2026/08/07 12:45:08.589, 6, 0, 0, 132.28
2026/08/07 12:45:08.589, 7, 0, 0, 132.58
2026/08/07 12:45:09.089, 0, 104118, 100, 952.99
2026/08/07 12:45:09.089, 1, 105278, 100, 969.86
2026/08/07 12:45:09.089, 2, 105278, 100, 945.05
2026/08/07 12:45:09.089, 3, 105278, 100, 953.96
2026/08/07 12:45:09.089, 4, 0, 0, 134.25
2026/08/07 12:45:09.089, 5, 0, 0, 134.13
2026/08/07 12:45:09.089, 6, 0, 0, 132.14
2026/08/07 12:45:09.089, 7, 0, 0, 132.58
2026/08/07 12:45:09.589, 0, 104118, 100, 949.10
2026/08/07 12:45:09.589, 1, 105278, 100, 959.93
2026/08/07 12:45:09.589, 2, 105278, 100, 938.85
2026/08/07 12:45:09.589, 3, 105278, 100, 949.79
2026/08/07 12:45:09.589, 4, 0, 0, 134.25
2026/08/07 12:45:09.589, 5, 0, 0, 134.21
2026/08/07 12:45:09.589, 6, 0, 0, 132.01
2026/08/07 12:45:09.589, 7, 0, 0, 132.58
2026/08/07 12:45:10.089, 0, 104118, 100, 900.24
2026/08/07 12:45:10.089, 1, 105278, 100, 918.78
2026/08/07 12:45:10.089, 2, 105278, 100, 897.23
2026/08/07 12:45:10.089, 3, 105278, 100, 911.20
2026/08/07 12:45:10.089, 4, 0, 0, 134.24
2026/08/07 12:45:10.089, 5, 0, 0, 134.17
2026/08/07 12:45:10.089, 6, 0, 0, 132.02
2026/08/07 12:45:10.089, 7, 0, 0, 132.50
2026/08/07 12:45:10.589, 0, 104118, 100, 855.96
2026/08/07 12:45:10.589, 1, 105278, 100, 877.66
2026/08/07 12:45:10.589, 2, 105278, 100, 855.37
2026/08/07 12:45:10.589, 3, 105278, 100, 866.68
2026/08/07 12:45:10.589, 4, 0, 0, 134.24
2026/08/07 12:45:10.589, 5, 0, 0, 134.21
2026/08/07 12:45:10.589, 6, 0, 0, 132.02
2026/08/07 12:45:10.589, 7, 0, 0, 132.46
2026/08/07 12:45:11.089, 0, 104118, 0, 694.20
2026/08/07 12:45:11.089, 1, 105278, 0, 760.31
2026/08/07 12:45:11.089, 2, 105278, 27, 748.53
2026/08/07 12:45:11.089, 3, 105278, 0, 749.25
2026/08/07 12:45:11.089, 4, 0, 0, 134.24
2026/08/07 12:45:11.089, 5, 0, 0, 134.21
2026/08/07 12:45:11.089, 6, 0, 0, 131.77
2026/08/07 12:45:11.089, 7, 0, 0, 132.66
2026/08/07 12:45:11.589, 0, 104118, 0, 370.17
2026/08/07 12:45:11.589, 1, 105278, 0, 440.76
2026/08/07 12:45:11.589, 2, 105278, 0, 435.58
2026/08/07 12:45:11.589, 3, 105278, 0, 425.65
2026/08/07 12:45:11.589, 4, 0, 0, 134.23
2026/08/07 12:45:11.589, 5, 0, 0, 134.01
2026/08/07 12:45:11.589, 6, 0, 0, 131.73
2026/08/07 12:45:11.589, 7, 0, 0, 132.65
2026/08/07 12:45:12.089, 0, 104118, 0, 204.66
2026/08/07 12:45:12.090, 1, 105278, 0, 211.84
2026/08/07 12:45:12.090, 2, 105278, 0, 199.40
2026/08/07 12:45:12.090, 3, 105278, 0, 217.87
2026/08/07 12:45:12.090, 4, 0, 0, 134.24
2026/08/07 12:45:12.090, 5, 0, 0, 134.01
2026/08/07 12:45:12.090, 6, 0, 0, 131.85
2026/08/07 12:45:12.090, 7, 0, 0, 132.54
2026/08/07 12:45:12.590, 0, 104118, 0, 204.02
2026/08/07 12:45:12.590, 1, 105278, 0, 210.03
2026/08/07 12:45:12.590, 2, 105278, 0, 198.21
2026/08/07 12:45:12.590, 3, 105278, 0, 216.08
2026/08/07 12:45:12.590, 4, 0, 0, 134.24
2026/08/07 12:45:12.590, 5, 0, 0, 134.09
2026/08/07 12:45:12.590, 6, 0, 0, 131.96
2026/08/07 12:45:12.590, 7, 0, 0, 132.47
2026/08/07 12:45:13.090, 0, 104118, 0, 203.60
2026/08/07 12:45:13.090, 1, 105278, 0, 209.45
2026/08/07 12:45:13.090, 2, 105278, 0, 198.13
2026/08/07 12:45:13.090, 3, 105278, 0, 215.26
2026/08/07 12:45:13.090, 4, 0, 0, 134.31
2026/08/07 12:45:13.090, 5, 0, 0, 133.98
2026/08/07 12:45:13.090, 6, 0, 0, 132.12
2026/08/07 12:45:13.090, 7, 0, 0, 132.50
