2026/08/07 23:38:34.316, 0, 104046, 99
2026/08/07 23:38:34.354, 1, 56340, 99
2026/08/07 23:38:34.357, 2, 0, 0
2026/08/07 23:38:34.360, 3, 0, 0
2026/08/07 23:38:34.362, 4, 0, 0
2026/08/07 23:38:34.365, 5, 0, 0
2026/08/07 23:38:34.366, 6, 0, 0
2026/08/07 23:38:34.368, 7, 0, 0
2026/08/07 23:38:34.747, 0, 104046, 99
2026/08/07 23:38:34.749, 1, 56340, 99
2026/08/07 23:38:34.751, 2, 0, 0
2026/08/07 23:38:34.754, 3, 0, 0
2026/08/07 23:38:34.757, 4, 0, 0
2026/08/07 23:38:34.759, 5, 0, 0
2026/08/07 23:38:34.761, 6, 0, 0
2026/08/07 23:38:34.766, 7, 0, 0
2026/08/07 23:38:35.142, 0, 104046, 99
2026/08/07 23:38:35.143, 1, 56340, 99
2026/08/07 23:38:35.145, 2, 0, 0
2026/08/07 23:38:35.146, 3, 0, 0
2026/08/07 23:38:35.150, 4, 0, 0
2026/08/07 23:38:35.151, 5, 0, 0
2026/08/07 23:38:35.153, 6, 0, 0
2026/08/07 23:38:35.155, 7, 0, 0
2026/08/07 23:38:35.546, 0, 104046, 99
2026/08/07 23:38:35.548, 1, 56340, 99
2026/08/07 23:38:35.550, 2, 0, 0
2026/08/07 23:38:35.552, 3, 0, 0
2026/08/07 23:38:35.556, 4, 0, 0
2026/08/07 23:38:35.559, 5, 0, 0
2026/08/07 23:38:35.561, 6, 0, 0
2026/08/07 23:38:35.563, 7, 0, 0
2026/08/07 23:38:35.931, 0, 104046, 99
2026/08/07 23:38:35.934, 1, 56340, 99
2026/08/07 23:38:35.938, 2, 0, 0
2026/08/07 23:38:35.941, 3, 0, 0
2026/08/07 23:38:35.944, 4, 0, 0
2026/08/07 23:38:35.945, 5, 0, 0
2026/08/07 23:38:35.949, 6, 0, 0
2026/08/07 23:38:35.952, 7, 0, 0
2026/08/07 23:38:36.309, 0, 104046, 99
2026/08/07 23:38:36.311, 1, 56340, 99
2026/08/07 23:38:36.314, 2, 0, 0
2026/08/07 23:38:36.316, 3, 0, 0
2026/08/07 23:38:36.319, 4, 0, 0
2026/08/07 23:38:36.321, 5, 0, 0
2026/08/07 23:38:36.324, 6, 0, 0
2026/08/07 23:38:36.326, 7, 0, 0
2026/08/07 23:38:36.688, 0, 104046, 99
2026/08/07 23:38:36.690, 1, 56340, 99
2026/08/07 23:38:36.691, 2, 0, 0
2026/08/07 23:38:36.693, 3, 0, 0
2026/08/07 23:38:36.696, 4, 0, 0
2026/08/07 23:38:36.699, 5, 0, 0
2026/08/07 23:38:36.703, 6, 0, 0
2026/08/07 23:38:36.705, 7, 0, 0
2026/08/07 23:38:37.069, 0, 104046, 99
2026/08/07 23:38:37.072, 1, 56340, 99
2026/08/07 23:38:37.074, 2, 0, 0
2026/08/07 23:38:37.077, 3, 0, 0
2026/08/07 23:38:37.079, 4, 0, 0
2026/08/07 23:38:37.081, 5, 0, 0
2026/08/07 23:38:37.083, 6, 0, 0
2026/08/07 23:38:37.084, 7, 0, 0
2026/08/07 23:38:37.486, 0, 104046, 99
2026/08/07 23:38:37.495, 1, 56340, 99
2026/08/07 23:38:37.499, 2, 0, 0
2026/08/07 23:38:37.503, 3, 0, 0
2026/08/07 23:38:37.507, 4, 0, 0
2026/08/07 23:38:37.513, 5, 0, 0
2026/08/07 23:38:37.515, 6, 0, 0
2026/08/07 23:38:37.518, 7, 0, 0
2026/08/07 23:38:37.880, 0, 104046, 99
2026/08/07 23:38:37.884, 1, 56340, 99
2026/08/07 23:38:37.887, 2, 0, 0
2026/08/07 23:38:37.890, 3, 0, 0
2026/08/07 23:38:37.892, 4, 0, 0
2026/08/07 23:38:37.895, 5, 0, 0
2026/08/07 23:38:37.900, 6, 0, 0
2026/08/07 23:38:37.904, 7, 0, 0
2026/08/07 23:38:38.251, 0, 104046, 99
2026/08/07 23:38:38.253, 1, 56340, 99
2026/08/07 23:38:38.256, 2, 0, 0
2026/08/07 23:38:38.258, 3, 0, 0
2026/08/07 23:38:38.260, 4, 0, 0
2026/08/07 23:38:38.263, 5, 0, 0
2026/08/07 23:38:38.265, 6, 0, 0
2026/08/07 23:38:38.269, 7, 0, 0
2026/08/07 23:38:38.621, 0, 104046, 99
2026/08/07 23:38:38.624, 1, 56340, 99
2026/08/07 23:38:38.627, 2, 0, 0
2026/08/07 23:38:38.630, 3, 0, 0
2026/08/07 23:38:38.632, 4, 0, 0
2026/08/07 23:38:38.634, 5, 0, 0
2026/08/07 23:38:38.636, 6, 0, 0
2026/08/07 23:38:38.638, 7, 0, 0
2026/08/07 23:38:38.999, 0, 104046, 99
2026/08/07 23:38:39.001, 1, 56340, 99
2026/08/07 23:38:39.003, 2, 0, 0
2026/08/07 23:38:39.006, 3, 0, 0
2026/08/07 23:38:39.008, 4, 0, 0
2026/08/07 23:38:39.010, 5, 0, 0
2026/08/07 23:38:39.012, 6, 0, 0
2026/08/07 23:38:39.014, 7, 0, 0
2026/08/07 23:38:39.372, 0, 104046, 98
2026/08/07 23:38:39.377, 1, 56340, 99
2026/08/07 23:38:39.379, 2, 0, 0
2026/08/07 23:38:39.382, 3, 0, 0
2026/08/07 23:38:39.384, 4, 0, 0
2026/08/07 23:38:39.385, 5, 0, 0
2026/08/07 23:38:39.387, 6, 0, 0
2026/08/07 23:38:39.389, 7, 0, 0
2026/08/07 23:38:39.749, 0, 104046, 99
2026/08/07 23:38:39.753, 1, 56340, 99
2026/08/07 23:38:39.755, 2, 0, 0
2026/08/07 23:38:39.758, 3, 0, 0
2026/08/07 23:38:39.762, 4, 0, 0
2026/08/07 23:38:39.801, 5, 0, 0
2026/08/07 23:38:39.837, 6, 0, 0
2026/08/07 23:38:39.849, 7, 0, 0
2026/08/07 23:38:40.238, 0, 104046, 99
2026/08/07 23:38:40.242, 1, 56340, 99
2026/08/07 23:38:40.248, 2, 0, 0
2026/08/07 23:38:40.258, 3, 0, 0
2026/08/07 23:38:40.260, 4, 0, 0
2026/08/07 23:38:40.262, 5, 0, 0
2026/08/07 23:38:40.264, 6, 0, 0
2026/08/07 23:38:40.267, 7, 0, 0
2026/08/07 23:38:40.627, 0, 104046, 99
2026/08/07 23:38:40.630, 1, 56340, 99
2026/08/07 23:38:40.633, 2, 0, 0
2026/08/07 23:38:40.635, 3, 0, 0
2026/08/07 23:38:40.637, 4, 0, 0
2026/08/07 23:38:40.639, 5, 0, 0
2026/08/07 23:38:40.641, 6, 0, 0
2026/08/07 23:38:40.643, 7, 0, 0
2026/08/07 23:38:41.007, 0, 104046, 98
2026/08/07 23:38:41.010, 1, 56340, 99
2026/08/07 23:38:41.012, 2, 0, 0
2026/08/07 23:38:41.014, 3, 0, 0
2026/08/07 23:38:41.017, 4, 0, 0
2026/08/07 23:38:41.019, 5, 0, 0
2026/08/07 23:38:41.020, 6, 0, 0
2026/08/07 23:38:41.022, 7, 0, 0
2026/08/07 23:38:41.381, 0, 104046, 99
2026/08/07 23:38:41.383, 1, 56340, 99
2026/08/07 23:38:41.386, 2, 0, 0
2026/08/07 23:38:41.389, 3, 0, 0
2026/08/07 23:38:41.391, 4, 0, 0
2026/08/07 23:38:41.394, 5, 0, 0
2026/08/07 23:38:41.397, 6, 0, 0
2026/08/07 23:38:41.399, 7, 0, 0
2026/08/07 23:38:41.759, 0, 104046, 99
2026/08/07 23:38:41.762, 1, 56340, 99
2026/08/07 23:38:41.765, 2, 0, 0
2026/08/07 23:38:41.767, 3, 0, 0
2026/08/07 23:38:41.770, 4, 0, 0
2026/08/07 23:38:41.772, 5, 0, 0
2026/08/07 23:38:41.775, 6, 0, 0
2026/08/07 23:38:41.777, 7, 0, 0
2026/08/07 23:38:42.148, 0, 104046, 99
2026/08/07 23:38:42.157, 1, 56340, 99
2026/08/07 23:38:42.165, 2, 0, 0
2026/08/07 23:38:42.171, 3, 0, 0
2026/08/07 23:38:42.174, 4, 0, 0
2026/08/07 23:38:42.181, 5, 0, 0
2026/08/07 23:38:42.187, 6, 0, 0
2026/08/07 23:38:42.190, 7, 0, 0
2026/08/07 23:38:42.549, 0, 104046, 98
2026/08/07 23:38:42.588, 1, 56340, 99
2026/08/07 23:38:42.593, 2, 0, 0
2026/08/07 23:38:42.595, 3, 0, 0
2026/08/07 23:38:42.599, 4, 0, 0
2026/08/07 23:38:42.607, 5, 0, 0
2026/08/07 23:38:42.613, 6, 0, 0
2026/08/07 23:38:42.615, 7, 0, 0
2026/08/07 23:38:42.949, 0, 104046, 99
2026/08/07 23:38:42.951, 1, 56340, 99
2026/08/07 23:38:42.954, 2, 0, 0
2026/08/07 23:38:42.956, 3, 0, 0
2026/08/07 23:38:42.959, 4, 0, 0
2026/08/07 23:38:42.962, 5, 0, 0
2026/08/07 23:38:42.964, 6, 0, 0
2026/08/07 23:38:42.968, 7, 0, 0
2026/08/07 23:38:43.323, 0, 104046, 99
2026/08/07 23:38:43.325, 1, 56340, 99
2026/08/07 23:38:43.327, 2, 0, 0
2026/08/07 23:38:43.330, 3, 0, 0
2026/08/07 23:38:43.332, 4, 0, 0
2026/08/07 23:38:43.335, 5, 0, 0
2026/08/07 23:38:43.338, 6, 0, 0
2026/08/07 23:38:43.342, 7, 0, 0
2026/08/07 23:38:43.696, 0, 104046, 99
2026/08/07 23:38:43.699, 1, 56340, 99
2026/08/07 23:38:43.701, 2, 0, 0
2026/08/07 23:38:43.704, 3, 0, 0
2026/08/07 23:38:43.706, 4, 0, 0
2026/08/07 23:38:43.708, 5, 0, 0
2026/08/07 23:38:43.711, 6, 0, 0
2026/08/07 23:38:43.714, 7, 0, 0
2026/08/07 23:38:44.068, 0, 104046, 98
2026/08/07 23:38:44.071, 1, 56340, 99
2026/08/07 23:38:44.073, 2, 0, 0
2026/08/07 23:38:44.076, 3, 0, 0
2026/08/07 23:38:44.078, 4, 0, 0
2026/08/07 23:38:44.081, 5, 0, 0
2026/08/07 23:38:44.084, 6, 0, 0
2026/08/07 23:38:44.086, 7, 0, 0
2026/08/07 23:38:44.449, 0, 104046, 99
2026/08/07 23:38:44.452, 1, 56340, 99
2026/08/07 23:38:44.455, 2, 0, 0
2026/08/07 23:38:44.457, 3, 0, 0
2026/08/07 23:38:44.460, 4, 0, 0
2026/08/07 23:38:44.462, 5, 0, 0
2026/08/07 23:38:44.465, 6, 0, 0
2026/08/07 23:38:44.467, 7, 0, 0
2026/08/07 23:38:44.831, 0, 104046, 99
2026/08/07 23:38:44.833, 1, 56340, 99
2026/08/07 23:38:44.836, 2, 0, 0
2026/08/07 23:38:44.839, 3, 0, 0
2026/08/07 23:38:44.842, 4, 0, 0
2026/08/07 23:38:44.845, 5, 0, 0
2026/08/07 23:38:44.847, 6, 0, 0
2026/08/07 23:38:44.850, 7, 0, 0
2026/08/07 23:38:45.261, 0, 104046, 99
2026/08/07 23:38:45.265, 1, 56340, 99
2026/08/07 23:38:45.272, 2, 0, 0
2026/08/07 23:38:45.275, 3, 0, 0
2026/08/07 23:38:45.277, 4, 0, 0
2026/08/07 23:38:45.280, 5, 0, 0
2026/08/07 23:38:45.285, 6, 0, 0
2026/08/07 23:38:45.296, 7, 0, 0
2026/08/07 23:38:45.639, 0, 104046, 99
2026/08/07 23:38:45.641, 1, 56340, 99
2026/08/07 23:38:45.644, 2, 0, 0
2026/08/07 23:38:45.647, 3, 0, 0
2026/08/07 23:38:45.650, 4, 0, 0
2026/08/07 23:38:45.653, 5, 0, 0
2026/08/07 23:38:45.655, 6, 0, 0
2026/08/07 23:38:45.658, 7, 0, 0
2026/08/07 23:38:46.019, 0, 104046, 99
2026/08/07 23:38:46.022, 1, 56340, 99
2026/08/07 23:38:46.025, 2, 0, 0
2026/08/07 23:38:46.028, 3, 0, 0
2026/08/07 23:38:46.031, 4, 0, 0
2026/08/07 23:38:46.034, 5, 0, 0
2026/08/07 23:38:46.037, 6, 0, 0
2026/08/07 23:38:46.040, 7, 0, 0
2026/08/07 23:38:46.435, 0, 104046, 99
2026/08/07 23:38:46.438, 1, 56340, 99
2026/08/07 23:38:46.445, 2, 0, 0
2026/08/07 23:38:46.448, 3, 0, 0
2026/08/07 23:38:46.452, 4, 0, 0
2026/08/07 23:38:46.456, 5, 0, 0
2026/08/07 23:38:46.462, 6, 0, 0
2026/08/07 23:38:46.468, 7, 0, 0
2026/08/07 23:38:46.814, 0, 104046, 99
2026/08/07 23:38:46.817, 1, 56340, 99
2026/08/07 23:38:46.819, 2, 0, 0
2026/08/07 23:38:46.822, 3, 0, 0
2026/08/07 23:38:46.825, 4, 0, 0
2026/08/07 23:38:46.828, 5, 0, 0
2026/08/07 23:38:46.834, 6, 0, 0
2026/08/07 23:38:46.840, 7, 0, 0
2026/08/07 23:38:47.179, 0, 104046, 99
2026/08/07 23:38:47.184, 1, 56340, 99
2026/08/07 23:38:47.188, 2, 0, 0
2026/08/07 23:38:47.190, 3, 0, 0
2026/08/07 23:38:47.192, 4, 0, 0
2026/08/07 23:38:47.194, 5, 0, 0
2026/08/07 23:38:47.198, 6, 0, 0
2026/08/07 23:38:47.203, 7, 0, 0
2026/08/07 23:38:47.589, 0, 104046, 99
2026/08/07 23:38:47.594, 1, 56340, 99
2026/08/07 23:38:47.605, 2, 0, 0
2026/08/07 23:38:47.616, 3, 0, 0
2026/08/07 23:38:47.627, 4, 0, 0
2026/08/07 23:38:47.634, 5, 0, 0
2026/08/07 23:38:47.639, 6, 0, 0
2026/08/07 23:38:47.640, 7, 0, 0
2026/08/07 23:38:47.986, 0, 104046, 99
2026/08/07 23:38:47.989, 1, 56340, 99
2026/08/07 23:38:47.991, 2, 0, 0
2026/08/07 23:38:47.994, 3, 0, 0
2026/08/07 23:38:47.996, 4, 0, 0
2026/08/07 23:38:47.999, 5, 0, 0
2026/08/07 23:38:48.001, 6, 0, 0
2026/08/07 23:38:48.004, 7, 0, 0
2026/08/07 23:38:48.367, 0, 104046, 99
2026/08/07 23:38:48.370, 1, 56340, 99
2026/08/07 23:38:48.372, 2, 0, 0
2026/08/07 23:38:48.375, 3, 0, 0
2026/08/07 23:38:48.377, 4, 0, 0
2026/08/07 23:38:48.380, 5, 0, 0
2026/08/07 23:38:48.382, 6, 0, 0
2026/08/07 23:38:48.385, 7, 0, 0
2026/08/07 23:38:48.754, 0, 104046, 99
2026/08/07 23:38:48.756, 1, 56340, 99
2026/08/07 23:38:48.758, 2, 0, 0
2026/08/07 23:38:48.761, 3, 0, 0
2026/08/07 23:38:48.763, 4, 0, 0
2026/08/07 23:38:48.767, 5, 0, 0
2026/08/07 23:38:48.769, 6, 0, 0
2026/08/07 23:38:48.770, 7, 0, 0
2026/08/07 23:38:49.130, 0, 104046, 99
2026/08/07 23:38:49.133, 1, 56340, 99
2026/08/07 23:38:49.136, 2, 0, 0
2026/08/07 23:38:49.139, 3, 0, 0
2026/08/07 23:38:49.141, 4, 0, 0
2026/08/07 23:38:49.143, 5, 0, 0
2026/08/07 23:38:49.146, 6, 0, 0
2026/08/07 23:38:49.149, 7, 0, 0
2026/08/07 23:38:49.512, 0, 104046, 99
2026/08/07 23:38:49.516, 1, 56340, 99
2026/08/07 23:38:49.518, 2, 0, 0
2026/08/07 23:38:49.520, 3, 0, 0
2026/08/07 23:38:49.522, 4, 0, 0
2026/08/07 23:38:49.524, 5, 0, 0
2026/08/07 23:38:49.526, 6, 0, 0
2026/08/07 23:38:49.528, 7, 0, 0
2026/08/07 23:38:49.886, 0, 104046, 99
2026/08/07 23:38:49.889, 1, 56340, 99
2026/08/07 23:38:49.891, 2, 0, 0
2026/08/07 23:38:49.894, 3, 0, 0
2026/08/07 23:38:49.896, 4, 0, 0
2026/08/07 23:38:49.899, 5, 0, 0
2026/08/07 23:38:49.901, 6, 0, 0
2026/08/07 23:38:49.904, 7, 0, 0
2026/08/07 23:38:50.280, 0, 104046, 99
2026/08/07 23:38:50.283, 1, 56340, 99
2026/08/07 23:38:50.305, 2, 0, 0
2026/08/07 23:38:50.324, 3, 0, 0
2026/08/07 23:38:50.326, 4, 0, 0
2026/08/07 23:38:50.328, 5, 0, 0
2026/08/07 23:38:50.332, 6, 0, 0
2026/08/07 23:38:50.334, 7, 0, 0
2026/08/07 23:38:50.730, 0, 104046, 99
2026/08/07 23:38:50.733, 1, 56340, 99
2026/08/07 23:38:50.736, 2, 0, 0
2026/08/07 23:38:50.743, 3, 0, 0
2026/08/07 23:38:50.745, 4, 0, 0
2026/08/07 23:38:50.747, 5, 0, 0
2026/08/07 23:38:50.751, 6, 0, 0
2026/08/07 23:38:50.755, 7, 0, 0
2026/08/07 23:38:51.114, 0, 104046, 99
2026/08/07 23:38:51.117, 1, 56340, 99
2026/08/07 23:38:51.118, 2, 0, 0
2026/08/07 23:38:51.120, 3, 0, 0
2026/08/07 23:38:51.123, 4, 0, 0
2026/08/07 23:38:51.126, 5, 0, 0
2026/08/07 23:38:51.129, 6, 0, 0
2026/08/07 23:38:51.131, 7, 0, 0
2026/08/07 23:38:51.492, 0, 104046, 99
2026/08/07 23:38:51.495, 1, 56340, 99
2026/08/07 23:38:51.497, 2, 0, 0
2026/08/07 23:38:51.499, 3, 0, 0
2026/08/07 23:38:51.501, 4, 0, 0
2026/08/07 23:38:51.503, 5, 0, 0
2026/08/07 23:38:51.505, 6, 0, 0
2026/08/07 23:38:51.508, 7, 0, 0
2026/08/07 23:38:51.860, 0, 104046, 99
2026/08/07 23:38:51.863, 1, 56340, 99
2026/08/07 23:38:51.865, 2, 0, 0
2026/08/07 23:38:51.867, 3, 0, 0
2026/08/07 23:38:51.869, 4, 0, 0
2026/08/07 23:38:51.872, 5, 0, 0
2026/08/07 23:38:51.874, 6, 0, 0
2026/08/07 23:38:51.877, 7, 0, 0
2026/08/07 23:38:52.236, 0, 104046, 98
2026/08/07 23:38:52.239, 1, 56340, 99
2026/08/07 23:38:52.242, 2, 0, 0
2026/08/07 23:38:52.244, 3, 0, 0
2026/08/07 23:38:52.247, 4, 0, 0
2026/08/07 23:38:52.250, 5, 0, 0
2026/08/07 23:38:52.252, 6, 0, 0
2026/08/07 23:38:52.255, 7, 0, 0
2026/08/07 23:38:52.654, 0, 104046, 99
2026/08/07 23:38:52.656, 1, 56340, 99
2026/08/07 23:38:52.661, 2, 0, 0
2026/08/07 23:38:52.666, 3, 0, 0
2026/08/07 23:38:52.672, 4, 0, 0
2026/08/07 23:38:52.677, 5, 0, 0
2026/08/07 23:38:52.684, 6, 0, 0
2026/08/07 23:38:52.690, 7, 0, 0
2026/08/07 23:38:53.095, 0, 104046, 99
2026/08/07 23:38:53.102, 1, 56340, 99
2026/08/07 23:38:53.107, 2, 0, 0
2026/08/07 23:38:53.110, 3, 0, 0
2026/08/07 23:38:53.112, 4, 0, 0
2026/08/07 23:38:53.113, 5, 0, 0
2026/08/07 23:38:53.115, 6, 0, 0
2026/08/07 23:38:53.116, 7, 0, 0
2026/08/07 23:38:53.447, 0, 104046, 99
2026/08/07 23:38:53.449, 1, 56340, 99
2026/08/07 23:38:53.453, 2, 0, 0
2026/08/07 23:38:53.456, 3, 0, 0
2026/08/07 23:38:53.459, 4, 0, 0
2026/08/07 23:38:53.461, 5, 0, 0
2026/08/07 23:38:53.463, 6, 0, 0
2026/08/07 23:38:53.465, 7, 0, 0
2026/08/07 23:38:53.824, 0, 104046, 98
2026/08/07 23:38:53.828, 1, 56340, 99
2026/08/07 23:38:53.830, 2, 0, 0
2026/08/07 23:38:53.833, 3, 0, 0
2026/08/07 23:38:53.836, 4, 0, 0
2026/08/07 23:38:53.838, 5, 0, 0
2026/08/07 23:38:53.841, 6, 0, 0
2026/08/07 23:38:53.844, 7, 0, 0
2026/08/07 23:38:54.315, 0, 104046, 99
2026/08/07 23:38:54.318, 1, 56340, 99
2026/08/07 23:38:54.321, 2, 0, 0
2026/08/07 23:38:54.325, 3, 0, 0
2026/08/07 23:38:54.329, 4, 0, 0
2026/08/07 23:38:54.331, 5, 0, 0
2026/08/07 23:38:54.334, 6, 0, 0
2026/08/07 23:38:54.344, 7, 0, 0
2026/08/07 23:38:54.687, 0, 104046, 99
2026/08/07 23:38:54.690, 1, 56340, 99
2026/08/07 23:38:54.693, 2, 0, 0
2026/08/07 23:38:54.696, 3, 0, 0
2026/08/07 23:38:54.698, 4, 0, 0
2026/08/07 23:38:54.701, 5, 0, 0
2026/08/07 23:38:54.704, 6, 0, 0
2026/08/07 23:38:54.708, 7, 0, 0
2026/08/07 23:38:55.144, 0, 104046, 99
2026/08/07 23:38:55.149, 1, 56340, 99
2026/08/07 23:38:55.154, 2, 0, 0
2026/08/07 23:38:55.159, 3, 0, 0
2026/08/07 23:38:55.166, 4, 0, 0
2026/08/07 23:38:55.168, 5, 0, 0
2026/08/07 23:38:55.176, 6, 0, 0
2026/08/07 23:38:55.199, 7, 0, 0
2026/08/07 23:38:55.596, 0, 104046, 99
2026/08/07 23:38:55.597, 1, 56340, 99
2026/08/07 23:38:55.598, 2, 0, 0
2026/08/07 23:38:55.600, 3, 0, 0
2026/08/07 23:38:55.602, 4, 0, 0
2026/08/07 23:38:55.605, 5, 0, 0
2026/08/07 23:38:55.607, 6, 0, 0
2026/08/07 23:38:55.608, 7, 0, 0
2026/08/07 23:38:55.925, 0, 104046, 99
2026/08/07 23:38:55.928, 1, 56340, 99
2026/08/07 23:38:55.931, 2, 0, 0
2026/08/07 23:38:55.935, 3, 0, 0
2026/08/07 23:38:55.937, 4, 0, 0
2026/08/07 23:38:55.942, 5, 0, 0
2026/08/07 23:38:55.947, 6, 0, 0
2026/08/07 23:38:55.952, 7, 0, 0
2026/08/07 23:38:56.290, 0, 104046, 99
2026/08/07 23:38:56.292, 1, 56340, 99
2026/08/07 23:38:56.296, 2, 0, 0
2026/08/07 23:38:56.299, 3, 0, 0
2026/08/07 23:38:56.302, 4, 0, 0
2026/08/07 23:38:56.304, 5, 0, 0
2026/08/07 23:38:56.308, 6, 0, 0
2026/08/07 23:38:56.310, 7, 0, 0
2026/08/07 23:38:56.672, 0, 104046, 99
2026/08/07 23:38:56.675, 1, 56340, 99
2026/08/07 23:38:56.677, 2, 0, 0
2026/08/07 23:38:56.680, 3, 0, 0
2026/08/07 23:38:56.683, 4, 0, 0
2026/08/07 23:38:56.685, 5, 0, 0
2026/08/07 23:38:56.688, 6, 0, 0
2026/08/07 23:38:56.690, 7, 0, 0
2026/08/07 23:38:57.054, 0, 104046, 98
2026/08/07 23:38:57.056, 1, 56340, 99
2026/08/07 23:38:57.058, 2, 0, 0
2026/08/07 23:38:57.060, 3, 0, 0
2026/08/07 23:38:57.062, 4, 0, 0
2026/08/07 23:38:57.064, 5, 0, 0
2026/08/07 23:38:57.066, 6, 0, 0
2026/08/07 23:38:57.067, 7, 0, 0
2026/08/07 23:38:57.443, 0, 104046, 99
2026/08/07 23:38:57.451, 1, 56340, 99
2026/08/07 23:38:57.460, 2, 0, 0
2026/08/07 23:38:57.462, 3, 0, 0
2026/08/07 23:38:57.464, 4, 0, 0
2026/08/07 23:38:57.466, 5, 0, 0
2026/08/07 23:38:57.468, 6, 0, 0
2026/08/07 23:38:57.474, 7, 0, 0
2026/08/07 23:38:57.862, 0, 104046, 99
2026/08/07 23:38:57.866, 1, 56340, 99
2026/08/07 23:38:57.870, 2, 0, 0
2026/08/07 23:38:57.874, 3, 0, 0
2026/08/07 23:38:57.883, 4, 0, 0
2026/08/07 23:38:57.886, 5, 0, 0
2026/08/07 23:38:57.894, 6, 0, 0
2026/08/07 23:38:57.900, 7, 0, 0
2026/08/07 23:38:58.273, 0, 104046, 99
2026/08/07 23:38:58.278, 1, 56340, 99
2026/08/07 23:38:58.280, 2, 0, 0
2026/08/07 23:38:58.284, 3, 0, 0
2026/08/07 23:38:58.285, 4, 0, 0
2026/08/07 23:38:58.288, 5, 0, 0
2026/08/07 23:38:58.292, 6, 0, 0
2026/08/07 23:38:58.298, 7, 0, 0
2026/08/07 23:38:58.645, 0, 104046, 98
2026/08/07 23:38:58.649, 1, 56340, 99
2026/08/07 23:38:58.650, 2, 0, 0
2026/08/07 23:38:58.653, 3, 0, 0
2026/08/07 23:38:58.656, 4, 0, 0
2026/08/07 23:38:58.659, 5, 0, 0
2026/08/07 23:38:58.661, 6, 0, 0
2026/08/07 23:38:58.664, 7, 0, 0
2026/08/07 23:38:59.028, 0, 104046, 99
2026/08/07 23:38:59.030, 1, 56340, 99
2026/08/07 23:38:59.033, 2, 0, 0
2026/08/07 23:38:59.036, 3, 0, 0
2026/08/07 23:38:59.038, 4, 0, 0
2026/08/07 23:38:59.042, 5, 0, 0
2026/08/07 23:38:59.045, 6, 0, 0
2026/08/07 23:38:59.048, 7, 0, 0
2026/08/07 23:38:59.843, 0, 104046, 99
2026/08/07 23:38:59.853, 1, 56340, 99
2026/08/07 23:38:59.860, 2, 0, 0
2026/08/07 23:38:59.862, 3, 0, 0
2026/08/07 23:38:59.865, 4, 2, 0
2026/08/07 23:38:59.876, 5, 1, 0
2026/08/07 23:38:59.884, 6, 1, 0
2026/08/07 23:38:59.887, 7, 1, 0
2026/08/07 23:39:02.222, 0, 104046, 100
2026/08/07 23:39:02.225, 1, 56340, 100
2026/08/07 23:39:02.229, 2, 0, 0
2026/08/07 23:39:02.232, 3, 0, 0
2026/08/07 23:39:02.235, 4, 4, 0
2026/08/07 23:39:02.237, 5, 4, 0
2026/08/07 23:39:02.240, 6, 4, 0
2026/08/07 23:39:02.244, 7, 4, 0
2026/08/07 23:39:02.601, 0, 104046, 100
2026/08/07 23:39:02.604, 1, 56340, 100
2026/08/07 23:39:02.608, 2, 0, 0
2026/08/07 23:39:02.611, 3, 0, 0
2026/08/07 23:39:02.613, 4, 4, 0
2026/08/07 23:39:02.616, 5, 4, 0
2026/08/07 23:39:02.619, 6, 4, 0
2026/08/07 23:39:02.621, 7, 4, 0
2026/08/07 23:39:02.977, 0, 104046, 100
2026/08/07 23:39:02.979, 1, 56340, 100
2026/08/07 23:39:02.983, 2, 0, 0
2026/08/07 23:39:02.985, 3, 0, 0
2026/08/07 23:39:02.987, 4, 4, 0
2026/08/07 23:39:02.990, 5, 4, 0
2026/08/07 23:39:02.992, 6, 4, 0
2026/08/07 23:39:02.995, 7, 4, 0
2026/08/07 23:39:03.354, 0, 104046, 100
2026/08/07 23:39:03.356, 1, 56340, 100
2026/08/07 23:39:03.359, 2, 0, 0
2026/08/07 23:39:03.362, 3, 0, 0
2026/08/07 23:39:03.365, 4, 4, 0
2026/08/07 23:39:03.367, 5, 4, 0
2026/08/07 23:39:03.371, 6, 4, 0
2026/08/07 23:39:03.374, 7, 4, 0
2026/08/07 23:39:03.736, 0, 104046, 100
2026/08/07 23:39:03.739, 1, 56340, 100
2026/08/07 23:39:03.742, 2, 0, 0
2026/08/07 23:39:03.744, 3, 0, 0
2026/08/07 23:39:03.747, 4, 4, 0
2026/08/07 23:39:03.749, 5, 4, 0
2026/08/07 23:39:03.752, 6, 4, 0
2026/08/07 23:39:03.755, 7, 4, 0
2026/08/07 23:39:04.114, 0, 104046, 100
2026/08/07 23:39:04.117, 1, 56340, 100
2026/08/07 23:39:04.119, 2, 0, 0
2026/08/07 23:39:04.122, 3, 0, 0
2026/08/07 23:39:04.124, 4, 4, 0
2026/08/07 23:39:04.127, 5, 4, 0
2026/08/07 23:39:04.130, 6, 4, 0
2026/08/07 23:39:04.133, 7, 4, 0
2026/08/07 23:39:04.518, 0, 104046, 0
2026/08/07 23:39:04.521, 1, 56340, 39
2026/08/07 23:39:04.523, 2, 0, 0
2026/08/07 23:39:04.526, 3, 0, 0
2026/08/07 23:39:04.529, 4, 4, 0
2026/08/07 23:39:04.533, 5, 4, 0
2026/08/07 23:39:04.537, 6, 4, 0
2026/08/07 23:39:04.552, 7, 4, 0
2026/08/07 23:39:04.970, 0, 104046, 0
2026/08/07 23:39:04.979, 1, 56340, 0
2026/08/07 23:39:04.985, 2, 0, 0
2026/08/07 23:39:04.987, 3, 0, 0
2026/08/07 23:39:04.990, 4, 4, 0
2026/08/07 23:39:04.992, 5, 4, 0
2026/08/07 23:39:04.994, 6, 4, 0
2026/08/07 23:39:04.998, 7, 4, 0
2026/08/07 23:39:05.351, 0, 104046, 0
2026/08/07 23:39:05.354, 1, 56340, 0
2026/08/07 23:39:05.358, 2, 0, 0
2026/08/07 23:39:05.361, 3, 0, 0
2026/08/07 23:39:05.365, 4, 4, 0
2026/08/07 23:39:05.367, 5, 4, 0
2026/08/07 23:39:05.369, 6, 4, 0
2026/08/07 23:39:05.371, 7, 4, 0
2026/08/07 23:39:06.165, 0, 104046, 0
2026/08/07 23:39:06.179, 1, 56340, 0
2026/08/07 23:39:06.187, 2, 0, 0
2026/08/07 23:39:06.190, 3, 0, 0
2026/08/07 23:39:06.194, 4, 4, 0
2026/08/07 23:39:06.198, 5, 4, 0
2026/08/07 23:39:06.201, 6, 4, 0
2026/08/07 23:39:06.204, 7, 4, 0
2026/08/07 23:39:06.547, 0, 104046, 0
2026/08/07 23:39:06.548, 1, 56340, 0
2026/08/07 23:39:06.550, 2, 0, 0
2026/08/07 23:39:06.552, 3, 0, 0
2026/08/07 23:39:06.554, 4, 4, 0
2026/08/07 23:39:06.555, 5, 4, 0
2026/08/07 23:39:06.557, 6, 4, 0
2026/08/07 23:39:06.559, 7, 4, 0
2026/08/07 23:39:07.058, 0, 104046, 0
2026/08/07 23:39:07.066, 1, 56340, 0
2026/08/07 23:39:07.070, 2, 0, 0
2026/08/07 23:39:07.075, 3, 0, 0
2026/08/07 23:39:07.110, 4, 4, 0
2026/08/07 23:39:07.113, 5, 4, 0
2026/08/07 23:39:07.115, 6, 4, 0
2026/08/07 23:39:07.116, 7, 4, 0
2026/08/07 23:39:07.486, 0, 104046, 0
2026/08/07 23:39:07.490, 1, 56340, 0
2026/08/07 23:39:07.494, 2, 0, 0
2026/08/07 23:39:07.499, 3, 0, 0
2026/08/07 23:39:07.502, 4, 4, 0
2026/08/07 23:39:07.505, 5, 4, 0
2026/08/07 23:39:07.508, 6, 4, 0
2026/08/07 23:39:07.513, 7, 4, 0
2026/08/07 23:39:07.837, 0, 104046, 0
2026/08/07 23:39:07.839, 1, 56340, 0
2026/08/07 23:39:07.840, 2, 0, 0
2026/08/07 23:39:07.842, 3, 0, 0
2026/08/07 23:39:07.844, 4, 4, 0
2026/08/07 23:39:07.846, 5, 4, 0
2026/08/07 23:39:07.847, 6, 4, 0
2026/08/07 23:39:07.849, 7, 4, 0
2026/08/07 23:39:08.165, 0, 104046, 0
2026/08/07 23:39:08.171, 1, 56340, 0
2026/08/07 23:39:08.176, 2, 0, 0
2026/08/07 23:39:08.180, 3, 0, 0
2026/08/07 23:39:08.185, 4, 4, 0
2026/08/07 23:39:08.186, 5, 4, 0
2026/08/07 23:39:08.188, 6, 4, 0
2026/08/07 23:39:08.190, 7, 4, 0
2026/08/07 23:39:08.517, 0, 104046, 0
2026/08/07 23:39:08.520, 1, 56340, 0
2026/08/07 23:39:08.524, 2, 0, 0
2026/08/07 23:39:08.528, 3, 0, 0
2026/08/07 23:39:08.533, 4, 4, 0
2026/08/07 23:39:08.537, 5, 4, 0
2026/08/07 23:39:08.542, 6, 4, 0
2026/08/07 23:39:08.546, 7, 4, 0
2026/08/07 23:39:08.941, 0, 104046, 0
2026/08/07 23:39:08.945, 1, 56340, 0
2026/08/07 23:39:08.951, 2, 0, 0
2026/08/07 23:39:08.953, 3, 0, 0
2026/08/07 23:39:08.955, 4, 4, 0
2026/08/07 23:39:08.958, 5, 4, 0
2026/08/07 23:39:08.965, 6, 4, 0
2026/08/07 23:39:08.969, 7, 4, 0
2026/08/07 23:39:09.312, 0, 104046, 0
2026/08/07 23:39:09.317, 1, 56340, 0
2026/08/07 23:39:09.319, 2, 0, 0
2026/08/07 23:39:09.323, 3, 0, 0
2026/08/07 23:39:09.326, 4, 4, 0
2026/08/07 23:39:09.328, 5, 4, 0
2026/08/07 23:39:09.330, 6, 4, 0
2026/08/07 23:39:09.333, 7, 4, 0
2026/08/07 23:39:09.721, 0, 103170, 0
2026/08/07 23:39:09.722, 1, 55326, 0
2026/08/07 23:39:09.724, 2, 0, 0
2026/08/07 23:39:09.727, 3, 0, 0
2026/08/07 23:39:09.729, 4, 4, 0
2026/08/07 23:39:09.732, 5, 4, 0
2026/08/07 23:39:09.735, 6, 4, 0
2026/08/07 23:39:09.741, 7, 4, 0
2026/08/07 23:39:10.112, 0, 102786, 0
2026/08/07 23:39:10.113, 1, 55080, 0
2026/08/07 23:39:10.115, 2, 0, 0
2026/08/07 23:39:10.119, 3, 0, 0
2026/08/07 23:39:10.121, 4, 4, 0
2026/08/07 23:39:10.122, 5, 4, 0
2026/08/07 23:39:10.125, 6, 4, 0
2026/08/07 23:39:10.128, 7, 4, 0
2026/08/07 23:39:10.477, 0, 102786, 0
2026/08/07 23:39:10.478, 1, 55080, 0
2026/08/07 23:39:10.480, 2, 0, 0
2026/08/07 23:39:10.483, 3, 0, 0
2026/08/07 23:39:10.486, 4, 4, 0
2026/08/07 23:39:10.488, 5, 4, 0
2026/08/07 23:39:10.490, 6, 4, 0
2026/08/07 23:39:10.493, 7, 4, 0
2026/08/07 23:39:11.019, 0, 102786, 0
2026/08/07 23:39:11.029, 1, 55080, 0
2026/08/07 23:39:11.051, 2, 1, 0
2026/08/07 23:39:11.063, 3, 1, 0
2026/08/07 23:39:11.066, 4, 4, 0
2026/08/07 23:39:11.089, 5, 4, 0
2026/08/07 23:39:11.112, 6, 4, 0
2026/08/07 23:39:11.141, 7, 4, 0
2026/08/07 23:39:12.660, 0, 102786, 0
2026/08/07 23:39:12.749, 1, 55080, 0
2026/08/07 23:39:12.793, 2, 1, 0
2026/08/07 23:39:12.799, 3, 1, 0
2026/08/07 23:39:12.822, 4, 4, 0
2026/08/07 23:39:12.831, 5, 4, 0
2026/08/07 23:39:12.850, 6, 4, 0
2026/08/07 23:39:12.861, 7, 4, 0
2026/08/07 23:39:13.374, 0, 102786, 0
2026/08/07 23:39:13.376, 1, 55080, 0
2026/08/07 23:39:13.378, 2, 0, 0
2026/08/07 23:39:13.380, 3, 0, 0
2026/08/07 23:39:13.381, 4, 4, 0
2026/08/07 23:39:13.383, 5, 4, 0
2026/08/07 23:39:13.387, 6, 4, 0
2026/08/07 23:39:13.388, 7, 4, 0
2026/08/07 23:39:13.814, 0, 102782, 0
2026/08/07 23:39:13.815, 1, 4, 14
2026/08/07 23:39:13.816, 2, 0, 0
2026/08/07 23:39:13.818, 3, 0, 0
2026/08/07 23:39:13.820, 4, 4, 0
2026/08/07 23:39:13.821, 5, 4, 0
2026/08/07 23:39:13.823, 6, 4, 0
2026/08/07 23:39:13.824, 7, 4, 0
2026/08/07 23:39:14.389, 0, 4, 0
2026/08/07 23:39:14.392, 1, 4, 0
2026/08/07 23:39:14.394, 2, 0, 0
2026/08/07 23:39:14.397, 3, 0, 0
2026/08/07 23:39:14.401, 4, 4, 0
2026/08/07 23:39:14.406, 5, 630, 0
2026/08/07 23:39:14.409, 6, 4, 0
2026/08/07 23:39:14.410, 7, 27, 0
2026/08/07 23:39:14.838, 0, 4, 0
2026/08/07 23:39:14.840, 1, 4, 0
2026/08/07 23:39:14.843, 2, 0, 0
2026/08/07 23:39:14.849, 3, 0, 0
2026/08/07 23:39:14.851, 4, 734, 0
2026/08/07 23:39:14.854, 5, 734, 0
2026/08/07 23:39:14.855, 6, 28, 0
2026/08/07 23:39:14.858, 7, 734, 0
2026/08/07 23:39:15.165, 0, 4, 0
2026/08/07 23:39:15.166, 1, 4, 0
2026/08/07 23:39:15.167, 2, 0, 0
2026/08/07 23:39:15.169, 3, 0, 0
2026/08/07 23:39:15.171, 4, 734, 0
2026/08/07 23:39:15.171, 5, 734, 0
2026/08/07 23:39:15.172, 6, 734, 2
2026/08/07 23:39:15.173, 7, 734, 0
2026/08/07 23:39:15.468, 0, 4, 0
2026/08/07 23:39:15.469, 1, 4, 0
2026/08/07 23:39:15.471, 2, 0, 0
2026/08/07 23:39:15.473, 3, 0, 0
2026/08/07 23:39:15.474, 4, 734, 0
2026/08/07 23:39:15.475, 5, 734, 0
2026/08/07 23:39:15.476, 6, 734, 0
2026/08/07 23:39:15.477, 7, 734, 0
2026/08/07 23:39:15.794, 0, 4, 0
2026/08/07 23:39:15.795, 1, 4, 0
2026/08/07 23:39:15.797, 2, 0, 0
2026/08/07 23:39:15.799, 3, 0, 0
2026/08/07 23:39:15.822, 4, 734, 0
2026/08/07 23:39:15.829, 5, 734, 0
2026/08/07 23:39:15.831, 6, 734, 0
2026/08/07 23:39:15.832, 7, 734, 0
2026/08/07 23:39:16.137, 0, 4, 0
2026/08/07 23:39:16.139, 1, 4, 0
2026/08/07 23:39:16.140, 2, 0, 0
2026/08/07 23:39:16.142, 3, 0, 0
2026/08/07 23:39:16.143, 4, 846, 0
2026/08/07 23:39:16.144, 5, 846, 0
2026/08/07 23:39:16.145, 6, 846, 0
2026/08/07 23:39:16.146, 7, 846, 0
2026/08/07 23:39:16.448, 0, 4, 0
2026/08/07 23:39:16.450, 1, 4, 0
2026/08/07 23:39:16.451, 2, 0, 0
2026/08/07 23:39:16.452, 3, 0, 0
2026/08/07 23:39:16.454, 4, 852, 0
2026/08/07 23:39:16.455, 5, 852, 0
2026/08/07 23:39:16.456, 6, 852, 0
2026/08/07 23:39:16.456, 7, 852, 0
2026/08/07 23:39:16.840, 0, 0, 0
2026/08/07 23:39:16.844, 1, 0, 0
2026/08/07 23:39:16.847, 2, 0, 0
2026/08/07 23:39:16.850, 3, 0, 0
2026/08/07 23:39:16.852, 4, 852, 0
2026/08/07 23:39:16.853, 5, 852, 0
2026/08/07 23:39:16.857, 6, 852, 0
2026/08/07 23:39:16.861, 7, 852, 0
2026/08/07 23:39:17.198, 0, 0, 0
2026/08/07 23:39:17.203, 1, 0, 0
2026/08/07 23:39:17.206, 2, 0, 0
2026/08/07 23:39:17.209, 3, 0, 0
2026/08/07 23:39:17.211, 4, 852, 0
2026/08/07 23:39:17.214, 5, 852, 0
2026/08/07 23:39:17.217, 6, 852, 0
2026/08/07 23:39:17.220, 7, 852, 0
2026/08/07 23:39:17.584, 0, 0, 0
2026/08/07 23:39:17.586, 1, 0, 0
2026/08/07 23:39:17.589, 2, 0, 0
2026/08/07 23:39:17.592, 3, 0, 0
2026/08/07 23:39:17.595, 4, 852, 0
2026/08/07 23:39:17.596, 5, 852, 0
2026/08/07 23:39:17.598, 6, 852, 0
2026/08/07 23:39:17.599, 7, 852, 0
2026/08/07 23:39:17.957, 0, 0, 0
2026/08/07 23:39:17.961, 1, 0, 0
2026/08/07 23:39:17.966, 2, 0, 0
2026/08/07 23:39:17.968, 3, 0, 0
2026/08/07 23:39:17.971, 4, 852, 0
2026/08/07 23:39:17.973, 5, 852, 0
2026/08/07 23:39:17.978, 6, 852, 0
2026/08/07 23:39:17.981, 7, 852, 0
2026/08/07 23:39:18.371, 0, 0, 0
2026/08/07 23:39:18.375, 1, 0, 0
2026/08/07 23:39:18.378, 2, 0, 0
2026/08/07 23:39:18.380, 3, 0, 0
2026/08/07 23:39:18.382, 4, 852, 0
2026/08/07 23:39:18.382, 5, 852, 0
2026/08/07 23:39:18.384, 6, 852, 0
2026/08/07 23:39:18.385, 7, 852, 0
2026/08/07 23:39:18.691, 0, 0, 0
2026/08/07 23:39:18.694, 1, 0, 0
2026/08/07 23:39:18.697, 2, 0, 0
2026/08/07 23:39:18.699, 3, 0, 0
2026/08/07 23:39:18.700, 4, 852, 0
2026/08/07 23:39:18.702, 5, 852, 0
2026/08/07 23:39:18.703, 6, 852, 0
2026/08/07 23:39:18.706, 7, 852, 0
2026/08/07 23:39:19.093, 0, 0, 0
2026/08/07 23:39:19.095, 1, 0, 0
2026/08/07 23:39:19.099, 2, 0, 0
2026/08/07 23:39:19.101, 3, 0, 0
2026/08/07 23:39:19.103, 4, 852, 0
2026/08/07 23:39:19.104, 5, 852, 0
2026/08/07 23:39:19.106, 6, 852, 0
2026/08/07 23:39:19.107, 7, 852, 0
2026/08/07 23:39:19.444, 0, 0, 0
2026/08/07 23:39:19.447, 1, 0, 0
2026/08/07 23:39:19.451, 2, 0, 0
2026/08/07 23:39:19.453, 3, 0, 0
2026/08/07 23:39:19.455, 4, 852, 0
2026/08/07 23:39:19.457, 5, 852, 0
2026/08/07 23:39:19.458, 6, 852, 0
2026/08/07 23:39:19.462, 7, 852, 0
2026/08/07 23:39:19.794, 0, 0, 0
2026/08/07 23:39:19.796, 1, 0, 0
2026/08/07 23:39:19.798, 2, 0, 0
2026/08/07 23:39:19.800, 3, 0, 0
2026/08/07 23:39:19.802, 4, 852, 0
2026/08/07 23:39:19.804, 5, 852, 0
2026/08/07 23:39:19.805, 6, 852, 0
2026/08/07 23:39:19.809, 7, 852, 0
2026/08/07 23:39:20.146, 0, 0, 0
2026/08/07 23:39:20.149, 1, 0, 0
2026/08/07 23:39:20.151, 2, 0, 0
2026/08/07 23:39:20.153, 3, 0, 0
2026/08/07 23:39:20.154, 4, 852, 0
2026/08/07 23:39:20.156, 5, 852, 0
2026/08/07 23:39:20.158, 6, 852, 0
2026/08/07 23:39:20.160, 7, 852, 0
2026/08/07 23:39:20.532, 0, 0, 0
2026/08/07 23:39:20.535, 1, 0, 0
2026/08/07 23:39:20.537, 2, 0, 0
2026/08/07 23:39:20.540, 3, 0, 0
2026/08/07 23:39:20.544, 4, 852, 0
2026/08/07 23:39:20.546, 5, 852, 0
2026/08/07 23:39:20.553, 6, 852, 0
2026/08/07 23:39:20.561, 7, 852, 0
2026/08/07 23:39:20.904, 0, 0, 0
2026/08/07 23:39:20.907, 1, 0, 0
2026/08/07 23:39:20.909, 2, 0, 0
2026/08/07 23:39:20.911, 3, 0, 0
2026/08/07 23:39:20.912, 4, 852, 0
2026/08/07 23:39:20.914, 5, 852, 0
2026/08/07 23:39:20.916, 6, 852, 0
2026/08/07 23:39:20.919, 7, 852, 0
2026/08/07 23:39:21.283, 0, 0, 0
2026/08/07 23:39:21.285, 1, 0, 0
2026/08/07 23:39:21.287, 2, 0, 0
2026/08/07 23:39:21.289, 3, 0, 0
2026/08/07 23:39:21.291, 4, 852, 0
2026/08/07 23:39:21.296, 5, 852, 0
2026/08/07 23:39:21.300, 6, 852, 0
2026/08/07 23:39:21.303, 7, 852, 0
2026/08/07 23:39:21.629, 0, 0, 0
2026/08/07 23:39:21.633, 1, 0, 0
2026/08/07 23:39:21.636, 2, 0, 0
2026/08/07 23:39:21.638, 3, 0, 0
2026/08/07 23:39:21.642, 4, 852, 0
2026/08/07 23:39:21.644, 5, 1574, 0
2026/08/07 23:39:21.645, 6, 852, 0
2026/08/07 23:39:21.648, 7, 852, 0
2026/08/07 23:39:22.014, 0, 0, 0
2026/08/07 23:39:22.016, 1, 0, 0
2026/08/07 23:39:22.019, 2, 0, 0
2026/08/07 23:39:22.023, 3, 0, 0
2026/08/07 23:39:22.025, 4, 14198, 8
2026/08/07 23:39:22.028, 5, 14198, 5
2026/08/07 23:39:22.032, 6, 14198, 0
2026/08/07 23:39:22.034, 7, 14198, 6
2026/08/07 23:39:22.514, 0, 0, 0
2026/08/07 23:39:22.528, 1, 0, 0
2026/08/07 23:39:22.538, 2, 0, 0
2026/08/07 23:39:22.544, 3, 0, 0
2026/08/07 23:39:22.548, 4, 14198, 6
2026/08/07 23:39:22.557, 5, 14198, 3
2026/08/07 23:39:22.563, 6, 14198, 1
2026/08/07 23:39:22.567, 7, 14198, 4
2026/08/07 23:39:23.102, 0, 0, 0
2026/08/07 23:39:23.104, 1, 0, 0
2026/08/07 23:39:23.115, 2, 0, 0
2026/08/07 23:39:23.123, 3, 0, 0
2026/08/07 23:39:23.129, 4, 14198, 5
2026/08/07 23:39:23.170, 5, 14198, 5
2026/08/07 23:39:23.190, 6, 14198, 4
2026/08/07 23:39:23.191, 7, 14198, 7
2026/08/07 23:39:23.615, 0, 0, 0
2026/08/07 23:39:23.618, 1, 0, 0
2026/08/07 23:39:23.632, 2, 0, 0
2026/08/07 23:39:23.645, 3, 0, 0
2026/08/07 23:39:23.648, 4, 14198, 5
2026/08/07 23:39:23.649, 5, 14198, 4
2026/08/07 23:39:23.663, 6, 14198, 3
2026/08/07 23:39:23.665, 7, 14198, 5
2026/08/07 23:39:24.004, 0, 0, 0
2026/08/07 23:39:24.007, 1, 0, 0
2026/08/07 23:39:24.020, 2, 0, 0
2026/08/07 23:39:24.037, 3, 0, 0
2026/08/07 23:39:24.046, 4, 14198, 2
2026/08/07 23:39:24.051, 5, 14198, 3
2026/08/07 23:39:24.053, 6, 14198, 2
2026/08/07 23:39:24.090, 7, 14198, 7
2026/08/07 23:39:25.181, 0, 1, 0
2026/08/07 23:39:25.204, 1, 1, 0
2026/08/07 23:39:25.213, 2, 1, 0
2026/08/07 23:39:25.218, 3, 1, 0
2026/08/07 23:39:25.245, 4, 14198, 7
2026/08/07 23:39:25.246, 5, 14198, 6
2026/08/07 23:39:25.267, 6, 14198, 0
2026/08/07 23:39:25.279, 7, 14198, 8
2026/08/07 23:39:28.723, 0, 4, 0
2026/08/07 23:39:28.732, 1, 4, 0
2026/08/07 23:39:28.738, 2, 4, 0
2026/08/07 23:39:28.745, 3, 4, 0
2026/08/07 23:39:28.751, 4, 17552, 0
2026/08/07 23:39:28.754, 5, 17408, 0
2026/08/07 23:39:28.758, 6, 17408, 0
2026/08/07 23:39:28.767, 7, 17896, 0
2026/08/07 23:39:29.213, 0, 4, 0
2026/08/07 23:39:29.217, 1, 4, 0
2026/08/07 23:39:29.221, 2, 4, 0
2026/08/07 23:39:29.234, 3, 4, 0
2026/08/07 23:39:29.235, 4, 19228, 0
2026/08/07 23:39:29.236, 5, 19228, 0
2026/08/07 23:39:29.248, 6, 19228, 0
2026/08/07 23:39:29.249, 7, 19228, 0
2026/08/07 23:39:29.748, 0, 4, 0
2026/08/07 23:39:29.755, 1, 4, 0
2026/08/07 23:39:29.764, 2, 4, 0
2026/08/07 23:39:29.774, 3, 4, 0
2026/08/07 23:39:29.777, 4, 19228, 1
2026/08/07 23:39:29.786, 5, 19228, 1
2026/08/07 23:39:29.795, 6, 19228, 1
2026/08/07 23:39:29.801, 7, 19228, 1
2026/08/07 23:39:30.258, 0, 4, 0
2026/08/07 23:39:30.268, 1, 4, 0
2026/08/07 23:39:30.273, 2, 4, 0
2026/08/07 23:39:30.276, 3, 4, 0
2026/08/07 23:39:30.283, 4, 19228, 1
2026/08/07 23:39:30.288, 5, 19228, 1
2026/08/07 23:39:30.292, 6, 19228, 1
2026/08/07 23:39:30.296, 7, 19228, 1
2026/08/07 23:39:30.719, 0, 4, 0
2026/08/07 23:39:30.733, 1, 4, 0
2026/08/07 23:39:30.735, 2, 4, 0
2026/08/07 23:39:30.743, 3, 4, 0
2026/08/07 23:39:30.745, 4, 19228, 2
2026/08/07 23:39:30.756, 5, 19228, 1
2026/08/07 23:39:30.759, 6, 19228, 2
2026/08/07 23:39:30.766, 7, 19228, 1
2026/08/07 23:39:31.277, 0, 4, 0
2026/08/07 23:39:31.283, 1, 4, 0
2026/08/07 23:39:31.315, 2, 4, 0
2026/08/07 23:39:31.328, 3, 4, 0
2026/08/07 23:39:31.330, 4, 19228, 1
2026/08/07 23:39:31.354, 5, 19228, 2
2026/08/07 23:39:31.364, 6, 19228, 2
2026/08/07 23:39:31.398, 7, 19228, 2
2026/08/07 23:39:31.847, 0, 4, 0
2026/08/07 23:39:31.849, 1, 4, 0
2026/08/07 23:39:31.855, 2, 4, 0
2026/08/07 23:39:31.866, 3, 4, 0
2026/08/07 23:39:31.867, 4, 19228, 1
2026/08/07 23:39:31.883, 5, 19228, 1
2026/08/07 23:39:31.890, 6, 19228, 1
2026/08/07 23:39:31.898, 7, 19228, 1
2026/08/07 23:39:32.519, 0, 4, 0
2026/08/07 23:39:32.527, 1, 4, 0
2026/08/07 23:39:32.536, 2, 4, 0
2026/08/07 23:39:32.541, 3, 4, 0
2026/08/07 23:39:32.543, 4, 19228, 1
2026/08/07 23:39:32.544, 5, 19228, 1
2026/08/07 23:39:32.545, 6, 19228, 2
2026/08/07 23:39:32.546, 7, 19228, 2
2026/08/07 23:39:33.306, 0, 4, 0
2026/08/07 23:39:33.320, 1, 4, 0
2026/08/07 23:39:33.336, 2, 4, 0
2026/08/07 23:39:33.360, 3, 4, 0
2026/08/07 23:39:33.376, 4, 19228, 3
2026/08/07 23:39:33.392, 5, 19228, 2
2026/08/07 23:39:33.405, 6, 19228, 2
2026/08/07 23:39:33.406, 7, 19228, 1
2026/08/07 23:39:34.236, 0, 4, 0
2026/08/07 23:39:34.264, 1, 4, 0
2026/08/07 23:39:34.283, 2, 4, 0
2026/08/07 23:39:34.331, 3, 4, 0
2026/08/07 23:39:34.336, 4, 19228, 2
2026/08/07 23:39:34.337, 5, 19228, 1
2026/08/07 23:39:34.339, 6, 19228, 0
2026/08/07 23:39:34.378, 7, 19228, 2
2026/08/07 23:39:35.035, 0, 4, 0
2026/08/07 23:39:35.060, 1, 4, 0
2026/08/07 23:39:35.062, 2, 4, 0
2026/08/07 23:39:35.105, 3, 4, 0
2026/08/07 23:39:35.114, 4, 19228, 1
2026/08/07 23:39:35.130, 5, 19228, 2
2026/08/07 23:39:35.136, 6, 19228, 3
2026/08/07 23:39:35.138, 7, 19228, 2
2026/08/07 23:39:35.601, 0, 4, 0
2026/08/07 23:39:35.604, 1, 4, 0
2026/08/07 23:39:35.622, 2, 4, 0
2026/08/07 23:39:35.638, 3, 4, 0
2026/08/07 23:39:35.640, 4, 19228, 1
2026/08/07 23:39:35.655, 5, 19228, 2
2026/08/07 23:39:35.656, 6, 19228, 2
2026/08/07 23:39:35.679, 7, 19228, 2
2026/08/07 23:39:36.157, 0, 4, 0
2026/08/07 23:39:36.161, 1, 4, 0
2026/08/07 23:39:36.163, 2, 4, 0
2026/08/07 23:39:36.165, 3, 4, 0
2026/08/07 23:39:36.166, 4, 19228, 2
2026/08/07 23:39:36.171, 5, 19228, 2
2026/08/07 23:39:36.173, 6, 19228, 2
2026/08/07 23:39:36.174, 7, 19228, 2
2026/08/07 23:39:36.572, 0, 4, 0
2026/08/07 23:39:36.590, 1, 4, 0
2026/08/07 23:39:36.599, 2, 4, 0
2026/08/07 23:39:36.632, 3, 4, 0
2026/08/07 23:39:36.638, 4, 19228, 3
2026/08/07 23:39:36.643, 5, 19228, 0
2026/08/07 23:39:36.645, 6, 19228, 3
2026/08/07 23:39:36.648, 7, 19228, 0
2026/08/07 23:39:36.996, 0, 4, 0
2026/08/07 23:39:37.000, 1, 4, 0
2026/08/07 23:39:37.005, 2, 4, 0
2026/08/07 23:39:37.008, 3, 4, 0
2026/08/07 23:39:37.011, 4, 19228, 0
2026/08/07 23:39:37.012, 5, 19228, 0
2026/08/07 23:39:37.014, 6, 19228, 0
2026/08/07 23:39:37.015, 7, 19228, 0
2026/08/07 23:39:37.397, 0, 4, 0
2026/08/07 23:39:37.401, 1, 4, 0
2026/08/07 23:39:37.404, 2, 4, 0
2026/08/07 23:39:37.412, 3, 4, 0
2026/08/07 23:39:37.417, 4, 19228, 0
2026/08/07 23:39:37.421, 5, 19228, 0
2026/08/07 23:39:37.423, 6, 19228, 0
2026/08/07 23:39:37.426, 7, 26098, 9
2026/08/07 23:39:37.788, 0, 4, 0
2026/08/07 23:39:37.792, 1, 4, 0
2026/08/07 23:39:37.797, 2, 4, 0
2026/08/07 23:39:37.800, 3, 4, 0
2026/08/07 23:39:37.802, 4, 26098, 9
2026/08/07 23:39:37.804, 5, 26098, 0
2026/08/07 23:39:37.806, 6, 26098, 0
2026/08/07 23:39:37.807, 7, 26098, 0
2026/08/07 23:39:38.165, 0, 4, 0
2026/08/07 23:39:38.167, 1, 4, 0
2026/08/07 23:39:38.169, 2, 4, 0
2026/08/07 23:39:38.172, 3, 4, 0
2026/08/07 23:39:38.175, 4, 26098, 0
2026/08/07 23:39:38.177, 5, 26098, 0
2026/08/07 23:39:38.180, 6, 26098, 0
2026/08/07 23:39:38.183, 7, 26098, 0
2026/08/07 23:39:38.520, 0, 4, 0
2026/08/07 23:39:38.522, 1, 4, 0
2026/08/07 23:39:38.524, 2, 4, 0
2026/08/07 23:39:38.528, 3, 4, 0
2026/08/07 23:39:38.530, 4, 26098, 0
2026/08/07 23:39:38.533, 5, 26098, 0
2026/08/07 23:39:38.536, 6, 26098, 0
2026/08/07 23:39:38.538, 7, 26098, 0
2026/08/07 23:39:38.881, 0, 4, 0
2026/08/07 23:39:38.884, 1, 4, 0
2026/08/07 23:39:38.888, 2, 4, 0
2026/08/07 23:39:38.891, 3, 4, 0
2026/08/07 23:39:38.894, 4, 26098, 0
2026/08/07 23:39:38.895, 5, 26098, 0
2026/08/07 23:39:38.897, 6, 26098, 0
2026/08/07 23:39:38.898, 7, 26098, 0
2026/08/07 23:39:39.244, 0, 4, 0
2026/08/07 23:39:39.248, 1, 4, 0
2026/08/07 23:39:39.253, 2, 4, 0
2026/08/07 23:39:39.256, 3, 4, 0
2026/08/07 23:39:39.258, 4, 26098, 0
2026/08/07 23:39:39.262, 5, 26098, 0
2026/08/07 23:39:39.264, 6, 26098, 0
2026/08/07 23:39:39.266, 7, 26098, 0
2026/08/07 23:39:39.670, 0, 4, 0
2026/08/07 23:39:39.673, 1, 4, 0
2026/08/07 23:39:39.676, 2, 4, 0
2026/08/07 23:39:39.680, 3, 4, 0
2026/08/07 23:39:39.687, 4, 26098, 0
2026/08/07 23:39:39.699, 5, 26098, 0
2026/08/07 23:39:39.730, 6, 26098, 0
2026/08/07 23:39:39.736, 7, 26098, 0
2026/08/07 23:39:40.382, 0, 4, 0
2026/08/07 23:39:40.389, 1, 4, 0
2026/08/07 23:39:40.393, 2, 4, 0
2026/08/07 23:39:40.396, 3, 4, 0
2026/08/07 23:39:40.400, 4, 26098, 0
2026/08/07 23:39:40.403, 5, 26098, 0
2026/08/07 23:39:40.408, 6, 26098, 0
2026/08/07 23:39:40.412, 7, 26144, 2
2026/08/07 23:39:40.975, 0, 4, 0
2026/08/07 23:39:40.988, 1, 4, 0
2026/08/07 23:39:41.000, 2, 4, 0
2026/08/07 23:39:41.002, 3, 4, 0
2026/08/07 23:39:41.011, 4, 26144, 0
2026/08/07 23:39:41.025, 5, 26144, 0
2026/08/07 23:39:41.031, 6, 26144, 0
2026/08/07 23:39:41.035, 7, 26144, 0
2026/08/07 23:39:41.998, 0, 4, 0
2026/08/07 23:39:42.022, 1, 27, 0
2026/08/07 23:39:42.033, 2, 4, 0
2026/08/07 23:39:42.036, 3, 4, 0
2026/08/07 23:39:42.042, 4, 26144, 0
2026/08/07 23:39:42.046, 5, 26144, 0
2026/08/07 23:39:42.048, 6, 26144, 0
2026/08/07 23:39:42.051, 7, 26144, 0
2026/08/07 23:39:42.394, 0, 4, 0
2026/08/07 23:39:42.398, 1, 734, 0
2026/08/07 23:39:42.403, 2, 4, 0
2026/08/07 23:39:42.408, 3, 4, 0
2026/08/07 23:39:42.412, 4, 26156, 12
2026/08/07 23:39:42.414, 5, 26156, 4
2026/08/07 23:39:42.416, 6, 26156, 0
2026/08/07 23:39:42.419, 7, 26156, 0
2026/08/07 23:39:42.809, 0, 4, 0
2026/08/07 23:39:42.815, 1, 734, 0
2026/08/07 23:39:42.825, 2, 4, 0
2026/08/07 23:39:42.836, 3, 4, 0
2026/08/07 23:39:42.857, 4, 26156, 0
2026/08/07 23:39:42.860, 5, 26156, 0
2026/08/07 23:39:42.863, 6, 26156, 0
2026/08/07 23:39:42.866, 7, 26156, 0
2026/08/07 23:39:43.330, 0, 734, 0
2026/08/07 23:39:43.332, 1, 734, 0
2026/08/07 23:39:43.340, 2, 27, 0
2026/08/07 23:39:43.358, 3, 27, 0
2026/08/07 23:39:43.373, 4, 26156, 0
2026/08/07 23:39:43.378, 5, 26198, 4
2026/08/07 23:39:43.394, 6, 26198, 0
2026/08/07 23:39:43.395, 7, 26198, 4
2026/08/07 23:39:44.157, 0, 734, 0
2026/08/07 23:39:44.160, 1, 734, 0
2026/08/07 23:39:44.162, 2, 630, 0
2026/08/07 23:39:44.167, 3, 162, 0
2026/08/07 23:39:44.178, 4, 26198, 0
2026/08/07 23:39:44.179, 5, 26198, 0
2026/08/07 23:39:44.184, 6, 26198, 0
2026/08/07 23:39:44.190, 7, 26198, 1
2026/08/07 23:39:44.559, 0, 734, 0
2026/08/07 23:39:44.560, 1, 734, 0
2026/08/07 23:39:44.561, 2, 734, 0
2026/08/07 23:39:44.562, 3, 734, 0
2026/08/07 23:39:44.563, 4, 26198, 0
2026/08/07 23:39:44.564, 5, 26198, 0
2026/08/07 23:39:44.565, 6, 26198, 1
2026/08/07 23:39:44.573, 7, 26198, 0
2026/08/07 23:39:45.010, 0, 734, 0
2026/08/07 23:39:45.012, 1, 734, 0
2026/08/07 23:39:45.022, 2, 734, 0
2026/08/07 23:39:45.031, 3, 734, 0
2026/08/07 23:39:45.036, 4, 26198, 1
2026/08/07 23:39:45.037, 5, 26198, 0
2026/08/07 23:39:45.048, 6, 26198, 0
2026/08/07 23:39:45.050, 7, 26198, 0
2026/08/07 23:39:45.449, 0, 734, 0
2026/08/07 23:39:45.451, 1, 734, 0
2026/08/07 23:39:45.454, 2, 734, 0
2026/08/07 23:39:45.455, 3, 734, 0
2026/08/07 23:39:45.457, 4, 26198, 0
2026/08/07 23:39:45.458, 5, 26198, 0
2026/08/07 23:39:45.463, 6, 26198, 0
2026/08/07 23:39:45.464, 7, 26198, 0
2026/08/07 23:39:45.810, 0, 734, 0
2026/08/07 23:39:45.812, 1, 734, 0
2026/08/07 23:39:45.813, 2, 734, 0
2026/08/07 23:39:45.815, 3, 734, 0
2026/08/07 23:39:45.820, 4, 26198, 0
2026/08/07 23:39:45.824, 5, 26198, 0
2026/08/07 23:39:45.825, 6, 26198, 0
2026/08/07 23:39:45.826, 7, 26198, 0
2026/08/07 23:39:46.212, 0, 734, 0
2026/08/07 23:39:46.221, 1, 734, 0
2026/08/07 23:39:46.224, 2, 734, 0
2026/08/07 23:39:46.228, 3, 734, 0
2026/08/07 23:39:46.230, 4, 26198, 0
2026/08/07 23:39:46.234, 5, 26198, 0
2026/08/07 23:39:46.240, 6, 26198, 0
2026/08/07 23:39:46.253, 7, 26198, 0
2026/08/07 23:39:46.652, 0, 734, 0
2026/08/07 23:39:46.656, 1, 734, 0
2026/08/07 23:39:46.669, 2, 734, 0
2026/08/07 23:39:46.678, 3, 734, 0
2026/08/07 23:39:46.682, 4, 26198, 0
2026/08/07 23:39:46.691, 5, 26198, 0
2026/08/07 23:39:46.694, 6, 26198, 0
2026/08/07 23:39:46.697, 7, 26198, 0
2026/08/07 23:39:47.086, 0, 734, 0
2026/08/07 23:39:47.095, 1, 734, 0
2026/08/07 23:39:47.102, 2, 734, 0
2026/08/07 23:39:47.107, 3, 734, 0
2026/08/07 23:39:47.112, 4, 26198, 0
2026/08/07 23:39:47.119, 5, 26198, 0
2026/08/07 23:39:47.123, 6, 26198, 0
2026/08/07 23:39:47.124, 7, 26434, 0
2026/08/07 23:39:47.464, 0, 64206, 2
2026/08/07 23:39:47.467, 1, 64206, 0
2026/08/07 23:39:47.468, 2, 48670, 1
2026/08/07 23:39:47.470, 3, 64206, 1
2026/08/07 23:39:47.471, 4, 26508, 5
2026/08/07 23:39:47.472, 5, 26508, 1
2026/08/07 23:39:47.474, 6, 26508, 1
2026/08/07 23:39:47.475, 7, 26842, 0
2026/08/07 23:39:47.883, 0, 64206, 0
2026/08/07 23:39:47.889, 1, 64554, 0
2026/08/07 23:39:47.891, 2, 64206, 0
2026/08/07 23:39:47.895, 3, 64554, 0
2026/08/07 23:39:47.900, 4, 26842, 7
2026/08/07 23:39:47.903, 5, 27136, 5
2026/08/07 23:39:47.905, 6, 26842, 0
2026/08/07 23:39:47.907, 7, 26842, 0
2026/08/07 23:39:48.330, 0, 113364, 3
2026/08/07 23:39:48.350, 1, 69236, 9
2026/08/07 23:39:48.353, 2, 65564, 0
2026/08/07 23:39:48.359, 3, 69236, 3
2026/08/07 23:39:48.360, 4, 27136, 12
2026/08/07 23:39:48.364, 5, 27136, 10
2026/08/07 23:39:48.366, 6, 27136, 4
2026/08/07 23:39:48.367, 7, 27136, 0
2026/08/07 23:39:48.721, 0, 113364, 15
2026/08/07 23:39:48.724, 1, 69236, 7
2026/08/07 23:39:48.740, 2, 69236, 3
2026/08/07 23:39:48.754, 3, 69236, 7
2026/08/07 23:39:48.761, 4, 27136, 6
2026/08/07 23:39:48.771, 5, 27136, 6
2026/08/07 23:39:48.780, 6, 27136, 9
2026/08/07 23:39:48.785, 7, 27136, 5
2026/08/07 23:39:49.113, 0, 113364, 16
2026/08/07 23:39:49.116, 1, 69236, 6
2026/08/07 23:39:49.119, 2, 69236, 5
2026/08/07 23:39:49.121, 3, 69236, 8
2026/08/07 23:39:49.123, 4, 27136, 7
2026/08/07 23:39:49.125, 5, 27136, 10
2026/08/07 23:39:49.126, 6, 27136, 5
2026/08/07 23:39:49.127, 7, 27136, 9
2026/08/07 23:39:49.450, 0, 113364, 11
2026/08/07 23:39:49.454, 1, 69236, 5
2026/08/07 23:39:49.457, 2, 69236, 4
2026/08/07 23:39:49.462, 3, 69236, 4
2026/08/07 23:39:49.463, 4, 27136, 7
2026/08/07 23:39:49.465, 5, 27136, 5
2026/08/07 23:39:49.468, 6, 27136, 3
2026/08/07 23:39:49.470, 7, 27136, 5
2026/08/07 23:39:49.832, 0, 113364, 16
2026/08/07 23:39:49.842, 1, 69236, 3
2026/08/07 23:39:49.849, 2, 69236, 3
2026/08/07 23:39:49.856, 3, 69236, 5
2026/08/07 23:39:49.861, 4, 27136, 0
2026/08/07 23:39:49.867, 5, 27136, 0
2026/08/07 23:39:49.879, 6, 27136, 0
2026/08/07 23:39:49.887, 7, 27136, 2
2026/08/07 23:39:50.279, 0, 113364, 7
2026/08/07 23:39:50.284, 1, 76106, 0
2026/08/07 23:39:50.289, 2, 69236, 5
2026/08/07 23:39:50.293, 3, 76106, 2
2026/08/07 23:39:50.297, 4, 27136, 2
2026/08/07 23:39:50.300, 5, 27136, 3
2026/08/07 23:39:50.303, 6, 27136, 3
2026/08/07 23:39:50.305, 7, 27136, 5
2026/08/07 23:39:50.678, 0, 113364, 16
2026/08/07 23:39:50.682, 1, 76164, 1
2026/08/07 23:39:50.689, 2, 69236, 3
2026/08/07 23:39:50.696, 3, 76164, 2
2026/08/07 23:39:50.705, 4, 27136, 5
2026/08/07 23:39:50.710, 5, 27136, 3
2026/08/07 23:39:50.715, 6, 27136, 3
2026/08/07 23:39:50.719, 7, 27136, 0
2026/08/07 23:39:51.049, 0, 113364, 5
2026/08/07 23:39:51.053, 1, 76442, 13
2026/08/07 23:39:51.055, 2, 76106, 9
2026/08/07 23:39:51.056, 3, 76442, 5
2026/08/07 23:39:51.061, 4, 27136, 11
2026/08/07 23:39:51.067, 5, 27136, 10
2026/08/07 23:39:51.069, 6, 27136, 7
2026/08/07 23:39:51.072, 7, 27136, 8
2026/08/07 23:39:51.385, 0, 113364, 17
2026/08/07 23:39:51.404, 1, 76442, 0
2026/08/07 23:39:51.406, 2, 76206, 9
2026/08/07 23:39:51.408, 3, 76442, 12
2026/08/07 23:39:51.409, 4, 27136, 3
2026/08/07 23:39:51.411, 5, 27136, 3
2026/08/07 23:39:51.412, 6, 27136, 10
2026/08/07 23:39:51.413, 7, 27136, 10
2026/08/07 23:39:51.727, 0, 113364, 10
2026/08/07 23:39:51.730, 1, 76442, 21
2026/08/07 23:39:51.733, 2, 76442, 4
2026/08/07 23:39:51.735, 3, 76442, 10
2026/08/07 23:39:51.736, 4, 27136, 6
2026/08/07 23:39:51.737, 5, 27136, 9
2026/08/07 23:39:51.738, 6, 27136, 7
2026/08/07 23:39:51.740, 7, 27136, 1
2026/08/07 23:39:52.057, 0, 113364, 16
2026/08/07 23:39:52.060, 1, 76442, 4
2026/08/07 23:39:52.063, 2, 76442, 10
2026/08/07 23:39:52.066, 3, 76442, 12
2026/08/07 23:39:52.068, 4, 27136, 5
2026/08/07 23:39:52.071, 5, 27136, 2
2026/08/07 23:39:52.073, 6, 27136, 0
2026/08/07 23:39:52.075, 7, 27136, 6
2026/08/07 23:39:52.399, 0, 113364, 10
2026/08/07 23:39:52.407, 1, 76442, 3
2026/08/07 23:39:52.410, 2, 76442, 0
2026/08/07 23:39:52.412, 3, 76442, 5
2026/08/07 23:39:52.414, 4, 27136, 7
2026/08/07 23:39:52.416, 5, 27136, 6
2026/08/07 23:39:52.417, 6, 27136, 9
2026/08/07 23:39:52.419, 7, 27136, 6
2026/08/07 23:39:52.765, 0, 113364, 6
2026/08/07 23:39:52.768, 1, 76442, 5
2026/08/07 23:39:52.783, 2, 76442, 10
2026/08/07 23:39:52.785, 3, 76442, 1
2026/08/07 23:39:52.808, 4, 27136, 5
2026/08/07 23:39:52.810, 5, 27136, 5
2026/08/07 23:39:52.821, 6, 27136, 5
2026/08/07 23:39:52.823, 7, 27136, 0
2026/08/07 23:39:53.221, 0, 113364, 6
2026/08/07 23:39:53.230, 1, 76442, 11
2026/08/07 23:39:53.238, 2, 76442, 15
2026/08/07 23:39:53.261, 3, 76442, 10
2026/08/07 23:39:53.265, 4, 27136, 12
2026/08/07 23:39:53.271, 5, 27136, 5
2026/08/07 23:39:53.273, 6, 27136, 11
2026/08/07 23:39:53.281, 7, 27136, 8
2026/08/07 23:39:53.595, 0, 113364, 19
2026/08/07 23:39:53.599, 1, 76442, 5
2026/08/07 23:39:53.602, 2, 76442, 20
2026/08/07 23:39:53.603, 3, 76442, 5
2026/08/07 23:39:53.605, 4, 27136, 10
2026/08/07 23:39:53.606, 5, 27136, 0
2026/08/07 23:39:53.608, 6, 27136, 0
2026/08/07 23:39:53.610, 7, 27136, 0
2026/08/07 23:39:53.915, 0, 113364, 19
2026/08/07 23:39:53.918, 1, 76442, 7
2026/08/07 23:39:53.922, 2, 76442, 14
2026/08/07 23:39:53.924, 3, 76442, 9
2026/08/07 23:39:53.925, 4, 27136, 6
2026/08/07 23:39:53.930, 5, 27136, 11
2026/08/07 23:39:53.934, 6, 27136, 2
2026/08/07 23:39:53.936, 7, 27136, 2
2026/08/07 23:39:54.254, 0, 113364, 20
2026/08/07 23:39:54.257, 1, 76442, 6
2026/08/07 23:39:54.264, 2, 76442, 14
2026/08/07 23:39:54.272, 3, 76442, 12
2026/08/07 23:39:54.273, 4, 27136, 7
2026/08/07 23:39:54.279, 5, 27136, 8
2026/08/07 23:39:54.281, 6, 27136, 10
2026/08/07 23:39:54.282, 7, 27136, 11
2026/08/07 23:39:54.602, 0, 113364, 5
2026/08/07 23:39:54.606, 1, 76442, 0
2026/08/07 23:39:54.608, 2, 76442, 4
2026/08/07 23:39:54.609, 3, 76442, 7
2026/08/07 23:39:54.610, 4, 27136, 0
2026/08/07 23:39:54.612, 5, 27136, 1
2026/08/07 23:39:54.613, 6, 27136, 5
2026/08/07 23:39:54.614, 7, 27136, 10
2026/08/07 23:39:54.933, 0, 113364, 18
2026/08/07 23:39:54.939, 1, 76442, 17
2026/08/07 23:39:54.943, 2, 76442, 3
2026/08/07 23:39:54.945, 3, 76442, 5
2026/08/07 23:39:54.947, 4, 27136, 7
2026/08/07 23:39:54.948, 5, 27136, 4
2026/08/07 23:39:54.950, 6, 27136, 3
2026/08/07 23:39:54.952, 7, 27136, 7
2026/08/07 23:39:55.299, 0, 113364, 17
2026/08/07 23:39:55.310, 1, 76442, 20
2026/08/07 23:39:55.320, 2, 76442, 13
2026/08/07 23:39:55.322, 3, 76442, 15
2026/08/07 23:39:55.332, 4, 27136, 8
2026/08/07 23:39:55.338, 5, 27136, 13
2026/08/07 23:39:55.343, 6, 27136, 10
2026/08/07 23:39:55.350, 7, 27136, 2
2026/08/07 23:39:55.693, 0, 113364, 19
2026/08/07 23:39:55.698, 1, 76442, 11
2026/08/07 23:39:55.705, 2, 76442, 12
2026/08/07 23:39:55.717, 3, 76442, 7
2026/08/07 23:39:55.720, 4, 27136, 10
2026/08/07 23:39:55.730, 5, 27136, 6
2026/08/07 23:39:55.744, 6, 27136, 1
2026/08/07 23:39:55.749, 7, 27136, 5
2026/08/07 23:39:56.140, 0, 113364, 0
2026/08/07 23:39:56.144, 1, 76442, 12
2026/08/07 23:39:56.147, 2, 76442, 5
2026/08/07 23:39:56.149, 3, 76442, 0
2026/08/07 23:39:56.151, 4, 27136, 6
2026/08/07 23:39:56.153, 5, 27136, 2
2026/08/07 23:39:56.155, 6, 27136, 3
2026/08/07 23:39:56.157, 7, 27136, 1
2026/08/07 23:39:56.510, 0, 118394, 9
2026/08/07 23:39:56.527, 1, 76442, 5
2026/08/07 23:39:56.533, 2, 76442, 0
2026/08/07 23:39:56.538, 3, 76442, 17
2026/08/07 23:39:56.542, 4, 27136, 7
2026/08/07 23:39:56.544, 5, 27136, 9
2026/08/07 23:39:56.545, 6, 27136, 3
2026/08/07 23:39:56.546, 7, 27136, 0
2026/08/07 23:39:56.867, 0, 118394, 3
2026/08/07 23:39:56.871, 1, 76442, 12
2026/08/07 23:39:56.876, 2, 76442, 3
2026/08/07 23:39:56.879, 3, 76442, 18
2026/08/07 23:39:56.882, 4, 27136, 2
2026/08/07 23:39:56.883, 5, 27136, 4
2026/08/07 23:39:56.885, 6, 27136, 11
2026/08/07 23:39:56.886, 7, 27136, 5
2026/08/07 23:39:57.216, 0, 118394, 5
2026/08/07 23:39:57.219, 1, 76442, 11
2026/08/07 23:39:57.230, 2, 76442, 13
2026/08/07 23:39:57.239, 3, 76442, 0
2026/08/07 23:39:57.243, 4, 27136, 10
2026/08/07 23:39:57.249, 5, 27136, 9
2026/08/07 23:39:57.251, 6, 27136, 3
2026/08/07 23:39:57.256, 7, 27136, 7
2026/08/07 23:39:57.604, 0, 118394, 5
2026/08/07 23:39:57.611, 1, 76442, 17
2026/08/07 23:39:57.615, 2, 76442, 14
2026/08/07 23:39:57.623, 3, 76442, 14
2026/08/07 23:39:57.624, 4, 27136, 5
2026/08/07 23:39:57.627, 5, 27136, 7
2026/08/07 23:39:57.628, 6, 27136, 5
2026/08/07 23:39:57.629, 7, 27136, 7
2026/08/07 23:39:58.003, 0, 118394, 2
2026/08/07 23:39:58.037, 1, 76442, 9
2026/08/07 23:39:58.047, 2, 76442, 10
2026/08/07 23:39:58.049, 3, 76442, 5
2026/08/07 23:39:58.054, 4, 27136, 5
2026/08/07 23:39:58.059, 5, 27136, 0
2026/08/07 23:39:58.060, 6, 27136, 2
2026/08/07 23:39:58.066, 7, 27136, 0
2026/08/07 23:39:58.408, 0, 118394, 8
2026/08/07 23:39:58.420, 1, 76442, 5
2026/08/07 23:39:58.429, 2, 76442, 12
2026/08/07 23:39:58.454, 3, 76442, 13
2026/08/07 23:39:58.461, 4, 27136, 7
2026/08/07 23:39:58.485, 5, 27136, 10
2026/08/07 23:39:58.489, 6, 27136, 10
2026/08/07 23:39:58.498, 7, 27136, 4
2026/08/07 23:39:58.864, 0, 118394, 0
2026/08/07 23:39:58.868, 1, 76442, 3
2026/08/07 23:39:58.871, 2, 76442, 7
2026/08/07 23:39:58.873, 3, 76442, 0
2026/08/07 23:39:58.875, 4, 27136, 0
2026/08/07 23:39:58.876, 5, 27136, 4
2026/08/07 23:39:58.878, 6, 27136, 7
2026/08/07 23:39:58.880, 7, 27136, 9
2026/08/07 23:39:59.227, 0, 125310, 1
2026/08/07 23:39:59.231, 1, 76442, 18
2026/08/07 23:39:59.234, 2, 76442, 5
2026/08/07 23:39:59.239, 3, 76442, 16
2026/08/07 23:39:59.241, 4, 27136, 9
2026/08/07 23:39:59.242, 5, 27136, 3
2026/08/07 23:39:59.254, 6, 27136, 7
2026/08/07 23:39:59.259, 7, 27136, 7
2026/08/07 23:39:59.641, 0, 125550, 10
2026/08/07 23:39:59.649, 1, 76442, 8
2026/08/07 23:39:59.656, 2, 76442, 17
2026/08/07 23:39:59.662, 3, 76442, 3
2026/08/07 23:39:59.665, 4, 27136, 4
2026/08/07 23:39:59.670, 5, 27136, 10
2026/08/07 23:39:59.674, 6, 27136, 7
2026/08/07 23:39:59.676, 7, 27136, 6
2026/08/07 23:40:00.014, 0, 125600, 5
2026/08/07 23:40:00.022, 1, 76442, 12
2026/08/07 23:40:00.029, 2, 76442, 6
2026/08/07 23:40:00.033, 3, 76442, 0
2026/08/07 23:40:00.036, 4, 27136, 6
2026/08/07 23:40:00.038, 5, 27136, 10
2026/08/07 23:40:00.039, 6, 27136, 6
2026/08/07 23:40:00.040, 7, 27136, 6
2026/08/07 23:40:00.394, 0, 125600, 11
2026/08/07 23:40:00.397, 1, 76442, 12
2026/08/07 23:40:00.410, 2, 76442, 12
2026/08/07 23:40:00.424, 3, 76442, 15
2026/08/07 23:40:00.431, 4, 27136, 4
2026/08/07 23:40:00.436, 5, 27136, 5
2026/08/07 23:40:00.445, 6, 27136, 0
2026/08/07 23:40:00.448, 7, 27136, 0
2026/08/07 23:40:00.763, 0, 125600, 0
2026/08/07 23:40:00.766, 1, 76442, 5
2026/08/07 23:40:00.768, 2, 76442, 1
2026/08/07 23:40:00.769, 3, 76442, 1
2026/08/07 23:40:00.773, 4, 27136, 0
2026/08/07 23:40:00.774, 5, 27136, 0
2026/08/07 23:40:00.779, 6, 27136, 7
2026/08/07 23:40:00.782, 7, 27136, 3
2026/08/07 23:40:01.171, 0, 125600, 6
2026/08/07 23:40:01.186, 1, 76442, 7
2026/08/07 23:40:01.223, 2, 76442, 0
2026/08/07 23:40:01.250, 3, 76442, 0
2026/08/07 23:40:01.263, 4, 27136, 0
2026/08/07 23:40:01.275, 5, 27136, 3
2026/08/07 23:40:01.286, 6, 27136, 7
2026/08/07 23:40:01.297, 7, 27136, 0
2026/08/07 23:40:01.672, 0, 125600, 0
2026/08/07 23:40:01.683, 1, 76442, 15
2026/08/07 23:40:01.688, 2, 76442, 8
2026/08/07 23:40:01.692, 3, 76442, 0
2026/08/07 23:40:01.700, 4, 27136, 6
2026/08/07 23:40:01.711, 5, 27136, 9
2026/08/07 23:40:01.721, 6, 27136, 7
2026/08/07 23:40:01.725, 7, 27136, 7
2026/08/07 23:40:02.105, 0, 125600, 16
2026/08/07 23:40:02.126, 1, 76442, 0
2026/08/07 23:40:02.132, 2, 76442, 13
2026/08/07 23:40:02.136, 3, 76442, 16
2026/08/07 23:40:02.137, 4, 27136, 12
2026/08/07 23:40:02.146, 5, 27136, 8
2026/08/07 23:40:02.150, 6, 27136, 3
2026/08/07 23:40:02.159, 7, 27136, 7
2026/08/07 23:40:02.519, 0, 125600, 13
2026/08/07 23:40:02.523, 1, 76442, 8
2026/08/07 23:40:02.525, 2, 76442, 11
2026/08/07 23:40:02.527, 3, 76442, 19
2026/08/07 23:40:02.529, 4, 27136, 2
2026/08/07 23:40:02.530, 5, 27136, 2
2026/08/07 23:40:02.532, 6, 27136, 0
2026/08/07 23:40:02.533, 7, 27136, 6
2026/08/07 23:40:02.878, 0, 125600, 5
2026/08/07 23:40:02.885, 1, 76442, 6
2026/08/07 23:40:02.892, 2, 76442, 1
2026/08/07 23:40:02.899, 3, 76442, 6
2026/08/07 23:40:02.902, 4, 27136, 3
2026/08/07 23:40:02.908, 5, 27136, 5
2026/08/07 23:40:02.911, 6, 27136, 1
2026/08/07 23:40:02.917, 7, 27136, 0
2026/08/07 23:40:03.232, 0, 125600, 9
2026/08/07 23:40:03.236, 1, 76442, 0
2026/08/07 23:40:03.238, 2, 76442, 20
2026/08/07 23:40:03.239, 3, 76442, 12
2026/08/07 23:40:03.241, 4, 27136, 2
2026/08/07 23:40:03.242, 5, 27136, 8
2026/08/07 23:40:03.243, 6, 27136, 6
2026/08/07 23:40:03.245, 7, 27136, 9
2026/08/07 23:40:03.569, 0, 125600, 5
2026/08/07 23:40:03.577, 1, 76442, 4
2026/08/07 23:40:03.579, 2, 76442, 17
2026/08/07 23:40:03.581, 3, 76442, 1
2026/08/07 23:40:03.588, 4, 27136, 6
2026/08/07 23:40:03.590, 5, 27136, 10
2026/08/07 23:40:03.596, 6, 27136, 5
2026/08/07 23:40:03.602, 7, 27136, 4
2026/08/07 23:40:03.978, 0, 125600, 19
2026/08/07 23:40:03.982, 1, 76442, 17
2026/08/07 23:40:03.986, 2, 76442, 8
2026/08/07 23:40:03.988, 3, 76442, 7
2026/08/07 23:40:03.991, 4, 27136, 7
2026/08/07 23:40:03.994, 5, 27136, 7
2026/08/07 23:40:03.996, 6, 27136, 4
2026/08/07 23:40:04.002, 7, 27136, 4
2026/08/07 23:40:04.320, 0, 125600, 11
2026/08/07 23:40:04.324, 1, 76442, 0
2026/08/07 23:40:04.327, 2, 76442, 5
2026/08/07 23:40:04.328, 3, 76442, 4
2026/08/07 23:40:04.330, 4, 27136, 0
2026/08/07 23:40:04.331, 5, 27136, 0
2026/08/07 23:40:04.332, 6, 27136, 7
2026/08/07 23:40:04.333, 7, 27136, 7
2026/08/07 23:40:04.677, 0, 125600, 2
2026/08/07 23:40:04.685, 1, 76442, 7
2026/08/07 23:40:04.687, 2, 76442, 14
2026/08/07 23:40:04.692, 3, 76442, 4
2026/08/07 23:40:04.693, 4, 27136, 7
2026/08/07 23:40:04.694, 5, 27136, 4
2026/08/07 23:40:04.697, 6, 27136, 1
2026/08/07 23:40:04.698, 7, 27136, 0
2026/08/07 23:40:05.034, 0, 125600, 13
2026/08/07 23:40:05.042, 1, 76442, 3
2026/08/07 23:40:05.047, 2, 76442, 8
2026/08/07 23:40:05.049, 3, 76442, 5
2026/08/07 23:40:05.057, 4, 27136, 0
2026/08/07 23:40:05.059, 5, 27136, 4
2026/08/07 23:40:05.064, 6, 27136, 5
2026/08/07 23:40:05.065, 7, 27136, 7
2026/08/07 23:40:05.391, 0, 125600, 10
2026/08/07 23:40:05.397, 1, 76442, 1
2026/08/07 23:40:05.404, 2, 76442, 5
2026/08/07 23:40:05.408, 3, 76442, 6
2026/08/07 23:40:05.411, 4, 27136, 5
2026/08/07 23:40:05.412, 5, 27136, 11
2026/08/07 23:40:05.414, 6, 27136, 2
2026/08/07 23:40:05.415, 7, 27136, 5
2026/08/07 23:40:05.719, 0, 125600, 8
2026/08/07 23:40:05.723, 1, 76442, 9
2026/08/07 23:40:05.727, 2, 76442, 1
2026/08/07 23:40:05.730, 3, 76442, 16
2026/08/07 23:40:05.732, 4, 27136, 4
2026/08/07 23:40:05.733, 5, 27136, 11
2026/08/07 23:40:05.735, 6, 27136, 6
2026/08/07 23:40:05.736, 7, 27136, 9
2026/08/07 23:40:06.076, 0, 125600, 5
2026/08/07 23:40:06.084, 1, 76442, 5
2026/08/07 23:40:06.093, 2, 76442, 4
2026/08/07 23:40:06.097, 3, 76442, 0
2026/08/07 23:40:06.102, 4, 27136, 9
2026/08/07 23:40:06.103, 5, 27136, 2
2026/08/07 23:40:06.108, 6, 27136, 7
2026/08/07 23:40:06.110, 7, 27136, 12
2026/08/07 23:40:06.484, 0, 125600, 20
2026/08/07 23:40:06.489, 1, 76442, 12
2026/08/07 23:40:06.500, 2, 76442, 4
2026/08/07 23:40:06.503, 3, 76442, 2
2026/08/07 23:40:06.505, 4, 27136, 10
2026/08/07 23:40:06.509, 5, 27136, 4
2026/08/07 23:40:06.515, 6, 27136, 11
2026/08/07 23:40:06.520, 7, 27136, 5
2026/08/07 23:40:06.904, 0, 125600, 3
2026/08/07 23:40:06.913, 1, 76442, 2
2026/08/07 23:40:06.923, 2, 76442, 0
2026/08/07 23:40:06.936, 3, 76442, 7
2026/08/07 23:40:06.955, 4, 27136, 0
2026/08/07 23:40:06.967, 5, 27136, 6
2026/08/07 23:40:06.972, 6, 27136, 9
2026/08/07 23:40:06.978, 7, 27136, 4
2026/08/07 23:40:07.332, 0, 125600, 5
2026/08/07 23:40:07.336, 1, 76442, 6
2026/08/07 23:40:07.343, 2, 76442, 5
2026/08/07 23:40:07.347, 3, 76442, 11
2026/08/07 23:40:07.352, 4, 27136, 7
2026/08/07 23:40:07.355, 5, 27136, 7
2026/08/07 23:40:07.357, 6, 27136, 7
2026/08/07 23:40:07.359, 7, 27136, 8
2026/08/07 23:40:07.724, 0, 125600, 20
2026/08/07 23:40:07.728, 1, 76442, 8
2026/08/07 23:40:07.732, 2, 76442, 3
2026/08/07 23:40:07.739, 3, 76442, 0
2026/08/07 23:40:07.743, 4, 27136, 7
2026/08/07 23:40:07.750, 5, 27136, 5
2026/08/07 23:40:07.753, 6, 27136, 0
2026/08/07 23:40:07.763, 7, 27136, 2
2026/08/07 23:40:08.099, 0, 125600, 5
2026/08/07 23:40:08.103, 1, 76442, 19
2026/08/07 23:40:08.106, 2, 76442, 9
2026/08/07 23:40:08.108, 3, 76442, 10
2026/08/07 23:40:08.114, 4, 27136, 6
2026/08/07 23:40:08.115, 5, 27136, 7
2026/08/07 23:40:08.117, 6, 27136, 7
2026/08/07 23:40:08.122, 7, 27136, 3
2026/08/07 23:40:08.516, 0, 125600, 11
2026/08/07 23:40:08.519, 1, 76442, 0
2026/08/07 23:40:08.522, 2, 76442, 14
2026/08/07 23:40:08.526, 3, 76442, 0
2026/08/07 23:40:08.529, 4, 27136, 7
2026/08/07 23:40:08.533, 5, 27136, 7
2026/08/07 23:40:08.536, 6, 27136, 5
2026/08/07 23:40:08.539, 7, 27136, 0
2026/08/07 23:40:08.901, 0, 125600, 16
2026/08/07 23:40:08.905, 1, 76442, 0
2026/08/07 23:40:08.908, 2, 76442, 0
2026/08/07 23:40:08.909, 3, 76442, 0
2026/08/07 23:40:08.910, 4, 27136, 8
2026/08/07 23:40:08.911, 5, 27136, 12
2026/08/07 23:40:08.913, 6, 27136, 7
2026/08/07 23:40:08.919, 7, 27136, 0
2026/08/07 23:40:09.338, 0, 125600, 3
2026/08/07 23:40:09.354, 1, 74866, 1
2026/08/07 23:40:09.361, 2, 76442, 0
2026/08/07 23:40:09.372, 3, 74866, 0
2026/08/07 23:40:09.376, 4, 27136, 7
2026/08/07 23:40:09.381, 5, 27136, 6
2026/08/07 23:40:09.385, 6, 27136, 7
2026/08/07 23:40:09.394, 7, 27136, 4
2026/08/07 23:40:09.723, 0, 125600, 20
2026/08/07 23:40:09.732, 1, 74866, 0
2026/08/07 23:40:09.740, 2, 74866, 1
2026/08/07 23:40:09.743, 3, 74866, 0
2026/08/07 23:40:09.748, 4, 27136, 9
2026/08/07 23:40:09.749, 5, 27136, 9
2026/08/07 23:40:09.754, 6, 27136, 10
2026/08/07 23:40:09.759, 7, 27136, 12
2026/08/07 23:40:10.085, 0, 125600, 5
2026/08/07 23:40:10.093, 1, 74866, 0
2026/08/07 23:40:10.096, 2, 74866, 0
2026/08/07 23:40:10.100, 3, 74866, 0
2026/08/07 23:40:10.107, 4, 27136, 4
2026/08/07 23:40:10.110, 5, 27136, 9
2026/08/07 23:40:10.113, 6, 27136, 4
2026/08/07 23:40:10.115, 7, 27136, 1
2026/08/07 23:40:10.434, 0, 125600, 0
2026/08/07 23:40:10.438, 1, 74866, 0
2026/08/07 23:40:10.441, 2, 74866, 0
2026/08/07 23:40:10.443, 3, 74866, 0
2026/08/07 23:40:10.444, 4, 27136, 4
2026/08/07 23:40:10.445, 5, 25438, 6
2026/08/07 23:40:10.447, 6, 27136, 0
2026/08/07 23:40:10.448, 7, 27136, 5
2026/08/07 23:40:10.772, 0, 125600, 14
2026/08/07 23:40:10.776, 1, 74866, 0
2026/08/07 23:40:10.783, 2, 74866, 0
2026/08/07 23:40:10.790, 3, 74866, 0
2026/08/07 23:40:10.797, 4, 27136, 3
2026/08/07 23:40:10.799, 5, 26188, 2
2026/08/07 23:40:10.801, 6, 25438, 8
2026/08/07 23:40:10.803, 7, 27136, 11
2026/08/07 23:40:11.137, 0, 125600, 19
2026/08/07 23:40:11.144, 1, 74934, 0
2026/08/07 23:40:11.147, 2, 74934, 0
2026/08/07 23:40:11.151, 3, 74934, 0
2026/08/07 23:40:11.154, 4, 26184, 12
2026/08/07 23:40:11.156, 5, 27188, 8
2026/08/07 23:40:11.162, 6, 26688, 10
2026/08/07 23:40:11.168, 7, 27136, 4
2026/08/07 23:40:11.476, 0, 125600, 3
2026/08/07 23:40:11.482, 1, 74934, 0
2026/08/07 23:40:11.489, 2, 74934, 0
2026/08/07 23:40:11.492, 3, 74934, 0
2026/08/07 23:40:11.495, 4, 26188, 19
2026/08/07 23:40:11.497, 5, 28188, 19
2026/08/07 23:40:11.499, 6, 27938, 8
2026/08/07 23:40:11.501, 7, 25938, 14
2026/08/07 23:40:11.816, 0, 125600, 8
2026/08/07 23:40:11.822, 1, 74934, 0
2026/08/07 23:40:11.827, 2, 74934, 0
2026/08/07 23:40:11.832, 3, 74934, 0
2026/08/07 23:40:11.835, 4, 27188, 22
2026/08/07 23:40:11.839, 5, 29188, 21
2026/08/07 23:40:11.842, 6, 28938, 21
2026/08/07 23:40:11.845, 7, 26688, 19
2026/08/07 23:40:12.177, 0, 125600, 10
2026/08/07 23:40:12.188, 1, 74934, 0
2026/08/07 23:40:12.192, 2, 74934, 0
2026/08/07 23:40:12.197, 3, 74934, 0
2026/08/07 23:40:12.201, 4, 28188, 19
2026/08/07 23:40:12.207, 5, 30188, 22
2026/08/07 23:40:12.209, 6, 30188, 15
2026/08/07 23:40:12.213, 7, 27938, 20
2026/08/07 23:40:12.532, 0, 125600, 13
2026/08/07 23:40:12.536, 1, 74934, 0
2026/08/07 23:40:12.543, 2, 74934, 0
2026/08/07 23:40:12.550, 3, 74934, 0
2026/08/07 23:40:12.557, 4, 29188, 3
2026/08/07 23:40:12.562, 5, 31188, 13
2026/08/07 23:40:12.566, 6, 31188, 24
2026/08/07 23:40:12.569, 7, 29188, 5
2026/08/07 23:40:12.882, 0, 125600, 21
2026/08/07 23:40:12.887, 1, 74934, 0
2026/08/07 23:40:12.894, 2, 74934, 0
2026/08/07 23:40:12.900, 3, 74934, 0
2026/08/07 23:40:12.904, 4, 30188, 21
2026/08/07 23:40:12.911, 5, 32438, 23
2026/08/07 23:40:12.914, 6, 32188, 20
2026/08/07 23:40:12.919, 7, 30188, 26
2026/08/07 23:40:13.247, 0, 125600, 0
2026/08/07 23:40:13.254, 1, 74934, 0
2026/08/07 23:40:13.260, 2, 74934, 0
2026/08/07 23:40:13.267, 3, 74934, 0
2026/08/07 23:40:13.275, 4, 31188, 23
2026/08/07 23:40:13.284, 5, 33688, 14
2026/08/07 23:40:13.289, 6, 33688, 2
2026/08/07 23:40:13.293, 7, 31188, 13
2026/08/07 23:40:13.604, 0, 125600, 12
2026/08/07 23:40:13.609, 1, 74934, 0
2026/08/07 23:40:13.612, 2, 74934, 0
2026/08/07 23:40:13.615, 3, 74934, 0
2026/08/07 23:40:13.618, 4, 32438, 7
2026/08/07 23:40:13.620, 5, 34688, 4
2026/08/07 23:40:13.623, 6, 34688, 15
2026/08/07 23:40:13.627, 7, 32438, 4
2026/08/07 23:40:13.935, 0, 125600, 12
2026/08/07 23:40:13.939, 1, 74934, 0
2026/08/07 23:40:13.946, 2, 74934, 0
2026/08/07 23:40:13.949, 3, 74934, 0
2026/08/07 23:40:13.952, 4, 33438, 22
2026/08/07 23:40:13.956, 5, 35938, 20
2026/08/07 23:40:13.958, 6, 35688, 7
2026/08/07 23:40:13.961, 7, 33438, 16
2026/08/07 23:40:14.273, 0, 125600, 19
2026/08/07 23:40:14.281, 1, 74934, 0
2026/08/07 23:40:14.287, 2, 74934, 0
2026/08/07 23:40:14.292, 3, 74934, 0
2026/08/07 23:40:14.295, 4, 34688, 12
2026/08/07 23:40:14.297, 5, 36938, 1
2026/08/07 23:40:14.300, 6, 36938, 10
2026/08/07 23:40:14.303, 7, 34688, 0
2026/08/07 23:40:14.636, 0, 125600, 0
2026/08/07 23:40:14.644, 1, 74934, 0
2026/08/07 23:40:14.652, 2, 74934, 0
2026/08/07 23:40:14.654, 3, 74934, 0
2026/08/07 23:40:14.657, 4, 35938, 7
2026/08/07 23:40:14.666, 5, 37938, 15
2026/08/07 23:40:14.670, 6, 37938, 20
2026/08/07 23:40:14.688, 7, 35938, 19
2026/08/07 23:40:14.980, 0, 125600, 0
2026/08/07 23:40:14.986, 1, 74934, 0
2026/08/07 23:40:14.992, 2, 74934, 0
2026/08/07 23:40:14.996, 3, 74934, 0
2026/08/07 23:40:14.997, 4, 37188, 22
2026/08/07 23:40:14.998, 5, 37938, 6
2026/08/07 23:40:14.999, 6, 37938, 6
2026/08/07 23:40:15.000, 7, 36938, 3
2026/08/07 23:40:15.297, 0, 124024, 0
2026/08/07 23:40:15.303, 1, 74934, 0
2026/08/07 23:40:15.307, 2, 74934, 0
2026/08/07 23:40:15.310, 3, 74934, 0
2026/08/07 23:40:15.314, 4, 37938, 2
2026/08/07 23:40:15.318, 5, 37938, 6
2026/08/07 23:40:15.320, 6, 37938, 6
2026/08/07 23:40:15.323, 7, 37938, 17
2026/08/07 23:40:15.640, 0, 124024, 0
2026/08/07 23:40:15.646, 1, 74934, 0
2026/08/07 23:40:15.651, 2, 74934, 0
2026/08/07 23:40:15.654, 3, 74934, 0
2026/08/07 23:40:15.655, 4, 37938, 6
2026/08/07 23:40:15.656, 5, 37938, 6
2026/08/07 23:40:15.657, 6, 37938, 6
2026/08/07 23:40:15.658, 7, 37938, 6
2026/08/07 23:40:15.951, 0, 124024, 0
2026/08/07 23:40:15.955, 1, 74934, 0
2026/08/07 23:40:15.962, 2, 74934, 0
2026/08/07 23:40:15.966, 3, 74934, 0
2026/08/07 23:40:15.969, 4, 37938, 6
2026/08/07 23:40:15.973, 5, 37938, 6
2026/08/07 23:40:15.976, 6, 37938, 6
2026/08/07 23:40:15.978, 7, 37938, 6
2026/08/07 23:40:16.293, 0, 124024, 0
2026/08/07 23:40:16.297, 1, 74934, 0
2026/08/07 23:40:16.304, 2, 74934, 0
2026/08/07 23:40:16.307, 3, 74934, 0
2026/08/07 23:40:16.310, 4, 37938, 6
2026/08/07 23:40:16.312, 5, 37938, 6
2026/08/07 23:40:16.314, 6, 37938, 6
2026/08/07 23:40:16.317, 7, 37938, 6
2026/08/07 23:40:16.631, 0, 124092, 0
2026/08/07 23:40:16.636, 1, 74934, 0
2026/08/07 23:40:16.643, 2, 74934, 0
2026/08/07 23:40:16.647, 3, 74934, 0
2026/08/07 23:40:16.649, 4, 37938, 6
2026/08/07 23:40:16.651, 5, 37938, 6
2026/08/07 23:40:16.653, 6, 37938, 6
2026/08/07 23:40:16.655, 7, 37938, 6
2026/08/07 23:40:16.971, 0, 124092, 0
2026/08/07 23:40:16.976, 1, 74934, 0
2026/08/07 23:40:16.982, 2, 74934, 0
2026/08/07 23:40:16.987, 3, 74934, 0
2026/08/07 23:40:16.989, 4, 37938, 6
2026/08/07 23:40:16.991, 5, 37938, 6
2026/08/07 23:40:17.014, 6, 37938, 6
2026/08/07 23:40:17.016, 7, 37938, 6
2026/08/07 23:40:17.337, 0, 124092, 0
2026/08/07 23:40:17.343, 1, 74934, 0
2026/08/07 23:40:17.347, 2, 74934, 0
2026/08/07 23:40:17.350, 3, 74934, 0
2026/08/07 23:40:17.353, 4, 37938, 6
2026/08/07 23:40:17.355, 5, 37938, 6
2026/08/07 23:40:17.357, 6, 37938, 6
2026/08/07 23:40:17.359, 7, 37938, 6
2026/08/07 23:40:17.674, 0, 124092, 0
2026/08/07 23:40:17.677, 1, 74934, 0
2026/08/07 23:40:17.683, 2, 74934, 0
2026/08/07 23:40:17.686, 3, 74934, 0
2026/08/07 23:40:17.688, 4, 37938, 6
2026/08/07 23:40:17.690, 5, 37938, 6
2026/08/07 23:40:17.691, 6, 37938, 6
2026/08/07 23:40:17.693, 7, 37938, 6
2026/08/07 23:40:18.006, 0, 124092, 0
2026/08/07 23:40:18.010, 1, 74934, 0
2026/08/07 23:40:18.016, 2, 74934, 0
2026/08/07 23:40:18.019, 3, 74934, 0
2026/08/07 23:40:18.021, 4, 37938, 6
2026/08/07 23:40:18.023, 5, 37938, 6
2026/08/07 23:40:18.025, 6, 37938, 7
2026/08/07 23:40:18.027, 7, 37938, 6
2026/08/07 23:40:18.340, 0, 124092, 0
2026/08/07 23:40:18.344, 1, 74934, 0
2026/08/07 23:40:18.351, 2, 74934, 0
2026/08/07 23:40:18.354, 3, 74934, 0
2026/08/07 23:40:18.356, 4, 37938, 6
2026/08/07 23:40:18.358, 5, 37938, 6
2026/08/07 23:40:18.360, 6, 37938, 7
2026/08/07 23:40:18.362, 7, 37938, 7
2026/08/07 23:40:18.675, 0, 124092, 0
2026/08/07 23:40:18.681, 1, 74934, 0
2026/08/07 23:40:18.685, 2, 74934, 0
2026/08/07 23:40:18.688, 3, 74934, 0
2026/08/07 23:40:18.690, 4, 37938, 6
2026/08/07 23:40:18.692, 5, 37938, 6
2026/08/07 23:40:18.693, 6, 37938, 7
2026/08/07 23:40:18.696, 7, 37938, 7
2026/08/07 23:40:19.011, 0, 124092, 0
2026/08/07 23:40:19.015, 1, 74934, 0
2026/08/07 23:40:19.021, 2, 74934, 0
2026/08/07 23:40:19.026, 3, 74934, 0
2026/08/07 23:40:19.029, 4, 37938, 6
2026/08/07 23:40:19.031, 5, 37938, 6
2026/08/07 23:40:19.032, 6, 37938, 7
2026/08/07 23:40:19.034, 7, 37938, 6
2026/08/07 23:40:19.348, 0, 124092, 0
2026/08/07 23:40:19.352, 1, 74934, 0
2026/08/07 23:40:19.357, 2, 74934, 0
2026/08/07 23:40:19.363, 3, 74934, 0
2026/08/07 23:40:19.365, 4, 37938, 6
2026/08/07 23:40:19.367, 5, 37938, 6
2026/08/07 23:40:19.368, 6, 37938, 7
2026/08/07 23:40:19.372, 7, 37938, 6
2026/08/07 23:40:19.737, 0, 124092, 0
2026/08/07 23:40:19.741, 1, 74934, 0
2026/08/07 23:40:19.745, 2, 74934, 0
2026/08/07 23:40:19.750, 3, 74934, 0
2026/08/07 23:40:19.753, 4, 37938, 6
2026/08/07 23:40:19.757, 5, 37938, 6
2026/08/07 23:40:19.761, 6, 37938, 7
2026/08/07 23:40:19.765, 7, 37938, 6
2026/08/07 23:40:20.069, 0, 124092, 0
2026/08/07 23:40:20.072, 1, 74934, 0
2026/08/07 23:40:20.079, 2, 74934, 0
2026/08/07 23:40:20.082, 3, 74934, 0
2026/08/07 23:40:20.085, 4, 37938, 6
2026/08/07 23:40:20.087, 5, 37938, 6
2026/08/07 23:40:20.089, 6, 37938, 7
2026/08/07 23:40:20.091, 7, 37938, 7
2026/08/07 23:40:20.400, 0, 124092, 0
2026/08/07 23:40:20.404, 1, 74934, 0
2026/08/07 23:40:20.411, 2, 74934, 0
2026/08/07 23:40:20.415, 3, 74934, 0
2026/08/07 23:40:20.417, 4, 37938, 6
2026/08/07 23:40:20.420, 5, 37938, 6
2026/08/07 23:40:20.422, 6, 37938, 7
2026/08/07 23:40:20.424, 7, 37938, 7
2026/08/07 23:40:20.737, 0, 124092, 0
2026/08/07 23:40:20.742, 1, 74934, 0
2026/08/07 23:40:20.748, 2, 74934, 0
2026/08/07 23:40:20.751, 3, 74934, 0
2026/08/07 23:40:20.755, 4, 37938, 6
2026/08/07 23:40:20.757, 5, 37938, 6
2026/08/07 23:40:20.760, 6, 37938, 7
2026/08/07 23:40:20.762, 7, 37938, 6
2026/08/07 23:40:21.081, 0, 124092, 0
2026/08/07 23:40:21.086, 1, 74934, 0
2026/08/07 23:40:21.093, 2, 74934, 0
2026/08/07 23:40:21.096, 3, 74934, 0
2026/08/07 23:40:21.098, 4, 37938, 6
2026/08/07 23:40:21.099, 5, 37938, 6
2026/08/07 23:40:21.101, 6, 37938, 7
2026/08/07 23:40:21.103, 7, 37938, 7
2026/08/07 23:40:21.416, 0, 124092, 0
2026/08/07 23:40:21.422, 1, 74934, 0
2026/08/07 23:40:21.427, 2, 74934, 0
2026/08/07 23:40:21.431, 3, 74934, 0
2026/08/07 23:40:21.434, 4, 37938, 6
2026/08/07 23:40:21.436, 5, 37938, 6
2026/08/07 23:40:21.438, 6, 37938, 7
2026/08/07 23:40:21.440, 7, 37938, 7
2026/08/07 23:40:21.766, 0, 124178, 0
2026/08/07 23:40:21.774, 1, 74934, 0
2026/08/07 23:40:21.778, 2, 74934, 0
2026/08/07 23:40:21.782, 3, 74934, 0
2026/08/07 23:40:21.789, 4, 37938, 6
2026/08/07 23:40:21.793, 5, 37938, 6
2026/08/07 23:40:21.795, 6, 37938, 7
2026/08/07 23:40:21.801, 7, 37938, 7
2026/08/07 23:40:22.119, 0, 124178, 0
2026/08/07 23:40:22.140, 1, 74934, 0
2026/08/07 23:40:22.148, 2, 74934, 0
2026/08/07 23:40:22.154, 3, 74934, 0
2026/08/07 23:40:22.157, 4, 37938, 6
2026/08/07 23:40:22.159, 5, 37938, 6
2026/08/07 23:40:22.164, 6, 37938, 7
2026/08/07 23:40:22.167, 7, 37938, 7
2026/08/07 23:40:22.484, 0, 124178, 0
2026/08/07 23:40:22.488, 1, 74934, 0
2026/08/07 23:40:22.495, 2, 74934, 0
2026/08/07 23:40:22.498, 3, 74934, 0
2026/08/07 23:40:22.500, 4, 37938, 6
2026/08/07 23:40:22.503, 5, 37938, 6
2026/08/07 23:40:22.505, 6, 37938, 7
2026/08/07 23:40:22.507, 7, 37938, 7
2026/08/07 23:40:22.823, 0, 124178, 0
2026/08/07 23:40:22.827, 1, 74934, 0
2026/08/07 23:40:22.833, 2, 74934, 0
2026/08/07 23:40:22.836, 3, 74934, 0
2026/08/07 23:40:22.839, 4, 37938, 6
2026/08/07 23:40:22.842, 5, 37938, 6
2026/08/07 23:40:22.843, 6, 37938, 7
2026/08/07 23:40:22.845, 7, 37938, 7
2026/08/07 23:40:23.161, 0, 124178, 0
2026/08/07 23:40:23.165, 1, 74934, 0
2026/08/07 23:40:23.172, 2, 74934, 0
2026/08/07 23:40:23.175, 3, 74934, 0
2026/08/07 23:40:23.177, 4, 37938, 6
2026/08/07 23:40:23.179, 5, 37938, 6
2026/08/07 23:40:23.181, 6, 37938, 7
2026/08/07 23:40:23.182, 7, 37938, 7
2026/08/07 23:40:23.495, 0, 124178, 0
2026/08/07 23:40:23.499, 1, 74934, 0
2026/08/07 23:40:23.506, 2, 74934, 0
2026/08/07 23:40:23.509, 3, 74934, 0
2026/08/07 23:40:23.511, 4, 37938, 6
2026/08/07 23:40:23.513, 5, 37938, 6
2026/08/07 23:40:23.515, 6, 37938, 7
2026/08/07 23:40:23.516, 7, 37938, 7
2026/08/07 23:40:23.829, 0, 124178, 0
2026/08/07 23:40:23.854, 1, 74934, 0
2026/08/07 23:40:23.862, 2, 74934, 0
2026/08/07 23:40:23.865, 3, 74934, 0
2026/08/07 23:40:23.868, 4, 37938, 6
2026/08/07 23:40:23.872, 5, 37938, 6
2026/08/07 23:40:23.874, 6, 37938, 6
2026/08/07 23:40:23.876, 7, 37938, 6
2026/08/07 23:40:24.191, 0, 124178, 0
2026/08/07 23:40:24.195, 1, 74934, 0
2026/08/07 23:40:24.203, 2, 74934, 0
2026/08/07 23:40:24.206, 3, 74934, 0
2026/08/07 23:40:24.208, 4, 37938, 6
2026/08/07 23:40:24.210, 5, 37938, 7
2026/08/07 23:40:24.212, 6, 37938, 7
2026/08/07 23:40:24.214, 7, 37938, 7
2026/08/07 23:40:24.528, 0, 124178, 0
2026/08/07 23:40:24.532, 1, 74934, 0
2026/08/07 23:40:24.539, 2, 74934, 0
2026/08/07 23:40:24.543, 3, 74934, 0
2026/08/07 23:40:24.545, 4, 37938, 6
2026/08/07 23:40:24.547, 5, 37938, 6
2026/08/07 23:40:24.549, 6, 37938, 7
2026/08/07 23:40:24.551, 7, 37938, 7
2026/08/07 23:40:24.883, 0, 124178, 0
2026/08/07 23:40:24.887, 1, 74934, 0
2026/08/07 23:40:24.891, 2, 74934, 0
2026/08/07 23:40:24.896, 3, 74934, 0
2026/08/07 23:40:24.899, 4, 37938, 6
2026/08/07 23:40:24.903, 5, 37938, 6
2026/08/07 23:40:24.907, 6, 37938, 7
2026/08/07 23:40:24.911, 7, 37938, 7
2026/08/07 23:40:25.226, 0, 124178, 0
2026/08/07 23:40:25.229, 1, 74934, 0
2026/08/07 23:40:25.235, 2, 74934, 0
2026/08/07 23:40:25.239, 3, 74934, 0
2026/08/07 23:40:25.242, 4, 37938, 6
2026/08/07 23:40:25.244, 5, 37938, 6
2026/08/07 23:40:25.247, 6, 37938, 7
2026/08/07 23:40:25.249, 7, 37938, 7
2026/08/07 23:40:25.562, 0, 124178, 0
2026/08/07 23:40:25.566, 1, 74934, 0
2026/08/07 23:40:25.572, 2, 74934, 0
2026/08/07 23:40:25.576, 3, 74934, 0
2026/08/07 23:40:25.578, 4, 37938, 6
2026/08/07 23:40:25.582, 5, 37938, 6
2026/08/07 23:40:25.584, 6, 37938, 7
2026/08/07 23:40:25.585, 7, 37938, 7
2026/08/07 23:40:25.900, 0, 124178, 0
2026/08/07 23:40:25.903, 1, 74934, 0
2026/08/07 23:40:25.909, 2, 74934, 0
2026/08/07 23:40:25.913, 3, 74934, 0
2026/08/07 23:40:25.916, 4, 37938, 6
2026/08/07 23:40:25.919, 5, 37938, 6
2026/08/07 23:40:25.921, 6, 37938, 7
2026/08/07 23:40:25.923, 7, 37938, 7
2026/08/07 23:40:26.237, 0, 124178, 0
2026/08/07 23:40:26.241, 1, 74934, 0
2026/08/07 23:40:26.247, 2, 74934, 0
2026/08/07 23:40:26.251, 3, 74934, 0
2026/08/07 23:40:26.254, 4, 37938, 6
2026/08/07 23:40:26.256, 5, 37938, 6
2026/08/07 23:40:26.258, 6, 37938, 7
2026/08/07 23:40:26.260, 7, 37938, 7
2026/08/07 23:40:26.580, 0, 124178, 0
2026/08/07 23:40:26.583, 1, 74934, 0
2026/08/07 23:40:26.589, 2, 74934, 0
2026/08/07 23:40:26.594, 3, 74934, 0
2026/08/07 23:40:26.596, 4, 37938, 6
2026/08/07 23:40:26.599, 5, 37938, 6
2026/08/07 23:40:26.601, 6, 37938, 7
2026/08/07 23:40:26.603, 7, 37938, 7
2026/08/07 23:40:26.916, 0, 124178, 0
2026/08/07 23:40:26.920, 1, 74934, 0
2026/08/07 23:40:26.925, 2, 74934, 0
2026/08/07 23:40:26.931, 3, 74934, 0
2026/08/07 23:40:26.934, 4, 37938, 6
2026/08/07 23:40:26.937, 5, 37938, 6
2026/08/07 23:40:26.939, 6, 37938, 7
2026/08/07 23:40:26.941, 7, 37938, 6
2026/08/07 23:40:27.283, 0, 124178, 0
2026/08/07 23:40:27.292, 1, 74934, 0
2026/08/07 23:40:27.297, 2, 74934, 0
2026/08/07 23:40:27.304, 3, 74934, 0
2026/08/07 23:40:27.310, 4, 37938, 7
2026/08/07 23:40:27.319, 5, 37938, 7
2026/08/07 23:40:27.324, 6, 37938, 3
2026/08/07 23:40:27.326, 7, 37938, 6
2026/08/07 23:40:27.620, 0, 124178, 0
2026/08/07 23:40:27.624, 1, 74934, 0
2026/08/07 23:40:27.630, 2, 74934, 0
2026/08/07 23:40:27.633, 3, 74934, 0
2026/08/07 23:40:27.636, 4, 37938, 7
2026/08/07 23:40:27.638, 5, 37938, 7
2026/08/07 23:40:27.641, 6, 37938, 0
2026/08/07 23:40:27.643, 7, 37938, 7
2026/08/07 23:40:27.955, 0, 124178, 0
2026/08/07 23:40:27.960, 1, 74934, 0
2026/08/07 23:40:27.967, 2, 74934, 0
2026/08/07 23:40:27.970, 3, 74934, 0
2026/08/07 23:40:27.972, 4, 37938, 7
2026/08/07 23:40:27.974, 5, 37938, 0
2026/08/07 23:40:27.976, 6, 770, 8
2026/08/07 23:40:27.978, 7, 37938, 6
2026/08/07 23:40:28.294, 0, 124178, 0
2026/08/07 23:40:28.300, 1, 74934, 0
2026/08/07 23:40:28.306, 2, 74934, 0
2026/08/07 23:40:28.310, 3, 74934, 0
2026/08/07 23:40:28.314, 4, 37938, 7
2026/08/07 23:40:28.317, 5, 12432, 0
2026/08/07 23:40:28.321, 6, 770, 0
2026/08/07 23:40:28.329, 7, 37938, 0
2026/08/07 23:40:28.627, 0, 124178, 0
2026/08/07 23:40:28.636, 1, 74934, 0
2026/08/07 23:40:28.640, 2, 74934, 0
2026/08/07 23:40:28.644, 3, 74934, 0
2026/08/07 23:40:28.648, 4, 37938, 0
2026/08/07 23:40:28.653, 5, 770, 0
2026/08/07 23:40:28.657, 6, 4442, 20
2026/08/07 23:40:28.660, 7, 26518, 1
2026/08/07 23:40:28.963, 0, 124188, 0
2026/08/07 23:40:28.969, 1, 74934, 0
2026/08/07 23:40:28.971, 2, 74934, 0
2026/08/07 23:40:28.975, 3, 74934, 0
2026/08/07 23:40:28.977, 4, 770, 0
2026/08/07 23:40:28.981, 5, 770, 0
2026/08/07 23:40:28.984, 6, 7810, 25
2026/08/07 23:40:28.986, 7, 770, 3
2026/08/07 23:40:29.282, 0, 124188, 0
2026/08/07 23:40:29.286, 1, 74934, 0
2026/08/07 23:40:29.290, 2, 74934, 0
2026/08/07 23:40:29.294, 3, 74934, 0
2026/08/07 23:40:29.296, 4, 770, 0
2026/08/07 23:40:29.299, 5, 3970, 32
2026/08/07 23:40:29.301, 6, 10924, 25
2026/08/07 23:40:29.303, 7, 770, 0
2026/08/07 23:40:29.623, 0, 124188, 0
2026/08/07 23:40:29.630, 1, 74934, 0
2026/08/07 23:40:29.635, 2, 74934, 0
2026/08/07 23:40:29.638, 3, 74934, 0
2026/08/07 23:40:29.643, 4, 1338, 0
2026/08/07 23:40:29.646, 5, 6802, 19
2026/08/07 23:40:29.651, 6, 14574, 20
2026/08/07 23:40:29.654, 7, 4442, 16
2026/08/07 23:40:29.964, 0, 124188, 0
2026/08/07 23:40:29.968, 1, 74934, 0
2026/08/07 23:40:29.971, 2, 74934, 0
2026/08/07 23:40:29.974, 3, 74934, 0
2026/08/07 23:40:29.977, 4, 4034, 20
2026/08/07 23:40:29.996, 5, 9398, 14
2026/08/07 23:40:30.006, 6, 17652, 16
2026/08/07 23:40:30.008, 7, 7384, 21
2026/08/07 23:40:30.324, 0, 124188, 0
2026/08/07 23:40:30.327, 1, 74934, 0
2026/08/07 23:40:30.333, 2, 74934, 0
2026/08/07 23:40:30.340, 3, 74934, 0
2026/08/07 23:40:30.343, 4, 6892, 19
2026/08/07 23:40:30.346, 5, 11994, 17
2026/08/07 23:40:30.349, 6, 21046, 25
2026/08/07 23:40:30.351, 7, 10342, 18
2026/08/07 23:40:30.670, 0, 124188, 0
2026/08/07 23:40:30.677, 1, 74934, 0
2026/08/07 23:40:30.681, 2, 74934, 0
2026/08/07 23:40:30.685, 3, 74934, 0
2026/08/07 23:40:30.689, 4, 9724, 21
2026/08/07 23:40:30.692, 5, 15090, 19
2026/08/07 23:40:30.697, 6, 24588, 25
2026/08/07 23:40:30.704, 7, 13756, 20
2026/08/07 23:40:31.037, 0, 124188, 0
2026/08/07 23:40:31.044, 1, 74934, 0
2026/08/07 23:40:31.048, 2, 74934, 0
2026/08/07 23:40:31.056, 3, 74934, 0
2026/08/07 23:40:31.070, 4, 12576, 20
2026/08/07 23:40:31.083, 5, 18164, 22
2026/08/07 23:40:31.092, 6, 25590, 0
2026/08/07 23:40:31.100, 7, 17396, 13
2026/08/07 23:40:31.468, 0, 124188, 0
2026/08/07 23:40:31.487, 1, 74934, 0
2026/08/07 23:40:31.496, 2, 74934, 0
2026/08/07 23:40:31.508, 3, 74934, 0
2026/08/07 23:40:31.520, 4, 16434, 25
2026/08/07 23:40:31.527, 5, 22134, 25
2026/08/07 23:40:31.550, 6, 25592, 0
2026/08/07 23:40:31.560, 7, 21238, 14
2026/08/07 23:40:31.951, 0, 124188, 0
2026/08/07 23:40:31.957, 1, 74934, 0
2026/08/07 23:40:31.959, 2, 74934, 0
2026/08/07 23:40:31.965, 3, 74934, 0
2026/08/07 23:40:31.966, 4, 19956, 20
2026/08/07 23:40:31.972, 5, 25340, 19
2026/08/07 23:40:31.973, 6, 25594, 0
2026/08/07 23:40:31.975, 7, 24374, 22
2026/08/07 23:40:32.377, 0, 124188, 0
2026/08/07 23:40:32.386, 1, 74934, 0
2026/08/07 23:40:32.389, 2, 74934, 0
2026/08/07 23:40:32.395, 3, 74934, 0
2026/08/07 23:40:32.404, 4, 22582, 10
2026/08/07 23:40:32.412, 5, 25590, 0
2026/08/07 23:40:32.420, 6, 25594, 0
2026/08/07 23:40:32.423, 7, 25590, 8
2026/08/07 23:40:32.868, 0, 124188, 0
2026/08/07 23:40:32.875, 1, 74934, 0
2026/08/07 23:40:32.884, 2, 74934, 0
2026/08/07 23:40:32.889, 3, 74934, 0
2026/08/07 23:40:32.892, 4, 24576, 6
2026/08/07 23:40:32.899, 5, 25592, 0
2026/08/07 23:40:32.902, 6, 25596, 4
2026/08/07 23:40:32.909, 7, 25590, 0
2026/08/07 23:40:33.287, 0, 124188, 0
2026/08/07 23:40:33.301, 1, 74934, 0
2026/08/07 23:40:33.312, 2, 74934, 0
2026/08/07 23:40:33.321, 3, 74934, 0
2026/08/07 23:40:33.328, 4, 25590, 6
2026/08/07 23:40:33.334, 5, 25592, 0
2026/08/07 23:40:33.339, 6, 25596, 0
2026/08/07 23:40:33.341, 7, 25592, 3
2026/08/07 23:40:33.731, 0, 124188, 0
2026/08/07 23:40:33.733, 1, 74934, 0
2026/08/07 23:40:33.734, 2, 74934, 0
2026/08/07 23:40:33.739, 3, 74934, 0
2026/08/07 23:40:33.746, 4, 25590, 0
2026/08/07 23:40:33.747, 5, 25594, 0
2026/08/07 23:40:33.752, 6, 25596, 0
2026/08/07 23:40:33.753, 7, 25592, 0
2026/08/07 23:40:34.120, 0, 124188, 0
2026/08/07 23:40:34.128, 1, 74934, 0
2026/08/07 23:40:34.133, 2, 74934, 0
2026/08/07 23:40:34.139, 3, 74934, 0
2026/08/07 23:40:34.146, 4, 25590, 0
2026/08/07 23:40:34.147, 5, 25594, 0
2026/08/07 23:40:34.153, 6, 25598, 4
2026/08/07 23:40:34.175, 7, 25592, 0
2026/08/07 23:40:34.655, 0, 124188, 0
2026/08/07 23:40:34.672, 1, 74934, 0
2026/08/07 23:40:34.700, 2, 74934, 0
2026/08/07 23:40:34.722, 3, 74934, 0
2026/08/07 23:40:34.728, 4, 25592, 0
2026/08/07 23:40:34.733, 5, 25596, 0
2026/08/07 23:40:34.738, 6, 25600, 0
2026/08/07 23:40:34.741, 7, 25594, 0
2026/08/07 23:40:35.159, 0, 124188, 0
2026/08/07 23:40:35.168, 1, 74934, 0
2026/08/07 23:40:35.172, 2, 74934, 0
2026/08/07 23:40:35.178, 3, 74934, 0
2026/08/07 23:40:35.187, 4, 25594, 4
2026/08/07 23:40:35.218, 5, 25596, 0
2026/08/07 23:40:35.224, 6, 25600, 0
2026/08/07 23:40:35.251, 7, 25596, 0
2026/08/07 23:40:35.709, 0, 124188, 0
2026/08/07 23:40:35.720, 1, 74934, 0
2026/08/07 23:40:35.728, 2, 74934, 0
2026/08/07 23:40:35.732, 3, 74934, 0
2026/08/07 23:40:35.738, 4, 25594, 0
2026/08/07 23:40:35.746, 5, 25596, 0
2026/08/07 23:40:35.756, 6, 25602, 0
2026/08/07 23:40:35.774, 7, 25596, 0
2026/08/07 23:40:36.189, 0, 124188, 0
2026/08/07 23:40:36.201, 1, 74934, 0
2026/08/07 23:40:36.214, 2, 74934, 0
2026/08/07 23:40:36.236, 3, 74934, 0
2026/08/07 23:40:36.249, 4, 25596, 0
2026/08/07 23:40:36.251, 5, 25598, 0
2026/08/07 23:40:36.269, 6, 25602, 0
2026/08/07 23:40:36.272, 7, 25596, 0
2026/08/07 23:40:36.632, 0, 124188, 0
2026/08/07 23:40:36.637, 1, 74934, 0
2026/08/07 23:40:36.644, 2, 74934, 0
2026/08/07 23:40:36.649, 3, 74934, 0
2026/08/07 23:40:36.653, 4, 25596, 0
2026/08/07 23:40:36.656, 5, 25598, 0
2026/08/07 23:40:36.657, 6, 25604, 4
2026/08/07 23:40:36.661, 7, 25598, 0
2026/08/07 23:40:37.020, 0, 124188, 0
2026/08/07 23:40:37.026, 1, 74934, 0
2026/08/07 23:40:37.034, 2, 74934, 0
2026/08/07 23:40:37.038, 3, 74934, 0
2026/08/07 23:40:37.041, 4, 25598, 4
2026/08/07 23:40:37.044, 5, 25600, 0
2026/08/07 23:40:37.049, 6, 25604, 0
2026/08/07 23:40:37.055, 7, 25598, 0
2026/08/07 23:40:37.407, 0, 124188, 0
2026/08/07 23:40:37.415, 1, 74934, 0
2026/08/07 23:40:37.419, 2, 74934, 0
2026/08/07 23:40:37.423, 3, 74934, 0
2026/08/07 23:40:37.425, 4, 25598, 0
2026/08/07 23:40:37.426, 5, 25600, 0
2026/08/07 23:40:37.427, 6, 25604, 0
2026/08/07 23:40:37.429, 7, 25598, 0
2026/08/07 23:40:37.773, 0, 124188, 0
2026/08/07 23:40:37.786, 1, 74934, 0
2026/08/07 23:40:37.799, 2, 74934, 0
2026/08/07 23:40:37.839, 3, 74934, 0
2026/08/07 23:40:37.862, 4, 25600, 4
2026/08/07 23:40:37.882, 5, 25602, 0
2026/08/07 23:40:37.902, 6, 25606, 0
2026/08/07 23:40:37.924, 7, 25600, 0
2026/08/07 23:40:38.386, 0, 124188, 0
2026/08/07 23:40:38.391, 1, 74934, 0
2026/08/07 23:40:38.395, 2, 74934, 0
2026/08/07 23:40:38.397, 3, 74934, 0
2026/08/07 23:40:38.399, 4, 25600, 0
2026/08/07 23:40:38.401, 5, 25602, 0
2026/08/07 23:40:38.403, 6, 25606, 0
2026/08/07 23:40:38.404, 7, 25600, 0
2026/08/07 23:40:38.910, 0, 124188, 0
2026/08/07 23:40:38.937, 1, 74934, 0
2026/08/07 23:40:38.966, 2, 74934, 0
2026/08/07 23:40:38.980, 3, 74934, 0
2026/08/07 23:40:39.028, 4, 25602, 0
2026/08/07 23:40:39.052, 5, 25604, 4
2026/08/07 23:40:39.091, 6, 25608, 0
2026/08/07 23:40:39.094, 7, 25602, 0
2026/08/07 23:40:39.484, 0, 124188, 0
2026/08/07 23:40:39.490, 1, 74934, 0
2026/08/07 23:40:39.497, 2, 74934, 0
2026/08/07 23:40:39.501, 3, 74934, 0
2026/08/07 23:40:39.504, 4, 25602, 0
2026/08/07 23:40:39.511, 5, 25604, 0
2026/08/07 23:40:39.517, 6, 25608, 0
2026/08/07 23:40:39.521, 7, 25602, 0
2026/08/07 23:40:39.918, 0, 124188, 0
2026/08/07 23:40:39.929, 1, 74934, 0
2026/08/07 23:40:39.936, 2, 74934, 0
2026/08/07 23:40:39.941, 3, 74934, 0
2026/08/07 23:40:39.947, 4, 25604, 3
2026/08/07 23:40:39.952, 5, 25606, 0
2026/08/07 23:40:39.953, 6, 25610, 4
2026/08/07 23:40:39.963, 7, 25604, 0
2026/08/07 23:40:40.325, 0, 124188, 0
2026/08/07 23:40:40.335, 1, 74934, 0
2026/08/07 23:40:40.340, 2, 74934, 0
2026/08/07 23:40:40.342, 3, 74934, 0
2026/08/07 23:40:40.343, 4, 25604, 0
2026/08/07 23:40:40.345, 5, 25606, 0
2026/08/07 23:40:40.347, 6, 25610, 0
2026/08/07 23:40:40.348, 7, 25604, 0
2026/08/07 23:40:40.689, 0, 124188, 0
2026/08/07 23:40:40.694, 1, 74934, 0
2026/08/07 23:40:40.699, 2, 74934, 0
2026/08/07 23:40:40.703, 3, 74934, 0
2026/08/07 23:40:40.706, 4, 25604, 0
2026/08/07 23:40:40.710, 5, 25606, 0
2026/08/07 23:40:40.716, 6, 25610, 0
2026/08/07 23:40:40.720, 7, 25606, 0
2026/08/07 23:40:41.093, 0, 124188, 0
2026/08/07 23:40:41.097, 1, 74934, 0
2026/08/07 23:40:41.101, 2, 74934, 0
2026/08/07 23:40:41.116, 3, 74934, 0
2026/08/07 23:40:41.118, 4, 25606, 0
2026/08/07 23:40:41.119, 5, 25608, 0
2026/08/07 23:40:41.126, 6, 25612, 3
2026/08/07 23:40:41.136, 7, 25606, 0
2026/08/07 23:40:41.463, 0, 124188, 0
2026/08/07 23:40:41.467, 1, 74934, 0
2026/08/07 23:40:41.469, 2, 74934, 0
2026/08/07 23:40:41.470, 3, 74934, 0
2026/08/07 23:40:41.471, 4, 25606, 0
2026/08/07 23:40:41.472, 5, 25608, 0
2026/08/07 23:40:41.473, 6, 25612, 0
2026/08/07 23:40:41.474, 7, 25606, 0
2026/08/07 23:40:41.810, 0, 124188, 0
2026/08/07 23:40:41.820, 1, 74934, 0
2026/08/07 23:40:41.831, 2, 74934, 0
2026/08/07 23:40:41.841, 3, 74934, 0
2026/08/07 23:40:41.847, 4, 25608, 0
2026/08/07 23:40:41.850, 5, 25608, 0
2026/08/07 23:40:41.868, 6, 25612, 0
2026/08/07 23:40:41.895, 7, 25608, 4
2026/08/07 23:40:42.267, 0, 124188, 0
2026/08/07 23:40:42.270, 1, 74934, 0
2026/08/07 23:40:42.309, 2, 74934, 0
2026/08/07 23:40:42.320, 3, 74934, 0
2026/08/07 23:40:42.324, 4, 25608, 0
2026/08/07 23:40:42.326, 5, 25610, 0
2026/08/07 23:40:42.342, 6, 25614, 0
2026/08/07 23:40:42.355, 7, 25608, 0
2026/08/07 23:40:42.733, 0, 124188, 0
2026/08/07 23:40:42.743, 1, 74934, 0
2026/08/07 23:40:42.751, 2, 74934, 0
2026/08/07 23:40:42.762, 3, 74934, 0
2026/08/07 23:40:42.767, 4, 25610, 0
2026/08/07 23:40:42.769, 5, 25610, 0
2026/08/07 23:40:42.770, 6, 25614, 0
2026/08/07 23:40:42.776, 7, 25610, 0
2026/08/07 23:40:43.148, 0, 124188, 0
2026/08/07 23:40:43.149, 1, 74934, 0
2026/08/07 23:40:43.150, 2, 74934, 0
2026/08/07 23:40:43.162, 3, 74934, 0
2026/08/07 23:40:43.170, 4, 25610, 0
2026/08/07 23:40:43.171, 5, 25612, 0
2026/08/07 23:40:43.172, 6, 25616, 4
2026/08/07 23:40:43.182, 7, 25610, 0
2026/08/07 23:40:43.549, 0, 124188, 0
2026/08/07 23:40:43.550, 1, 74934, 0
2026/08/07 23:40:43.551, 2, 74934, 0
2026/08/07 23:40:43.571, 3, 74934, 0
2026/08/07 23:40:43.581, 4, 25610, 0
2026/08/07 23:40:43.591, 5, 25612, 0
2026/08/07 23:40:43.595, 6, 25616, 0
2026/08/07 23:40:43.601, 7, 25610, 0
2026/08/07 23:40:43.927, 0, 124188, 0
2026/08/07 23:40:43.979, 1, 74934, 0
2026/08/07 23:40:44.022, 2, 74934, 0
2026/08/07 23:40:44.030, 3, 74934, 0
2026/08/07 23:40:44.037, 4, 25612, 0
2026/08/07 23:40:44.052, 5, 25614, 0
2026/08/07 23:40:44.065, 6, 25618, 0
2026/08/07 23:40:44.082, 7, 25612, 0
2026/08/07 23:40:44.451, 0, 124188, 0
2026/08/07 23:40:44.463, 1, 74934, 0
2026/08/07 23:40:44.472, 2, 74934, 0
2026/08/07 23:40:44.479, 3, 74934, 0
2026/08/07 23:40:44.481, 4, 25612, 0
2026/08/07 23:40:44.484, 5, 25614, 0
2026/08/07 23:40:44.486, 6, 25618, 0
2026/08/07 23:40:44.496, 7, 25614, 0
2026/08/07 23:40:44.848, 0, 124188, 0
2026/08/07 23:40:44.852, 1, 74934, 0
2026/08/07 23:40:44.859, 2, 74934, 0
2026/08/07 23:40:44.863, 3, 74934, 0
2026/08/07 23:40:44.866, 4, 25614, 0
2026/08/07 23:40:44.868, 5, 25614, 0
2026/08/07 23:40:44.870, 6, 25618, 0
2026/08/07 23:40:44.872, 7, 25614, 0
2026/08/07 23:40:45.208, 0, 124188, 0
2026/08/07 23:40:45.212, 1, 74934, 0
2026/08/07 23:40:45.216, 2, 74934, 0
2026/08/07 23:40:45.219, 3, 74934, 0
2026/08/07 23:40:45.225, 4, 25614, 0
2026/08/07 23:40:45.226, 5, 25614, 0
2026/08/07 23:40:45.227, 6, 25620, 0
2026/08/07 23:40:45.233, 7, 25614, 0
2026/08/07 23:40:45.618, 0, 124188, 0
2026/08/07 23:40:45.628, 1, 74934, 0
2026/08/07 23:40:45.632, 2, 74934, 0
2026/08/07 23:40:45.636, 3, 74934, 0
2026/08/07 23:40:45.642, 4, 25614, 0
2026/08/07 23:40:45.644, 5, 25616, 0
2026/08/07 23:40:45.648, 6, 25620, 0
2026/08/07 23:40:45.653, 7, 25616, 0
2026/08/07 23:40:45.991, 0, 124188, 0
2026/08/07 23:40:46.008, 1, 74934, 0
2026/08/07 23:40:46.014, 2, 74934, 0
2026/08/07 23:40:46.029, 3, 74934, 0
2026/08/07 23:40:46.040, 4, 25616, 4
2026/08/07 23:40:46.050, 5, 25616, 0
2026/08/07 23:40:46.060, 6, 25622, 0
2026/08/07 23:40:46.062, 7, 25616, 0
2026/08/07 23:40:46.456, 0, 124188, 0
2026/08/07 23:40:46.469, 1, 74934, 0
2026/08/07 23:40:46.475, 2, 74934, 0
2026/08/07 23:40:46.477, 3, 74934, 0
2026/08/07 23:40:46.478, 4, 25616, 0
2026/08/07 23:40:46.485, 5, 25616, 0
2026/08/07 23:40:46.494, 6, 25622, 0
2026/08/07 23:40:46.496, 7, 25618, 0
2026/08/07 23:40:47.003, 0, 124188, 0
2026/08/07 23:40:47.006, 1, 74934, 0
2026/08/07 23:40:47.021, 2, 74934, 0
2026/08/07 23:40:47.030, 3, 74934, 0
2026/08/07 23:40:47.039, 4, 25618, 4
2026/08/07 23:40:47.048, 5, 25618, 0
2026/08/07 23:40:47.058, 6, 25624, 4
2026/08/07 23:40:47.063, 7, 25618, 0
2026/08/07 23:40:47.491, 0, 124188, 0
2026/08/07 23:40:47.499, 1, 74934, 0
2026/08/07 23:40:47.507, 2, 74934, 0
2026/08/07 23:40:47.509, 3, 74934, 0
2026/08/07 23:40:47.514, 4, 25618, 0
2026/08/07 23:40:47.516, 5, 25620, 0
2026/08/07 23:40:47.521, 6, 25624, 0
2026/08/07 23:40:47.524, 7, 25620, 0
2026/08/07 23:40:47.933, 0, 124188, 0
2026/08/07 23:40:47.944, 1, 74934, 0
2026/08/07 23:40:47.951, 2, 74934, 0
2026/08/07 23:40:47.956, 3, 74934, 0
2026/08/07 23:40:47.961, 4, 25620, 0
2026/08/07 23:40:47.962, 5, 25620, 0
2026/08/07 23:40:47.967, 6, 25626, 0
2026/08/07 23:40:47.968, 7, 25620, 0
2026/08/07 23:40:48.332, 0, 124188, 0
2026/08/07 23:40:48.335, 1, 74934, 0
2026/08/07 23:40:48.338, 2, 74934, 0
2026/08/07 23:40:48.353, 3, 74934, 0
2026/08/07 23:40:48.359, 4, 25620, 0
2026/08/07 23:40:48.362, 5, 25620, 0
2026/08/07 23:40:48.371, 6, 25626, 0
2026/08/07 23:40:48.373, 7, 25622, 0
2026/08/07 23:40:48.734, 0, 124188, 0
2026/08/07 23:40:48.746, 1, 74934, 0
2026/08/07 23:40:48.754, 2, 74934, 0
2026/08/07 23:40:48.768, 3, 74934, 0
2026/08/07 23:40:48.772, 4, 25622, 0
2026/08/07 23:40:48.781, 5, 25622, 4
2026/08/07 23:40:48.784, 6, 25626, 0
2026/08/07 23:40:48.790, 7, 25622, 0
2026/08/07 23:40:49.179, 0, 124188, 0
2026/08/07 23:40:49.192, 1, 74934, 0
2026/08/07 23:40:49.200, 2, 74934, 0
2026/08/07 23:40:49.215, 3, 74934, 0
2026/08/07 23:40:49.223, 4, 25622, 0
2026/08/07 23:40:49.242, 5, 25622, 0
2026/08/07 23:40:49.273, 6, 25628, 0
2026/08/07 23:40:49.286, 7, 25624, 4
2026/08/07 23:40:49.630, 0, 124188, 0
2026/08/07 23:40:49.635, 1, 74934, 0
2026/08/07 23:40:49.638, 2, 74934, 0
2026/08/07 23:40:49.641, 3, 74934, 0
2026/08/07 23:40:49.643, 4, 25622, 0
2026/08/07 23:40:49.644, 5, 25624, 0
2026/08/07 23:40:49.645, 6, 25628, 0
2026/08/07 23:40:49.647, 7, 25624, 0
2026/08/07 23:40:49.996, 0, 124188, 0
2026/08/07 23:40:50.001, 1, 74934, 0
2026/08/07 23:40:50.005, 2, 74934, 0
2026/08/07 23:40:50.007, 3, 74934, 0
2026/08/07 23:40:50.012, 4, 25624, 0
2026/08/07 23:40:50.013, 5, 25624, 0
2026/08/07 23:40:50.015, 6, 25630, 4
2026/08/07 23:40:50.020, 7, 25624, 0
2026/08/07 23:40:50.361, 0, 124188, 0
2026/08/07 23:40:50.365, 1, 74934, 0
2026/08/07 23:40:50.368, 2, 74934, 0
2026/08/07 23:40:50.370, 3, 74934, 0
2026/08/07 23:40:50.373, 4, 25624, 0
2026/08/07 23:40:50.375, 5, 25624, 0
2026/08/07 23:40:50.380, 6, 25630, 0
2026/08/07 23:40:50.403, 7, 25626, 0
2026/08/07 23:40:50.773, 0, 124188, 0
2026/08/07 23:40:50.777, 1, 74934, 0
2026/08/07 23:40:50.781, 2, 74934, 0
2026/08/07 23:40:50.784, 3, 74934, 0
2026/08/07 23:40:50.787, 4, 25626, 0
2026/08/07 23:40:50.788, 5, 25626, 0
2026/08/07 23:40:50.790, 6, 25630, 0
2026/08/07 23:40:50.791, 7, 25626, 0
2026/08/07 23:40:51.182, 0, 124188, 0
2026/08/07 23:40:51.186, 1, 74934, 0
2026/08/07 23:40:51.188, 2, 74934, 0
2026/08/07 23:40:51.189, 3, 74934, 0
2026/08/07 23:40:51.195, 4, 25626, 0
2026/08/07 23:40:51.206, 5, 25626, 0
2026/08/07 23:40:51.209, 6, 25632, 0
2026/08/07 23:40:51.211, 7, 25626, 0
2026/08/07 23:40:51.676, 0, 124188, 0
2026/08/07 23:40:51.693, 1, 74934, 0
2026/08/07 23:40:51.712, 2, 74934, 0
2026/08/07 23:40:51.725, 3, 74934, 0
2026/08/07 23:40:51.741, 4, 25628, 4
2026/08/07 23:40:51.743, 5, 25628, 0
2026/08/07 23:40:51.757, 6, 25632, 0
2026/08/07 23:40:51.759, 7, 25628, 0
2026/08/07 23:40:52.157, 0, 124188, 0
2026/08/07 23:40:52.161, 1, 74934, 0
2026/08/07 23:40:52.166, 2, 74934, 0
2026/08/07 23:40:52.171, 3, 74934, 0
2026/08/07 23:40:52.174, 4, 25628, 0
2026/08/07 23:40:52.177, 5, 25628, 0
2026/08/07 23:40:52.179, 6, 25634, 4
2026/08/07 23:40:52.181, 7, 25628, 0
2026/08/07 23:40:52.500, 0, 124188, 0
2026/08/07 23:40:52.504, 1, 74934, 0
2026/08/07 23:40:52.508, 2, 74934, 0
2026/08/07 23:40:52.512, 3, 74934, 0
2026/08/07 23:40:52.515, 4, 25630, 0
2026/08/07 23:40:52.517, 5, 25628, 0
2026/08/07 23:40:52.519, 6, 25634, 0
2026/08/07 23:40:52.522, 7, 25630, 0
2026/08/07 23:40:52.929, 0, 124188, 0
2026/08/07 23:40:52.938, 1, 74934, 0
2026/08/07 23:40:52.952, 2, 74934, 0
2026/08/07 23:40:52.963, 3, 74934, 0
2026/08/07 23:40:52.968, 4, 25630, 0
2026/08/07 23:40:52.973, 5, 25630, 4
2026/08/07 23:40:52.978, 6, 25636, 2
2026/08/07 23:40:52.983, 7, 25630, 0
2026/08/07 23:40:53.389, 0, 124188, 0
2026/08/07 23:40:53.396, 1, 74934, 0
2026/08/07 23:40:53.399, 2, 74934, 0
2026/08/07 23:40:53.401, 3, 74934, 0
2026/08/07 23:40:53.404, 4, 25632, 0
2026/08/07 23:40:53.410, 5, 25630, 0
2026/08/07 23:40:53.413, 6, 25636, 0
2026/08/07 23:40:53.419, 7, 25632, 0
2026/08/07 23:40:53.815, 0, 124188, 0
2026/08/07 23:40:53.828, 1, 74934, 0
2026/08/07 23:40:53.839, 2, 74934, 0
2026/08/07 23:40:53.846, 3, 74934, 0
2026/08/07 23:40:53.851, 4, 25632, 0
2026/08/07 23:40:53.856, 5, 25632, 0
2026/08/07 23:40:53.857, 6, 25638, 0
2026/08/07 23:40:53.862, 7, 25632, 0
2026/08/07 23:40:54.232, 0, 124188, 0
2026/08/07 23:40:54.244, 1, 74934, 0
2026/08/07 23:40:54.246, 2, 74934, 0
2026/08/07 23:40:54.251, 3, 74934, 0
2026/08/07 23:40:54.253, 4, 25632, 0
2026/08/07 23:40:54.258, 5, 25632, 0
2026/08/07 23:40:54.260, 6, 25638, 0
2026/08/07 23:40:54.266, 7, 25634, 0
2026/08/07 23:40:54.738, 0, 124188, 0
2026/08/07 23:40:54.742, 1, 74934, 0
2026/08/07 23:40:54.747, 2, 74934, 0
2026/08/07 23:40:54.754, 3, 74934, 0
2026/08/07 23:40:54.759, 4, 25634, 0
2026/08/07 23:40:54.761, 5, 25634, 4
2026/08/07 23:40:54.763, 6, 25640, 0
2026/08/07 23:40:54.765, 7, 25634, 0
2026/08/07 23:40:55.119, 0, 124188, 0
2026/08/07 23:40:55.126, 1, 74934, 0
2026/08/07 23:40:55.133, 2, 74934, 0
2026/08/07 23:40:55.139, 3, 74934, 0
2026/08/07 23:40:55.141, 4, 25634, 0
2026/08/07 23:40:55.145, 5, 25634, 0
2026/08/07 23:40:55.147, 6, 25640, 0
2026/08/07 23:40:55.149, 7, 25634, 0
2026/08/07 23:40:55.503, 0, 124188, 0
2026/08/07 23:40:55.526, 1, 74934, 0
2026/08/07 23:40:55.528, 2, 74934, 0
2026/08/07 23:40:55.530, 3, 74934, 0
2026/08/07 23:40:55.535, 4, 25636, 0
2026/08/07 23:40:55.537, 5, 25634, 0
2026/08/07 23:40:55.568, 6, 25640, 0
2026/08/07 23:40:55.594, 7, 25636, 4
2026/08/07 23:40:55.990, 0, 124188, 0
2026/08/07 23:40:56.007, 1, 74934, 0
2026/08/07 23:40:56.024, 2, 74934, 0
2026/08/07 23:40:56.026, 3, 74934, 0
2026/08/07 23:40:56.043, 4, 25636, 0
2026/08/07 23:40:56.044, 5, 25636, 0
2026/08/07 23:40:56.049, 6, 25642, 0
2026/08/07 23:40:56.051, 7, 25636, 0
2026/08/07 23:40:56.405, 0, 124188, 0
2026/08/07 23:40:56.412, 1, 74934, 0
2026/08/07 23:40:56.415, 2, 74934, 0
2026/08/07 23:40:56.419, 3, 74934, 0
2026/08/07 23:40:56.421, 4, 25636, 0
2026/08/07 23:40:56.422, 5, 25636, 0
2026/08/07 23:40:56.424, 6, 25642, 0
2026/08/07 23:40:56.425, 7, 25638, 4
2026/08/07 23:40:56.768, 0, 124188, 0
2026/08/07 23:40:56.774, 1, 74934, 0
2026/08/07 23:40:56.777, 2, 74934, 0
2026/08/07 23:40:56.781, 3, 74934, 0
2026/08/07 23:40:56.784, 4, 25638, 0
2026/08/07 23:40:56.788, 5, 25638, 0
2026/08/07 23:40:56.793, 6, 25644, 0
2026/08/07 23:40:56.795, 7, 25638, 0
2026/08/07 23:40:57.215, 0, 124188, 0
2026/08/07 23:40:57.232, 1, 74934, 0
2026/08/07 23:40:57.243, 2, 74934, 0
2026/08/07 23:40:57.249, 3, 74934, 0
2026/08/07 23:40:57.256, 4, 25638, 0
2026/08/07 23:40:57.261, 5, 25638, 0
2026/08/07 23:40:57.264, 6, 25644, 0
2026/08/07 23:40:57.269, 7, 25640, 0
2026/08/07 23:40:57.716, 0, 124188, 0
2026/08/07 23:40:57.727, 1, 74934, 0
2026/08/07 23:40:57.732, 2, 75030, 0
2026/08/07 23:40:57.739, 3, 74934, 0
2026/08/07 23:40:57.751, 4, 25640, 2
2026/08/07 23:40:57.785, 5, 25638, 0
2026/08/07 23:40:57.817, 6, 25646, 0
2026/08/07 23:40:57.821, 7, 25640, 0
2026/08/07 23:40:58.311, 0, 124188, 0
2026/08/07 23:40:58.316, 1, 74934, 0
2026/08/07 23:40:58.319, 2, 75030, 0
2026/08/07 23:40:58.320, 3, 74934, 0
2026/08/07 23:40:58.322, 4, 25640, 0
2026/08/07 23:40:58.324, 5, 25640, 0
2026/08/07 23:40:58.326, 6, 25646, 0
2026/08/07 23:40:58.327, 7, 25642, 0
2026/08/07 23:40:58.688, 0, 124188, 0
2026/08/07 23:40:58.697, 1, 74934, 0
2026/08/07 23:40:58.701, 2, 75030, 0
2026/08/07 23:40:58.704, 3, 74934, 0
2026/08/07 23:40:58.705, 4, 25642, 0
2026/08/07 23:40:58.706, 5, 25640, 0
2026/08/07 23:40:58.708, 6, 25646, 0
2026/08/07 23:40:58.710, 7, 25642, 0
2026/08/07 23:40:59.147, 0, 124188, 0
2026/08/07 23:40:59.174, 1, 75030, 7
2026/08/07 23:40:59.194, 2, 75030, 0
2026/08/07 23:40:59.208, 3, 74934, 0
2026/08/07 23:40:59.221, 4, 25644, 0
2026/08/07 23:40:59.231, 5, 25642, 0
2026/08/07 23:40:59.237, 6, 25648, 0
2026/08/07 23:40:59.248, 7, 25644, 0
2026/08/07 23:40:59.658, 0, 124188, 0
2026/08/07 23:40:59.662, 1, 75030, 0
2026/08/07 23:40:59.665, 2, 75030, 0
2026/08/07 23:40:59.666, 3, 74934, 0
2026/08/07 23:40:59.668, 4, 25644, 0
2026/08/07 23:40:59.670, 5, 25642, 0
2026/08/07 23:40:59.671, 6, 25648, 0
2026/08/07 23:40:59.672, 7, 25644, 0
2026/08/07 23:40:59.993, 0, 124188, 0
2026/08/07 23:40:59.996, 1, 75030, 0
2026/08/07 23:40:59.999, 2, 75030, 0
2026/08/07 23:41:00.001, 3, 74934, 0
2026/08/07 23:41:00.002, 4, 25644, 0
2026/08/07 23:41:00.003, 5, 25642, 0
2026/08/07 23:41:00.004, 6, 25648, 0
2026/08/07 23:41:00.005, 7, 25644, 0
2026/08/07 23:41:00.327, 0, 124188, 0
2026/08/07 23:41:00.330, 1, 75030, 0
2026/08/07 23:41:00.333, 2, 75030, 0
2026/08/07 23:41:00.336, 3, 74934, 0
2026/08/07 23:41:00.338, 4, 25646, 0
2026/08/07 23:41:00.340, 5, 25644, 4
2026/08/07 23:41:00.346, 6, 25650, 4
2026/08/07 23:41:00.348, 7, 25646, 3
2026/08/07 23:41:00.763, 0, 124188, 0
2026/08/07 23:41:00.778, 1, 75030, 0
2026/08/07 23:41:00.779, 2, 75030, 0
2026/08/07 23:41:00.780, 3, 74934, 0
2026/08/07 23:41:00.791, 4, 25646, 0
2026/08/07 23:41:00.792, 5, 25644, 0
2026/08/07 23:41:00.794, 6, 25650, 0
2026/08/07 23:41:00.820, 7, 25646, 0
2026/08/07 23:41:01.150, 0, 124188, 0
2026/08/07 23:41:01.155, 1, 75030, 0
2026/08/07 23:41:01.157, 2, 75030, 0
2026/08/07 23:41:01.159, 3, 75030, 0
2026/08/07 23:41:01.160, 4, 25646, 0
2026/08/07 23:41:01.161, 5, 25644, 0
2026/08/07 23:41:01.162, 6, 25650, 0
2026/08/07 23:41:01.164, 7, 25646, 0
2026/08/07 23:41:01.494, 0, 124188, 0
2026/08/07 23:41:01.508, 1, 75030, 0
2026/08/07 23:41:01.523, 2, 75030, 0
2026/08/07 23:41:01.573, 3, 75030, 0
2026/08/07 23:41:01.582, 4, 25648, 0
2026/08/07 23:41:01.591, 5, 25646, 0
2026/08/07 23:41:01.601, 6, 25652, 0
2026/08/07 23:41:01.621, 7, 25648, 0
2026/08/07 23:41:02.012, 0, 124188, 0
2026/08/07 23:41:02.016, 1, 75030, 0
2026/08/07 23:41:02.020, 2, 75030, 0
2026/08/07 23:41:02.027, 3, 75030, 0
2026/08/07 23:41:02.030, 4, 25648, 0
2026/08/07 23:41:02.036, 5, 25646, 0
2026/08/07 23:41:02.042, 6, 25652, 0
2026/08/07 23:41:02.044, 7, 25648, 0
2026/08/07 23:41:02.418, 0, 124188, 0
2026/08/07 23:41:02.430, 1, 75030, 0
2026/08/07 23:41:02.436, 2, 75030, 0
2026/08/07 23:41:02.453, 3, 75030, 0
2026/08/07 23:41:02.479, 4, 25648, 0
2026/08/07 23:41:02.513, 5, 25648, 0
2026/08/07 23:41:02.533, 6, 25654, 0
2026/08/07 23:41:02.544, 7, 25650, 0
2026/08/07 23:41:03.052, 0, 124188, 0
2026/08/07 23:41:03.055, 1, 75030, 0
2026/08/07 23:41:03.062, 2, 75030, 0
2026/08/07 23:41:03.075, 3, 75030, 0
2026/08/07 23:41:03.080, 4, 25650, 0
2026/08/07 23:41:03.085, 5, 25650, 2
2026/08/07 23:41:03.086, 6, 25654, 0
2026/08/07 23:41:03.098, 7, 25650, 0
2026/08/07 23:41:03.476, 0, 124188, 0
2026/08/07 23:41:03.487, 1, 75030, 0
2026/08/07 23:41:03.490, 2, 75030, 0
2026/08/07 23:41:03.492, 3, 75030, 0
2026/08/07 23:41:03.494, 4, 25652, 0
2026/08/07 23:41:03.496, 5, 25650, 0
2026/08/07 23:41:03.514, 6, 25654, 0
2026/08/07 23:41:03.532, 7, 25652, 3
2026/08/07 23:41:03.917, 0, 124188, 0
2026/08/07 23:41:03.920, 1, 75030, 0
2026/08/07 23:41:03.926, 2, 75030, 0
2026/08/07 23:41:03.931, 3, 75030, 0
2026/08/07 23:41:03.935, 4, 25652, 0
2026/08/07 23:41:03.939, 5, 25652, 0
2026/08/07 23:41:03.944, 6, 25656, 0
2026/08/07 23:41:03.947, 7, 25652, 0
2026/08/07 23:41:04.286, 0, 124188, 0
2026/08/07 23:41:04.291, 1, 75030, 0
2026/08/07 23:41:04.294, 2, 75030, 0
2026/08/07 23:41:04.297, 3, 75030, 0
2026/08/07 23:41:04.299, 4, 25652, 0
2026/08/07 23:41:04.301, 5, 25652, 0
2026/08/07 23:41:04.307, 6, 25656, 0
2026/08/07 23:41:04.324, 7, 25654, 0
2026/08/07 23:41:04.713, 0, 124188, 0
2026/08/07 23:41:04.720, 1, 75030, 0
2026/08/07 23:41:04.727, 2, 75030, 0
2026/08/07 23:41:04.733, 3, 75030, 0
2026/08/07 23:41:04.738, 4, 25654, 0
2026/08/07 23:41:04.743, 5, 25654, 0
2026/08/07 23:41:04.747, 6, 25658, 0
2026/08/07 23:41:04.749, 7, 25654, 0
2026/08/07 23:41:05.176, 0, 124188, 0
2026/08/07 23:41:05.182, 1, 75030, 0
2026/08/07 23:41:05.192, 2, 75030, 0
2026/08/07 23:41:05.198, 3, 75030, 0
2026/08/07 23:41:05.202, 4, 25654, 0
2026/08/07 23:41:05.208, 5, 25654, 0
2026/08/07 23:41:05.209, 6, 25658, 0
2026/08/07 23:41:05.214, 7, 25656, 0
2026/08/07 23:41:05.623, 0, 124286, 6
2026/08/07 23:41:05.628, 1, 75030, 0
2026/08/07 23:41:05.630, 2, 75030, 0
2026/08/07 23:41:05.632, 3, 75030, 0
2026/08/07 23:41:05.634, 4, 25656, 0
2026/08/07 23:41:05.638, 5, 25654, 0
2026/08/07 23:41:05.641, 6, 25658, 0
2026/08/07 23:41:05.643, 7, 25656, 0
2026/08/07 23:41:06.180, 0, 124528, 1
2026/08/07 23:41:06.192, 1, 75272, 0
2026/08/07 23:41:06.202, 2, 75272, 1
2026/08/07 23:41:06.207, 3, 75272, 0
2026/08/07 23:41:06.388, 4, 25656, 0
2026/08/07 23:41:06.624, 5, 25656, 0
2026/08/07 23:41:06.640, 6, 25660, 0
2026/08/07 23:41:06.655, 7, 25658, 0
2026/08/07 23:41:07.447, 0, 124916, 0
2026/08/07 23:41:07.465, 1, 75660, 0
2026/08/07 23:41:07.501, 2, 75660, 0
2026/08/07 23:41:07.564, 3, 75660, 0
2026/08/07 23:41:07.571, 4, 25658, 0
2026/08/07 23:41:07.580, 5, 25658, 0
2026/08/07 23:41:07.610, 6, 25662, 0
2026/08/07 23:41:07.631, 7, 25660, 0
2026/08/07 23:41:08.139, 0, 125164, 0
2026/08/07 23:41:08.147, 1, 75908, 0
2026/08/07 23:41:08.157, 2, 75908, 0
2026/08/07 23:41:08.159, 3, 75908, 0
2026/08/07 23:41:08.165, 4, 25660, 0
2026/08/07 23:41:08.167, 5, 25660, 0
2026/08/07 23:41:08.172, 6, 25664, 3
2026/08/07 23:41:08.181, 7, 25662, 4
2026/08/07 23:41:08.575, 0, 125178, 0
2026/08/07 23:41:08.585, 1, 75922, 0
2026/08/07 23:41:08.589, 2, 75950, 0
2026/08/07 23:41:08.599, 3, 75922, 0
2026/08/07 23:41:08.608, 4, 25662, 0
2026/08/07 23:41:08.610, 5, 25660, 0
2026/08/07 23:41:08.616, 6, 25664, 0
2026/08/07 23:41:08.618, 7, 25662, 0
2026/08/07 23:41:08.997, 0, 126000, 0
2026/08/07 23:41:09.010, 1, 75950, 0
2026/08/07 23:41:09.014, 2, 75950, 0
2026/08/07 23:41:09.016, 3, 75950, 0
2026/08/07 23:41:09.024, 4, 25662, 0
2026/08/07 23:41:09.025, 5, 25662, 0
2026/08/07 23:41:09.032, 6, 25666, 0
2026/08/07 23:41:09.035, 7, 25664, 4
2026/08/07 23:41:09.415, 0, 126000, 0
2026/08/07 23:41:09.425, 1, 75950, 0
2026/08/07 23:41:09.440, 2, 75950, 0
2026/08/07 23:41:09.462, 3, 75950, 0
2026/08/07 23:41:09.472, 4, 25664, 0
2026/08/07 23:41:09.496, 5, 25662, 0
2026/08/07 23:41:09.522, 6, 25666, 0
2026/08/07 23:41:09.534, 7, 25664, 0
2026/08/07 23:41:09.892, 0, 126000, 0
2026/08/07 23:41:09.907, 1, 75950, 0
2026/08/07 23:41:09.912, 2, 75950, 0
2026/08/07 23:41:09.918, 3, 75950, 0
2026/08/07 23:41:09.922, 4, 25664, 0
2026/08/07 23:41:09.942, 5, 25662, 0
2026/08/07 23:41:09.944, 6, 25666, 0
2026/08/07 23:41:09.945, 7, 25664, 0
2026/08/07 23:41:10.260, 0, 126000, 0
2026/08/07 23:41:10.264, 1, 75950, 0
2026/08/07 23:41:10.267, 2, 75950, 0
2026/08/07 23:41:10.278, 3, 75950, 0
2026/08/07 23:41:10.286, 4, 25666, 0
2026/08/07 23:41:10.289, 5, 25664, 4
2026/08/07 23:41:10.295, 6, 25668, 0
2026/08/07 23:41:10.304, 7, 25666, 0
2026/08/07 23:41:10.656, 0, 126000, 0
2026/08/07 23:41:10.666, 1, 75950, 0
2026/08/07 23:41:10.674, 2, 75950, 0
2026/08/07 23:41:10.682, 3, 75950, 0
2026/08/07 23:41:10.685, 4, 25666, 0
2026/08/07 23:41:10.687, 5, 25664, 0
2026/08/07 23:41:10.693, 6, 25668, 0
2026/08/07 23:41:10.694, 7, 25666, 0
2026/08/07 23:41:11.013, 0, 126000, 0
2026/08/07 23:41:11.017, 1, 75950, 0
2026/08/07 23:41:11.020, 2, 75950, 0
2026/08/07 23:41:11.022, 3, 75950, 0
2026/08/07 23:41:11.024, 4, 25666, 0
2026/08/07 23:41:11.026, 5, 25664, 0
2026/08/07 23:41:11.027, 6, 25668, 0
2026/08/07 23:41:11.028, 7, 25666, 0
2026/08/07 23:41:11.387, 0, 126002, 0
2026/08/07 23:41:11.404, 1, 75950, 0
2026/08/07 23:41:11.406, 2, 75950, 0
2026/08/07 23:41:11.408, 3, 75950, 0
2026/08/07 23:41:11.409, 4, 25668, 4
2026/08/07 23:41:11.411, 5, 25666, 0
2026/08/07 23:41:11.412, 6, 25670, 0
2026/08/07 23:41:11.422, 7, 25668, 0
2026/08/07 23:41:11.773, 0, 126002, 0
2026/08/07 23:41:11.798, 1, 75950, 0
2026/08/07 23:41:11.829, 2, 75952, 0
2026/08/07 23:41:11.841, 3, 75950, 0
2026/08/07 23:41:11.859, 4, 25668, 0
2026/08/07 23:41:11.873, 5, 25666, 0
2026/08/07 23:41:11.879, 6, 25670, 0
2026/08/07 23:41:11.885, 7, 25668, 0
2026/08/07 23:41:12.210, 0, 126002, 0
2026/08/07 23:41:12.237, 1, 75952, 0
2026/08/07 23:41:12.249, 2, 75952, 0
2026/08/07 23:41:12.252, 3, 75950, 0
2026/08/07 23:41:12.254, 4, 25668, 0
2026/08/07 23:41:12.263, 5, 25668, 0
2026/08/07 23:41:12.274, 6, 25672, 0
2026/08/07 23:41:12.285, 7, 25670, 4
2026/08/07 23:41:12.661, 0, 126002, 0
2026/08/07 23:41:12.677, 1, 75952, 0
2026/08/07 23:41:12.689, 2, 75952, 0
2026/08/07 23:41:12.702, 3, 75952, 0
2026/08/07 23:41:12.710, 4, 25670, 0
2026/08/07 23:41:12.724, 5, 25668, 0
2026/08/07 23:41:12.731, 6, 25672, 0
2026/08/07 23:41:12.746, 7, 25670, 0
2026/08/07 23:41:13.117, 0, 126396, 0
2026/08/07 23:41:13.125, 1, 75952, 0
2026/08/07 23:41:13.127, 2, 75952, 0
2026/08/07 23:41:13.129, 3, 75952, 0
2026/08/07 23:41:13.130, 4, 25670, 0
2026/08/07 23:41:13.132, 5, 25668, 0
2026/08/07 23:41:13.134, 6, 25672, 0
2026/08/07 23:41:13.135, 7, 25670, 0
2026/08/07 23:41:13.465, 0, 126396, 0
2026/08/07 23:41:13.472, 1, 76832, 1
2026/08/07 23:41:13.479, 2, 75952, 0
2026/08/07 23:41:13.486, 3, 75952, 0
2026/08/07 23:41:13.493, 4, 25670, 0
2026/08/07 23:41:13.500, 5, 25670, 4
2026/08/07 23:41:13.502, 6, 25674, 0
2026/08/07 23:41:13.507, 7, 25672, 0
2026/08/07 23:41:13.919, 0, 126398, 0
2026/08/07 23:41:13.929, 1, 76832, 0
2026/08/07 23:41:13.941, 2, 75952, 0
2026/08/07 23:41:13.953, 3, 75952, 0
2026/08/07 23:41:13.965, 4, 25672, 4
2026/08/07 23:41:13.972, 5, 25670, 0
2026/08/07 23:41:13.978, 6, 25674, 0
2026/08/07 23:41:13.980, 7, 25672, 0
2026/08/07 23:41:14.377, 0, 126398, 0
2026/08/07 23:41:14.382, 1, 76832, 0
2026/08/07 23:41:14.395, 2, 76832, 0
2026/08/07 23:41:14.403, 3, 75952, 0
2026/08/07 23:41:14.406, 4, 25672, 0
2026/08/07 23:41:14.412, 5, 25672, 0
2026/08/07 23:41:14.422, 6, 25676, 0
2026/08/07 23:41:14.432, 7, 25674, 0
2026/08/07 23:41:14.789, 0, 127170, 2
2026/08/07 23:41:14.797, 1, 76832, 0
2026/08/07 23:41:14.800, 2, 76832, 0
2026/08/07 23:41:14.803, 3, 75952, 0
2026/08/07 23:41:14.809, 4, 25674, 1
2026/08/07 23:41:14.815, 5, 25672, 0
2026/08/07 23:41:14.818, 6, 25676, 0
2026/08/07 23:41:14.821, 7, 25674, 0
2026/08/07 23:41:15.171, 0, 127170, 0
2026/08/07 23:41:15.176, 1, 76832, 0
2026/08/07 23:41:15.181, 2, 76832, 0
2026/08/07 23:41:15.185, 3, 76832, 0
2026/08/07 23:41:15.189, 4, 25674, 0
2026/08/07 23:41:15.192, 5, 25674, 0
2026/08/07 23:41:15.195, 6, 25676, 0
2026/08/07 23:41:15.198, 7, 25674, 0
2026/08/07 23:41:15.552, 0, 127170, 0
2026/08/07 23:41:15.556, 1, 76832, 0
2026/08/07 23:41:15.559, 2, 76832, 0
2026/08/07 23:41:15.563, 3, 76832, 0
2026/08/07 23:41:15.568, 4, 25674, 0
2026/08/07 23:41:15.572, 5, 25674, 0
2026/08/07 23:41:15.575, 6, 25678, 4
2026/08/07 23:41:15.578, 7, 25676, 0
2026/08/07 23:41:15.932, 0, 127170, 0
2026/08/07 23:41:15.940, 1, 76832, 0
2026/08/07 23:41:15.945, 2, 76832, 0
2026/08/07 23:41:15.952, 3, 76832, 0
2026/08/07 23:41:15.958, 4, 25676, 0
2026/08/07 23:41:15.961, 5, 25674, 0
2026/08/07 23:41:15.962, 6, 25678, 0
2026/08/07 23:41:15.968, 7, 25676, 0
2026/08/07 23:41:16.382, 0, 127170, 0
2026/08/07 23:41:16.406, 1, 76832, 0
2026/08/07 23:41:16.422, 2, 76832, 0
2026/08/07 23:41:16.427, 3, 76832, 0
2026/08/07 23:41:16.437, 4, 25676, 0
2026/08/07 23:41:16.442, 5, 25676, 0
2026/08/07 23:41:16.447, 6, 25680, 0
2026/08/07 23:41:16.452, 7, 25678, 0
2026/08/07 23:41:16.804, 0, 127170, 0
2026/08/07 23:41:16.811, 1, 76832, 0
2026/08/07 23:41:16.814, 2, 76832, 0
2026/08/07 23:41:16.822, 3, 76832, 0
2026/08/07 23:41:16.833, 4, 25678, 0
2026/08/07 23:41:16.840, 5, 25676, 0
2026/08/07 23:41:16.845, 6, 25680, 0
2026/08/07 23:41:16.848, 7, 25678, 0
2026/08/07 23:41:17.173, 0, 127170, 0
2026/08/07 23:41:17.175, 1, 76832, 0
2026/08/07 23:41:17.178, 2, 76832, 0
2026/08/07 23:41:17.181, 3, 76832, 0
2026/08/07 23:41:17.186, 4, 25678, 0
2026/08/07 23:41:17.189, 5, 25678, 0
2026/08/07 23:41:17.195, 6, 25680, 0
2026/08/07 23:41:17.197, 7, 25678, 0
2026/08/07 23:41:17.539, 0, 127170, 0
2026/08/07 23:41:17.544, 1, 76832, 0
2026/08/07 23:41:17.548, 2, 76832, 0
2026/08/07 23:41:17.563, 3, 76832, 0
2026/08/07 23:41:17.566, 4, 25680, 0
2026/08/07 23:41:17.569, 5, 25678, 0
2026/08/07 23:41:17.573, 6, 25682, 4
2026/08/07 23:41:17.575, 7, 25680, 4
2026/08/07 23:41:17.950, 0, 127170, 0
2026/08/07 23:41:17.956, 1, 76832, 0
2026/08/07 23:41:17.964, 2, 76832, 0
2026/08/07 23:41:17.966, 3, 76832, 0
2026/08/07 23:41:17.979, 4, 25680, 0
2026/08/07 23:41:17.990, 5, 25678, 0
2026/08/07 23:41:17.992, 6, 25682, 0
2026/08/07 23:41:17.994, 7, 25680, 0
2026/08/07 23:41:18.500, 0, 127170, 0
2026/08/07 23:41:18.516, 1, 76834, 1
2026/08/07 23:41:18.528, 2, 76832, 0
2026/08/07 23:41:18.544, 3, 76832, 0
2026/08/07 23:41:18.565, 4, 25682, 0
2026/08/07 23:41:18.572, 5, 25680, 0
2026/08/07 23:41:18.596, 6, 25684, 0
2026/08/07 23:41:18.597, 7, 25682, 2
2026/08/07 23:41:19.056, 0, 127170, 0
2026/08/07 23:41:19.061, 1, 76834, 0
2026/08/07 23:41:19.072, 2, 76832, 0
2026/08/07 23:41:19.076, 3, 76832, 0
2026/08/07 23:41:19.081, 4, 25682, 0
2026/08/07 23:41:19.084, 5, 25682, 0
2026/08/07 23:41:19.087, 6, 25684, 0
2026/08/07 23:41:19.089, 7, 25682, 0
2026/08/07 23:41:19.473, 0, 127170, 0
2026/08/07 23:41:19.478, 1, 76834, 0
2026/08/07 23:41:19.488, 2, 76832, 0
2026/08/07 23:41:19.490, 3, 76834, 0
2026/08/07 23:41:19.492, 4, 25684, 0
2026/08/07 23:41:19.494, 5, 25682, 0
2026/08/07 23:41:19.496, 6, 25686, 4
2026/08/07 23:41:19.502, 7, 25684, 3
2026/08/07 23:41:19.890, 0, 127170, 0
2026/08/07 23:41:19.896, 1, 76836, 0
2026/08/07 23:41:19.910, 2, 76834, 0
2026/08/07 23:41:19.922, 3, 76834, 0
2026/08/07 23:41:19.937, 4, 25684, 0
2026/08/07 23:41:19.942, 5, 25684, 0
2026/08/07 23:41:19.949, 6, 25686, 0
2026/08/07 23:41:19.957, 7, 25684, 0
2026/08/07 23:41:20.379, 0, 127170, 0
2026/08/07 23:41:20.394, 1, 77230, 0
2026/08/07 23:41:20.412, 2, 76834, 0
2026/08/07 23:41:20.434, 3, 76834, 0
2026/08/07 23:41:20.448, 4, 25686, 3
2026/08/07 23:41:20.459, 5, 25684, 0
2026/08/07 23:41:20.461, 6, 25688, 0
2026/08/07 23:41:20.467, 7, 25686, 4
2026/08/07 23:41:20.934, 0, 127170, 0
2026/08/07 23:41:20.940, 1, 78002, 0
2026/08/07 23:41:20.957, 2, 76834, 0
2026/08/07 23:41:20.959, 3, 77230, 0
2026/08/07 23:41:20.960, 4, 25686, 0
2026/08/07 23:41:20.961, 5, 25684, 0
2026/08/07 23:41:20.962, 6, 25688, 0
2026/08/07 23:41:20.963, 7, 25686, 0
2026/08/07 23:41:21.333, 0, 127170, 0
2026/08/07 23:41:21.350, 1, 78002, 0
2026/08/07 23:41:21.361, 2, 76836, 0
2026/08/07 23:41:21.371, 3, 77618, 0
2026/08/07 23:41:21.377, 4, 25688, 0
2026/08/07 23:41:21.382, 5, 25686, 0
2026/08/07 23:41:21.387, 6, 26922, 9
2026/08/07 23:41:21.392, 7, 25688, 0
2026/08/07 23:41:21.756, 0, 127170, 0
2026/08/07 23:41:21.764, 1, 78002, 0
2026/08/07 23:41:21.787, 2, 77230, 0
2026/08/07 23:41:21.791, 3, 78002, 4
2026/08/07 23:41:21.793, 4, 25688, 0
2026/08/07 23:41:21.795, 5, 25688, 0
2026/08/07 23:41:21.797, 6, 26922, 0
2026/08/07 23:41:21.799, 7, 25688, 0
2026/08/07 23:41:22.137, 0, 127170, 0
2026/08/07 23:41:22.142, 1, 78002, 0
2026/08/07 23:41:22.146, 2, 78002, 1
2026/08/07 23:41:22.150, 3, 78002, 0
2026/08/07 23:41:22.153, 4, 26922, 0
2026/08/07 23:41:22.155, 5, 25688, 0
2026/08/07 23:41:22.156, 6, 26922, 0
2026/08/07 23:41:22.157, 7, 26922, 4
2026/08/07 23:41:22.461, 0, 127170, 0
2026/08/07 23:41:22.466, 1, 78002, 0
2026/08/07 23:41:22.470, 2, 78002, 0
2026/08/07 23:41:22.471, 3, 78002, 0
2026/08/07 23:41:22.473, 4, 26922, 0
2026/08/07 23:41:22.474, 5, 26922, 0
2026/08/07 23:41:22.476, 6, 26922, 0
2026/08/07 23:41:22.477, 7, 26922, 0
2026/08/07 23:41:22.780, 0, 127170, 0
2026/08/07 23:41:22.784, 1, 78002, 0
2026/08/07 23:41:22.789, 2, 78002, 0
2026/08/07 23:41:22.792, 3, 78002, 0
2026/08/07 23:41:22.794, 4, 26922, 0
2026/08/07 23:41:22.795, 5, 26922, 0
2026/08/07 23:41:22.796, 6, 26922, 0
2026/08/07 23:41:22.797, 7, 26922, 0
2026/08/07 23:41:23.118, 0, 127170, 0
2026/08/07 23:41:23.122, 1, 78002, 2
2026/08/07 23:41:23.127, 2, 78002, 0
2026/08/07 23:41:23.132, 3, 78002, 14
2026/08/07 23:41:23.137, 4, 26922, 0
2026/08/07 23:41:23.141, 5, 26922, 0
2026/08/07 23:41:23.143, 6, 26922, 0
2026/08/07 23:41:23.146, 7, 26922, 0
2026/08/07 23:41:23.477, 0, 127170, 0
2026/08/07 23:41:23.490, 1, 78002, 0
2026/08/07 23:41:23.498, 2, 78002, 0
2026/08/07 23:41:23.503, 3, 78002, 0
2026/08/07 23:41:23.505, 4, 26922, 0
2026/08/07 23:41:23.510, 5, 26922, 0
2026/08/07 23:41:23.513, 6, 26922, 0
2026/08/07 23:41:23.515, 7, 26922, 0
2026/08/07 23:41:23.823, 0, 127170, 0
2026/08/07 23:41:23.827, 1, 78002, 0
2026/08/07 23:41:23.832, 2, 78002, 0
2026/08/07 23:41:23.836, 3, 78002, 0
2026/08/07 23:41:23.843, 4, 26922, 0
2026/08/07 23:41:23.851, 5, 26922, 0
2026/08/07 23:41:23.853, 6, 26922, 0
2026/08/07 23:41:23.855, 7, 26922, 0
2026/08/07 23:41:24.166, 0, 127170, 0
2026/08/07 23:41:24.170, 1, 78002, 0
2026/08/07 23:41:24.177, 2, 78002, 0
2026/08/07 23:41:24.184, 3, 78002, 0
2026/08/07 23:41:24.188, 4, 26922, 0
2026/08/07 23:41:24.191, 5, 26922, 0
2026/08/07 23:41:24.193, 6, 26922, 0
2026/08/07 23:41:24.195, 7, 26922, 0
2026/08/07 23:41:24.742, 0, 127170, 0
2026/08/07 23:41:24.747, 1, 78002, 0
2026/08/07 23:41:24.756, 2, 78002, 0
2026/08/07 23:41:24.762, 3, 78002, 0
2026/08/07 23:41:24.764, 4, 27018, 0
2026/08/07 23:41:24.767, 5, 27020, 0
2026/08/07 23:41:24.773, 6, 27024, 0
2026/08/07 23:41:24.778, 7, 27038, 0
2026/08/07 23:41:25.323, 0, 127288, 0
2026/08/07 23:41:25.342, 1, 78144, 0
2026/08/07 23:41:25.359, 2, 78130, 14
2026/08/07 23:41:25.366, 3, 78132, 0
2026/08/07 23:41:25.371, 4, 27648, 0
2026/08/07 23:41:25.379, 5, 27648, 0
2026/08/07 23:41:25.389, 6, 27648, 0
2026/08/07 23:41:25.396, 7, 27648, 0
2026/08/07 23:41:25.870, 0, 128520, 0
2026/08/07 23:41:25.887, 1, 79388, 0
2026/08/07 23:41:25.897, 2, 79378, 0
2026/08/07 23:41:25.903, 3, 79390, 0
2026/08/07 23:41:25.907, 4, 27648, 0
2026/08/07 23:41:25.920, 5, 27648, 0
2026/08/07 23:41:25.923, 6, 27648, 0
2026/08/07 23:41:25.928, 7, 27648, 0
2026/08/07 23:41:26.385, 0, 128568, 0
2026/08/07 23:41:26.394, 1, 79400, 0
2026/08/07 23:41:26.405, 2, 79400, 0
2026/08/07 23:41:26.410, 3, 79400, 0
2026/08/07 23:41:26.417, 4, 27974, 5
2026/08/07 23:41:26.430, 5, 27974, 5
2026/08/07 23:41:26.434, 6, 27974, 5
2026/08/07 23:41:26.439, 7, 27974, 4
2026/08/07 23:41:26.871, 0, 128568, 0
2026/08/07 23:41:26.877, 1, 79400, 0
2026/08/07 23:41:26.884, 2, 79400, 0
2026/08/07 23:41:26.903, 3, 79400, 0
2026/08/07 23:41:26.911, 4, 22370, 1
2026/08/07 23:41:26.914, 5, 22370, 0
2026/08/07 23:41:26.921, 6, 22370, 0
2026/08/07 23:41:26.926, 7, 22370, 0
2026/08/07 23:41:27.336, 0, 128568, 0
2026/08/07 23:41:27.349, 1, 79400, 0
2026/08/07 23:41:27.359, 2, 79400, 0
2026/08/07 23:41:27.365, 3, 79400, 0
2026/08/07 23:41:27.373, 4, 22370, 0
2026/08/07 23:41:27.380, 5, 22370, 0
2026/08/07 23:41:27.390, 6, 22370, 0
2026/08/07 23:41:27.397, 7, 22370, 0
2026/08/07 23:41:27.821, 0, 128568, 0
2026/08/07 23:41:27.830, 1, 79400, 0
2026/08/07 23:41:27.842, 2, 79400, 0
2026/08/07 23:41:27.852, 3, 79400, 0
2026/08/07 23:41:27.863, 4, 22440, 0
2026/08/07 23:41:27.871, 5, 22440, 0
2026/08/07 23:41:27.882, 6, 22440, 0
2026/08/07 23:41:27.889, 7, 22440, 0
2026/08/07 23:41:28.217, 0, 129266, 0
2026/08/07 23:41:28.223, 1, 80098, 0
2026/08/07 23:41:28.228, 2, 80098, 0
2026/08/07 23:41:28.232, 3, 80098, 0
2026/08/07 23:41:28.239, 4, 22440, 0
2026/08/07 23:41:28.241, 5, 22440, 0
2026/08/07 23:41:28.250, 6, 22440, 0
2026/08/07 23:41:28.255, 7, 22440, 0
2026/08/07 23:41:28.574, 0, 129266, 33
2026/08/07 23:41:28.580, 1, 80098, 22
2026/08/07 23:41:28.590, 2, 80100, 48
2026/08/07 23:41:28.595, 3, 80100, 71
2026/08/07 23:41:28.604, 4, 22440, 0
2026/08/07 23:41:28.612, 5, 22440, 0
2026/08/07 23:41:28.620, 6, 22440, 0
2026/08/07 23:41:28.628, 7, 22440, 0
2026/08/07 23:41:28.983, 0, 129266, 100
2026/08/07 23:41:28.989, 1, 80098, 0
2026/08/07 23:41:28.994, 2, 80100, 0
2026/08/07 23:41:29.000, 3, 80230, 0
2026/08/07 23:41:29.003, 4, 22440, 0
2026/08/07 23:41:29.012, 5, 22440, 0
2026/08/07 23:41:29.017, 6, 22442, 0
2026/08/07 23:41:29.025, 7, 22448, 0
2026/08/07 23:41:29.365, 0, 129526, 100
2026/08/07 23:41:29.370, 1, 80358, 0
2026/08/07 23:41:29.376, 2, 80360, 0
2026/08/07 23:41:29.379, 3, 80360, 0
2026/08/07 23:41:29.383, 4, 22448, 0
2026/08/07 23:41:29.384, 5, 22448, 0
2026/08/07 23:41:29.386, 6, 22448, 0
2026/08/07 23:41:29.388, 7, 22448, 0
2026/08/07 23:41:29.713, 0, 129526, 98
2026/08/07 23:41:29.718, 1, 80358, 98
2026/08/07 23:41:29.724, 2, 80360, 98
2026/08/07 23:41:29.728, 3, 80360, 98
2026/08/07 23:41:29.731, 4, 22448, 0
2026/08/07 23:41:29.738, 5, 22448, 28
2026/08/07 23:41:29.746, 6, 22448, 24
2026/08/07 23:41:29.748, 7, 22448, 0
2026/08/07 23:41:30.197, 0, 129530, 98
2026/08/07 23:41:30.205, 1, 80364, 98
2026/08/07 23:41:30.211, 2, 80376, 98
2026/08/07 23:41:30.219, 3, 80392, 98
2026/08/07 23:41:30.224, 4, 22448, 6
2026/08/07 23:41:30.229, 5, 22448, 5
2026/08/07 23:41:30.232, 6, 22448, 5
2026/08/07 23:41:30.235, 7, 22448, 5
2026/08/07 23:41:30.630, 0, 130158, 0
2026/08/07 23:41:30.639, 1, 80990, 0
2026/08/07 23:41:30.647, 2, 80992, 0
2026/08/07 23:41:30.654, 3, 80992, 0
2026/08/07 23:41:30.659, 4, 22448, 5
2026/08/07 23:41:30.664, 5, 22448, 6
2026/08/07 23:41:30.671, 6, 22448, 6
2026/08/07 23:41:30.676, 7, 22448, 5
2026/08/07 23:41:31.025, 0, 132486, 3
2026/08/07 23:41:31.032, 1, 83320, 3
2026/08/07 23:41:31.038, 2, 83320, 3
2026/08/07 23:41:31.043, 3, 83320, 3
2026/08/07 23:41:31.048, 4, 22448, 6
2026/08/07 23:41:31.051, 5, 22448, 6
2026/08/07 23:41:31.055, 6, 22448, 6
2026/08/07 23:41:31.058, 7, 22448, 5
2026/08/07 23:41:31.406, 0, 132486, 1
2026/08/07 23:41:31.412, 1, 83328, 0
2026/08/07 23:41:31.423, 2, 83328, 1
2026/08/07 23:41:31.432, 3, 83328, 1
2026/08/07 23:41:31.440, 4, 22448, 6
2026/08/07 23:41:31.446, 5, 22448, 6
2026/08/07 23:41:31.450, 6, 22448, 6
2026/08/07 23:41:31.454, 7, 22448, 5
2026/08/07 23:41:31.801, 0, 132486, 0
2026/08/07 23:41:31.807, 1, 83328, 0
2026/08/07 23:41:31.813, 2, 83328, 0
2026/08/07 23:41:31.817, 3, 83328, 0
2026/08/07 23:41:31.820, 4, 22448, 6
2026/08/07 23:41:31.828, 5, 22448, 6
2026/08/07 23:41:31.831, 6, 22448, 6
2026/08/07 23:41:31.834, 7, 22448, 5
2026/08/07 23:41:32.173, 0, 132486, 0
2026/08/07 23:41:32.179, 1, 83328, 0
2026/08/07 23:41:32.190, 2, 83328, 0
2026/08/07 23:41:32.199, 3, 83328, 0
2026/08/07 23:41:32.206, 4, 22448, 6
2026/08/07 23:41:32.211, 5, 22448, 6
2026/08/07 23:41:32.215, 6, 22448, 6
2026/08/07 23:41:32.218, 7, 22448, 5
2026/08/07 23:41:32.541, 0, 132486, 0
2026/08/07 23:41:32.547, 1, 83328, 0
2026/08/07 23:41:32.557, 2, 83328, 0
2026/08/07 23:41:32.565, 3, 83328, 0
2026/08/07 23:41:32.571, 4, 14648, 6
2026/08/07 23:41:32.575, 5, 14648, 6
2026/08/07 23:41:32.578, 6, 14648, 6
2026/08/07 23:41:32.581, 7, 22448, 5
2026/08/07 23:41:32.950, 0, 132486, 0
2026/08/07 23:41:32.967, 1, 83328, 0
2026/08/07 23:41:32.979, 2, 83328, 0
2026/08/07 23:41:32.986, 3, 83328, 0
2026/08/07 23:41:32.999, 4, 15278, 0
2026/08/07 23:41:33.007, 5, 15278, 0
2026/08/07 23:41:33.016, 6, 15278, 0
2026/08/07 23:41:33.023, 7, 15278, 0
2026/08/07 23:41:33.429, 0, 132486, 0
2026/08/07 23:41:33.440, 1, 83328, 0
2026/08/07 23:41:33.450, 2, 83328, 0
2026/08/07 23:41:33.456, 3, 83328, 0
2026/08/07 23:41:33.468, 4, 15278, 0
2026/08/07 23:41:33.476, 5, 15278, 0
2026/08/07 23:41:33.481, 6, 15278, 0
2026/08/07 23:41:33.489, 7, 15278, 0
2026/08/07 23:41:33.892, 0, 132486, 0
2026/08/07 23:41:33.921, 1, 83328, 0
2026/08/07 23:41:33.943, 2, 83328, 0
2026/08/07 23:41:33.968, 3, 83328, 0
2026/08/07 23:41:34.004, 4, 15278, 0
2026/08/07 23:41:34.033, 5, 15278, 0
2026/08/07 23:41:34.066, 6, 15278, 0
2026/08/07 23:41:34.089, 7, 15278, 0
2026/08/07 23:41:34.620, 0, 132486, 0
2026/08/07 23:41:34.627, 1, 83328, 0
2026/08/07 23:41:34.635, 2, 83328, 0
2026/08/07 23:41:34.643, 3, 83328, 0
2026/08/07 23:41:34.649, 4, 16142, 0
2026/08/07 23:41:34.654, 5, 16142, 3
2026/08/07 23:41:34.659, 6, 16142, 2
2026/08/07 23:41:34.663, 7, 16142, 2
2026/08/07 23:41:34.966, 0, 132486, 0
2026/08/07 23:41:34.972, 1, 83328, 0
2026/08/07 23:41:34.978, 2, 83328, 0
2026/08/07 23:41:34.983, 3, 83328, 0
2026/08/07 23:41:34.987, 4, 16162, 0
2026/08/07 23:41:34.990, 5, 16162, 0
2026/08/07 23:41:34.993, 6, 16162, 0
2026/08/07 23:41:34.995, 7, 16162, 0
2026/08/07 23:41:35.290, 0, 132486, 0
2026/08/07 23:41:35.295, 1, 83328, 0
2026/08/07 23:41:35.300, 2, 83328, 0
2026/08/07 23:41:35.305, 3, 83328, 0
2026/08/07 23:41:35.309, 4, 16162, 0
2026/08/07 23:41:35.312, 5, 16162, 0
2026/08/07 23:41:35.315, 6, 16162, 0
2026/08/07 23:41:35.317, 7, 16162, 0
2026/08/07 23:41:35.613, 0, 132486, 0
2026/08/07 23:41:35.619, 1, 83328, 0
2026/08/07 23:41:35.624, 2, 83328, 0
2026/08/07 23:41:35.629, 3, 83328, 0
2026/08/07 23:41:35.634, 4, 16206, 0
2026/08/07 23:41:35.638, 5, 16206, 0
2026/08/07 23:41:35.641, 6, 16206, 0
2026/08/07 23:41:35.645, 7, 16206, 0
2026/08/07 23:41:35.949, 0, 132486, 0
2026/08/07 23:41:35.955, 1, 83328, 0
2026/08/07 23:41:35.960, 2, 83328, 0
2026/08/07 23:41:35.964, 3, 83328, 0
2026/08/07 23:41:35.969, 4, 16206, 0
2026/08/07 23:41:35.973, 5, 16206, 0
2026/08/07 23:41:35.977, 6, 16206, 0
2026/08/07 23:41:35.980, 7, 16206, 0
2026/08/07 23:41:36.281, 0, 132486, 0
2026/08/07 23:41:36.287, 1, 83328, 0
2026/08/07 23:41:36.292, 2, 83328, 0
2026/08/07 23:41:36.298, 3, 83328, 0
2026/08/07 23:41:36.302, 4, 16206, 0
2026/08/07 23:41:36.307, 5, 16206, 0
2026/08/07 23:41:36.311, 6, 16206, 0
2026/08/07 23:41:36.316, 7, 16206, 0
2026/08/07 23:41:36.642, 0, 132486, 0
2026/08/07 23:41:36.648, 1, 83328, 0
2026/08/07 23:41:36.654, 2, 83328, 0
2026/08/07 23:41:36.660, 3, 83328, 0
2026/08/07 23:41:36.664, 4, 16206, 0
2026/08/07 23:41:36.668, 5, 16206, 0
2026/08/07 23:41:36.673, 6, 17018, 0
2026/08/07 23:41:36.677, 7, 16206, 0
2026/08/07 23:41:36.995, 0, 132486, 0
2026/08/07 23:41:37.004, 1, 83328, 0
2026/08/07 23:41:37.012, 2, 83328, 0
2026/08/07 23:41:37.021, 3, 83328, 0
2026/08/07 23:41:37.031, 4, 17018, 0
2026/08/07 23:41:37.041, 5, 17018, 0
2026/08/07 23:41:37.049, 6, 17018, 22
2026/08/07 23:41:37.055, 7, 17018, 0
2026/08/07 23:41:37.406, 0, 132486, 0
2026/08/07 23:41:37.412, 1, 83328, 0
2026/08/07 23:41:37.417, 2, 83328, 0
2026/08/07 23:41:37.422, 3, 83328, 0
2026/08/07 23:41:37.427, 4, 17018, 11
2026/08/07 23:41:37.451, 5, 17018, 0
2026/08/07 23:41:37.456, 6, 17018, 0
2026/08/07 23:41:37.460, 7, 17018, 0
2026/08/07 23:41:37.769, 0, 132486, 0
2026/08/07 23:41:37.775, 1, 83328, 0
2026/08/07 23:41:37.799, 2, 83328, 0
2026/08/07 23:41:37.804, 3, 83328, 0
2026/08/07 23:41:37.808, 4, 17018, 0
2026/08/07 23:41:37.812, 5, 17018, 0
2026/08/07 23:41:37.814, 6, 17018, 0
2026/08/07 23:41:37.817, 7, 17018, 0
2026/08/07 23:41:38.116, 0, 132486, 0
2026/08/07 23:41:38.136, 1, 83328, 0
2026/08/07 23:41:38.142, 2, 83328, 0
2026/08/07 23:41:38.147, 3, 83328, 0
2026/08/07 23:41:38.152, 4, 17018, 0
2026/08/07 23:41:38.155, 5, 17018, 0
2026/08/07 23:41:38.158, 6, 17018, 0
2026/08/07 23:41:38.161, 7, 17018, 0
2026/08/07 23:41:38.473, 0, 132486, 0
2026/08/07 23:41:38.479, 1, 83328, 0
2026/08/07 23:41:38.485, 2, 83328, 0
2026/08/07 23:41:38.490, 3, 83328, 0
2026/08/07 23:41:38.495, 4, 17018, 0
2026/08/07 23:41:38.499, 5, 17018, 0
2026/08/07 23:41:38.502, 6, 17018, 0
2026/08/07 23:41:38.505, 7, 17018, 0
2026/08/07 23:41:38.806, 0, 132486, 0
2026/08/07 23:41:38.813, 1, 83328, 0
2026/08/07 23:41:38.818, 2, 83328, 0
2026/08/07 23:41:38.824, 3, 83332, 0
2026/08/07 23:41:38.841, 4, 17018, 0
2026/08/07 23:41:38.854, 5, 17018, 0
2026/08/07 23:41:38.859, 6, 17018, 0
2026/08/07 23:41:38.862, 7, 17018, 0
2026/08/07 23:41:39.168, 0, 132492, 1
2026/08/07 23:41:39.175, 1, 83334, 1
2026/08/07 23:41:39.204, 2, 83334, 1
2026/08/07 23:41:39.210, 3, 83334, 0
2026/08/07 23:41:39.215, 4, 17018, 0
2026/08/07 23:41:39.219, 5, 17018, 0
2026/08/07 23:41:39.222, 6, 17018, 0
2026/08/07 23:41:39.225, 7, 17018, 0
2026/08/07 23:41:39.530, 0, 132494, 0
2026/08/07 23:41:39.572, 1, 84800, 100
2026/08/07 23:41:39.579, 2, 84800, 100
2026/08/07 23:41:39.585, 3, 84800, 100
2026/08/07 23:41:39.592, 4, 17018, 0
2026/08/07 23:41:39.597, 5, 17018, 0
2026/08/07 23:41:39.601, 6, 17018, 0
2026/08/07 23:41:39.605, 7, 17018, 0
2026/08/07 23:41:40.011, 0, 133960, 100
2026/08/07 23:41:40.021, 1, 84800, 100
2026/08/07 23:41:40.028, 2, 84800, 100
2026/08/07 23:41:40.035, 3, 84800, 100
2026/08/07 23:41:40.040, 4, 17576, 0
2026/08/07 23:41:40.043, 5, 17566, 1
2026/08/07 23:41:40.054, 6, 17592, 1
2026/08/07 23:41:40.069, 7, 17600, 0
2026/08/07 23:41:40.452, 0, 133960, 100
2026/08/07 23:41:40.463, 1, 84800, 100
2026/08/07 23:41:40.471, 2, 84800, 100
2026/08/07 23:41:40.480, 3, 84800, 100
2026/08/07 23:41:40.488, 4, 18418, 0
2026/08/07 23:41:40.492, 5, 18418, 0
2026/08/07 23:41:40.529, 6, 18418, 0
2026/08/07 23:41:40.534, 7, 18418, 0
2026/08/07 23:41:40.947, 0, 136900, 91
2026/08/07 23:41:40.963, 1, 87740, 86
2026/08/07 23:41:40.986, 2, 87740, 74
2026/08/07 23:41:40.999, 3, 87740, 26
2026/08/07 23:41:41.015, 4, 18418, 0
2026/08/07 23:41:41.026, 5, 18418, 0
2026/08/07 23:41:41.033, 6, 18418, 0
2026/08/07 23:41:41.063, 7, 18418, 0
2026/08/07 23:41:41.472, 0, 136900, 0
2026/08/07 23:41:41.482, 1, 87740, 0
2026/08/07 23:41:41.491, 2, 87740, 0
2026/08/07 23:41:41.505, 3, 87740, 3
2026/08/07 23:41:41.511, 4, 18418, 0
2026/08/07 23:41:41.518, 5, 18418, 0
2026/08/07 23:41:41.526, 6, 18418, 0
2026/08/07 23:41:41.552, 7, 18418, 0
2026/08/07 23:41:41.925, 0, 136900, 0
2026/08/07 23:41:41.937, 1, 87740, 0
2026/08/07 23:41:41.945, 2, 87740, 0
2026/08/07 23:41:41.955, 3, 87740, 2
2026/08/07 23:41:41.963, 4, 18418, 0
2026/08/07 23:41:41.968, 5, 18418, 0
2026/08/07 23:41:41.975, 6, 18418, 0
2026/08/07 23:41:41.981, 7, 18418, 0
2026/08/07 23:41:42.377, 0, 136904, 0
2026/08/07 23:41:42.384, 1, 87740, 0
2026/08/07 23:41:42.390, 2, 87740, 0
2026/08/07 23:41:42.395, 3, 87740, 0
2026/08/07 23:41:42.401, 4, 18730, 0
2026/08/07 23:41:42.406, 5, 18730, 2
2026/08/07 23:41:42.411, 6, 18730, 1
2026/08/07 23:41:42.416, 7, 18730, 0
2026/08/07 23:41:42.764, 0, 136904, 0
2026/08/07 23:41:42.771, 1, 87740, 0
2026/08/07 23:41:42.779, 2, 87740, 0
2026/08/07 23:41:42.785, 3, 87740, 0
2026/08/07 23:41:42.790, 4, 19128, 0
2026/08/07 23:41:42.795, 5, 19128, 0
2026/08/07 23:41:42.799, 6, 19128, 0
2026/08/07 23:41:42.803, 7, 19128, 0
2026/08/07 23:41:43.125, 0, 136904, 0
2026/08/07 23:41:43.144, 1, 87740, 0
2026/08/07 23:41:43.153, 2, 87740, 0
2026/08/07 23:41:43.162, 3, 87740, 0
2026/08/07 23:41:43.173, 4, 19128, 0
2026/08/07 23:41:43.180, 5, 19128, 0
2026/08/07 23:41:43.188, 6, 19128, 0
2026/08/07 23:41:43.197, 7, 19128, 0
2026/08/07 23:41:43.520, 0, 136904, 0
2026/08/07 23:41:43.527, 1, 87740, 0
2026/08/07 23:41:43.533, 2, 87740, 0
2026/08/07 23:41:43.539, 3, 87740, 0
2026/08/07 23:41:43.543, 4, 19392, 0
2026/08/07 23:41:43.546, 5, 19128, 43
2026/08/07 23:41:43.548, 6, 19128, 0
2026/08/07 23:41:43.552, 7, 19128, 47
2026/08/07 23:41:43.857, 0, 136904, 98
2026/08/07 23:41:43.864, 1, 87740, 98
2026/08/07 23:41:43.870, 2, 87740, 98
2026/08/07 23:41:43.876, 3, 87740, 98
2026/08/07 23:41:43.879, 4, 19392, 100
2026/08/07 23:41:43.882, 5, 19128, 0
2026/08/07 23:41:43.884, 6, 19128, 11
2026/08/07 23:41:43.887, 7, 19128, 0
2026/08/07 23:41:44.193, 0, 136904, 98
2026/08/07 23:41:44.200, 1, 87740, 98
2026/08/07 23:41:44.206, 2, 87740, 98
2026/08/07 23:41:44.212, 3, 87740, 98
2026/08/07 23:41:44.218, 4, 19392, 100
2026/08/07 23:41:44.223, 5, 19392, 100
2026/08/07 23:41:44.227, 6, 19128, 0
2026/08/07 23:41:44.230, 7, 19392, 100
2026/08/07 23:41:44.531, 0, 136906, 80
2026/08/07 23:41:44.538, 1, 87740, 76
2026/08/07 23:41:44.543, 2, 87740, 63
2026/08/07 23:41:44.549, 3, 87740, 18
2026/08/07 23:41:44.554, 4, 19392, 100
2026/08/07 23:41:44.558, 5, 19392, 0
2026/08/07 23:41:44.562, 6, 19392, 0
2026/08/07 23:41:44.565, 7, 19392, 0
2026/08/07 23:41:44.872, 0, 136906, 0
2026/08/07 23:41:44.878, 1, 87740, 0
2026/08/07 23:41:44.885, 2, 87740, 0
2026/08/07 23:41:44.891, 3, 87740, 0
2026/08/07 23:41:44.896, 4, 19392, 100
2026/08/07 23:41:44.901, 5, 19392, 100
2026/08/07 23:41:44.907, 6, 19392, 7
2026/08/07 23:41:44.914, 7, 19392, 100
2026/08/07 23:41:45.345, 0, 136906, 100
2026/08/07 23:41:45.351, 1, 87740, 0
2026/08/07 23:41:45.360, 2, 87740, 0
2026/08/07 23:41:45.368, 3, 87740, 0
2026/08/07 23:41:45.373, 4, 19392, 100
2026/08/07 23:41:45.381, 5, 19392, 100
2026/08/07 23:41:45.387, 6, 19392, 100
2026/08/07 23:41:45.395, 7, 19392, 100
2026/08/07 23:41:45.775, 0, 136906, 100
2026/08/07 23:41:45.782, 1, 87740, 100
2026/08/07 23:41:45.789, 2, 87740, 47
2026/08/07 23:41:45.795, 3, 87740, 94
2026/08/07 23:41:45.800, 4, 19392, 100
2026/08/07 23:41:45.804, 5, 19392, 100
2026/08/07 23:41:45.809, 6, 19392, 100
2026/08/07 23:41:45.814, 7, 19392, 100
2026/08/07 23:41:46.182, 0, 136906, 98
2026/08/07 23:41:46.190, 1, 87740, 98
2026/08/07 23:41:46.197, 2, 87740, 98
2026/08/07 23:41:46.204, 3, 87740, 98
2026/08/07 23:41:46.211, 4, 19968, 0
2026/08/07 23:41:46.216, 5, 19984, 1
2026/08/07 23:41:46.221, 6, 19986, 1
2026/08/07 23:41:46.227, 7, 19992, 1
2026/08/07 23:41:46.664, 0, 136906, 98
2026/08/07 23:41:46.674, 1, 87740, 98
2026/08/07 23:41:46.684, 2, 87740, 98
2026/08/07 23:41:46.692, 3, 87740, 98
2026/08/07 23:41:46.698, 4, 20022, 0
2026/08/07 23:41:46.706, 5, 20022, 0
2026/08/07 23:41:46.712, 6, 20022, 0
2026/08/07 23:41:46.719, 7, 20022, 0
2026/08/07 23:41:47.053, 0, 136906, 98
2026/08/07 23:41:47.060, 1, 87740, 98
2026/08/07 23:41:47.066, 2, 87740, 98
2026/08/07 23:41:47.072, 3, 87740, 98
2026/08/07 23:41:47.077, 4, 22384, 1
2026/08/07 23:41:47.081, 5, 22384, 0
2026/08/07 23:41:47.085, 6, 22384, 1
2026/08/07 23:41:47.088, 7, 22384, 1
2026/08/07 23:41:47.432, 0, 136906, 98
2026/08/07 23:41:47.439, 1, 87740, 98
2026/08/07 23:41:47.445, 2, 87740, 98
2026/08/07 23:41:47.451, 3, 87740, 98
2026/08/07 23:41:47.456, 4, 22390, 0
2026/08/07 23:41:47.460, 5, 22390, 1
2026/08/07 23:41:47.464, 6, 22390, 1
2026/08/07 23:41:47.467, 7, 22390, 1
2026/08/07 23:41:47.833, 0, 136906, 98
2026/08/07 23:41:47.840, 1, 87740, 98
2026/08/07 23:41:47.846, 2, 87740, 98
2026/08/07 23:41:47.852, 3, 87740, 98
2026/08/07 23:41:47.857, 4, 22390, 0
2026/08/07 23:41:47.861, 5, 22390, 0
2026/08/07 23:41:47.866, 6, 22390, 0
2026/08/07 23:41:47.869, 7, 22390, 0
2026/08/07 23:41:48.248, 0, 136906, 98
2026/08/07 23:41:48.264, 1, 87742, 98
2026/08/07 23:41:48.277, 2, 87742, 98
2026/08/07 23:41:48.290, 3, 87742, 98
2026/08/07 23:41:48.299, 4, 23856, 98
2026/08/07 23:41:48.306, 5, 23856, 100
2026/08/07 23:41:48.312, 6, 23856, 100
2026/08/07 23:41:48.316, 7, 23856, 100
2026/08/07 23:41:48.683, 0, 136906, 97
2026/08/07 23:41:48.691, 1, 87742, 98
2026/08/07 23:41:48.698, 2, 87742, 98
2026/08/07 23:41:48.704, 3, 87742, 97
2026/08/07 23:41:48.709, 4, 23856, 100
2026/08/07 23:41:48.714, 5, 23856, 100
2026/08/07 23:41:48.719, 6, 23856, 100
2026/08/07 23:41:48.724, 7, 23856, 100
2026/08/07 23:41:49.091, 0, 136906, 98
2026/08/07 23:41:49.099, 1, 87742, 98
2026/08/07 23:41:49.106, 2, 87742, 98
2026/08/07 23:41:49.114, 3, 87742, 98
2026/08/07 23:41:49.120, 4, 26790, 100
2026/08/07 23:41:49.124, 5, 26792, 100
2026/08/07 23:41:49.128, 6, 26792, 100
2026/08/07 23:41:49.131, 7, 26792, 100
2026/08/07 23:41:49.480, 0, 136906, 98
2026/08/07 23:41:49.487, 1, 87742, 98
2026/08/07 23:41:49.494, 2, 87742, 98
2026/08/07 23:41:49.500, 3, 87742, 98
2026/08/07 23:41:49.506, 4, 26796, 8
2026/08/07 23:41:49.511, 5, 26796, 0
2026/08/07 23:41:49.516, 6, 26796, 5
2026/08/07 23:41:49.520, 7, 26796, 4
2026/08/07 23:41:49.930, 0, 136906, 98
2026/08/07 23:41:49.945, 1, 87742, 98
2026/08/07 23:41:49.958, 2, 87742, 98
2026/08/07 23:41:49.964, 3, 87742, 98
2026/08/07 23:41:49.970, 4, 26800, 0
2026/08/07 23:41:49.974, 5, 26796, 0
2026/08/07 23:41:49.977, 6, 26796, 0
2026/08/07 23:41:49.980, 7, 26796, 0
2026/08/07 23:41:50.289, 0, 136906, 98
2026/08/07 23:41:50.296, 1, 87742, 98
2026/08/07 23:41:50.302, 2, 87742, 98
2026/08/07 23:41:50.308, 3, 87742, 98
2026/08/07 23:41:50.314, 4, 26800, 0
2026/08/07 23:41:50.318, 5, 26796, 0
2026/08/07 23:41:50.322, 6, 26796, 0
2026/08/07 23:41:50.325, 7, 26796, 0
2026/08/07 23:41:50.636, 0, 136906, 98
2026/08/07 23:41:50.644, 1, 87742, 98
2026/08/07 23:41:50.651, 2, 87742, 98
2026/08/07 23:41:50.657, 3, 87742, 98
2026/08/07 23:41:50.663, 4, 26800, 0
2026/08/07 23:41:50.667, 5, 26796, 0
2026/08/07 23:41:50.670, 6, 26796, 0
2026/08/07 23:41:50.674, 7, 26796, 0
2026/08/07 23:41:51.066, 0, 136906, 98
2026/08/07 23:41:51.073, 1, 87742, 98
2026/08/07 23:41:51.081, 2, 87742, 98
2026/08/07 23:41:51.089, 3, 87742, 96
2026/08/07 23:41:51.098, 4, 26800, 0
2026/08/07 23:41:51.105, 5, 26796, 0
2026/08/07 23:41:51.112, 6, 26796, 0
2026/08/07 23:41:51.120, 7, 26796, 0
2026/08/07 23:41:51.475, 0, 136906, 98
2026/08/07 23:41:51.483, 1, 87742, 98
2026/08/07 23:41:51.490, 2, 87742, 98
2026/08/07 23:41:51.497, 3, 87742, 98
2026/08/07 23:41:51.504, 4, 26800, 0
2026/08/07 23:41:51.510, 5, 26796, 0
2026/08/07 23:41:51.517, 6, 26796, 0
2026/08/07 23:41:51.524, 7, 26796, 0
2026/08/07 23:41:51.872, 0, 136906, 98
2026/08/07 23:41:51.880, 1, 87742, 98
2026/08/07 23:41:51.887, 2, 87742, 98
2026/08/07 23:41:51.894, 3, 87742, 97
2026/08/07 23:41:51.901, 4, 26800, 0
2026/08/07 23:41:51.908, 5, 26796, 0
2026/08/07 23:41:51.915, 6, 26796, 0
2026/08/07 23:41:51.921, 7, 26796, 0
2026/08/07 23:41:52.275, 0, 136906, 98
2026/08/07 23:41:52.283, 1, 87742, 98
2026/08/07 23:41:52.290, 2, 87742, 98
2026/08/07 23:41:52.296, 3, 87742, 98
2026/08/07 23:41:52.302, 4, 26800, 0
2026/08/07 23:41:52.306, 5, 26796, 0
2026/08/07 23:41:52.309, 6, 26796, 0
2026/08/07 23:41:52.313, 7, 26796, 0
2026/08/07 23:41:52.637, 0, 136906, 98
2026/08/07 23:41:52.645, 1, 87742, 98
2026/08/07 23:41:52.652, 2, 87742, 97
2026/08/07 23:41:52.658, 3, 87742, 97
2026/08/07 23:41:52.664, 4, 26800, 0
2026/08/07 23:41:52.669, 5, 26796, 0
2026/08/07 23:41:52.673, 6, 26796, 0
2026/08/07 23:41:52.677, 7, 26796, 0
2026/08/07 23:41:52.997, 0, 136906, 98
2026/08/07 23:41:53.005, 1, 87742, 98
2026/08/07 23:41:53.011, 2, 87742, 98
2026/08/07 23:41:53.017, 3, 87742, 98
2026/08/07 23:41:53.023, 4, 26800, 0
2026/08/07 23:41:53.028, 5, 26796, 0
2026/08/07 23:41:53.034, 6, 26796, 0
2026/08/07 23:41:53.039, 7, 26796, 0
2026/08/07 23:41:53.363, 0, 136906, 98
2026/08/07 23:41:53.371, 1, 87742, 98
2026/08/07 23:41:53.378, 2, 87742, 98
2026/08/07 23:41:53.385, 3, 87742, 98
2026/08/07 23:41:53.392, 4, 26800, 0
2026/08/07 23:41:53.399, 5, 26796, 0
2026/08/07 23:41:53.406, 6, 26796, 0
2026/08/07 23:41:53.414, 7, 26796, 0
2026/08/07 23:41:53.816, 0, 136906, 98
2026/08/07 23:41:53.823, 1, 87742, 98
2026/08/07 23:41:53.831, 2, 87742, 98
2026/08/07 23:41:53.840, 3, 87742, 98
2026/08/07 23:41:53.848, 4, 26800, 0
2026/08/07 23:41:53.856, 5, 26796, 0
2026/08/07 23:41:53.863, 6, 26796, 0
2026/08/07 23:41:53.871, 7, 26796, 0
2026/08/07 23:41:54.261, 0, 136906, 96
2026/08/07 23:41:54.269, 1, 87742, 97
2026/08/07 23:41:54.276, 2, 87742, 97
2026/08/07 23:41:54.283, 3, 87742, 97
2026/08/07 23:41:54.291, 4, 26800, 0
2026/08/07 23:41:54.328, 5, 26796, 0
2026/08/07 23:41:54.345, 6, 26796, 0
2026/08/07 23:41:54.367, 7, 26796, 0
2026/08/07 23:41:54.750, 0, 136906, 98
2026/08/07 23:41:54.757, 1, 87742, 98
2026/08/07 23:41:54.764, 2, 87742, 98
2026/08/07 23:41:54.792, 3, 87742, 98
2026/08/07 23:41:54.803, 4, 26800, 0
2026/08/07 23:41:54.811, 5, 26796, 0
2026/08/07 23:41:54.817, 6, 26796, 0
2026/08/07 23:41:54.824, 7, 26796, 0
2026/08/07 23:41:55.155, 0, 136906, 97
2026/08/07 23:41:55.162, 1, 87742, 97
2026/08/07 23:41:55.169, 2, 87742, 97
2026/08/07 23:41:55.176, 3, 87742, 98
2026/08/07 23:41:55.180, 4, 26168, 0
2026/08/07 23:41:55.184, 5, 26144, 1
2026/08/07 23:41:55.188, 6, 26160, 0
2026/08/07 23:41:55.192, 7, 26126, 1
2026/08/07 23:41:55.532, 0, 136906, 98
2026/08/07 23:41:55.539, 1, 87742, 98
2026/08/07 23:41:55.545, 2, 87742, 98
2026/08/07 23:41:55.551, 3, 87742, 98
2026/08/07 23:41:55.554, 4, 25432, 1
2026/08/07 23:41:55.558, 5, 25208, 0
2026/08/07 23:41:55.562, 6, 25494, 1
2026/08/07 23:41:55.565, 7, 25424, 0
2026/08/07 23:41:55.869, 0, 136906, 97
2026/08/07 23:41:55.875, 1, 87742, 97
2026/08/07 23:41:55.880, 2, 87742, 97
2026/08/07 23:41:55.884, 3, 87742, 98
2026/08/07 23:41:55.888, 4, 24778, 0
2026/08/07 23:41:55.890, 5, 24784, 0
2026/08/07 23:41:55.893, 6, 24772, 0
2026/08/07 23:41:55.895, 7, 24842, 0
2026/08/07 23:41:56.213, 0, 136906, 98
2026/08/07 23:41:56.223, 1, 87742, 98
2026/08/07 23:41:56.230, 2, 87742, 98
2026/08/07 23:41:56.236, 3, 87742, 98
2026/08/07 23:41:56.241, 4, 23512, 1
2026/08/07 23:41:56.246, 5, 23508, 0
2026/08/07 23:41:56.250, 6, 23508, 0
2026/08/07 23:41:56.255, 7, 23508, 0
2026/08/07 23:41:56.593, 0, 136906, 98
2026/08/07 23:41:56.603, 1, 87742, 98
2026/08/07 23:41:56.609, 2, 87742, 98
2026/08/07 23:41:56.616, 3, 87742, 98
2026/08/07 23:41:56.625, 4, 23512, 0
2026/08/07 23:41:56.629, 5, 23508, 0
2026/08/07 23:41:56.634, 6, 23508, 0
2026/08/07 23:41:56.637, 7, 23508, 0
2026/08/07 23:41:56.935, 0, 136906, 98
2026/08/07 23:41:56.941, 1, 87742, 98
2026/08/07 23:41:56.945, 2, 87742, 98
2026/08/07 23:41:56.949, 3, 87742, 98
2026/08/07 23:41:56.952, 4, 23512, 0
2026/08/07 23:41:56.954, 5, 23508, 0
2026/08/07 23:41:56.955, 6, 23508, 0
2026/08/07 23:41:56.956, 7, 23508, 0
2026/08/07 23:41:57.255, 0, 136906, 98
2026/08/07 23:41:57.261, 1, 87742, 98
2026/08/07 23:41:57.266, 2, 87742, 98
2026/08/07 23:41:57.270, 3, 87742, 98
2026/08/07 23:41:57.274, 4, 23512, 0
2026/08/07 23:41:57.277, 5, 23508, 0
2026/08/07 23:41:57.279, 6, 23508, 0
2026/08/07 23:41:57.281, 7, 23508, 0
2026/08/07 23:41:57.580, 0, 136906, 98
2026/08/07 23:41:57.585, 1, 87742, 98
2026/08/07 23:41:57.590, 2, 87742, 98
2026/08/07 23:41:57.593, 3, 87742, 98
2026/08/07 23:41:57.596, 4, 23512, 0
2026/08/07 23:41:57.597, 5, 23508, 0
2026/08/07 23:41:57.599, 6, 23508, 0
2026/08/07 23:41:57.600, 7, 23508, 0
2026/08/07 23:41:57.896, 0, 136906, 98
2026/08/07 23:41:57.902, 1, 87742, 98
2026/08/07 23:41:57.905, 2, 87742, 98
2026/08/07 23:41:57.907, 3, 87742, 98
2026/08/07 23:41:57.909, 4, 23512, 0
2026/08/07 23:41:57.911, 5, 23508, 0
2026/08/07 23:41:57.912, 6, 23508, 0
2026/08/07 23:41:57.914, 7, 23508, 0
2026/08/07 23:41:58.210, 0, 136906, 98
2026/08/07 23:41:58.215, 1, 87742, 98
2026/08/07 23:41:58.219, 2, 87742, 98
2026/08/07 23:41:58.222, 3, 87742, 98
2026/08/07 23:41:58.225, 4, 23512, 0
2026/08/07 23:41:58.226, 5, 23508, 0
2026/08/07 23:41:58.228, 6, 23508, 0
2026/08/07 23:41:58.229, 7, 23508, 0
2026/08/07 23:41:58.526, 0, 136906, 98
2026/08/07 23:41:58.531, 1, 87742, 98
2026/08/07 23:41:58.535, 2, 87742, 98
2026/08/07 23:41:58.539, 3, 87742, 98
2026/08/07 23:41:58.541, 4, 23512, 0
2026/08/07 23:41:58.542, 5, 23508, 0
2026/08/07 23:41:58.544, 6, 23508, 0
2026/08/07 23:41:58.546, 7, 23508, 0
2026/08/07 23:41:58.881, 0, 136906, 98
2026/08/07 23:41:58.887, 1, 87742, 98
2026/08/07 23:41:58.899, 2, 87742, 98
2026/08/07 23:41:58.905, 3, 87742, 97
2026/08/07 23:41:58.910, 4, 23512, 0
2026/08/07 23:41:58.913, 5, 23508, 0
2026/08/07 23:41:58.915, 6, 23508, 0
2026/08/07 23:41:58.918, 7, 23508, 0
2026/08/07 23:41:59.254, 0, 136906, 98
2026/08/07 23:41:59.259, 1, 87742, 98
2026/08/07 23:41:59.263, 2, 87742, 98
2026/08/07 23:41:59.265, 3, 87742, 98
2026/08/07 23:41:59.267, 4, 23512, 0
2026/08/07 23:41:59.268, 5, 23508, 0
2026/08/07 23:41:59.270, 6, 23508, 0
2026/08/07 23:41:59.271, 7, 23508, 0
2026/08/07 23:41:59.630, 0, 136906, 98
2026/08/07 23:41:59.635, 1, 87742, 97
2026/08/07 23:41:59.640, 2, 87742, 97
2026/08/07 23:41:59.643, 3, 87742, 97
2026/08/07 23:41:59.644, 4, 23512, 0
2026/08/07 23:41:59.646, 5, 23508, 0
2026/08/07 23:41:59.647, 6, 23508, 0
2026/08/07 23:41:59.648, 7, 23508, 0
2026/08/07 23:41:59.949, 0, 136906, 98
2026/08/07 23:41:59.954, 1, 87742, 98
2026/08/07 23:41:59.959, 2, 87742, 98
2026/08/07 23:41:59.963, 3, 87742, 98
2026/08/07 23:41:59.965, 4, 23512, 0
2026/08/07 23:41:59.967, 5, 23508, 0
2026/08/07 23:41:59.968, 6, 23508, 0
2026/08/07 23:41:59.969, 7, 23508, 0
2026/08/07 23:42:00.265, 0, 136906, 98
2026/08/07 23:42:00.270, 1, 87742, 98
2026/08/07 23:42:00.274, 2, 87742, 98
2026/08/07 23:42:00.277, 3, 87742, 98
2026/08/07 23:42:00.278, 4, 23512, 0
2026/08/07 23:42:00.280, 5, 23508, 0
2026/08/07 23:42:00.281, 6, 23508, 0
2026/08/07 23:42:00.282, 7, 23508, 0
2026/08/07 23:42:00.576, 0, 136906, 98
2026/08/07 23:42:00.581, 1, 87742, 98
2026/08/07 23:42:00.586, 2, 87742, 98
2026/08/07 23:42:00.589, 3, 87742, 97
2026/08/07 23:42:00.591, 4, 23512, 0
2026/08/07 23:42:00.592, 5, 23508, 0
2026/08/07 23:42:00.593, 6, 23508, 0
2026/08/07 23:42:00.594, 7, 23508, 0
2026/08/07 23:42:00.905, 0, 136906, 98
2026/08/07 23:42:00.914, 1, 87742, 98
2026/08/07 23:42:00.921, 2, 87742, 98
2026/08/07 23:42:00.926, 3, 87742, 98
2026/08/07 23:42:00.929, 4, 23512, 0
2026/08/07 23:42:00.931, 5, 23508, 0
2026/08/07 23:42:00.934, 6, 23460, 0
2026/08/07 23:42:00.937, 7, 23508, 0
2026/08/07 23:42:01.263, 0, 136906, 98
2026/08/07 23:42:01.268, 1, 87742, 98
2026/08/07 23:42:01.272, 2, 87742, 97
2026/08/07 23:42:01.275, 3, 87742, 97
2026/08/07 23:42:01.277, 4, 23512, 0
2026/08/07 23:42:01.279, 5, 23508, 0
2026/08/07 23:42:01.280, 6, 23408, 0
2026/08/07 23:42:01.281, 7, 23508, 0
2026/08/07 23:42:01.648, 0, 136906, 98
2026/08/07 23:42:01.656, 1, 87742, 98
2026/08/07 23:42:01.662, 2, 87742, 98
2026/08/07 23:42:01.665, 3, 87742, 98
2026/08/07 23:42:01.667, 4, 23492, 0
2026/08/07 23:42:01.669, 5, 23452, 35
2026/08/07 23:42:01.671, 6, 23408, 0
2026/08/07 23:42:01.698, 7, 23408, 51
2026/08/07 23:42:02.019, 0, 136906, 98
2026/08/07 23:42:02.024, 1, 87742, 98
2026/08/07 23:42:02.030, 2, 87742, 98
2026/08/07 23:42:02.033, 3, 87742, 98
2026/08/07 23:42:02.036, 4, 23408, 0
2026/08/07 23:42:02.037, 5, 23408, 0
2026/08/07 23:42:02.039, 6, 23408, 0
2026/08/07 23:42:02.040, 7, 23408, 0
2026/08/07 23:42:02.356, 0, 136906, 98
2026/08/07 23:42:02.361, 1, 87742, 98
2026/08/07 23:42:02.366, 2, 87742, 98
2026/08/07 23:42:02.369, 3, 87742, 98
2026/08/07 23:42:02.372, 4, 23408, 0
2026/08/07 23:42:02.373, 5, 23408, 0
2026/08/07 23:42:02.374, 6, 23408, 0
2026/08/07 23:42:02.375, 7, 23408, 0
2026/08/07 23:42:10.209, 0, 136906, 98
2026/08/07 23:42:10.231, 1, 87742, 98
2026/08/07 23:42:10.249, 2, 87742, 98
2026/08/07 23:42:10.264, 3, 87742, 98
2026/08/07 23:42:10.282, 4, 4, 0
2026/08/07 23:42:10.291, 5, 4, 0
2026/08/07 23:42:10.298, 6, 4, 0
2026/08/07 23:42:10.306, 7, 4, 0
2026/08/07 23:42:10.646, 0, 136906, 98
2026/08/07 23:42:10.654, 1, 87742, 98
2026/08/07 23:42:10.661, 2, 87742, 97
2026/08/07 23:42:10.666, 3, 87742, 97
2026/08/07 23:42:10.671, 4, 4, 0
2026/08/07 23:42:10.675, 5, 4, 0
2026/08/07 23:42:10.677, 6, 4, 0
2026/08/07 23:42:10.680, 7, 4, 0
2026/08/07 23:42:11.026, 0, 136906, 98
2026/08/07 23:42:11.032, 1, 87742, 98
2026/08/07 23:42:11.041, 2, 87742, 98
2026/08/07 23:42:11.045, 3, 87742, 98
2026/08/07 23:42:11.049, 4, 4, 0
2026/08/07 23:42:11.053, 5, 4, 0
2026/08/07 23:42:11.056, 6, 4, 0
2026/08/07 23:42:11.060, 7, 4, 0
2026/08/07 23:42:11.415, 0, 136906, 98
2026/08/07 23:42:11.421, 1, 87742, 98
2026/08/07 23:42:11.431, 2, 87742, 98
2026/08/07 23:42:11.439, 3, 87742, 98
2026/08/07 23:42:11.443, 4, 4, 0
2026/08/07 23:42:11.448, 5, 4, 0
2026/08/07 23:42:11.452, 6, 4, 0
2026/08/07 23:42:11.456, 7, 4, 0
2026/08/07 23:42:11.792, 0, 136906, 98
2026/08/07 23:42:11.798, 1, 87742, 98
2026/08/07 23:42:11.808, 2, 87742, 98
2026/08/07 23:42:11.813, 3, 87742, 98
2026/08/07 23:42:11.817, 4, 4, 0
2026/08/07 23:42:11.821, 5, 4, 0
2026/08/07 23:42:11.825, 6, 4, 0
2026/08/07 23:42:11.830, 7, 4, 0
2026/08/07 23:42:12.180, 0, 136906, 98
2026/08/07 23:42:12.186, 1, 87742, 98
2026/08/07 23:42:12.197, 2, 87742, 98
2026/08/07 23:42:12.203, 3, 87742, 98
2026/08/07 23:42:12.208, 4, 4, 0
2026/08/07 23:42:12.212, 5, 4, 0
2026/08/07 23:42:12.216, 6, 4, 0
2026/08/07 23:42:12.222, 7, 4, 0
2026/08/07 23:42:12.585, 0, 136906, 98
2026/08/07 23:42:12.590, 1, 87742, 98
2026/08/07 23:42:12.600, 2, 87742, 98
2026/08/07 23:42:12.605, 3, 87742, 98
2026/08/07 23:42:12.609, 4, 4, 0
2026/08/07 23:42:12.614, 5, 4, 0
2026/08/07 23:42:12.617, 6, 4, 0
2026/08/07 23:42:12.622, 7, 4, 0
2026/08/07 23:42:13.150, 0, 136906, 97
2026/08/07 23:42:13.159, 1, 87742, 97
2026/08/07 23:42:13.174, 2, 87742, 97
2026/08/07 23:42:13.179, 3, 87742, 97
2026/08/07 23:42:13.196, 4, 1, 0
2026/08/07 23:42:13.199, 5, 4, 0
2026/08/07 23:42:13.203, 6, 4, 0
2026/08/07 23:42:13.207, 7, 4, 0
2026/08/07 23:42:13.662, 0, 136906, 98
2026/08/07 23:42:13.673, 1, 87742, 98
2026/08/07 23:42:13.683, 2, 87742, 98
2026/08/07 23:42:13.687, 3, 87742, 98
2026/08/07 23:42:13.702, 4, 0, 0
2026/08/07 23:42:13.707, 5, 0, 0
2026/08/07 23:42:13.712, 6, 0, 0
2026/08/07 23:42:13.716, 7, 0, 0
2026/08/07 23:42:14.073, 0, 136906, 98
2026/08/07 23:42:14.078, 1, 87742, 98
2026/08/07 23:42:14.083, 2, 87742, 98
2026/08/07 23:42:14.088, 3, 87742, 98
2026/08/07 23:42:14.091, 4, 0, 0
2026/08/07 23:42:14.093, 5, 0, 0
2026/08/07 23:42:14.096, 6, 0, 0
2026/08/07 23:42:14.098, 7, 0, 0
2026/08/07 23:42:14.489, 0, 136906, 98
2026/08/07 23:42:14.493, 1, 87742, 98
2026/08/07 23:42:14.498, 2, 87742, 98
2026/08/07 23:42:14.505, 3, 87742, 98
2026/08/07 23:42:14.512, 4, 0, 0
2026/08/07 23:42:14.519, 5, 0, 0
2026/08/07 23:42:14.523, 6, 0, 0
2026/08/07 23:42:14.530, 7, 0, 0
2026/08/07 23:42:14.903, 0, 136906, 98
2026/08/07 23:42:14.907, 1, 87742, 98
2026/08/07 23:42:14.914, 2, 87742, 98
2026/08/07 23:42:14.919, 3, 87742, 98
2026/08/07 23:42:14.923, 4, 0, 0
2026/08/07 23:42:14.927, 5, 0, 0
2026/08/07 23:42:14.929, 6, 0, 0
2026/08/07 23:42:14.931, 7, 0, 0
2026/08/07 23:42:15.284, 0, 136906, 98
2026/08/07 23:42:15.289, 1, 87742, 98
2026/08/07 23:42:15.296, 2, 87742, 98
2026/08/07 23:42:15.299, 3, 87742, 98
2026/08/07 23:42:15.307, 4, 0, 0
2026/08/07 23:42:15.313, 5, 0, 0
2026/08/07 23:42:15.316, 6, 0, 0
2026/08/07 23:42:15.320, 7, 0, 0
2026/08/07 23:42:15.686, 0, 136906, 98
2026/08/07 23:42:15.691, 1, 87742, 98
2026/08/07 23:42:15.698, 2, 87742, 98
2026/08/07 23:42:15.702, 3, 87742, 98
2026/08/07 23:42:15.706, 4, 0, 0
2026/08/07 23:42:15.708, 5, 0, 0
2026/08/07 23:42:15.710, 6, 0, 0
2026/08/07 23:42:15.713, 7, 0, 0
2026/08/07 23:42:16.127, 0, 136906, 98
2026/08/07 23:42:16.135, 1, 87742, 98
2026/08/07 23:42:16.142, 2, 87742, 98
2026/08/07 23:42:16.145, 3, 87742, 98
2026/08/07 23:42:16.152, 4, 0, 0
2026/08/07 23:42:16.156, 5, 0, 0
2026/08/07 23:42:16.158, 6, 0, 0
2026/08/07 23:42:16.163, 7, 0, 0
2026/08/07 23:42:16.510, 0, 136906, 98
2026/08/07 23:42:16.515, 1, 87742, 98
2026/08/07 23:42:16.524, 2, 87742, 98
2026/08/07 23:42:16.528, 3, 87742, 98
2026/08/07 23:42:16.529, 4, 0, 0
2026/08/07 23:42:16.532, 5, 0, 0
2026/08/07 23:42:16.534, 6, 0, 0
2026/08/07 23:42:16.537, 7, 0, 0
2026/08/07 23:42:16.895, 0, 136906, 98
2026/08/07 23:42:16.900, 1, 87742, 97
2026/08/07 23:42:16.907, 2, 87742, 98
2026/08/07 23:42:16.910, 3, 87742, 98
2026/08/07 23:42:16.912, 4, 0, 0
2026/08/07 23:42:16.915, 5, 0, 0
2026/08/07 23:42:16.917, 6, 0, 0
2026/08/07 23:42:16.919, 7, 0, 0
2026/08/07 23:42:17.274, 0, 136906, 98
2026/08/07 23:42:17.279, 1, 87742, 98
2026/08/07 23:42:17.285, 2, 87742, 98
2026/08/07 23:42:17.291, 3, 87742, 98
2026/08/07 23:42:17.296, 4, 0, 0
2026/08/07 23:42:17.301, 5, 0, 0
2026/08/07 23:42:17.303, 6, 0, 0
2026/08/07 23:42:17.305, 7, 0, 0
2026/08/07 23:42:17.662, 0, 136906, 98
2026/08/07 23:42:17.667, 1, 87742, 98
2026/08/07 23:42:17.673, 2, 87742, 98
2026/08/07 23:42:17.678, 3, 87742, 97
2026/08/07 23:42:17.683, 4, 0, 0
2026/08/07 23:42:17.689, 5, 0, 0
2026/08/07 23:42:17.691, 6, 0, 0
2026/08/07 23:42:17.693, 7, 0, 0
2026/08/07 23:42:18.050, 0, 136906, 98
2026/08/07 23:42:18.056, 1, 87742, 98
2026/08/07 23:42:18.064, 2, 87742, 98
2026/08/07 23:42:18.068, 3, 87742, 98
2026/08/07 23:42:18.073, 4, 0, 0
2026/08/07 23:42:18.076, 5, 0, 0
2026/08/07 23:42:18.079, 6, 0, 0
2026/08/07 23:42:18.081, 7, 0, 0
2026/08/07 23:42:18.438, 0, 136906, 98
2026/08/07 23:42:18.443, 1, 87742, 98
2026/08/07 23:42:18.451, 2, 87742, 98
2026/08/07 23:42:18.456, 3, 87742, 98
2026/08/07 23:42:18.459, 4, 0, 0
2026/08/07 23:42:18.463, 5, 0, 0
2026/08/07 23:42:18.467, 6, 0, 0
2026/08/07 23:42:18.469, 7, 0, 0
2026/08/07 23:42:18.908, 0, 136906, 98
2026/08/07 23:42:18.915, 1, 87742, 98
2026/08/07 23:42:18.919, 2, 87742, 98
2026/08/07 23:42:18.923, 3, 87742, 98
2026/08/07 23:42:18.935, 4, 0, 0
2026/08/07 23:42:18.949, 5, 0, 0
2026/08/07 23:42:18.958, 6, 0, 0
2026/08/07 23:42:18.966, 7, 0, 0
2026/08/07 23:42:19.332, 0, 136906, 98
2026/08/07 23:42:19.337, 1, 87742, 97
2026/08/07 23:42:19.346, 2, 87742, 98
2026/08/07 23:42:19.349, 3, 87742, 97
2026/08/07 23:42:19.352, 4, 0, 0
2026/08/07 23:42:19.356, 5, 0, 0
2026/08/07 23:42:19.361, 6, 0, 0
2026/08/07 23:42:19.363, 7, 0, 0
2026/08/07 23:42:19.720, 0, 136906, 98
2026/08/07 23:42:19.724, 1, 87742, 98
2026/08/07 23:42:19.731, 2, 87742, 98
2026/08/07 23:42:19.741, 3, 87742, 98
2026/08/07 23:42:19.745, 4, 0, 0
2026/08/07 23:42:19.751, 5, 0, 0
2026/08/07 23:42:19.756, 6, 0, 0
2026/08/07 23:42:19.760, 7, 0, 0
2026/08/07 23:42:20.108, 0, 136906, 98
2026/08/07 23:42:20.113, 1, 87742, 97
2026/08/07 23:42:20.121, 2, 87742, 97
2026/08/07 23:42:20.126, 3, 87742, 97
2026/08/07 23:42:20.129, 4, 0, 0
2026/08/07 23:42:20.133, 5, 0, 0
2026/08/07 23:42:20.135, 6, 0, 0
2026/08/07 23:42:20.138, 7, 0, 0
2026/08/07 23:42:20.497, 0, 136906, 98
2026/08/07 23:42:20.502, 1, 87742, 98
2026/08/07 23:42:20.511, 2, 87742, 98
2026/08/07 23:42:20.516, 3, 87742, 98
2026/08/07 23:42:20.520, 4, 0, 0
2026/08/07 23:42:20.524, 5, 0, 0
2026/08/07 23:42:20.529, 6, 0, 0
2026/08/07 23:42:20.531, 7, 0, 0
2026/08/07 23:42:20.885, 0, 136906, 98
2026/08/07 23:42:20.890, 1, 87742, 98
2026/08/07 23:42:20.897, 2, 87742, 97
2026/08/07 23:42:20.902, 3, 87742, 97
2026/08/07 23:42:20.906, 4, 0, 0
2026/08/07 23:42:20.910, 5, 0, 0
2026/08/07 23:42:20.914, 6, 0, 0
2026/08/07 23:42:20.916, 7, 0, 0
2026/08/07 23:42:21.302, 0, 136906, 98
2026/08/07 23:42:21.306, 1, 87742, 98
2026/08/07 23:42:21.311, 2, 87742, 98
2026/08/07 23:42:21.320, 3, 87742, 98
2026/08/07 23:42:21.327, 4, 0, 0
2026/08/07 23:42:21.332, 5, 0, 0
2026/08/07 23:42:21.337, 6, 0, 0
2026/08/07 23:42:21.344, 7, 0, 0
2026/08/07 23:42:21.720, 0, 136906, 97
2026/08/07 23:42:21.728, 1, 87742, 98
2026/08/07 23:42:21.734, 2, 87742, 97
2026/08/07 23:42:21.739, 3, 87742, 97
2026/08/07 23:42:21.743, 4, 0, 0
2026/08/07 23:42:21.748, 5, 0, 0
2026/08/07 23:42:21.754, 6, 0, 0
2026/08/07 23:42:21.761, 7, 0, 0
2026/08/07 23:42:22.102, 0, 136906, 98
2026/08/07 23:42:22.107, 1, 87742, 98
2026/08/07 23:42:22.116, 2, 87742, 98
2026/08/07 23:42:22.120, 3, 87742, 98
2026/08/07 23:42:22.123, 4, 0, 0
2026/08/07 23:42:22.128, 5, 0, 0
2026/08/07 23:42:22.130, 6, 0, 0
2026/08/07 23:42:22.132, 7, 0, 0
2026/08/07 23:42:22.486, 0, 136906, 97
2026/08/07 23:42:22.491, 1, 87742, 98
2026/08/07 23:42:22.498, 2, 87742, 97
2026/08/07 23:42:22.501, 3, 87742, 97
2026/08/07 23:42:22.508, 4, 0, 0
2026/08/07 23:42:22.513, 5, 0, 0
2026/08/07 23:42:22.516, 6, 0, 0
2026/08/07 23:42:22.520, 7, 0, 0
2026/08/07 23:42:22.881, 0, 136906, 98
2026/08/07 23:42:22.886, 1, 87742, 98
2026/08/07 23:42:22.893, 2, 87742, 98
2026/08/07 23:42:22.898, 3, 87742, 98
2026/08/07 23:42:22.903, 4, 0, 0
2026/08/07 23:42:22.908, 5, 0, 0
2026/08/07 23:42:22.911, 6, 0, 0
2026/08/07 23:42:22.915, 7, 0, 0
2026/08/07 23:42:23.303, 0, 136906, 98
2026/08/07 23:42:23.319, 1, 87742, 100
2026/08/07 23:42:23.325, 2, 87742, 98
2026/08/07 23:42:23.333, 3, 87742, 100
2026/08/07 23:42:23.335, 4, 0, 0
2026/08/07 23:42:23.339, 5, 0, 0
2026/08/07 23:42:23.346, 6, 0, 0
2026/08/07 23:42:23.350, 7, 0, 0
