2026/08/07 13:52:20.585, 0, 103302, 0, 200.13
2026/08/07 13:52:20.605, 1, 103298, 0, 203.60
2026/08/07 13:52:20.621, 2, 103298, 0, 194.73
2026/08/07 13:52:20.636, 3, 103298, 0, 209.29
2026/08/07 13:52:20.648, 4, 103102, 0, 196.10
2026/08/07 13:52:20.660, 5, 103098, 100, 198.42
2026/08/07 13:52:20.671, 6, 103098, 44, 196.14
2026/08/07 13:52:20.693, 7, 103098, 100, 201.88
2026/08/07 13:52:21.210, 0, 103302, 0, 200.02
2026/08/07 13:52:21.210, 1, 103298, 100, 203.56
2026/08/07 13:52:21.210, 2, 103298, 100, 194.77
2026/08/07 13:52:21.210, 3, 103298, 100, 209.26
2026/08/07 13:52:21.210, 4, 103102, 0, 196.14
2026/08/07 13:52:21.210, 5, 103098, 100, 198.59
2026/08/07 13:52:21.210, 6, 103098, 100, 196.18
2026/08/07 13:52:21.210, 7, 103098, 100, 201.93
2026/08/07 13:52:21.710, 0, 103302, 0, 199.74
2026/08/07 13:52:21.710, 1, 103298, 100, 203.53
2026/08/07 13:52:21.710, 2, 103298, 100, 195.00
2026/08/07 13:52:21.710, 3, 103298, 100, 209.33
2026/08/07 13:52:21.710, 4, 103102, 0, 196.07
2026/08/07 13:52:21.710, 5, 103098, 100, 198.45
2026/08/07 13:52:21.710, 6, 103098, 100, 196.14
2026/08/07 13:52:21.710, 7, 103098, 100, 201.85
2026/08/07 13:52:22.210, 0, 103302, 0, 199.90
2026/08/07 13:52:22.216, 1, 103298, 100, 203.60
2026/08/07 13:52:22.216, 2, 103298, 100, 195.40
2026/08/07 13:52:22.216, 3, 103298, 100, 209.45
2026/08/07 13:52:22.216, 4, 103102, 0, 196.34
2026/08/07 13:52:22.216, 5, 103098, 100, 198.60
2026/08/07 13:52:22.216, 6, 103098, 100, 196.49
2026/08/07 13:52:22.216, 7, 103098, 100, 202.04
2026/08/07 13:52:22.716, 0, 103302, 0, 199.47
2026/08/07 13:52:22.717, 1, 103298, 100, 203.26
2026/08/07 13:52:22.717, 2, 103298, 100, 195.38
2026/08/07 13:52:22.717, 3, 103298, 100, 209.15
2026/08/07 13:52:22.717, 4, 103102, 0, 196.34
2026/08/07 13:52:22.717, 5, 103098, 100, 198.29
2026/08/07 13:52:22.717, 6, 103098, 100, 196.50
2026/08/07 13:52:22.717, 7, 103098, 100, 202.16
2026/08/07 13:52:23.217, 0, 103302, 0, 198.99
2026/08/07 13:52:23.217, 1, 103298, 100, 202.66
2026/08/07 13:52:23.217, 2, 103298, 100, 194.98
2026/08/07 13:52:23.217, 3, 103298, 100, 208.65
2026/08/07 13:52:23.217, 4, 103102, 0, 195.99
2026/08/07 13:52:23.217, 5, 103098, 100, 197.84
2026/08/07 13:52:23.217, 6, 103098, 100, 196.07
2026/08/07 13:52:23.217, 7, 103098, 100, 201.93
2026/08/07 13:52:23.717, 0, 103302, 0, 198.70
2026/08/07 13:52:23.717, 1, 103298, 100, 202.18
2026/08/07 13:52:23.717, 2, 103298, 100, 194.64
2026/08/07 13:52:23.717, 3, 103298, 100, 207.98
2026/08/07 13:52:23.717, 4, 103102, 0, 195.99
2026/08/07 13:52:23.717, 5, 103098, 100, 197.84
2026/08/07 13:52:23.717, 6, 103098, 100, 196.02
2026/08/07 13:52:23.717, 7, 103098, 100, 201.73
2026/08/07 13:52:24.217, 0, 103302, 82, 361.66
2026/08/07 13:52:24.218, 1, 103298, 97, 288.01
2026/08/07 13:52:24.218, 2, 103298, 98, 304.98
2026/08/07 13:52:24.218, 3, 103298, 96, 319.64
2026/08/07 13:52:24.218, 4, 103102, 0, 384.06
2026/08/07 13:52:24.218, 5, 103098, 7, 391.42
2026/08/07 13:52:24.218, 6, 103098, 0, 380.28
2026/08/07 13:52:24.218, 7, 103098, 100, 398.83
2026/08/07 13:52:24.718, 0, 103302, 0, 397.40
2026/08/07 13:52:24.718, 1, 103298, 0, 394.31
2026/08/07 13:52:24.718, 2, 103298, 0, 388.48
2026/08/07 13:52:24.718, 3, 103298, 0, 401.56
2026/08/07 13:52:24.718, 4, 103102, 0, 388.84
2026/08/07 13:52:24.718, 5, 103098, 0, 392.37
2026/08/07 13:52:24.718, 6, 103098, 0, 380.67
2026/08/07 13:52:24.718, 7, 103098, 0, 399.08
2026/08/07 13:52:25.218, 0, 103302, 0, 250.34
2026/08/07 13:52:25.218, 1, 103298, 0, 312.47
2026/08/07 13:52:25.219, 2, 103298, 0, 293.96
2026/08/07 13:52:25.219, 3, 103298, 0, 302.26
2026/08/07 13:52:25.219, 4, 103102, 3, 197.70
2026/08/07 13:52:25.219, 5, 104262, 0, 198.98
2026/08/07 13:52:25.219, 6, 103098, 0, 196.83
2026/08/07 13:52:25.219, 7, 103098, 0, 202.99
2026/08/07 13:52:25.719, 0, 103302, 0, 200.06
2026/08/07 13:52:25.719, 1, 103298, 0, 202.32
2026/08/07 13:52:25.719, 2, 103298, 0, 194.76
2026/08/07 13:52:25.719, 3, 103298, 19, 208.37
2026/08/07 13:52:25.719, 4, 103102, 100, 420.30
2026/08/07 13:52:25.719, 5, 104262, 100, 433.56
2026/08/07 13:52:25.719, 6, 104262, 100, 425.78
2026/08/07 13:52:25.719, 7, 104262, 100, 421.54
2026/08/07 13:52:26.219, 0, 103302, 100, 421.18
2026/08/07 13:52:26.219, 1, 104462, 100, 354.03
2026/08/07 13:52:26.219, 2, 104462, 100, 330.69
2026/08/07 13:52:26.219, 3, 104462, 100, 409.36
2026/08/07 13:52:26.219, 4, 103102, 100, 748.50
2026/08/07 13:52:26.219, 5, 104262, 100, 776.07
2026/08/07 13:52:26.219, 6, 104262, 100, 754.32
2026/08/07 13:52:26.219, 7, 104262, 100, 725.29
2026/08/07 13:52:26.719, 0, 103302, 99, 714.72
2026/08/07 13:52:26.719, 1, 104462, 100, 661.89
2026/08/07 13:52:26.719, 2, 104462, 100, 671.61
2026/08/07 13:52:26.719, 3, 104462, 100, 687.33
2026/08/07 13:52:26.719, 4, 103102, 100, 867.84
2026/08/07 13:52:26.719, 5, 104262, 100, 880.52
2026/08/07 13:52:26.719, 6, 104262, 100, 853.54
2026/08/07 13:52:26.720, 7, 104262, 100, 841.38
2026/08/07 13:52:27.220, 0, 103302, 100, 841.62
2026/08/07 13:52:27.220, 1, 104462, 100, 859.34
2026/08/07 13:52:27.220, 2, 104462, 100, 870.94
2026/08/07 13:52:27.220, 3, 104462, 100, 824.79
2026/08/07 13:52:27.220, 4, 103102, 100, 869.36
2026/08/07 13:52:27.220, 5, 104262, 100, 881.70
2026/08/07 13:52:27.220, 6, 104262, 100, 860.86
2026/08/07 13:52:27.220, 7, 104262, 100, 889.80
2026/08/07 13:52:27.720, 0, 103302, 99, 880.26
2026/08/07 13:52:27.720, 1, 104462, 100, 889.52
2026/08/07 13:52:27.720, 2, 104462, 100, 874.91
2026/08/07 13:52:27.720, 3, 104462, 100, 881.60
2026/08/07 13:52:27.720, 4, 103102, 100, 869.66
2026/08/07 13:52:27.720, 5, 104262, 100, 880.31
2026/08/07 13:52:27.720, 6, 104262, 100, 869.26
2026/08/07 13:52:27.720, 7, 104262, 100, 889.39
2026/08/07 13:52:28.223, 0, 103302, 100, 884.42
2026/08/07 13:52:28.223, 1, 104462, 100, 892.59
2026/08/07 13:52:28.224, 2, 104462, 100, 879.25
2026/08/07 13:52:28.224, 3, 104462, 100, 880.86
2026/08/07 13:52:28.225, 4, 103102, 0, 748.40
2026/08/07 13:52:28.225, 5, 104262, 0, 753.88
2026/08/07 13:52:28.226, 6, 104262, 0, 747.98
2026/08/07 13:52:28.227, 7, 104262, 0, 733.57
2026/08/07 13:52:28.743, 0, 103302, 2, 799.22
2026/08/07 13:52:28.743, 1, 104462, 0, 803.20
2026/08/07 13:52:28.743, 2, 104462, 100, 840.07
2026/08/07 13:52:28.743, 3, 104462, 100, 842.09
2026/08/07 13:52:28.743, 4, 103102, 0, 427.07
2026/08/07 13:52:28.743, 5, 104262, 100, 415.44
2026/08/07 13:52:28.743, 6, 104262, 100, 423.79
2026/08/07 13:52:28.743, 7, 104262, 100, 407.18
2026/08/07 13:52:29.246, 0, 103302, 0, 458.36
2026/08/07 13:52:29.246, 1, 104462, 100, 457.20
2026/08/07 13:52:29.246, 2, 104462, 100, 497.54
2026/08/07 13:52:29.246, 3, 104462, 100, 505.26
2026/08/07 13:52:29.246, 4, 103102, 0, 215.25
2026/08/07 13:52:29.246, 5, 104262, 0, 202.26
2026/08/07 13:52:29.246, 6, 104262, 0, 200.29
2026/08/07 13:52:29.246, 7, 104262, 0, 205.26
2026/08/07 13:52:29.746, 0, 103302, 0, 200.87
2026/08/07 13:52:29.746, 1, 104462, 100, 204.15
2026/08/07 13:52:29.746, 2, 104462, 100, 197.27
2026/08/07 13:52:29.746, 3, 104462, 100, 210.27
2026/08/07 13:52:29.746, 4, 103102, 0, 197.56
2026/08/07 13:52:29.746, 5, 104262, 0, 198.72
2026/08/07 13:52:29.746, 6, 104262, 0, 197.01
2026/08/07 13:52:29.746, 7, 104262, 0, 201.80
2026/08/07 13:52:30.246, 0, 103302, 0, 200.09
2026/08/07 13:52:30.246, 1, 104462, 100, 202.66
2026/08/07 13:52:30.246, 2, 104462, 100, 195.83
2026/08/07 13:52:30.246, 3, 104462, 100, 208.49
2026/08/07 13:52:30.246, 4, 103102, 0, 196.57
2026/08/07 13:52:30.246, 5, 104262, 0, 197.87
2026/08/07 13:52:30.247, 6, 104262, 0, 196.25
2026/08/07 13:52:30.247, 7, 104262, 0, 201.42
2026/08/07 13:52:30.750, 0, 103302, 0, 219.00
2026/08/07 13:52:30.750, 1, 104462, 0, 204.24
2026/08/07 13:52:30.750, 2, 104462, 60, 197.74
2026/08/07 13:52:30.750, 3, 104462, 95, 210.07
2026/08/07 13:52:30.750, 4, 103102, 0, 196.18
2026/08/07 13:52:30.750, 5, 104262, 0, 197.80
2026/08/07 13:52:30.750, 6, 104262, 0, 196.06
2026/08/07 13:52:30.750, 7, 104262, 0, 201.01
2026/08/07 13:52:31.250, 0, 103302, 0, 218.61
2026/08/07 13:52:31.250, 1, 104462, 0, 204.10
2026/08/07 13:52:31.250, 2, 104462, 0, 197.10
2026/08/07 13:52:31.250, 3, 104462, 0, 209.81
2026/08/07 13:52:31.250, 4, 103102, 100, 222.19
2026/08/07 13:52:31.250, 5, 104262, 0, 202.43
2026/08/07 13:52:31.250, 6, 104262, 21, 221.66
2026/08/07 13:52:31.250, 7, 104262, 100, 226.84
2026/08/07 13:52:31.751, 0, 103302, 0, 199.56
2026/08/07 13:52:31.751, 1, 104462, 0, 201.49
2026/08/07 13:52:31.751, 2, 104462, 0, 194.30
2026/08/07 13:52:31.751, 3, 104462, 0, 207.20
2026/08/07 13:52:31.751, 4, 103102, 90, 489.39
2026/08/07 13:52:31.751, 5, 104262, 92, 499.17
2026/08/07 13:52:31.751, 6, 104262, 97, 484.04
2026/08/07 13:52:31.751, 7, 104262, 100, 529.55
2026/08/07 13:52:32.254, 0, 103302, 0, 199.22
2026/08/07 13:52:32.254, 1, 104462, 0, 201.33
2026/08/07 13:52:32.254, 2, 104462, 0, 194.30
2026/08/07 13:52:32.254, 3, 104462, 0, 206.90
2026/08/07 13:52:32.254, 4, 103102, 97, 803.50
2026/08/07 13:52:32.254, 5, 104262, 87, 838.83
2026/08/07 13:52:32.254, 6, 104262, 93, 796.97
2026/08/07 13:52:32.254, 7, 104262, 95, 836.76
2026/08/07 13:52:32.754, 0, 103302, 100, 378.26
2026/08/07 13:52:32.754, 1, 104462, 100, 386.85
2026/08/07 13:52:32.754, 2, 104462, 100, 401.54
2026/08/07 13:52:32.755, 3, 104462, 87, 328.89
2026/08/07 13:52:32.755, 4, 103102, 99, 894.23
2026/08/07 13:52:32.755, 5, 104262, 99, 906.90
2026/08/07 13:52:32.755, 6, 104262, 100, 886.79
2026/08/07 13:52:32.755, 7, 104262, 99, 912.50
2026/08/07 13:52:33.255, 0, 103302, 100, 745.26
2026/08/07 13:52:33.255, 1, 104462, 100, 777.76
2026/08/07 13:52:33.255, 2, 104462, 100, 777.68
2026/08/07 13:52:33.255, 3, 104462, 100, 694.47
2026/08/07 13:52:33.255, 4, 103102, 100, 924.44
2026/08/07 13:52:33.255, 5, 104262, 100, 937.72
2026/08/07 13:52:33.255, 6, 104262, 100, 921.17
2026/08/07 13:52:33.255, 7, 104262, 100, 943.16
2026/08/07 13:52:33.755, 0, 103302, 100, 957.23
2026/08/07 13:52:33.755, 1, 104462, 100, 963.00
2026/08/07 13:52:33.756, 2, 104462, 100, 950.68
2026/08/07 13:52:33.756, 3, 104462, 100, 949.43
2026/08/07 13:52:33.756, 4, 103102, 100, 944.55
2026/08/07 13:52:33.756, 5, 104262, 100, 957.11
2026/08/07 13:52:33.756, 6, 104262, 100, 931.90
2026/08/07 13:52:33.756, 7, 104262, 100, 964.31
2026/08/07 13:52:34.256, 0, 103302, 100, 953.42
2026/08/07 13:52:34.256, 1, 104462, 100, 959.12
2026/08/07 13:52:34.256, 2, 104462, 100, 948.79
2026/08/07 13:52:34.256, 3, 104462, 100, 948.81
2026/08/07 13:52:34.256, 4, 103102, 100, 937.76
2026/08/07 13:52:34.256, 5, 104262, 100, 949.38
2026/08/07 13:52:34.256, 6, 104262, 100, 925.71
2026/08/07 13:52:34.256, 7, 104262, 100, 966.01
2026/08/07 13:52:34.756, 0, 103302, 100, 951.79
2026/08/07 13:52:34.756, 1, 104462, 100, 953.74
2026/08/07 13:52:34.756, 2, 104462, 100, 944.95
2026/08/07 13:52:34.756, 3, 104462, 100, 948.17
2026/08/07 13:52:34.756, 4, 103102, 100, 928.05
2026/08/07 13:52:34.756, 5, 104262, 100, 934.91
2026/08/07 13:52:34.756, 6, 104262, 100, 916.47
2026/08/07 13:52:34.756, 7, 104262, 100, 966.99
2026/08/07 13:52:35.256, 0, 103302, 100, 951.48
2026/08/07 13:52:35.256, 1, 104462, 100, 960.13
2026/08/07 13:52:35.256, 2, 104462, 100, 949.89
2026/08/07 13:52:35.256, 3, 104462, 100, 949.76
2026/08/07 13:52:35.256, 4, 103102, 100, 931.27
2026/08/07 13:52:35.256, 5, 104262, 100, 941.10
2026/08/07 13:52:35.256, 6, 104262, 100, 929.27
2026/08/07 13:52:35.256, 7, 104262, 100, 960.02
2026/08/07 13:52:35.756, 0, 103302, 100, 943.51
2026/08/07 13:52:35.756, 1, 104462, 100, 960.04
2026/08/07 13:52:35.756, 2, 104462, 100, 946.48
2026/08/07 13:52:35.756, 3, 104462, 100, 953.70
2026/08/07 13:52:35.756, 4, 103102, 100, 932.05
2026/08/07 13:52:35.757, 5, 104262, 100, 945.18
2026/08/07 13:52:35.757, 6, 104262, 100, 934.19
2026/08/07 13:52:35.757, 7, 104262, 100, 953.59
2026/08/07 13:52:36.257, 0, 103302, 100, 942.87
2026/08/07 13:52:36.257, 1, 104462, 100, 949.48
2026/08/07 13:52:36.257, 2, 104462, 100, 944.20
2026/08/07 13:52:36.257, 3, 104462, 100, 947.26
2026/08/07 13:52:36.257, 4, 103102, 100, 924.86
2026/08/07 13:52:36.257, 5, 104262, 100, 930.69
2026/08/07 13:52:36.257, 6, 104262, 100, 924.50
2026/08/07 13:52:36.257, 7, 104262, 100, 958.36
2026/08/07 13:52:36.757, 0, 103302, 100, 946.13
2026/08/07 13:52:36.757, 1, 104462, 100, 940.59
2026/08/07 13:52:36.757, 2, 104462, 100, 936.41
2026/08/07 13:52:36.757, 3, 104462, 100, 935.73
2026/08/07 13:52:36.757, 4, 103102, 100, 935.04
2026/08/07 13:52:36.757, 5, 104262, 100, 941.13
2026/08/07 13:52:36.757, 6, 104262, 100, 937.92
2026/08/07 13:52:36.757, 7, 104262, 100, 963.26
2026/08/07 13:52:37.257, 0, 103302, 100, 939.52
2026/08/07 13:52:37.257, 1, 104462, 100, 948.43
2026/08/07 13:52:37.257, 2, 104462, 100, 935.84
2026/08/07 13:52:37.257, 3, 104462, 100, 937.52
2026/08/07 13:52:37.257, 4, 103102, 100, 946.24
2026/08/07 13:52:37.257, 5, 104262, 100, 957.12
2026/08/07 13:52:37.257, 6, 104262, 100, 953.18
2026/08/07 13:52:37.257, 7, 104262, 100, 973.19
2026/08/07 13:52:37.757, 0, 103302, 100, 950.39
2026/08/07 13:52:37.757, 1, 104462, 100, 958.01
2026/08/07 13:52:37.757, 2, 104462, 100, 948.15
2026/08/07 13:52:37.757, 3, 104462, 100, 942.19
2026/08/07 13:52:37.757, 4, 103102, 100, 940.56
2026/08/07 13:52:37.757, 5, 104262, 100, 944.28
2026/08/07 13:52:37.757, 6, 104262, 100, 943.87
2026/08/07 13:52:37.757, 7, 104262, 100, 966.96
2026/08/07 13:52:38.257, 0, 103302, 100, 957.96
2026/08/07 13:52:38.257, 1, 104462, 100, 963.26
2026/08/07 13:52:38.257, 2, 104462, 100, 950.24
2026/08/07 13:52:38.257, 3, 104462, 100, 952.96
2026/08/07 13:52:38.257, 4, 103102, 100, 944.63
2026/08/07 13:52:38.257, 5, 104262, 100, 950.62
2026/08/07 13:52:38.257, 6, 104262, 100, 938.41
2026/08/07 13:52:38.257, 7, 104262, 100, 968.85
2026/08/07 13:52:38.758, 0, 103302, 100, 948.87
2026/08/07 13:52:38.758, 1, 104462, 100, 962.28
2026/08/07 13:52:38.758, 2, 104462, 100, 952.08
2026/08/07 13:52:38.758, 3, 104462, 100, 960.28
2026/08/07 13:52:38.758, 4, 103102, 100, 936.78
2026/08/07 13:52:38.758, 5, 104262, 100, 948.61
2026/08/07 13:52:38.758, 6, 104262, 100, 939.57
2026/08/07 13:52:38.758, 7, 104262, 100, 959.26
2026/08/07 13:52:39.258, 0, 103302, 100, 948.66
2026/08/07 13:52:39.258, 1, 104462, 100, 958.93
2026/08/07 13:52:39.258, 2, 104462, 100, 951.90
2026/08/07 13:52:39.258, 3, 104462, 100, 957.33
2026/08/07 13:52:39.258, 4, 103102, 100, 931.76
2026/08/07 13:52:39.258, 5, 104262, 100, 942.87
2026/08/07 13:52:39.258, 6, 104262, 100, 936.02
2026/08/07 13:52:39.258, 7, 104262, 100, 952.41
2026/08/07 13:52:39.758, 0, 103302, 100, 946.55
2026/08/07 13:52:39.758, 1, 104462, 100, 952.25
2026/08/07 13:52:39.758, 2, 104462, 100, 940.61
2026/08/07 13:52:39.758, 3, 104462, 100, 950.11
2026/08/07 13:52:39.758, 4, 103102, 100, 935.44
2026/08/07 13:52:39.758, 5, 104262, 100, 941.22
2026/08/07 13:52:39.758, 6, 104262, 100, 940.26
2026/08/07 13:52:39.758, 7, 104262, 100, 959.62
2026/08/07 13:52:40.258, 0, 103302, 100, 945.59
2026/08/07 13:52:40.258, 1, 104462, 100, 950.07
2026/08/07 13:52:40.258, 2, 104462, 100, 942.50
2026/08/07 13:52:40.258, 3, 104462, 100, 944.42
2026/08/07 13:52:40.258, 4, 103102, 99, 931.01
2026/08/07 13:52:40.258, 5, 104262, 99, 937.48
2026/08/07 13:52:40.258, 6, 104262, 99, 935.07
2026/08/07 13:52:40.258, 7, 104262, 99, 953.70
2026/08/07 13:52:40.758, 0, 103302, 100, 942.50
2026/08/07 13:52:40.758, 1, 104462, 100, 954.91
2026/08/07 13:52:40.758, 2, 104462, 100, 943.54
2026/08/07 13:52:40.758, 3, 104462, 100, 940.07
2026/08/07 13:52:40.758, 4, 103102, 100, 921.88
2026/08/07 13:52:40.758, 5, 104262, 100, 933.18
2026/08/07 13:52:40.758, 6, 104262, 100, 930.57
2026/08/07 13:52:40.758, 7, 104262, 100, 955.79
2026/08/07 13:52:41.258, 0, 103302, 100, 946.40
2026/08/07 13:52:41.259, 1, 104462, 100, 955.03
2026/08/07 13:52:41.259, 2, 104462, 100, 931.66
2026/08/07 13:52:41.260, 3, 104462, 100, 941.53
2026/08/07 13:52:41.260, 4, 103102, 100, 929.44
2026/08/07 13:52:41.260, 5, 104262, 100, 941.64
2026/08/07 13:52:41.260, 6, 104262, 100, 932.85
2026/08/07 13:52:41.260, 7, 104262, 100, 971.47
2026/08/07 13:52:41.760, 0, 103302, 100, 944.65
2026/08/07 13:52:41.760, 1, 104462, 100, 959.34
2026/08/07 13:52:41.760, 2, 104462, 100, 948.44
2026/08/07 13:52:41.760, 3, 104462, 100, 944.84
2026/08/07 13:52:41.760, 4, 103102, 100, 938.29
2026/08/07 13:52:41.760, 5, 104262, 100, 948.96
2026/08/07 13:52:41.760, 6, 104262, 100, 943.86
2026/08/07 13:52:41.760, 7, 104262, 100, 971.56
2026/08/07 13:52:42.260, 0, 103302, 100, 954.99
2026/08/07 13:52:42.260, 1, 104462, 100, 964.61
2026/08/07 13:52:42.260, 2, 104462, 100, 961.68
2026/08/07 13:52:42.260, 3, 104462, 100, 952.67
2026/08/07 13:52:42.260, 4, 103102, 100, 937.45
2026/08/07 13:52:42.260, 5, 104262, 100, 952.74
2026/08/07 13:52:42.260, 6, 104262, 100, 942.58
2026/08/07 13:52:42.260, 7, 104262, 100, 968.62
2026/08/07 13:52:42.760, 0, 103302, 100, 961.75
2026/08/07 13:52:42.760, 1, 104462, 100, 961.91
2026/08/07 13:52:42.760, 2, 104462, 100, 956.64
2026/08/07 13:52:42.760, 3, 104462, 100, 960.28
2026/08/07 13:52:42.760, 4, 103102, 100, 934.98
2026/08/07 13:52:42.760, 5, 104262, 100, 953.35
2026/08/07 13:52:42.760, 6, 104262, 100, 943.97
2026/08/07 13:52:42.761, 7, 104262, 100, 972.03
2026/08/07 13:52:43.261, 0, 103302, 100, 958.05
2026/08/07 13:52:43.261, 1, 104462, 100, 958.99
2026/08/07 13:52:43.261, 2, 104462, 100, 955.85
2026/08/07 13:52:43.261, 3, 104462, 100, 954.81
2026/08/07 13:52:43.261, 4, 103102, 100, 936.81
2026/08/07 13:52:43.261, 5, 104262, 100, 950.19
2026/08/07 13:52:43.261, 6, 104262, 100, 938.55
2026/08/07 13:52:43.261, 7, 104262, 100, 961.59
2026/08/07 13:52:43.761, 0, 103302, 100, 957.70
2026/08/07 13:52:43.761, 1, 104462, 100, 960.85
2026/08/07 13:52:43.762, 2, 104462, 100, 949.22
2026/08/07 13:52:43.763, 3, 104462, 100, 957.06
2026/08/07 13:52:43.764, 4, 103102, 100, 933.52
2026/08/07 13:52:43.764, 5, 104262, 100, 947.01
2026/08/07 13:52:43.764, 6, 104262, 100, 929.37
2026/08/07 13:52:43.764, 7, 104262, 100, 954.83
2026/08/07 13:52:44.264, 0, 103302, 100, 950.56
2026/08/07 13:52:44.264, 1, 104462, 100, 954.57
2026/08/07 13:52:44.264, 2, 104462, 100, 949.30
2026/08/07 13:52:44.264, 3, 104462, 100, 954.60
2026/08/07 13:52:44.264, 4, 103102, 100, 933.68
2026/08/07 13:52:44.264, 5, 104262, 100, 946.39
2026/08/07 13:52:44.264, 6, 104262, 100, 929.64
2026/08/07 13:52:44.264, 7, 104262, 100, 962.66
2026/08/07 13:52:44.764, 0, 103302, 100, 943.05
2026/08/07 13:52:44.764, 1, 104462, 100, 951.58
2026/08/07 13:52:44.764, 2, 104462, 100, 944.47
2026/08/07 13:52:44.764, 3, 104462, 100, 943.09
2026/08/07 13:52:44.764, 4, 103102, 99, 937.68
2026/08/07 13:52:44.764, 5, 104262, 99, 945.71
2026/08/07 13:52:44.764, 6, 104262, 99, 926.58
2026/08/07 13:52:44.764, 7, 104262, 99, 960.67
2026/08/07 13:52:45.264, 0, 103302, 100, 942.48
2026/08/07 13:52:45.264, 1, 104462, 100, 954.66
2026/08/07 13:52:45.264, 2, 104462, 100, 942.88
2026/08/07 13:52:45.264, 3, 104462, 100, 941.45
2026/08/07 13:52:45.264, 4, 103102, 100, 929.49
2026/08/07 13:52:45.264, 5, 104262, 100, 948.18
2026/08/07 13:52:45.264, 6, 104262, 100, 936.65
2026/08/07 13:52:45.264, 7, 104262, 100, 962.62
2026/08/07 13:52:45.764, 0, 103302, 99, 945.22
2026/08/07 13:52:45.764, 1, 104462, 99, 948.60
2026/08/07 13:52:45.764, 2, 104462, 99, 945.65
2026/08/07 13:52:45.764, 3, 104462, 100, 941.86
2026/08/07 13:52:45.764, 4, 103102, 100, 932.56
2026/08/07 13:52:45.764, 5, 104262, 100, 953.30
2026/08/07 13:52:45.764, 6, 104262, 100, 944.62
2026/08/07 13:52:45.764, 7, 104262, 100, 977.82
2026/08/07 13:52:46.264, 0, 103302, 100, 942.48
2026/08/07 13:52:46.264, 1, 104462, 100, 949.94
2026/08/07 13:52:46.264, 2, 104462, 100, 949.70
2026/08/07 13:52:46.264, 3, 104462, 100, 952.93
2026/08/07 13:52:46.264, 4, 103102, 100, 944.35
2026/08/07 13:52:46.264, 5, 104262, 100, 959.39
2026/08/07 13:52:46.264, 6, 104262, 100, 941.62
2026/08/07 13:52:46.264, 7, 104262, 100, 973.32
2026/08/07 13:52:46.765, 0, 103302, 100, 955.76
2026/08/07 13:52:46.765, 1, 104462, 100, 965.67
2026/08/07 13:52:46.765, 2, 104462, 100, 952.23
2026/08/07 13:52:46.765, 3, 104462, 100, 962.86
2026/08/07 13:52:46.765, 4, 103102, 100, 948.80
2026/08/07 13:52:46.765, 5, 104262, 100, 964.69
2026/08/07 13:52:46.765, 6, 104262, 100, 947.52
2026/08/07 13:52:46.765, 7, 104262, 100, 961.03
2026/08/07 13:52:47.265, 0, 103302, 100, 971.44
2026/08/07 13:52:47.265, 1, 104462, 100, 973.93
2026/08/07 13:52:47.265, 2, 104462, 100, 959.12
2026/08/07 13:52:47.265, 3, 104462, 100, 965.83
2026/08/07 13:52:47.265, 4, 103102, 100, 947.91
2026/08/07 13:52:47.265, 5, 104262, 100, 958.57
2026/08/07 13:52:47.265, 6, 104262, 100, 942.07
2026/08/07 13:52:47.265, 7, 104262, 100, 961.57
2026/08/07 13:52:47.765, 0, 103302, 100, 968.69
2026/08/07 13:52:47.765, 1, 104462, 100, 971.19
2026/08/07 13:52:47.765, 2, 104462, 100, 965.07
2026/08/07 13:52:47.765, 3, 104462, 100, 965.81
2026/08/07 13:52:47.765, 4, 103102, 100, 941.03
2026/08/07 13:52:47.765, 5, 104262, 100, 951.01
2026/08/07 13:52:47.765, 6, 104262, 100, 933.92
2026/08/07 13:52:47.765, 7, 104262, 100, 958.23
2026/08/07 13:52:48.265, 0, 103302, 100, 962.46
2026/08/07 13:52:48.265, 1, 104462, 100, 970.25
2026/08/07 13:52:48.265, 2, 104462, 100, 956.74
2026/08/07 13:52:48.265, 3, 104462, 100, 966.83
2026/08/07 13:52:48.265, 4, 103102, 100, 935.90
2026/08/07 13:52:48.265, 5, 104262, 100, 948.34
2026/08/07 13:52:48.265, 6, 104262, 100, 928.45
2026/08/07 13:52:48.265, 7, 104262, 100, 958.13
2026/08/07 13:52:48.765, 0, 103302, 100, 951.23
2026/08/07 13:52:48.765, 1, 104462, 100, 956.61
2026/08/07 13:52:48.765, 2, 104462, 100, 948.46
2026/08/07 13:52:48.765, 3, 104462, 100, 956.13
2026/08/07 13:52:48.765, 4, 103102, 100, 930.23
2026/08/07 13:52:48.765, 5, 104262, 100, 942.23
2026/08/07 13:52:48.765, 6, 104262, 100, 926.67
2026/08/07 13:52:48.765, 7, 104262, 100, 955.86
2026/08/07 13:52:49.265, 0, 103302, 100, 946.30
2026/08/07 13:52:49.266, 1, 104462, 100, 954.38
2026/08/07 13:52:49.266, 2, 104462, 100, 948.72
2026/08/07 13:52:49.266, 3, 104462, 100, 942.15
2026/08/07 13:52:49.266, 4, 103102, 100, 921.31
2026/08/07 13:52:49.266, 5, 104262, 100, 936.02
2026/08/07 13:52:49.266, 6, 104262, 100, 926.63
2026/08/07 13:52:49.266, 7, 104262, 100, 960.03
2026/08/07 13:52:49.766, 0, 103302, 100, 951.50
2026/08/07 13:52:49.766, 1, 104462, 100, 965.41
2026/08/07 13:52:49.766, 2, 104462, 100, 950.85
2026/08/07 13:52:49.766, 3, 104462, 100, 947.68
2026/08/07 13:52:49.766, 4, 103102, 100, 932.38
2026/08/07 13:52:49.766, 5, 104262, 100, 944.31
2026/08/07 13:52:49.766, 6, 104262, 100, 938.93
2026/08/07 13:52:49.766, 7, 104262, 100, 971.99
2026/08/07 13:52:50.267, 0, 103302, 99, 946.61
2026/08/07 13:52:50.267, 1, 104462, 99, 949.91
2026/08/07 13:52:50.267, 2, 104462, 99, 940.91
2026/08/07 13:52:50.267, 3, 104462, 99, 956.45
2026/08/07 13:52:50.267, 4, 103102, 100, 950.02
2026/08/07 13:52:50.267, 5, 104262, 100, 962.77
2026/08/07 13:52:50.267, 6, 104262, 100, 945.34
2026/08/07 13:52:50.267, 7, 104262, 100, 969.43
2026/08/07 13:52:50.767, 0, 103302, 100, 950.03
2026/08/07 13:52:50.767, 1, 104462, 100, 952.41
2026/08/07 13:52:50.767, 2, 104462, 100, 942.11
2026/08/07 13:52:50.767, 3, 104462, 100, 950.53
2026/08/07 13:52:50.767, 4, 103102, 100, 951.01
2026/08/07 13:52:50.767, 5, 104262, 100, 954.58
2026/08/07 13:52:50.767, 6, 104262, 100, 937.89
2026/08/07 13:52:50.767, 7, 104262, 100, 968.80
2026/08/07 13:52:51.267, 0, 103302, 100, 961.15
2026/08/07 13:52:51.267, 1, 104462, 100, 970.05
2026/08/07 13:52:51.267, 2, 104462, 100, 956.40
2026/08/07 13:52:51.267, 3, 104462, 100, 955.31
2026/08/07 13:52:51.267, 4, 103102, 100, 949.96
2026/08/07 13:52:51.267, 5, 104262, 100, 954.66
2026/08/07 13:52:51.267, 6, 104262, 100, 942.26
2026/08/07 13:52:51.267, 7, 104262, 100, 972.80
2026/08/07 13:52:51.767, 0, 103302, 100, 959.98
2026/08/07 13:52:51.767, 1, 104462, 100, 972.42
2026/08/07 13:52:51.767, 2, 104462, 100, 948.96
2026/08/07 13:52:51.767, 3, 104462, 100, 958.00
2026/08/07 13:52:51.767, 4, 103102, 100, 940.39
2026/08/07 13:52:51.767, 5, 104262, 100, 953.88
2026/08/07 13:52:51.767, 6, 104262, 100, 935.59
2026/08/07 13:52:51.767, 7, 104262, 100, 966.72
2026/08/07 13:52:52.267, 0, 103302, 100, 954.85
2026/08/07 13:52:52.267, 1, 104462, 100, 966.86
2026/08/07 13:52:52.267, 2, 104462, 100, 949.96
2026/08/07 13:52:52.267, 3, 104462, 100, 943.78
2026/08/07 13:52:52.267, 4, 103102, 100, 932.86
2026/08/07 13:52:52.267, 5, 104262, 100, 942.84
2026/08/07 13:52:52.267, 6, 104262, 100, 929.97
2026/08/07 13:52:52.268, 7, 104262, 100, 958.82
2026/08/07 13:52:52.768, 0, 103302, 100, 956.82
2026/08/07 13:52:52.768, 1, 104462, 100, 966.86
2026/08/07 13:52:52.768, 2, 104462, 100, 958.72
2026/08/07 13:52:52.768, 3, 104462, 100, 945.04
2026/08/07 13:52:52.768, 4, 103102, 100, 934.22
2026/08/07 13:52:52.768, 5, 104262, 100, 948.77
2026/08/07 13:52:52.768, 6, 104262, 100, 940.18
2026/08/07 13:52:52.768, 7, 104262, 100, 960.83
2026/08/07 13:52:53.268, 0, 103302, 100, 956.00
2026/08/07 13:52:53.268, 1, 104462, 100, 969.68
2026/08/07 13:52:53.268, 2, 104462, 100, 943.64
2026/08/07 13:52:53.268, 3, 104462, 100, 954.59
2026/08/07 13:52:53.268, 4, 103102, 100, 930.37
2026/08/07 13:52:53.268, 5, 104262, 100, 950.58
2026/08/07 13:52:53.268, 6, 104262, 100, 938.88
2026/08/07 13:52:53.268, 7, 104262, 100, 959.87
2026/08/07 13:52:53.768, 0, 103302, 100, 948.67
2026/08/07 13:52:53.768, 1, 104462, 100, 957.37
2026/08/07 13:52:53.768, 2, 104462, 100, 933.63
2026/08/07 13:52:53.768, 3, 104462, 100, 946.96
2026/08/07 13:52:53.768, 4, 103102, 100, 932.36
2026/08/07 13:52:53.768, 5, 104262, 100, 950.43
2026/08/07 13:52:53.768, 6, 104262, 100, 918.96
2026/08/07 13:52:53.768, 7, 104262, 100, 961.81
2026/08/07 13:52:54.268, 0, 103302, 100, 946.10
2026/08/07 13:52:54.270, 1, 104462, 100, 957.36
2026/08/07 13:52:54.270, 2, 104462, 100, 945.67
2026/08/07 13:52:54.270, 3, 104462, 100, 942.47
2026/08/07 13:52:54.270, 4, 103102, 100, 935.79
2026/08/07 13:52:54.270, 5, 104262, 100, 956.17
2026/08/07 13:52:54.270, 6, 104262, 100, 929.66
2026/08/07 13:52:54.270, 7, 104262, 100, 977.28
2026/08/07 13:52:54.770, 0, 103302, 100, 942.68
2026/08/07 13:52:54.771, 1, 104462, 100, 958.87
2026/08/07 13:52:54.771, 2, 104462, 100, 946.22
2026/08/07 13:52:54.772, 3, 104462, 100, 948.65
2026/08/07 13:52:54.773, 4, 103102, 100, 940.24
2026/08/07 13:52:54.774, 5, 104262, 100, 956.74
2026/08/07 13:52:54.775, 6, 104262, 100, 949.71
2026/08/07 13:52:54.776, 7, 104262, 100, 978.95
2026/08/07 13:52:55.276, 0, 103302, 100, 956.54
2026/08/07 13:52:55.276, 1, 104462, 100, 967.60
2026/08/07 13:52:55.276, 2, 104462, 100, 942.44
2026/08/07 13:52:55.277, 3, 104462, 100, 960.18
2026/08/07 13:52:55.277, 4, 103102, 100, 945.53
2026/08/07 13:52:55.277, 5, 104262, 100, 963.20
2026/08/07 13:52:55.277, 6, 104262, 100, 946.36
2026/08/07 13:52:55.277, 7, 104262, 100, 980.58
2026/08/07 13:52:55.777, 0, 103302, 100, 970.48
2026/08/07 13:52:55.777, 1, 104462, 100, 979.78
2026/08/07 13:52:55.777, 2, 104462, 100, 955.61
2026/08/07 13:52:55.777, 3, 104462, 100, 962.09
2026/08/07 13:52:55.777, 4, 103102, 100, 945.89
2026/08/07 13:52:55.777, 5, 104262, 100, 970.49
2026/08/07 13:52:55.777, 6, 104262, 100, 941.45
2026/08/07 13:52:55.777, 7, 104262, 100, 978.60
2026/08/07 13:52:56.277, 0, 103302, 100, 969.56
2026/08/07 13:52:56.277, 1, 104462, 100, 974.59
2026/08/07 13:52:56.277, 2, 104462, 100, 955.59
2026/08/07 13:52:56.277, 3, 104462, 100, 963.80
2026/08/07 13:52:56.277, 4, 103102, 100, 942.49
2026/08/07 13:52:56.277, 5, 104262, 100, 963.75
2026/08/07 13:52:56.277, 6, 104262, 100, 941.85
2026/08/07 13:52:56.277, 7, 104262, 100, 971.04
2026/08/07 13:52:56.777, 0, 103302, 100, 962.28
2026/08/07 13:52:56.777, 1, 104462, 100, 963.08
2026/08/07 13:52:56.777, 2, 104462, 100, 946.10
2026/08/07 13:52:56.777, 3, 104462, 100, 964.14
2026/08/07 13:52:56.777, 4, 103102, 100, 941.60
2026/08/07 13:52:56.777, 5, 104262, 100, 962.25
2026/08/07 13:52:56.777, 6, 104262, 100, 941.83
2026/08/07 13:52:56.777, 7, 104262, 100, 964.49
2026/08/07 13:52:57.277, 0, 103302, 100, 959.48
2026/08/07 13:52:57.277, 1, 104462, 100, 967.20
2026/08/07 13:52:57.277, 2, 104462, 100, 953.33
2026/08/07 13:52:57.277, 3, 104462, 100, 958.73
2026/08/07 13:52:57.277, 4, 103102, 100, 940.59
2026/08/07 13:52:57.277, 5, 104262, 100, 950.26
2026/08/07 13:52:57.277, 6, 104262, 100, 937.23
2026/08/07 13:52:57.277, 7, 104262, 100, 958.21
2026/08/07 13:52:57.777, 0, 103302, 100, 951.87
2026/08/07 13:52:57.777, 1, 104462, 100, 967.33
2026/08/07 13:52:57.778, 2, 104462, 100, 948.47
2026/08/07 13:52:57.778, 3, 104462, 100, 954.56
2026/08/07 13:52:57.778, 4, 103102, 100, 932.42
2026/08/07 13:52:57.778, 5, 104262, 100, 939.54
2026/08/07 13:52:57.778, 6, 104262, 100, 931.37
2026/08/07 13:52:57.778, 7, 104262, 100, 956.27
2026/08/07 13:52:58.278, 0, 103302, 100, 947.17
2026/08/07 13:52:58.278, 1, 104462, 100, 954.45
2026/08/07 13:52:58.278, 2, 104462, 100, 944.32
2026/08/07 13:52:58.278, 3, 104462, 100, 955.32
2026/08/07 13:52:58.278, 4, 103102, 100, 923.17
2026/08/07 13:52:58.278, 5, 104262, 100, 948.94
2026/08/07 13:52:58.278, 6, 104262, 100, 924.97
2026/08/07 13:52:58.278, 7, 104262, 100, 958.08
2026/08/07 13:52:58.778, 0, 103302, 100, 951.87
2026/08/07 13:52:58.778, 1, 104462, 100, 950.32
2026/08/07 13:52:58.778, 2, 104462, 100, 940.57
2026/08/07 13:52:58.778, 3, 104462, 100, 954.23
2026/08/07 13:52:58.778, 4, 103102, 100, 933.04
2026/08/07 13:52:58.778, 5, 104262, 100, 957.79
2026/08/07 13:52:58.778, 6, 104262, 100, 921.63
2026/08/07 13:52:58.778, 7, 104262, 100, 968.12
2026/08/07 13:52:59.278, 0, 103302, 100, 951.97
2026/08/07 13:52:59.278, 1, 104462, 100, 961.76
2026/08/07 13:52:59.278, 2, 104462, 100, 938.04
2026/08/07 13:52:59.278, 3, 104462, 100, 948.28
2026/08/07 13:52:59.278, 4, 103102, 100, 952.06
2026/08/07 13:52:59.278, 5, 104262, 100, 970.60
2026/08/07 13:52:59.278, 6, 104262, 100, 940.02
2026/08/07 13:52:59.278, 7, 104262, 100, 975.54
2026/08/07 13:52:59.778, 0, 103302, 100, 958.29
2026/08/07 13:52:59.778, 1, 104462, 100, 969.74
2026/08/07 13:52:59.778, 2, 104462, 100, 940.18
2026/08/07 13:52:59.778, 3, 104462, 100, 952.00
2026/08/07 13:52:59.778, 4, 103102, 100, 953.43
2026/08/07 13:52:59.778, 5, 104262, 100, 971.41
2026/08/07 13:52:59.778, 6, 104262, 100, 952.35
2026/08/07 13:52:59.778, 7, 104262, 100, 977.90
2026/08/07 13:53:00.278, 0, 103302, 100, 962.50
2026/08/07 13:53:00.278, 1, 104462, 100, 976.97
2026/08/07 13:53:00.278, 2, 104462, 100, 948.71
2026/08/07 13:53:00.278, 3, 104462, 100, 962.78
2026/08/07 13:53:00.278, 4, 103102, 100, 946.26
2026/08/07 13:53:00.278, 5, 104262, 100, 961.90
2026/08/07 13:53:00.279, 6, 104262, 100, 945.79
2026/08/07 13:53:00.279, 7, 104262, 100, 975.97
2026/08/07 13:53:00.779, 0, 103302, 100, 957.92
2026/08/07 13:53:00.779, 1, 104462, 100, 975.71
2026/08/07 13:53:00.779, 2, 104462, 100, 955.26
2026/08/07 13:53:00.779, 3, 104462, 100, 962.13
2026/08/07 13:53:00.779, 4, 103102, 100, 937.99
2026/08/07 13:53:00.779, 5, 104262, 100, 948.80
2026/08/07 13:53:00.779, 6, 104262, 100, 934.86
2026/08/07 13:53:00.779, 7, 104262, 100, 968.88
2026/08/07 13:53:01.279, 0, 103302, 100, 960.38
2026/08/07 13:53:01.279, 1, 104462, 100, 960.52
2026/08/07 13:53:01.280, 2, 104462, 100, 954.41
2026/08/07 13:53:01.281, 3, 104462, 100, 959.09
2026/08/07 13:53:01.282, 4, 103102, 100, 936.55
2026/08/07 13:53:01.283, 5, 104262, 100, 950.29
2026/08/07 13:53:01.284, 6, 104262, 100, 929.37
2026/08/07 13:53:01.285, 7, 104262, 100, 958.12
2026/08/07 13:53:01.786, 0, 103302, 100, 957.04
2026/08/07 13:53:01.786, 1, 104462, 100, 945.38
2026/08/07 13:53:01.786, 2, 104462, 100, 946.16
2026/08/07 13:53:01.786, 3, 104462, 100, 952.20
2026/08/07 13:53:01.786, 4, 103102, 100, 932.92
2026/08/07 13:53:01.786, 5, 104262, 100, 945.96
2026/08/07 13:53:01.786, 6, 104262, 100, 934.84
2026/08/07 13:53:01.786, 7, 104262, 100, 960.15
2026/08/07 13:53:02.286, 0, 103302, 100, 950.16
2026/08/07 13:53:02.286, 1, 104462, 100, 954.67
2026/08/07 13:53:02.286, 2, 104462, 100, 940.71
2026/08/07 13:53:02.286, 3, 104462, 100, 952.69
2026/08/07 13:53:02.286, 4, 103102, 100, 937.13
2026/08/07 13:53:02.286, 5, 104262, 100, 937.79
2026/08/07 13:53:02.286, 6, 104262, 99, 938.11
2026/08/07 13:53:02.286, 7, 104262, 99, 956.09
2026/08/07 13:53:02.787, 0, 103302, 100, 951.51
2026/08/07 13:53:02.787, 1, 104462, 100, 959.35
2026/08/07 13:53:02.787, 2, 104462, 100, 933.52
2026/08/07 13:53:02.787, 3, 104462, 100, 959.84
2026/08/07 13:53:02.787, 4, 103102, 100, 932.87
2026/08/07 13:53:02.787, 5, 104262, 100, 950.56
2026/08/07 13:53:02.787, 6, 104262, 100, 939.44
2026/08/07 13:53:02.787, 7, 104262, 100, 965.84
2026/08/07 13:53:03.287, 0, 103302, 100, 954.65
2026/08/07 13:53:03.287, 1, 104462, 100, 948.79
2026/08/07 13:53:03.287, 2, 104462, 100, 931.14
2026/08/07 13:53:03.287, 3, 104462, 100, 952.16
2026/08/07 13:53:03.287, 4, 103102, 100, 940.29
2026/08/07 13:53:03.287, 5, 104262, 100, 963.30
2026/08/07 13:53:03.287, 6, 104262, 100, 950.20
2026/08/07 13:53:03.287, 7, 104262, 100, 981.94
2026/08/07 13:53:03.787, 0, 103302, 100, 953.03
2026/08/07 13:53:03.787, 1, 104462, 100, 955.21
2026/08/07 13:53:03.787, 2, 104462, 100, 948.34
2026/08/07 13:53:03.787, 3, 104462, 100, 954.77
2026/08/07 13:53:03.787, 4, 103102, 100, 955.15
2026/08/07 13:53:03.787, 5, 104262, 100, 968.58
2026/08/07 13:53:03.787, 6, 104262, 100, 963.44
2026/08/07 13:53:03.787, 7, 104262, 100, 988.95
2026/08/07 13:53:04.287, 0, 103302, 100, 953.47
2026/08/07 13:53:04.287, 1, 104462, 100, 963.35
2026/08/07 13:53:04.287, 2, 104462, 100, 954.34
2026/08/07 13:53:04.287, 3, 104462, 100, 961.34
2026/08/07 13:53:04.287, 4, 103102, 100, 957.50
2026/08/07 13:53:04.287, 5, 104262, 100, 972.32
2026/08/07 13:53:04.287, 6, 104262, 100, 963.24
2026/08/07 13:53:04.287, 7, 104262, 100, 978.70
2026/08/07 13:53:04.787, 0, 103302, 100, 962.57
2026/08/07 13:53:04.787, 1, 104462, 100, 971.94
2026/08/07 13:53:04.787, 2, 104462, 100, 949.08
2026/08/07 13:53:04.787, 3, 104462, 100, 962.75
2026/08/07 13:53:04.787, 4, 103102, 100, 952.24
2026/08/07 13:53:04.787, 5, 104262, 100, 971.39
2026/08/07 13:53:04.787, 6, 104262, 100, 951.93
2026/08/07 13:53:04.787, 7, 104262, 100, 975.94
2026/08/07 13:53:05.288, 0, 103302, 100, 970.36
2026/08/07 13:53:05.288, 1, 104462, 100, 978.29
2026/08/07 13:53:05.288, 2, 104462, 100, 951.37
2026/08/07 13:53:05.288, 3, 104462, 100, 968.59
2026/08/07 13:53:05.288, 4, 103102, 100, 940.06
2026/08/07 13:53:05.288, 5, 104262, 100, 960.61
2026/08/07 13:53:05.288, 6, 104262, 100, 938.91
2026/08/07 13:53:05.288, 7, 104262, 100, 976.01
2026/08/07 13:53:05.788, 0, 103302, 100, 960.64
2026/08/07 13:53:05.788, 1, 104462, 100, 976.18
2026/08/07 13:53:05.788, 2, 104462, 100, 956.90
2026/08/07 13:53:05.788, 3, 104462, 100, 966.77
2026/08/07 13:53:05.788, 4, 103102, 100, 934.55
2026/08/07 13:53:05.788, 5, 104262, 100, 959.24
2026/08/07 13:53:05.788, 6, 104262, 100, 943.00
2026/08/07 13:53:05.788, 7, 104262, 100, 960.24
2026/08/07 13:53:06.288, 0, 103302, 100, 956.38
2026/08/07 13:53:06.288, 1, 104462, 100, 975.99
2026/08/07 13:53:06.288, 2, 104462, 100, 957.97
2026/08/07 13:53:06.288, 3, 104462, 100, 956.64
2026/08/07 13:53:06.288, 4, 103102, 100, 934.85
2026/08/07 13:53:06.288, 5, 104262, 100, 953.58
2026/08/07 13:53:06.288, 6, 104262, 100, 945.46
2026/08/07 13:53:06.288, 7, 104262, 100, 951.05
2026/08/07 13:53:06.788, 0, 103302, 100, 959.28
2026/08/07 13:53:06.788, 1, 104462, 100, 977.40
2026/08/07 13:53:06.788, 2, 104462, 100, 951.86
2026/08/07 13:53:06.788, 3, 104462, 100, 957.03
2026/08/07 13:53:06.788, 4, 103102, 100, 937.69
2026/08/07 13:53:06.788, 5, 104262, 99, 943.01
2026/08/07 13:53:06.788, 6, 104262, 99, 938.44
2026/08/07 13:53:06.788, 7, 104262, 99, 966.68
2026/08/07 13:53:07.288, 0, 103302, 100, 943.82
2026/08/07 13:53:07.290, 1, 104462, 100, 966.04
2026/08/07 13:53:07.291, 2, 104462, 100, 945.92
2026/08/07 13:53:07.294, 3, 104462, 100, 957.99
2026/08/07 13:53:07.295, 4, 103102, 100, 944.08
2026/08/07 13:53:07.298, 5, 104262, 100, 953.15
2026/08/07 13:53:07.298, 6, 104262, 100, 933.99
2026/08/07 13:53:07.298, 7, 104262, 100, 977.43
2026/08/07 13:53:07.799, 0, 103302, 100, 942.79
2026/08/07 13:53:07.799, 1, 104462, 99, 963.74
2026/08/07 13:53:07.799, 2, 104462, 99, 944.67
2026/08/07 13:53:07.799, 3, 104462, 99, 951.33
2026/08/07 13:53:07.799, 4, 103102, 100, 942.19
2026/08/07 13:53:07.799, 5, 104262, 100, 963.67
2026/08/07 13:53:07.799, 6, 104262, 100, 940.48
2026/08/07 13:53:07.799, 7, 104262, 100, 979.74
2026/08/07 13:53:08.299, 0, 103302, 100, 951.22
2026/08/07 13:53:08.300, 1, 104462, 100, 970.23
2026/08/07 13:53:08.300, 2, 104462, 100, 941.77
2026/08/07 13:53:08.300, 3, 104462, 100, 951.15
2026/08/07 13:53:08.300, 4, 103102, 100, 940.22
2026/08/07 13:53:08.300, 5, 104262, 100, 960.86
2026/08/07 13:53:08.300, 6, 104262, 100, 944.65
2026/08/07 13:53:08.300, 7, 104262, 100, 980.98
2026/08/07 13:53:08.800, 0, 103302, 100, 962.30
2026/08/07 13:53:08.800, 1, 104462, 100, 972.56
2026/08/07 13:53:08.800, 2, 104462, 100, 946.10
2026/08/07 13:53:08.800, 3, 104462, 100, 965.24
2026/08/07 13:53:08.800, 4, 103102, 100, 942.87
2026/08/07 13:53:08.800, 5, 104262, 100, 970.21
2026/08/07 13:53:08.800, 6, 104262, 100, 950.75
2026/08/07 13:53:08.800, 7, 104262, 100, 968.63
2026/08/07 13:53:09.300, 0, 103302, 100, 968.20
2026/08/07 13:53:09.300, 1, 104462, 100, 978.45
2026/08/07 13:53:09.300, 2, 104462, 100, 955.49
2026/08/07 13:53:09.300, 3, 104462, 100, 972.48
2026/08/07 13:53:09.300, 4, 103102, 100, 941.48
2026/08/07 13:53:09.300, 5, 104262, 100, 967.31
2026/08/07 13:53:09.300, 6, 104262, 100, 953.34
2026/08/07 13:53:09.300, 7, 104262, 100, 964.64
2026/08/07 13:53:09.800, 0, 103302, 100, 961.09
2026/08/07 13:53:09.800, 1, 104462, 100, 974.02
2026/08/07 13:53:09.800, 2, 104462, 100, 959.08
2026/08/07 13:53:09.800, 3, 104462, 100, 965.14
2026/08/07 13:53:09.800, 4, 103102, 100, 938.08
2026/08/07 13:53:09.800, 5, 104262, 100, 951.58
2026/08/07 13:53:09.800, 6, 104262, 100, 938.54
2026/08/07 13:53:09.800, 7, 104262, 100, 967.24
2026/08/07 13:53:10.300, 0, 103302, 100, 955.49
2026/08/07 13:53:10.300, 1, 104462, 100, 964.09
2026/08/07 13:53:10.300, 2, 104462, 100, 952.45
2026/08/07 13:53:10.300, 3, 104462, 100, 954.94
2026/08/07 13:53:10.300, 4, 103102, 100, 937.81
2026/08/07 13:53:10.300, 5, 104262, 100, 945.84
2026/08/07 13:53:10.300, 6, 104262, 100, 935.82
2026/08/07 13:53:10.300, 7, 104262, 100, 958.87
2026/08/07 13:53:10.800, 0, 103302, 100, 954.14
2026/08/07 13:53:10.801, 1, 104462, 100, 966.84
2026/08/07 13:53:10.801, 2, 104462, 100, 949.93
2026/08/07 13:53:10.801, 3, 104462, 100, 949.13
2026/08/07 13:53:10.801, 4, 103102, 100, 933.95
2026/08/07 13:53:10.801, 5, 104262, 100, 954.27
2026/08/07 13:53:10.801, 6, 104262, 100, 941.53
2026/08/07 13:53:10.801, 7, 104262, 100, 949.46
2026/08/07 13:53:11.301, 0, 103302, 100, 948.72
2026/08/07 13:53:11.301, 1, 104462, 100, 972.52
2026/08/07 13:53:11.301, 2, 104462, 100, 944.08
2026/08/07 13:53:11.301, 3, 104462, 100, 950.25
2026/08/07 13:53:11.301, 4, 103102, 100, 921.86
2026/08/07 13:53:11.301, 5, 104262, 100, 950.95
2026/08/07 13:53:11.301, 6, 104262, 100, 940.24
2026/08/07 13:53:11.301, 7, 104262, 100, 964.68
2026/08/07 13:53:11.801, 0, 103302, 100, 946.34
2026/08/07 13:53:11.801, 1, 104462, 100, 959.11
2026/08/07 13:53:11.801, 2, 104462, 100, 935.44
2026/08/07 13:53:11.801, 3, 104462, 100, 955.38
2026/08/07 13:53:11.801, 4, 103102, 100, 932.19
2026/08/07 13:53:11.801, 5, 104262, 100, 960.15
2026/08/07 13:53:11.801, 6, 104262, 100, 943.62
2026/08/07 13:53:11.801, 7, 104262, 100, 971.42
2026/08/07 13:53:12.301, 0, 103302, 100, 949.44
2026/08/07 13:53:12.301, 1, 104462, 100, 946.62
2026/08/07 13:53:12.301, 2, 104462, 99, 945.74
2026/08/07 13:53:12.301, 3, 104462, 100, 948.53
2026/08/07 13:53:12.301, 4, 103102, 100, 950.06
2026/08/07 13:53:12.301, 5, 104262, 100, 973.23
2026/08/07 13:53:12.301, 6, 104262, 100, 948.66
2026/08/07 13:53:12.301, 7, 104262, 100, 978.48
2026/08/07 13:53:12.801, 0, 103302, 100, 948.88
2026/08/07 13:53:12.801, 1, 104462, 100, 962.48
2026/08/07 13:53:12.801, 2, 104462, 100, 952.91
2026/08/07 13:53:12.801, 3, 104462, 100, 947.51
2026/08/07 13:53:12.801, 4, 103102, 100, 952.38
2026/08/07 13:53:12.801, 5, 104262, 100, 966.99
2026/08/07 13:53:12.801, 6, 104262, 100, 951.77
2026/08/07 13:53:12.801, 7, 104262, 100, 980.85
2026/08/07 13:53:13.302, 0, 103302, 100, 963.08
2026/08/07 13:53:13.302, 1, 104462, 100, 980.79
2026/08/07 13:53:13.302, 2, 104462, 100, 956.92
2026/08/07 13:53:13.302, 3, 104462, 100, 966.78
2026/08/07 13:53:13.302, 4, 103102, 100, 949.31
2026/08/07 13:53:13.302, 5, 104262, 100, 964.15
2026/08/07 13:53:13.302, 6, 104262, 100, 953.72
2026/08/07 13:53:13.302, 7, 104262, 100, 969.28
2026/08/07 13:53:13.802, 0, 103302, 100, 966.88
2026/08/07 13:53:13.802, 1, 104462, 100, 986.47
2026/08/07 13:53:13.802, 2, 104462, 100, 964.24
2026/08/07 13:53:13.802, 3, 104462, 100, 965.34
2026/08/07 13:53:13.802, 4, 103102, 100, 942.78
2026/08/07 13:53:13.802, 5, 104262, 100, 963.10
2026/08/07 13:53:13.802, 6, 104262, 100, 946.76
2026/08/07 13:53:13.802, 7, 104262, 100, 965.05
2026/08/07 13:53:14.302, 0, 103302, 100, 964.26
2026/08/07 13:53:14.302, 1, 104462, 100, 981.37
2026/08/07 13:53:14.302, 2, 104462, 100, 953.92
2026/08/07 13:53:14.302, 3, 104462, 100, 961.42
2026/08/07 13:53:14.302, 4, 103102, 100, 936.66
2026/08/07 13:53:14.302, 5, 104262, 100, 961.55
2026/08/07 13:53:14.302, 6, 104262, 100, 940.54
2026/08/07 13:53:14.302, 7, 104262, 100, 964.97
2026/08/07 13:53:14.802, 0, 103302, 100, 960.37
2026/08/07 13:53:14.802, 1, 104462, 100, 968.21
2026/08/07 13:53:14.802, 2, 104462, 100, 945.58
2026/08/07 13:53:14.802, 3, 104462, 100, 967.90
2026/08/07 13:53:14.802, 4, 103102, 100, 937.96
2026/08/07 13:53:14.802, 5, 104262, 100, 955.64
2026/08/07 13:53:14.802, 6, 104262, 100, 944.66
2026/08/07 13:53:14.802, 7, 104262, 100, 963.14
2026/08/07 13:53:15.302, 0, 103302, 100, 951.64
2026/08/07 13:53:15.302, 1, 104462, 100, 962.05
2026/08/07 13:53:15.303, 2, 104462, 100, 944.11
2026/08/07 13:53:15.304, 3, 104462, 100, 956.72
2026/08/07 13:53:15.304, 4, 103102, 100, 928.95
2026/08/07 13:53:15.305, 5, 104262, 100, 947.99
2026/08/07 13:53:15.305, 6, 104262, 100, 945.53
2026/08/07 13:53:15.306, 7, 104262, 100, 960.72
2026/08/07 13:53:15.806, 0, 103302, 100, 955.93
2026/08/07 13:53:15.806, 1, 104462, 100, 965.03
2026/08/07 13:53:15.806, 2, 104462, 100, 943.27
2026/08/07 13:53:15.806, 3, 104462, 100, 953.73
2026/08/07 13:53:15.806, 4, 103102, 100, 920.55
2026/08/07 13:53:15.806, 5, 104262, 100, 942.75
2026/08/07 13:53:15.806, 6, 104262, 100, 933.98
2026/08/07 13:53:15.806, 7, 104262, 100, 956.99
2026/08/07 13:53:16.306, 0, 103302, 100, 958.72
2026/08/07 13:53:16.306, 1, 104462, 100, 963.24
2026/08/07 13:53:16.306, 2, 104462, 100, 943.83
2026/08/07 13:53:16.306, 3, 104462, 100, 954.63
2026/08/07 13:53:16.306, 4, 103102, 100, 937.58
2026/08/07 13:53:16.306, 5, 104262, 100, 954.29
2026/08/07 13:53:16.306, 6, 104262, 100, 930.55
2026/08/07 13:53:16.306, 7, 104262, 100, 965.43
2026/08/07 13:53:16.806, 0, 103302, 100, 949.29
2026/08/07 13:53:16.806, 1, 104462, 100, 969.43
2026/08/07 13:53:16.806, 2, 104462, 100, 939.99
2026/08/07 13:53:16.806, 3, 104462, 100, 948.18
2026/08/07 13:53:16.806, 4, 103102, 100, 955.46
2026/08/07 13:53:16.806, 5, 104262, 100, 970.58
2026/08/07 13:53:16.806, 6, 104262, 100, 947.58
2026/08/07 13:53:16.806, 7, 104262, 100, 979.96
2026/08/07 13:53:17.306, 0, 103302, 100, 952.81
2026/08/07 13:53:17.306, 1, 104462, 100, 973.05
2026/08/07 13:53:17.306, 2, 104462, 100, 948.49
2026/08/07 13:53:17.306, 3, 104462, 100, 954.94
2026/08/07 13:53:17.306, 4, 103102, 100, 949.25
2026/08/07 13:53:17.306, 5, 104262, 100, 971.03
2026/08/07 13:53:17.306, 6, 104262, 100, 955.86
2026/08/07 13:53:17.306, 7, 104262, 100, 984.35
2026/08/07 13:53:17.807, 0, 103302, 100, 958.33
2026/08/07 13:53:17.807, 1, 104462, 100, 974.11
2026/08/07 13:53:17.807, 2, 104462, 100, 955.88
2026/08/07 13:53:17.807, 3, 104462, 100, 970.90
2026/08/07 13:53:17.807, 4, 103102, 100, 948.39
2026/08/07 13:53:17.807, 5, 104262, 100, 963.65
2026/08/07 13:53:17.807, 6, 104262, 100, 953.90
2026/08/07 13:53:17.807, 7, 104262, 100, 978.81
2026/08/07 13:53:18.307, 0, 103302, 100, 962.19
2026/08/07 13:53:18.307, 1, 104462, 100, 970.63
2026/08/07 13:53:18.307, 2, 104462, 100, 949.55
2026/08/07 13:53:18.307, 3, 104462, 100, 971.06
2026/08/07 13:53:18.307, 4, 103102, 100, 940.79
2026/08/07 13:53:18.307, 5, 104262, 100, 960.07
2026/08/07 13:53:18.307, 6, 104262, 100, 952.25
2026/08/07 13:53:18.307, 7, 104262, 100, 969.70
2026/08/07 13:53:18.807, 0, 103302, 100, 963.62
2026/08/07 13:53:18.807, 1, 104462, 100, 977.14
2026/08/07 13:53:18.807, 2, 104462, 100, 942.53
2026/08/07 13:53:18.807, 3, 104462, 100, 963.96
2026/08/07 13:53:18.807, 4, 103102, 100, 933.91
2026/08/07 13:53:18.807, 5, 104262, 100, 954.21
2026/08/07 13:53:18.807, 6, 104262, 100, 946.23
2026/08/07 13:53:18.807, 7, 104262, 100, 962.29
2026/08/07 13:53:19.307, 0, 103302, 100, 954.49
2026/08/07 13:53:19.307, 1, 104462, 100, 978.99
2026/08/07 13:53:19.307, 2, 104462, 100, 946.39
2026/08/07 13:53:19.307, 3, 104462, 100, 960.55
2026/08/07 13:53:19.307, 4, 103102, 100, 939.57
2026/08/07 13:53:19.307, 5, 104262, 100, 952.64
2026/08/07 13:53:19.307, 6, 104262, 100, 934.54
2026/08/07 13:53:19.307, 7, 104262, 100, 970.53
2026/08/07 13:53:19.807, 0, 103302, 100, 953.68
2026/08/07 13:53:19.807, 1, 104462, 100, 967.78
2026/08/07 13:53:19.807, 2, 104462, 100, 945.87
2026/08/07 13:53:19.807, 3, 104462, 100, 955.00
2026/08/07 13:53:19.807, 4, 103102, 100, 937.78
2026/08/07 13:53:19.807, 5, 104262, 100, 957.21
2026/08/07 13:53:19.807, 6, 104262, 100, 935.69
2026/08/07 13:53:19.807, 7, 104262, 100, 970.95
2026/08/07 13:53:20.308, 0, 103302, 100, 951.76
2026/08/07 13:53:20.308, 1, 104462, 100, 967.01
2026/08/07 13:53:20.308, 2, 104462, 100, 949.26
2026/08/07 13:53:20.308, 3, 104462, 100, 960.75
2026/08/07 13:53:20.308, 4, 103102, 100, 933.00
2026/08/07 13:53:20.308, 5, 104262, 100, 951.69
2026/08/07 13:53:20.308, 6, 104262, 100, 940.32
2026/08/07 13:53:20.308, 7, 104262, 100, 960.73
2026/08/07 13:53:20.808, 0, 103302, 100, 944.60
2026/08/07 13:53:20.809, 1, 104462, 100, 957.56
2026/08/07 13:53:20.810, 2, 104462, 100, 948.71
2026/08/07 13:53:20.811, 3, 104462, 100, 955.96
2026/08/07 13:53:20.812, 4, 103102, 100, 945.25
2026/08/07 13:53:20.813, 5, 104262, 100, 959.83
2026/08/07 13:53:20.814, 6, 104262, 100, 949.61
2026/08/07 13:53:20.815, 7, 104262, 100, 965.62
2026/08/07 13:53:21.316, 0, 103302, 100, 947.91
2026/08/07 13:53:21.316, 1, 104462, 100, 958.02
2026/08/07 13:53:21.316, 2, 104462, 100, 937.61
2026/08/07 13:53:21.316, 3, 104462, 100, 948.15
2026/08/07 13:53:21.316, 4, 103102, 100, 949.18
2026/08/07 13:53:21.316, 5, 104262, 100, 971.60
2026/08/07 13:53:21.317, 6, 104262, 100, 957.10
2026/08/07 13:53:21.317, 7, 104262, 100, 974.99
2026/08/07 13:53:21.817, 0, 103302, 100, 953.09
2026/08/07 13:53:21.817, 1, 104462, 100, 975.83
2026/08/07 13:53:21.817, 2, 104462, 100, 941.71
2026/08/07 13:53:21.817, 3, 104462, 100, 959.30
2026/08/07 13:53:21.817, 4, 103102, 100, 953.02
2026/08/07 13:53:21.817, 5, 104262, 100, 973.75
2026/08/07 13:53:21.817, 6, 104262, 100, 953.21
2026/08/07 13:53:21.817, 7, 104262, 100, 979.27
2026/08/07 13:53:22.317, 0, 103302, 100, 964.33
2026/08/07 13:53:22.317, 1, 104462, 100, 982.75
2026/08/07 13:53:22.317, 2, 104462, 100, 953.89
2026/08/07 13:53:22.317, 3, 104462, 100, 963.87
2026/08/07 13:53:22.317, 4, 103102, 100, 951.35
2026/08/07 13:53:22.317, 5, 104262, 100, 964.27
2026/08/07 13:53:22.317, 6, 104262, 100, 945.37
2026/08/07 13:53:22.317, 7, 104262, 100, 981.07
2026/08/07 13:53:22.817, 0, 103302, 100, 966.22
2026/08/07 13:53:22.818, 1, 104462, 100, 975.35
2026/08/07 13:53:22.819, 2, 104462, 100, 958.54
2026/08/07 13:53:22.820, 3, 104462, 100, 961.97
2026/08/07 13:53:22.820, 4, 103102, 100, 943.72
2026/08/07 13:53:22.820, 5, 104262, 100, 954.97
2026/08/07 13:53:22.821, 6, 104262, 100, 945.31
2026/08/07 13:53:22.822, 7, 104262, 100, 965.52
2026/08/07 13:53:23.323, 0, 103302, 100, 962.83
2026/08/07 13:53:23.323, 1, 104462, 100, 981.92
2026/08/07 13:53:23.323, 2, 104462, 100, 953.98
2026/08/07 13:53:23.323, 3, 104462, 100, 963.16
2026/08/07 13:53:23.323, 4, 103102, 100, 943.87
2026/08/07 13:53:23.323, 5, 104262, 100, 964.26
2026/08/07 13:53:23.323, 6, 104262, 100, 947.30
2026/08/07 13:53:23.323, 7, 104262, 100, 964.70
2026/08/07 13:53:23.823, 0, 103302, 100, 960.23
2026/08/07 13:53:23.823, 1, 104462, 100, 982.87
2026/08/07 13:53:23.823, 2, 104462, 100, 959.51
2026/08/07 13:53:23.823, 3, 104462, 100, 967.97
2026/08/07 13:53:23.823, 4, 103102, 100, 935.78
2026/08/07 13:53:23.823, 5, 104262, 100, 957.55
2026/08/07 13:53:23.823, 6, 104262, 100, 941.00
2026/08/07 13:53:23.823, 7, 104262, 100, 976.92
2026/08/07 13:53:24.323, 0, 103302, 100, 959.45
2026/08/07 13:53:24.323, 1, 104462, 100, 974.37
2026/08/07 13:53:24.323, 2, 104462, 100, 953.65
2026/08/07 13:53:24.323, 3, 104462, 100, 964.43
2026/08/07 13:53:24.323, 4, 103102, 100, 936.67
2026/08/07 13:53:24.323, 5, 104262, 100, 953.14
2026/08/07 13:53:24.323, 6, 104262, 99, 936.62
2026/08/07 13:53:24.323, 7, 104262, 99, 970.31
2026/08/07 13:53:24.823, 0, 103302, 100, 959.30
2026/08/07 13:53:24.823, 1, 104462, 100, 967.57
2026/08/07 13:53:24.823, 2, 104462, 100, 950.13
2026/08/07 13:53:24.823, 3, 104462, 100, 962.54
2026/08/07 13:53:24.823, 4, 103102, 100, 940.96
2026/08/07 13:53:24.823, 5, 104262, 100, 965.24
2026/08/07 13:53:24.823, 6, 104262, 100, 935.25
2026/08/07 13:53:24.823, 7, 104262, 100, 963.41
2026/08/07 13:53:25.324, 0, 103302, 100, 950.94
2026/08/07 13:53:25.325, 1, 104462, 100, 960.54
2026/08/07 13:53:25.325, 2, 104462, 100, 941.20
2026/08/07 13:53:25.329, 3, 104462, 100, 957.33
2026/08/07 13:53:25.330, 4, 103102, 100, 950.05
2026/08/07 13:53:25.330, 5, 104262, 100, 970.53
2026/08/07 13:53:25.330, 6, 104262, 100, 945.91
2026/08/07 13:53:25.330, 7, 104262, 100, 976.84
2026/08/07 13:53:25.830, 0, 103302, 100, 944.53
2026/08/07 13:53:25.830, 1, 104462, 100, 966.55
2026/08/07 13:53:25.830, 2, 104462, 100, 942.92
2026/08/07 13:53:25.830, 3, 104462, 100, 949.52
2026/08/07 13:53:25.830, 4, 103102, 100, 956.71
2026/08/07 13:53:25.830, 5, 104262, 100, 969.13
2026/08/07 13:53:25.830, 6, 104262, 100, 958.64
2026/08/07 13:53:25.830, 7, 104262, 100, 983.02
2026/08/07 13:53:26.330, 0, 103302, 100, 955.58
2026/08/07 13:53:26.330, 1, 104462, 100, 976.47
2026/08/07 13:53:26.330, 2, 104462, 100, 956.54
2026/08/07 13:53:26.330, 3, 104462, 100, 966.83
2026/08/07 13:53:26.330, 4, 103102, 100, 951.32
2026/08/07 13:53:26.330, 5, 104262, 100, 967.94
2026/08/07 13:53:26.330, 6, 104262, 100, 958.22
2026/08/07 13:53:26.330, 7, 104262, 100, 973.43
2026/08/07 13:53:26.830, 0, 103302, 100, 970.94
2026/08/07 13:53:26.830, 1, 104462, 100, 986.19
2026/08/07 13:53:26.830, 2, 104462, 100, 967.49
2026/08/07 13:53:26.830, 3, 104462, 100, 981.03
2026/08/07 13:53:26.830, 4, 103102, 100, 948.65
2026/08/07 13:53:26.830, 5, 104262, 100, 971.51
2026/08/07 13:53:26.830, 6, 104262, 100, 951.02
2026/08/07 13:53:26.830, 7, 104262, 100, 981.10
2026/08/07 13:53:27.330, 0, 103302, 100, 972.94
2026/08/07 13:53:27.330, 1, 104462, 100, 989.48
2026/08/07 13:53:27.330, 2, 104462, 100, 965.33
2026/08/07 13:53:27.330, 3, 104462, 100, 967.97
2026/08/07 13:53:27.330, 4, 103102, 100, 946.33
2026/08/07 13:53:27.330, 5, 104262, 100, 967.73
2026/08/07 13:53:27.330, 6, 104262, 100, 947.79
2026/08/07 13:53:27.330, 7, 104262, 100, 988.27
2026/08/07 13:53:27.831, 0, 103302, 100, 967.01
2026/08/07 13:53:27.831, 1, 104462, 100, 977.41
2026/08/07 13:53:27.831, 2, 104462, 100, 950.22
2026/08/07 13:53:27.831, 3, 104462, 100, 963.40
2026/08/07 13:53:27.831, 4, 103102, 100, 936.16
2026/08/07 13:53:27.831, 5, 104262, 100, 953.24
2026/08/07 13:53:27.831, 6, 104262, 100, 947.38
2026/08/07 13:53:27.831, 7, 104262, 100, 969.37
2026/08/07 13:53:28.331, 0, 103302, 100, 965.84
2026/08/07 13:53:28.331, 1, 104462, 100, 974.32
2026/08/07 13:53:28.331, 2, 104462, 100, 949.90
2026/08/07 13:53:28.331, 3, 104462, 100, 970.13
2026/08/07 13:53:28.331, 4, 103102, 100, 934.97
2026/08/07 13:53:28.331, 5, 104262, 100, 942.92
2026/08/07 13:53:28.331, 6, 104262, 100, 936.72
2026/08/07 13:53:28.331, 7, 104262, 100, 967.41
2026/08/07 13:53:28.831, 0, 103302, 100, 956.61
2026/08/07 13:53:28.831, 1, 104462, 100, 979.67
2026/08/07 13:53:28.831, 2, 104462, 100, 954.64
2026/08/07 13:53:28.831, 3, 104462, 100, 967.23
2026/08/07 13:53:28.831, 4, 103102, 100, 936.62
2026/08/07 13:53:28.831, 5, 104262, 100, 944.36
2026/08/07 13:53:28.831, 6, 104262, 100, 936.19
2026/08/07 13:53:28.831, 7, 104262, 99, 968.24
2026/08/07 13:53:29.331, 0, 103302, 100, 950.89
2026/08/07 13:53:29.331, 1, 104462, 100, 979.17
2026/08/07 13:53:29.331, 2, 104462, 100, 952.41
2026/08/07 13:53:29.331, 3, 104462, 100, 961.21
2026/08/07 13:53:29.331, 4, 103102, 100, 944.21
2026/08/07 13:53:29.331, 5, 104262, 100, 959.57
2026/08/07 13:53:29.331, 6, 104262, 100, 942.44
2026/08/07 13:53:29.331, 7, 104262, 100, 975.62
2026/08/07 13:53:29.831, 0, 103302, 100, 946.19
2026/08/07 13:53:29.831, 1, 104462, 100, 976.48
2026/08/07 13:53:29.831, 2, 104462, 100, 950.68
2026/08/07 13:53:29.831, 3, 104462, 100, 956.67
2026/08/07 13:53:29.831, 4, 103102, 100, 950.94
2026/08/07 13:53:29.831, 5, 104262, 100, 967.09
2026/08/07 13:53:29.831, 6, 104262, 100, 947.67
2026/08/07 13:53:29.831, 7, 104262, 100, 984.10
2026/08/07 13:53:30.332, 0, 103302, 100, 945.91
2026/08/07 13:53:30.332, 1, 104462, 100, 974.65
2026/08/07 13:53:30.332, 2, 104462, 100, 947.51
2026/08/07 13:53:30.332, 3, 104462, 100, 953.25
2026/08/07 13:53:30.332, 4, 103102, 100, 953.31
2026/08/07 13:53:30.332, 5, 104262, 100, 960.84
2026/08/07 13:53:30.332, 6, 104262, 100, 946.58
2026/08/07 13:53:30.332, 7, 104262, 100, 981.78
2026/08/07 13:53:30.832, 0, 103302, 100, 957.71
2026/08/07 13:53:30.832, 1, 104462, 100, 982.18
2026/08/07 13:53:30.832, 2, 104462, 100, 950.61
2026/08/07 13:53:30.832, 3, 104462, 100, 963.21
2026/08/07 13:53:30.832, 4, 103102, 100, 946.49
2026/08/07 13:53:30.832, 5, 104262, 100, 960.75
2026/08/07 13:53:30.832, 6, 104262, 100, 946.73
2026/08/07 13:53:30.832, 7, 104262, 100, 972.25
2026/08/07 13:53:31.332, 0, 103302, 100, 962.30
2026/08/07 13:53:31.332, 1, 104462, 100, 983.44
2026/08/07 13:53:31.332, 2, 104462, 100, 946.51
2026/08/07 13:53:31.332, 3, 104462, 100, 970.70
2026/08/07 13:53:31.332, 4, 103102, 100, 945.62
2026/08/07 13:53:31.332, 5, 104262, 100, 964.62
2026/08/07 13:53:31.332, 6, 104262, 100, 942.10
2026/08/07 13:53:31.332, 7, 104262, 100, 968.55
2026/08/07 13:53:31.832, 0, 103302, 100, 964.27
2026/08/07 13:53:31.832, 1, 104462, 100, 989.17
2026/08/07 13:53:31.832, 2, 104462, 100, 948.80
2026/08/07 13:53:31.832, 3, 104462, 100, 969.27
2026/08/07 13:53:31.832, 4, 103102, 100, 945.08
2026/08/07 13:53:31.832, 5, 104262, 100, 963.98
2026/08/07 13:53:31.832, 6, 104262, 100, 940.23
2026/08/07 13:53:31.832, 7, 104262, 100, 968.14
2026/08/07 13:53:32.332, 0, 103302, 100, 956.41
2026/08/07 13:53:32.332, 1, 104462, 100, 983.57
2026/08/07 13:53:32.332, 2, 104462, 100, 951.16
2026/08/07 13:53:32.332, 3, 104462, 100, 966.32
2026/08/07 13:53:32.332, 4, 103102, 100, 937.27
2026/08/07 13:53:32.332, 5, 104262, 100, 951.64
2026/08/07 13:53:32.332, 6, 104262, 100, 938.88
2026/08/07 13:53:32.332, 7, 104262, 100, 964.69
2026/08/07 13:53:32.833, 0, 103302, 100, 945.82
2026/08/07 13:53:32.833, 1, 104462, 100, 971.08
2026/08/07 13:53:32.833, 2, 104462, 100, 933.70
2026/08/07 13:53:32.833, 3, 104462, 100, 953.58
2026/08/07 13:53:32.833, 4, 103102, 100, 938.01
2026/08/07 13:53:32.833, 5, 104262, 100, 960.57
2026/08/07 13:53:32.833, 6, 104262, 100, 938.02
2026/08/07 13:53:32.833, 7, 104262, 100, 960.66
2026/08/07 13:53:33.333, 0, 103302, 100, 950.83
2026/08/07 13:53:33.333, 1, 104462, 100, 968.94
2026/08/07 13:53:33.333, 2, 104462, 100, 939.69
2026/08/07 13:53:33.333, 3, 104462, 100, 947.20
2026/08/07 13:53:33.333, 4, 103102, 100, 933.48
2026/08/07 13:53:33.333, 5, 104262, 100, 955.75
2026/08/07 13:53:33.333, 6, 104262, 100, 938.62
2026/08/07 13:53:33.333, 7, 104262, 100, 959.51
2026/08/07 13:53:33.833, 0, 103302, 100, 953.24
2026/08/07 13:53:33.833, 1, 104462, 100, 969.62
2026/08/07 13:53:33.833, 2, 104462, 100, 951.03
2026/08/07 13:53:33.833, 3, 104462, 100, 954.46
2026/08/07 13:53:33.833, 4, 103102, 100, 940.15
2026/08/07 13:53:33.833, 5, 104262, 100, 956.27
2026/08/07 13:53:33.833, 6, 104262, 100, 947.20
2026/08/07 13:53:33.833, 7, 104262, 100, 969.45
2026/08/07 13:53:34.333, 0, 103302, 100, 951.52
2026/08/07 13:53:34.333, 1, 104462, 100, 965.73
2026/08/07 13:53:34.333, 2, 104462, 100, 941.64
2026/08/07 13:53:34.333, 3, 104462, 100, 953.79
2026/08/07 13:53:34.333, 4, 103102, 100, 953.54
2026/08/07 13:53:34.333, 5, 104262, 100, 971.59
2026/08/07 13:53:34.333, 6, 104262, 100, 954.79
2026/08/07 13:53:34.333, 7, 104262, 100, 981.41
2026/08/07 13:53:34.833, 0, 103302, 100, 953.69
2026/08/07 13:53:34.833, 1, 104462, 100, 962.90
2026/08/07 13:53:34.833, 2, 104462, 100, 940.99
2026/08/07 13:53:34.833, 3, 104462, 100, 956.40
2026/08/07 13:53:34.833, 4, 103102, 100, 949.35
2026/08/07 13:53:34.833, 5, 104262, 100, 972.10
2026/08/07 13:53:34.833, 6, 104262, 100, 957.74
2026/08/07 13:53:34.833, 7, 104262, 100, 984.35
2026/08/07 13:53:35.334, 0, 103302, 100, 960.67
2026/08/07 13:53:35.334, 1, 104462, 100, 975.97
2026/08/07 13:53:35.334, 2, 104462, 100, 947.64
2026/08/07 13:53:35.334, 3, 104462, 100, 968.98
2026/08/07 13:53:35.334, 4, 103102, 100, 948.65
2026/08/07 13:53:35.334, 5, 104262, 100, 967.81
2026/08/07 13:53:35.334, 6, 104262, 100, 956.99
2026/08/07 13:53:35.334, 7, 104262, 100, 980.86
2026/08/07 13:53:35.834, 0, 103302, 100, 964.00
2026/08/07 13:53:35.834, 1, 104462, 100, 988.40
2026/08/07 13:53:35.834, 2, 104462, 100, 951.87
2026/08/07 13:53:35.834, 3, 104462, 100, 973.47
2026/08/07 13:53:35.834, 4, 103102, 100, 936.38
2026/08/07 13:53:35.834, 5, 104262, 100, 952.19
2026/08/07 13:53:35.834, 6, 104262, 100, 945.87
2026/08/07 13:53:35.834, 7, 104262, 100, 980.68
2026/08/07 13:53:36.334, 0, 103302, 100, 968.45
2026/08/07 13:53:36.334, 1, 104462, 100, 986.56
2026/08/07 13:53:36.334, 2, 104462, 100, 961.06
2026/08/07 13:53:36.334, 3, 104462, 100, 970.55
2026/08/07 13:53:36.334, 4, 103102, 100, 934.82
2026/08/07 13:53:36.334, 5, 104262, 100, 953.13
2026/08/07 13:53:36.334, 6, 104262, 100, 935.68
2026/08/07 13:53:36.334, 7, 104262, 100, 970.01
2026/08/07 13:53:36.834, 0, 103302, 100, 959.93
2026/08/07 13:53:36.834, 1, 104462, 100, 989.57
2026/08/07 13:53:36.834, 2, 104462, 100, 961.31
2026/08/07 13:53:36.834, 3, 104462, 100, 969.79
2026/08/07 13:53:36.834, 4, 103102, 100, 942.73
2026/08/07 13:53:36.834, 5, 104262, 100, 956.49
2026/08/07 13:53:36.834, 6, 104262, 100, 933.73
2026/08/07 13:53:36.834, 7, 104262, 100, 965.86
2026/08/07 13:53:37.334, 0, 103302, 100, 957.54
2026/08/07 13:53:37.334, 1, 104462, 100, 981.84
2026/08/07 13:53:37.334, 2, 104462, 100, 958.60
2026/08/07 13:53:37.334, 3, 104462, 100, 970.40
2026/08/07 13:53:37.334, 4, 103102, 100, 944.35
2026/08/07 13:53:37.334, 5, 104262, 100, 962.31
2026/08/07 13:53:37.334, 6, 104262, 100, 934.49
2026/08/07 13:53:37.335, 7, 104262, 100, 978.29
2026/08/07 13:53:37.835, 0, 103302, 100, 951.22
2026/08/07 13:53:37.835, 1, 104462, 100, 970.18
2026/08/07 13:53:37.835, 2, 104462, 100, 942.47
2026/08/07 13:53:37.835, 3, 104462, 100, 956.91
2026/08/07 13:53:37.835, 4, 103102, 100, 942.76
2026/08/07 13:53:37.835, 5, 104262, 100, 966.41
2026/08/07 13:53:37.835, 6, 104262, 100, 934.24
2026/08/07 13:53:37.835, 7, 104262, 100, 978.05
2026/08/07 13:53:38.335, 0, 103302, 100, 948.55
2026/08/07 13:53:38.336, 1, 104462, 100, 970.82
2026/08/07 13:53:38.340, 2, 104462, 100, 940.47
2026/08/07 13:53:38.340, 3, 104462, 100, 947.17
2026/08/07 13:53:38.348, 4, 103102, 100, 937.80
2026/08/07 13:53:38.350, 5, 104262, 100, 964.63
2026/08/07 13:53:38.353, 6, 104262, 100, 939.36
2026/08/07 13:53:38.354, 7, 104262, 100, 974.19
2026/08/07 13:53:38.861, 0, 103302, 100, 952.43
2026/08/07 13:53:38.861, 1, 104462, 100, 970.33
2026/08/07 13:53:38.861, 2, 104462, 100, 947.06
2026/08/07 13:53:38.861, 3, 104462, 100, 950.62
2026/08/07 13:53:38.861, 4, 103102, 100, 942.60
2026/08/07 13:53:38.861, 5, 104262, 100, 967.35
2026/08/07 13:53:38.861, 6, 104262, 100, 947.76
2026/08/07 13:53:38.861, 7, 104262, 100, 978.82
2026/08/07 13:53:39.362, 0, 103302, 100, 960.57
2026/08/07 13:53:39.362, 1, 104462, 100, 974.70
2026/08/07 13:53:39.362, 2, 104462, 100, 943.52
2026/08/07 13:53:39.362, 3, 104462, 100, 956.57
2026/08/07 13:53:39.362, 4, 103102, 100, 943.61
2026/08/07 13:53:39.362, 5, 104262, 100, 958.32
2026/08/07 13:53:39.362, 6, 104262, 100, 947.50
2026/08/07 13:53:39.362, 7, 104262, 100, 984.05
2026/08/07 13:53:39.862, 0, 103302, 100, 963.25
2026/08/07 13:53:39.862, 1, 104462, 100, 979.49
2026/08/07 13:53:39.862, 2, 104462, 100, 953.20
2026/08/07 13:53:39.862, 3, 104462, 100, 965.32
2026/08/07 13:53:39.862, 4, 103102, 100, 939.55
2026/08/07 13:53:39.862, 5, 104262, 100, 957.66
2026/08/07 13:53:39.862, 6, 104262, 100, 947.06
2026/08/07 13:53:39.862, 7, 104262, 100, 984.70
2026/08/07 13:53:40.362, 0, 103302, 100, 963.47
2026/08/07 13:53:40.362, 1, 104462, 100, 983.30
2026/08/07 13:53:40.362, 2, 104462, 100, 954.86
2026/08/07 13:53:40.362, 3, 104462, 100, 969.56
2026/08/07 13:53:40.362, 4, 103102, 100, 942.22
2026/08/07 13:53:40.362, 5, 104262, 100, 961.51
2026/08/07 13:53:40.362, 6, 104262, 100, 939.62
2026/08/07 13:53:40.362, 7, 104262, 100, 959.52
2026/08/07 13:53:40.862, 0, 103302, 100, 962.10
2026/08/07 13:53:40.862, 1, 104462, 100, 984.84
2026/08/07 13:53:40.862, 2, 104462, 100, 951.97
2026/08/07 13:53:40.862, 3, 104462, 100, 968.27
2026/08/07 13:53:40.862, 4, 103102, 100, 941.70
2026/08/07 13:53:40.862, 5, 104262, 100, 960.20
2026/08/07 13:53:40.862, 6, 104262, 100, 933.86
2026/08/07 13:53:40.862, 7, 104262, 100, 957.12
2026/08/07 13:53:41.362, 0, 103302, 100, 957.19
2026/08/07 13:53:41.362, 1, 104462, 100, 984.78
2026/08/07 13:53:41.362, 2, 104462, 100, 950.88
2026/08/07 13:53:41.362, 3, 104462, 100, 958.02
2026/08/07 13:53:41.362, 4, 103102, 100, 936.16
2026/08/07 13:53:41.362, 5, 104262, 100, 953.26
2026/08/07 13:53:41.362, 6, 104262, 100, 932.37
2026/08/07 13:53:41.362, 7, 104262, 100, 970.83
2026/08/07 13:53:41.863, 0, 103302, 100, 952.72
2026/08/07 13:53:41.863, 1, 104462, 100, 971.56
2026/08/07 13:53:41.863, 2, 104462, 100, 953.40
2026/08/07 13:53:41.863, 3, 104462, 100, 951.44
2026/08/07 13:53:41.863, 4, 103102, 100, 936.66
2026/08/07 13:53:41.863, 5, 104262, 100, 949.84
2026/08/07 13:53:41.863, 6, 104262, 99, 927.96
2026/08/07 13:53:41.863, 7, 104262, 100, 959.14
2026/08/07 13:53:42.363, 0, 103302, 100, 953.78
2026/08/07 13:53:42.363, 1, 104462, 100, 970.70
2026/08/07 13:53:42.363, 2, 104462, 100, 957.66
2026/08/07 13:53:42.363, 3, 104462, 100, 960.47
2026/08/07 13:53:42.363, 4, 103102, 100, 933.82
2026/08/07 13:53:42.363, 5, 104262, 100, 955.38
2026/08/07 13:53:42.363, 6, 104262, 100, 916.62
2026/08/07 13:53:42.363, 7, 104262, 100, 963.97
2026/08/07 13:53:42.863, 0, 103302, 100, 951.84
2026/08/07 13:53:42.863, 1, 104462, 100, 979.23
2026/08/07 13:53:42.863, 2, 104462, 100, 947.89
2026/08/07 13:53:42.863, 3, 104462, 100, 963.16
2026/08/07 13:53:42.863, 4, 103102, 100, 943.13
2026/08/07 13:53:42.863, 5, 104262, 100, 965.09
2026/08/07 13:53:42.863, 6, 104262, 100, 934.71
2026/08/07 13:53:42.863, 7, 104262, 100, 968.96
2026/08/07 13:53:43.363, 0, 103302, 100, 943.80
2026/08/07 13:53:43.363, 1, 104462, 100, 965.21
2026/08/07 13:53:43.363, 2, 104462, 100, 939.87
2026/08/07 13:53:43.363, 3, 104462, 100, 958.92
2026/08/07 13:53:43.363, 4, 103102, 100, 950.79
2026/08/07 13:53:43.363, 5, 104262, 100, 966.01
2026/08/07 13:53:43.363, 6, 104262, 100, 953.04
2026/08/07 13:53:43.363, 7, 104262, 100, 964.57
2026/08/07 13:53:43.863, 0, 103302, 100, 954.78
2026/08/07 13:53:43.863, 1, 104462, 100, 969.42
2026/08/07 13:53:43.863, 2, 104462, 100, 949.26
2026/08/07 13:53:43.863, 3, 104462, 100, 965.29
2026/08/07 13:53:43.863, 4, 103102, 100, 939.73
2026/08/07 13:53:43.863, 5, 104262, 100, 968.12
2026/08/07 13:53:43.863, 6, 104262, 100, 951.98
2026/08/07 13:53:43.864, 7, 104262, 100, 978.91
2026/08/07 13:53:44.364, 0, 103302, 100, 968.67
2026/08/07 13:53:44.364, 1, 104462, 100, 987.41
2026/08/07 13:53:44.364, 2, 104462, 100, 961.95
2026/08/07 13:53:44.364, 3, 104462, 100, 965.62
2026/08/07 13:53:44.364, 4, 103102, 100, 942.48
2026/08/07 13:53:44.364, 5, 104262, 100, 971.71
2026/08/07 13:53:44.364, 6, 104262, 100, 949.53
2026/08/07 13:53:44.364, 7, 104262, 100, 981.48
2026/08/07 13:53:44.864, 0, 103302, 100, 969.82
2026/08/07 13:53:44.864, 1, 104462, 100, 988.83
2026/08/07 13:53:44.865, 2, 104462, 100, 957.75
2026/08/07 13:53:44.869, 3, 104462, 100, 969.24
2026/08/07 13:53:44.869, 4, 103102, 100, 940.87
2026/08/07 13:53:44.873, 5, 104262, 100, 961.49
2026/08/07 13:53:44.873, 6, 104262, 100, 943.17
2026/08/07 13:53:44.877, 7, 104262, 100, 972.28
2026/08/07 13:53:45.377, 0, 103302, 100, 967.56
2026/08/07 13:53:45.377, 1, 104462, 100, 970.72
2026/08/07 13:53:45.377, 2, 104462, 100, 950.90
2026/08/07 13:53:45.377, 3, 104462, 100, 965.72
2026/08/07 13:53:45.377, 4, 103102, 100, 931.84
2026/08/07 13:53:45.378, 5, 104262, 100, 958.95
2026/08/07 13:53:45.378, 6, 104262, 100, 936.91
2026/08/07 13:53:45.378, 7, 104262, 100, 959.16
2026/08/07 13:53:45.878, 0, 103302, 100, 951.01
2026/08/07 13:53:45.878, 1, 104462, 100, 955.98
2026/08/07 13:53:45.878, 2, 104462, 100, 946.23
2026/08/07 13:53:45.878, 3, 104462, 100, 966.35
2026/08/07 13:53:45.878, 4, 103102, 100, 931.16
2026/08/07 13:53:45.878, 5, 104262, 100, 958.50
2026/08/07 13:53:45.878, 6, 104262, 100, 937.31
2026/08/07 13:53:45.878, 7, 104262, 100, 963.91
2026/08/07 13:53:46.378, 0, 103302, 100, 944.44
2026/08/07 13:53:46.378, 1, 104462, 100, 967.74
2026/08/07 13:53:46.379, 2, 104462, 100, 952.47
2026/08/07 13:53:46.379, 3, 104462, 100, 956.50
2026/08/07 13:53:46.379, 4, 103102, 100, 931.12
2026/08/07 13:53:46.380, 5, 104262, 100, 947.09
2026/08/07 13:53:46.380, 6, 104262, 99, 930.11
2026/08/07 13:53:46.380, 7, 104262, 100, 959.72
2026/08/07 13:53:46.881, 0, 103302, 100, 949.48
2026/08/07 13:53:46.881, 1, 104462, 100, 964.08
2026/08/07 13:53:46.881, 2, 104462, 100, 944.48
2026/08/07 13:53:46.881, 3, 104462, 100, 954.70
2026/08/07 13:53:46.881, 4, 103102, 100, 931.98
2026/08/07 13:53:46.881, 5, 104262, 100, 951.69
2026/08/07 13:53:46.881, 6, 104262, 100, 926.69
2026/08/07 13:53:46.881, 7, 104262, 100, 970.87
2026/08/07 13:53:47.381, 0, 103302, 100, 941.25
2026/08/07 13:53:47.381, 1, 104462, 100, 956.38
2026/08/07 13:53:47.381, 2, 104462, 100, 934.16
2026/08/07 13:53:47.381, 3, 104462, 100, 954.47
2026/08/07 13:53:47.381, 4, 103102, 100, 944.29
2026/08/07 13:53:47.381, 5, 104262, 100, 965.42
2026/08/07 13:53:47.381, 6, 104262, 100, 939.88
2026/08/07 13:53:47.381, 7, 104262, 100, 983.46
2026/08/07 13:53:47.881, 0, 103302, 100, 942.29
2026/08/07 13:53:47.881, 1, 104462, 100, 966.53
2026/08/07 13:53:47.881, 2, 104462, 100, 943.14
2026/08/07 13:53:47.881, 3, 104462, 100, 954.71
2026/08/07 13:53:47.881, 4, 103102, 100, 950.43
2026/08/07 13:53:47.881, 5, 104262, 100, 966.03
2026/08/07 13:53:47.881, 6, 104262, 100, 947.27
2026/08/07 13:53:47.881, 7, 104262, 100, 968.70
2026/08/07 13:53:48.381, 0, 103302, 100, 954.63
2026/08/07 13:53:48.381, 1, 104462, 100, 975.78
2026/08/07 13:53:48.381, 2, 104462, 100, 951.72
2026/08/07 13:53:48.381, 3, 104462, 100, 961.30
2026/08/07 13:53:48.381, 4, 103102, 100, 951.54
2026/08/07 13:53:48.381, 5, 104262, 100, 971.34
2026/08/07 13:53:48.381, 6, 104262, 100, 953.55
2026/08/07 13:53:48.381, 7, 104262, 100, 972.92
2026/08/07 13:53:48.881, 0, 103302, 100, 959.72
2026/08/07 13:53:48.882, 1, 104462, 100, 975.44
2026/08/07 13:53:48.883, 2, 104462, 100, 943.98
2026/08/07 13:53:48.883, 3, 104462, 100, 964.45
2026/08/07 13:53:48.884, 4, 103102, 100, 942.97
2026/08/07 13:53:48.884, 5, 104262, 100, 960.42
2026/08/07 13:53:48.884, 6, 104262, 100, 950.65
2026/08/07 13:53:48.884, 7, 104262, 100, 974.78
2026/08/07 13:53:49.384, 0, 103302, 100, 960.49
2026/08/07 13:53:49.384, 1, 104462, 100, 977.17
2026/08/07 13:53:49.384, 2, 104462, 100, 945.56
2026/08/07 13:53:49.384, 3, 104462, 100, 968.38
2026/08/07 13:53:49.384, 4, 103102, 100, 938.09
2026/08/07 13:53:49.384, 5, 104262, 100, 949.47
2026/08/07 13:53:49.384, 6, 104262, 100, 940.16
2026/08/07 13:53:49.384, 7, 104262, 100, 962.30
2026/08/07 13:53:49.884, 0, 103302, 100, 956.23
2026/08/07 13:53:49.884, 1, 104462, 100, 979.05
2026/08/07 13:53:49.884, 2, 104462, 100, 958.54
2026/08/07 13:53:49.884, 3, 104462, 100, 968.26
2026/08/07 13:53:49.884, 4, 103102, 100, 935.92
2026/08/07 13:53:49.884, 5, 104262, 100, 948.78
2026/08/07 13:53:49.884, 6, 104262, 100, 932.48
2026/08/07 13:53:49.884, 7, 104262, 100, 959.32
2026/08/07 13:53:50.384, 0, 103302, 100, 955.27
2026/08/07 13:53:50.385, 1, 104462, 100, 955.85
2026/08/07 13:53:50.385, 2, 104462, 100, 954.41
2026/08/07 13:53:50.385, 3, 104462, 100, 957.59
2026/08/07 13:53:50.385, 4, 103102, 100, 933.24
2026/08/07 13:53:50.385, 5, 104262, 100, 940.18
2026/08/07 13:53:50.385, 6, 104262, 100, 936.54
2026/08/07 13:53:50.385, 7, 104262, 100, 957.77
2026/08/07 13:53:50.885, 0, 103302, 100, 952.62
2026/08/07 13:53:50.885, 1, 104462, 100, 956.16
2026/08/07 13:53:50.885, 2, 104462, 100, 936.85
2026/08/07 13:53:50.885, 3, 104462, 100, 957.13
2026/08/07 13:53:50.885, 4, 103102, 100, 930.11
2026/08/07 13:53:50.885, 5, 104262, 100, 939.97
2026/08/07 13:53:50.885, 6, 104262, 100, 927.06
2026/08/07 13:53:50.885, 7, 104262, 100, 953.50
2026/08/07 13:53:51.385, 0, 103302, 100, 953.58
2026/08/07 13:53:51.385, 1, 104462, 100, 969.17
2026/08/07 13:53:51.386, 2, 104462, 100, 942.37
2026/08/07 13:53:51.394, 3, 104462, 100, 958.13
2026/08/07 13:53:51.394, 4, 103102, 100, 928.11
2026/08/07 13:53:51.396, 5, 104262, 100, 952.08
2026/08/07 13:53:51.399, 6, 104262, 100, 917.57
2026/08/07 13:53:51.403, 7, 104262, 100, 957.90
2026/08/07 13:53:51.904, 0, 103302, 100, 947.35
2026/08/07 13:53:51.904, 1, 104462, 100, 947.84
2026/08/07 13:53:51.904, 2, 104462, 100, 945.98
2026/08/07 13:53:51.904, 3, 104462, 100, 954.27
2026/08/07 13:53:51.904, 4, 103102, 100, 949.26
2026/08/07 13:53:51.904, 5, 104262, 100, 967.78
2026/08/07 13:53:51.904, 6, 104262, 100, 938.03
2026/08/07 13:53:51.904, 7, 104262, 100, 972.34
2026/08/07 13:53:52.405, 0, 103302, 100, 938.39
2026/08/07 13:53:52.405, 1, 104462, 100, 946.47
2026/08/07 13:53:52.405, 2, 104462, 100, 941.96
2026/08/07 13:53:52.405, 3, 104462, 100, 952.13
2026/08/07 13:53:52.405, 4, 103102, 100, 952.62
2026/08/07 13:53:52.405, 5, 104262, 100, 974.62
2026/08/07 13:53:52.405, 6, 104262, 100, 949.41
2026/08/07 13:53:52.405, 7, 104262, 100, 978.02
2026/08/07 13:53:52.905, 0, 103302, 100, 951.62
2026/08/07 13:53:52.905, 1, 104462, 100, 970.48
2026/08/07 13:53:52.905, 2, 104462, 100, 941.83
2026/08/07 13:53:52.905, 3, 104462, 100, 958.17
2026/08/07 13:53:52.905, 4, 103102, 100, 949.29
2026/08/07 13:53:52.905, 5, 104262, 100, 967.00
2026/08/07 13:53:52.905, 6, 104262, 100, 946.19
2026/08/07 13:53:52.905, 7, 104262, 100, 970.47
2026/08/07 13:53:53.405, 0, 103302, 100, 963.53
2026/08/07 13:53:53.405, 1, 104462, 100, 977.85
2026/08/07 13:53:53.405, 2, 104462, 100, 952.84
2026/08/07 13:53:53.405, 3, 104462, 100, 969.96
2026/08/07 13:53:53.405, 4, 103102, 100, 949.76
2026/08/07 13:53:53.405, 5, 104262, 100, 955.99
2026/08/07 13:53:53.405, 6, 104262, 100, 942.34
2026/08/07 13:53:53.405, 7, 104262, 100, 972.15
2026/08/07 13:53:53.905, 0, 103302, 100, 961.10
2026/08/07 13:53:53.905, 1, 104462, 100, 968.61
2026/08/07 13:53:53.905, 2, 104462, 100, 953.84
2026/08/07 13:53:53.905, 3, 104462, 100, 970.73
2026/08/07 13:53:53.905, 4, 103102, 100, 944.28
2026/08/07 13:53:53.905, 5, 104262, 100, 953.43
2026/08/07 13:53:53.905, 6, 104262, 100, 938.19
2026/08/07 13:53:53.905, 7, 104262, 100, 972.02
2026/08/07 13:53:54.405, 0, 103302, 100, 957.88
2026/08/07 13:53:54.405, 1, 104462, 100, 968.02
2026/08/07 13:53:54.405, 2, 104462, 100, 940.76
2026/08/07 13:53:54.405, 3, 104462, 100, 964.29
2026/08/07 13:53:54.405, 4, 103102, 100, 943.24
2026/08/07 13:53:54.405, 5, 104262, 100, 961.21
2026/08/07 13:53:54.405, 6, 104262, 100, 941.25
2026/08/07 13:53:54.405, 7, 104262, 100, 964.73
2026/08/07 13:53:54.906, 0, 103302, 100, 953.25
2026/08/07 13:53:54.906, 1, 104462, 100, 969.53
2026/08/07 13:53:54.906, 2, 104462, 100, 939.96
2026/08/07 13:53:54.906, 3, 104462, 100, 956.48
2026/08/07 13:53:54.906, 4, 103102, 100, 935.44
2026/08/07 13:53:54.906, 5, 104262, 100, 959.03
2026/08/07 13:53:54.906, 6, 104262, 100, 932.22
2026/08/07 13:53:54.906, 7, 104262, 100, 966.88
2026/08/07 13:53:55.406, 0, 103302, 100, 951.81
2026/08/07 13:53:55.406, 1, 104462, 100, 965.38
2026/08/07 13:53:55.406, 2, 104462, 100, 953.52
2026/08/07 13:53:55.406, 3, 104462, 100, 954.58
2026/08/07 13:53:55.406, 4, 103102, 100, 934.04
2026/08/07 13:53:55.406, 5, 104262, 100, 955.69
2026/08/07 13:53:55.406, 6, 104262, 100, 930.02
2026/08/07 13:53:55.406, 7, 104262, 100, 966.52
2026/08/07 13:53:55.906, 0, 103302, 100, 949.70
2026/08/07 13:53:55.906, 1, 104462, 100, 966.80
2026/08/07 13:53:55.906, 2, 104462, 100, 948.57
2026/08/07 13:53:55.906, 3, 104462, 100, 958.17
2026/08/07 13:53:55.906, 4, 103102, 100, 941.94
2026/08/07 13:53:55.906, 5, 104262, 100, 958.38
2026/08/07 13:53:55.906, 6, 104262, 100, 933.28
2026/08/07 13:53:55.906, 7, 104262, 100, 968.86
2026/08/07 13:53:56.406, 0, 103302, 99, 945.50
2026/08/07 13:53:56.406, 1, 104462, 99, 969.00
2026/08/07 13:53:56.406, 2, 104462, 100, 931.34
2026/08/07 13:53:56.406, 3, 104462, 99, 954.16
2026/08/07 13:53:56.406, 4, 103102, 100, 943.83
2026/08/07 13:53:56.406, 5, 104262, 100, 964.64
2026/08/07 13:53:56.406, 6, 104262, 100, 934.78
2026/08/07 13:53:56.406, 7, 104262, 100, 988.27
2026/08/07 13:53:56.906, 0, 103302, 100, 950.35
2026/08/07 13:53:56.906, 1, 104462, 100, 977.52
2026/08/07 13:53:56.906, 2, 104462, 100, 931.36
2026/08/07 13:53:56.906, 3, 104462, 100, 956.94
2026/08/07 13:53:56.906, 4, 103102, 100, 942.11
2026/08/07 13:53:56.906, 5, 104262, 100, 964.39
2026/08/07 13:53:56.906, 6, 104262, 100, 941.38
2026/08/07 13:53:56.906, 7, 104262, 100, 988.68
2026/08/07 13:53:57.407, 0, 103302, 100, 954.10
2026/08/07 13:53:57.407, 1, 104462, 100, 975.17
2026/08/07 13:53:57.407, 2, 104462, 100, 941.79
2026/08/07 13:53:57.407, 3, 104462, 100, 961.72
2026/08/07 13:53:57.407, 4, 103102, 100, 944.32
2026/08/07 13:53:57.407, 5, 104262, 100, 969.57
2026/08/07 13:53:57.407, 6, 104262, 100, 943.45
2026/08/07 13:53:57.407, 7, 104262, 100, 980.88
2026/08/07 13:53:57.907, 0, 103302, 100, 958.64
2026/08/07 13:53:57.908, 1, 104462, 100, 972.08
2026/08/07 13:53:57.912, 2, 104462, 100, 946.90
2026/08/07 13:53:57.912, 3, 104462, 100, 968.53
2026/08/07 13:53:57.916, 4, 103102, 100, 941.25
2026/08/07 13:53:57.916, 5, 104262, 100, 957.58
2026/08/07 13:53:57.920, 6, 104262, 100, 936.65
2026/08/07 13:53:57.920, 7, 104262, 100, 978.93
2026/08/07 13:53:58.424, 0, 103302, 100, 964.53
2026/08/07 13:53:58.424, 1, 104462, 100, 977.17
2026/08/07 13:53:58.424, 2, 104462, 100, 949.37
2026/08/07 13:53:58.424, 3, 104462, 100, 971.98
2026/08/07 13:53:58.424, 4, 103102, 100, 934.52
2026/08/07 13:53:58.424, 5, 104262, 100, 948.87
2026/08/07 13:53:58.424, 6, 104262, 100, 930.00
2026/08/07 13:53:58.424, 7, 104262, 100, 964.12
2026/08/07 13:53:58.924, 0, 103302, 100, 958.12
2026/08/07 13:53:58.924, 1, 104462, 100, 970.59
2026/08/07 13:53:58.924, 2, 104462, 100, 946.46
2026/08/07 13:53:58.924, 3, 104462, 100, 967.03
2026/08/07 13:53:58.924, 4, 103102, 100, 937.30
2026/08/07 13:53:58.924, 5, 104262, 100, 960.88
2026/08/07 13:53:58.924, 6, 104262, 100, 930.55
2026/08/07 13:53:58.924, 7, 104262, 100, 959.32
2026/08/07 13:53:59.424, 0, 103302, 100, 956.65
2026/08/07 13:53:59.424, 1, 104462, 100, 967.35
2026/08/07 13:53:59.424, 2, 104462, 100, 945.38
2026/08/07 13:53:59.424, 3, 104462, 100, 960.21
2026/08/07 13:53:59.424, 4, 103102, 100, 929.54
2026/08/07 13:53:59.424, 5, 104262, 100, 953.42
2026/08/07 13:53:59.424, 6, 104262, 100, 932.17
2026/08/07 13:53:59.424, 7, 104262, 100, 961.60
2026/08/07 13:53:59.924, 0, 103302, 100, 954.92
2026/08/07 13:53:59.924, 1, 104462, 100, 973.18
2026/08/07 13:53:59.924, 2, 104462, 100, 934.12
2026/08/07 13:53:59.924, 3, 104462, 100, 957.87
2026/08/07 13:53:59.924, 4, 103102, 100, 919.91
2026/08/07 13:53:59.925, 5, 104262, 100, 943.81
2026/08/07 13:53:59.925, 6, 104262, 100, 930.88
2026/08/07 13:53:59.925, 7, 104262, 100, 945.06
2026/08/07 13:54:00.425, 0, 103302, 100, 949.16
2026/08/07 13:54:00.425, 1, 104462, 100, 961.17
2026/08/07 13:54:00.425, 2, 104462, 100, 936.05
2026/08/07 13:54:00.425, 3, 104462, 100, 954.52
2026/08/07 13:54:00.425, 4, 103102, 100, 935.36
2026/08/07 13:54:00.425, 5, 104262, 100, 958.29
2026/08/07 13:54:00.425, 6, 104262, 100, 940.74
2026/08/07 13:54:00.425, 7, 104262, 100, 955.40
2026/08/07 13:54:00.925, 0, 103302, 99, 943.58
2026/08/07 13:54:00.925, 1, 104462, 99, 947.50
2026/08/07 13:54:00.925, 2, 104462, 99, 950.00
2026/08/07 13:54:00.925, 3, 104462, 99, 948.49
2026/08/07 13:54:00.925, 4, 103102, 100, 955.30
2026/08/07 13:54:00.925, 5, 104262, 100, 975.75
2026/08/07 13:54:00.925, 6, 104262, 100, 945.92
2026/08/07 13:54:00.925, 7, 104262, 100, 977.45
2026/08/07 13:54:01.425, 0, 103302, 100, 946.12
2026/08/07 13:54:01.425, 1, 104462, 100, 957.83
2026/08/07 13:54:01.425, 2, 104462, 100, 942.09
2026/08/07 13:54:01.425, 3, 104462, 100, 951.66
2026/08/07 13:54:01.425, 4, 103102, 100, 949.32
2026/08/07 13:54:01.425, 5, 104262, 100, 968.44
2026/08/07 13:54:01.425, 6, 104262, 100, 943.71
2026/08/07 13:54:01.425, 7, 104262, 100, 973.14
2026/08/07 13:54:01.925, 0, 103302, 100, 959.97
2026/08/07 13:54:01.925, 1, 104462, 100, 978.15
2026/08/07 13:54:01.925, 2, 104462, 100, 947.37
2026/08/07 13:54:01.925, 3, 104462, 100, 956.81
2026/08/07 13:54:01.925, 4, 103102, 100, 951.03
2026/08/07 13:54:01.925, 5, 104262, 100, 966.08
2026/08/07 13:54:01.925, 6, 104262, 100, 950.15
2026/08/07 13:54:01.925, 7, 104262, 100, 969.14
2026/08/07 13:54:02.425, 0, 103302, 100, 966.37
2026/08/07 13:54:02.425, 1, 104462, 100, 983.32
2026/08/07 13:54:02.426, 2, 104462, 100, 955.24
2026/08/07 13:54:02.426, 3, 104462, 100, 963.55
2026/08/07 13:54:02.426, 4, 103102, 100, 944.87
2026/08/07 13:54:02.426, 5, 104262, 100, 961.75
2026/08/07 13:54:02.426, 6, 104262, 100, 946.58
2026/08/07 13:54:02.426, 7, 104262, 100, 973.22
2026/08/07 13:54:02.926, 0, 103302, 100, 958.55
2026/08/07 13:54:02.926, 1, 104462, 100, 988.26
2026/08/07 13:54:02.926, 2, 104462, 100, 950.38
2026/08/07 13:54:02.926, 3, 104462, 100, 968.79
2026/08/07 13:54:02.926, 4, 103102, 100, 939.85
2026/08/07 13:54:02.926, 5, 104262, 100, 955.42
2026/08/07 13:54:02.926, 6, 104262, 100, 933.00
2026/08/07 13:54:02.926, 7, 104262, 100, 968.08
2026/08/07 13:54:03.426, 0, 103302, 100, 955.58
2026/08/07 13:54:03.426, 1, 104462, 100, 967.71
2026/08/07 13:54:03.426, 2, 104462, 100, 948.45
2026/08/07 13:54:03.426, 3, 104462, 100, 961.72
2026/08/07 13:54:03.426, 4, 103102, 100, 942.59
2026/08/07 13:54:03.426, 5, 104262, 100, 955.55
2026/08/07 13:54:03.426, 6, 104262, 100, 931.81
2026/08/07 13:54:03.426, 7, 104262, 100, 958.72
2026/08/07 13:54:03.926, 0, 103302, 100, 955.71
2026/08/07 13:54:03.926, 1, 104462, 100, 953.50
2026/08/07 13:54:03.926, 2, 104462, 100, 949.12
2026/08/07 13:54:03.926, 3, 104462, 100, 956.84
2026/08/07 13:54:03.926, 4, 103102, 100, 929.09
2026/08/07 13:54:03.926, 5, 104262, 100, 945.94
2026/08/07 13:54:03.926, 6, 104262, 100, 935.65
2026/08/07 13:54:03.926, 7, 104262, 99, 961.81
2026/08/07 13:54:04.426, 0, 103302, 100, 952.47
2026/08/07 13:54:04.429, 1, 104462, 100, 960.60
2026/08/07 13:54:04.433, 2, 104462, 100, 947.19
2026/08/07 13:54:04.433, 3, 104462, 100, 957.74
2026/08/07 13:54:04.433, 4, 103102, 100, 928.67
2026/08/07 13:54:04.438, 5, 104262, 100, 951.93
2026/08/07 13:54:04.439, 6, 104262, 100, 932.97
2026/08/07 13:54:04.439, 7, 104262, 100, 968.35
2026/08/07 13:54:04.944, 0, 103302, 100, 947.74
2026/08/07 13:54:04.944, 1, 104462, 100, 959.01
2026/08/07 13:54:04.944, 2, 104462, 100, 942.20
2026/08/07 13:54:04.944, 3, 104462, 100, 957.81
2026/08/07 13:54:04.944, 4, 103102, 100, 942.07
2026/08/07 13:54:04.944, 5, 104262, 100, 965.39
2026/08/07 13:54:04.944, 6, 104262, 100, 941.51
2026/08/07 13:54:04.944, 7, 104262, 100, 971.99
2026/08/07 13:54:05.444, 0, 103302, 100, 952.76
2026/08/07 13:54:05.444, 1, 104462, 100, 957.60
2026/08/07 13:54:05.444, 2, 104462, 100, 935.54
2026/08/07 13:54:05.444, 3, 104462, 100, 957.76
2026/08/07 13:54:05.444, 4, 103102, 100, 940.55
2026/08/07 13:54:05.444, 5, 104262, 100, 964.19
2026/08/07 13:54:05.444, 6, 104262, 100, 937.09
2026/08/07 13:54:05.444, 7, 104262, 100, 977.29
2026/08/07 13:54:05.944, 0, 103302, 100, 957.29
2026/08/07 13:54:05.944, 1, 104462, 100, 963.19
2026/08/07 13:54:05.944, 2, 104462, 100, 936.81
2026/08/07 13:54:05.944, 3, 104462, 100, 956.08
2026/08/07 13:54:05.944, 4, 103102, 100, 940.36
2026/08/07 13:54:05.944, 5, 104262, 100, 964.99
2026/08/07 13:54:05.944, 6, 104262, 100, 937.81
2026/08/07 13:54:05.944, 7, 104262, 100, 971.65
2026/08/07 13:54:06.444, 0, 103302, 100, 963.42
2026/08/07 13:54:06.444, 1, 104462, 100, 971.91
2026/08/07 13:54:06.444, 2, 104462, 100, 945.13
2026/08/07 13:54:06.444, 3, 104462, 100, 957.99
2026/08/07 13:54:06.444, 4, 103102, 100, 944.41
2026/08/07 13:54:06.444, 5, 104262, 100, 963.94
2026/08/07 13:54:06.444, 6, 104262, 100, 939.60
2026/08/07 13:54:06.444, 7, 104262, 100, 965.92
2026/08/07 13:54:06.944, 0, 103302, 100, 962.10
2026/08/07 13:54:06.944, 1, 104462, 100, 983.53
2026/08/07 13:54:06.944, 2, 104462, 100, 950.68
2026/08/07 13:54:06.944, 3, 104462, 100, 964.12
2026/08/07 13:54:06.944, 4, 103102, 100, 947.08
2026/08/07 13:54:06.944, 5, 104262, 100, 965.09
2026/08/07 13:54:06.944, 6, 104262, 100, 937.52
2026/08/07 13:54:06.944, 7, 104262, 100, 976.43
2026/08/07 13:54:07.445, 0, 103302, 100, 958.80
2026/08/07 13:54:07.445, 1, 104462, 100, 975.96
2026/08/07 13:54:07.445, 2, 104462, 100, 960.55
2026/08/07 13:54:07.445, 3, 104462, 100, 970.25
2026/08/07 13:54:07.445, 4, 103102, 100, 939.85
2026/08/07 13:54:07.445, 5, 104262, 100, 959.10
2026/08/07 13:54:07.445, 6, 104262, 100, 936.53
2026/08/07 13:54:07.445, 7, 104262, 100, 969.16
2026/08/07 13:54:07.945, 0, 103302, 100, 951.42
2026/08/07 13:54:07.945, 1, 104462, 100, 964.00
2026/08/07 13:54:07.945, 2, 104462, 100, 949.31
2026/08/07 13:54:07.945, 3, 104462, 100, 962.63
2026/08/07 13:54:07.945, 4, 103102, 100, 934.22
2026/08/07 13:54:07.945, 5, 104262, 100, 947.21
2026/08/07 13:54:07.945, 6, 104262, 100, 936.41
2026/08/07 13:54:07.945, 7, 104262, 100, 954.87
2026/08/07 13:54:08.445, 0, 103302, 100, 950.08
2026/08/07 13:54:08.445, 1, 104462, 100, 964.99
2026/08/07 13:54:08.445, 2, 104462, 100, 940.88
2026/08/07 13:54:08.445, 3, 104462, 100, 951.84
2026/08/07 13:54:08.445, 4, 103102, 100, 931.13
2026/08/07 13:54:08.445, 5, 104262, 100, 945.75
2026/08/07 13:54:08.445, 6, 104262, 100, 936.89
2026/08/07 13:54:08.445, 7, 104262, 99, 960.83
2026/08/07 13:54:08.945, 0, 103302, 100, 945.09
2026/08/07 13:54:08.945, 1, 104462, 100, 962.57
2026/08/07 13:54:08.945, 2, 104462, 100, 947.18
2026/08/07 13:54:08.945, 3, 104462, 100, 954.59
2026/08/07 13:54:08.945, 4, 103102, 100, 942.52
2026/08/07 13:54:08.945, 5, 104262, 100, 957.57
2026/08/07 13:54:08.945, 6, 104262, 100, 930.18
2026/08/07 13:54:08.945, 7, 104262, 100, 973.40
2026/08/07 13:54:09.445, 0, 103302, 100, 946.93
2026/08/07 13:54:09.445, 1, 104462, 100, 960.99
2026/08/07 13:54:09.445, 2, 104462, 100, 941.17
2026/08/07 13:54:09.445, 3, 104462, 100, 951.42
2026/08/07 13:54:09.446, 4, 103102, 100, 948.66
2026/08/07 13:54:09.446, 5, 104262, 100, 968.40
2026/08/07 13:54:09.446, 6, 104262, 100, 943.46
2026/08/07 13:54:09.446, 7, 104262, 100, 971.62
2026/08/07 13:54:09.946, 0, 103302, 100, 942.46
2026/08/07 13:54:09.946, 1, 104462, 100, 967.17
2026/08/07 13:54:09.946, 2, 104462, 100, 941.77
2026/08/07 13:54:09.946, 3, 104462, 100, 945.81
2026/08/07 13:54:09.946, 4, 103102, 100, 949.05
2026/08/07 13:54:09.946, 5, 104262, 100, 970.03
2026/08/07 13:54:09.946, 6, 104262, 100, 955.08
2026/08/07 13:54:09.946, 7, 104262, 100, 977.97
2026/08/07 13:54:10.446, 0, 103302, 100, 951.66
2026/08/07 13:54:10.446, 1, 104462, 100, 975.65
2026/08/07 13:54:10.446, 2, 104462, 100, 952.75
2026/08/07 13:54:10.446, 3, 104462, 100, 961.04
2026/08/07 13:54:10.446, 4, 103102, 100, 945.97
2026/08/07 13:54:10.446, 5, 104262, 100, 965.65
2026/08/07 13:54:10.446, 6, 104262, 100, 956.46
2026/08/07 13:54:10.446, 7, 104262, 100, 984.09
2026/08/07 13:54:10.946, 0, 103302, 100, 968.65
2026/08/07 13:54:10.947, 1, 104462, 100, 984.81
2026/08/07 13:54:10.951, 2, 104462, 100, 953.55
2026/08/07 13:54:10.951, 3, 104462, 100, 974.24
2026/08/07 13:54:10.955, 4, 103102, 100, 950.07
2026/08/07 13:54:10.956, 5, 104262, 100, 970.77
2026/08/07 13:54:10.959, 6, 104262, 100, 947.54
2026/08/07 13:54:10.959, 7, 104262, 100, 979.84
2026/08/07 13:54:11.463, 0, 103302, 100, 968.15
2026/08/07 13:54:11.463, 1, 104462, 100, 980.30
2026/08/07 13:54:11.463, 2, 104462, 100, 950.07
2026/08/07 13:54:11.463, 3, 104462, 100, 974.99
2026/08/07 13:54:11.463, 4, 103102, 100, 941.65
2026/08/07 13:54:11.463, 5, 104262, 100, 962.07
2026/08/07 13:54:11.463, 6, 104262, 100, 938.61
2026/08/07 13:54:11.463, 7, 104262, 100, 971.78
2026/08/07 13:54:11.963, 0, 103302, 100, 959.46
2026/08/07 13:54:11.963, 1, 104462, 100, 977.44
2026/08/07 13:54:11.963, 2, 104462, 100, 949.96
2026/08/07 13:54:11.963, 3, 104462, 100, 976.18
2026/08/07 13:54:11.963, 4, 103102, 100, 930.56
2026/08/07 13:54:11.963, 5, 104262, 100, 956.27
2026/08/07 13:54:11.963, 6, 104262, 100, 937.73
2026/08/07 13:54:11.963, 7, 104262, 100, 974.65
2026/08/07 13:54:12.463, 0, 103302, 100, 950.63
2026/08/07 13:54:12.463, 1, 104462, 100, 973.03
2026/08/07 13:54:12.463, 2, 104462, 100, 943.41
2026/08/07 13:54:12.463, 3, 104462, 100, 963.42
2026/08/07 13:54:12.463, 4, 103102, 100, 933.84
2026/08/07 13:54:12.463, 5, 104262, 100, 955.65
2026/08/07 13:54:12.463, 6, 104262, 100, 938.36
2026/08/07 13:54:12.463, 7, 104262, 100, 969.07
2026/08/07 13:54:12.964, 0, 103302, 100, 950.76
2026/08/07 13:54:12.964, 1, 104462, 100, 969.36
2026/08/07 13:54:12.964, 2, 104462, 100, 939.67
2026/08/07 13:54:12.964, 3, 104462, 100, 958.49
2026/08/07 13:54:12.964, 4, 103102, 100, 934.63
2026/08/07 13:54:12.964, 5, 104262, 100, 952.75
2026/08/07 13:54:12.964, 6, 104262, 100, 935.79
2026/08/07 13:54:12.964, 7, 104262, 100, 959.37
2026/08/07 13:54:13.464, 0, 103302, 100, 947.19
2026/08/07 13:54:13.464, 1, 104462, 100, 962.83
2026/08/07 13:54:13.464, 2, 104462, 100, 941.43
2026/08/07 13:54:13.464, 3, 104462, 100, 958.17
2026/08/07 13:54:13.464, 4, 103102, 100, 937.44
2026/08/07 13:54:13.464, 5, 104262, 100, 966.06
2026/08/07 13:54:13.464, 6, 104262, 100, 933.16
2026/08/07 13:54:13.464, 7, 104262, 100, 970.84
2026/08/07 13:54:13.964, 0, 103302, 100, 939.33
2026/08/07 13:54:13.964, 1, 104462, 99, 950.26
2026/08/07 13:54:13.964, 2, 104462, 100, 945.18
2026/08/07 13:54:13.964, 3, 104462, 100, 953.68
2026/08/07 13:54:13.964, 4, 103102, 100, 947.24
2026/08/07 13:54:13.964, 5, 104262, 100, 970.63
2026/08/07 13:54:13.964, 6, 104262, 100, 941.25
2026/08/07 13:54:13.964, 7, 104262, 100, 983.65
2026/08/07 13:54:14.464, 0, 103302, 100, 947.51
2026/08/07 13:54:14.464, 1, 104462, 100, 953.73
2026/08/07 13:54:14.464, 2, 104462, 100, 943.14
2026/08/07 13:54:14.464, 3, 104462, 100, 953.45
2026/08/07 13:54:14.464, 4, 103102, 100, 947.27
2026/08/07 13:54:14.464, 5, 104262, 100, 969.45
2026/08/07 13:54:14.464, 6, 104262, 100, 951.28
2026/08/07 13:54:14.464, 7, 104262, 100, 978.99
2026/08/07 13:54:14.964, 0, 103302, 100, 957.61
2026/08/07 13:54:14.965, 1, 104462, 100, 961.35
2026/08/07 13:54:14.966, 2, 104462, 100, 947.52
2026/08/07 13:54:14.967, 3, 104462, 100, 963.79
2026/08/07 13:54:14.969, 4, 103102, 100, 938.46
2026/08/07 13:54:14.970, 5, 104262, 100, 959.39
2026/08/07 13:54:14.971, 6, 104262, 100, 947.49
2026/08/07 13:54:14.972, 7, 104262, 100, 977.20
2026/08/07 13:54:15.473, 0, 103302, 100, 968.80
2026/08/07 13:54:15.473, 1, 104462, 100, 971.30
2026/08/07 13:54:15.473, 2, 104462, 100, 956.24
2026/08/07 13:54:15.473, 3, 104462, 100, 966.01
2026/08/07 13:54:15.473, 4, 103102, 100, 932.49
2026/08/07 13:54:15.473, 5, 104262, 100, 945.72
2026/08/07 13:54:15.473, 6, 104262, 100, 936.39
2026/08/07 13:54:15.473, 7, 104262, 100, 982.46
2026/08/07 13:54:15.973, 0, 103302, 100, 973.58
2026/08/07 13:54:15.973, 1, 104462, 100, 978.16
2026/08/07 13:54:15.973, 2, 104462, 100, 959.60
2026/08/07 13:54:15.973, 3, 104462, 100, 973.12
2026/08/07 13:54:15.973, 4, 103102, 100, 942.76
2026/08/07 13:54:15.973, 5, 104262, 100, 958.63
2026/08/07 13:54:15.973, 6, 104262, 100, 937.21
2026/08/07 13:54:15.973, 7, 104262, 100, 968.67
2026/08/07 13:54:16.473, 0, 103302, 100, 959.55
2026/08/07 13:54:16.473, 1, 104462, 100, 978.39
2026/08/07 13:54:16.473, 2, 104462, 100, 946.94
2026/08/07 13:54:16.473, 3, 104462, 100, 972.66
2026/08/07 13:54:16.473, 4, 103102, 100, 935.90
2026/08/07 13:54:16.473, 5, 104262, 100, 959.25
2026/08/07 13:54:16.473, 6, 104262, 100, 940.38
2026/08/07 13:54:16.473, 7, 104262, 100, 960.58
2026/08/07 13:54:16.973, 0, 103302, 100, 948.50
2026/08/07 13:54:16.974, 1, 104462, 100, 973.97
2026/08/07 13:54:16.974, 2, 104462, 100, 933.51
2026/08/07 13:54:16.974, 3, 104462, 100, 954.36
2026/08/07 13:54:16.974, 4, 103102, 100, 921.49
2026/08/07 13:54:16.974, 5, 104262, 100, 940.31
2026/08/07 13:54:16.974, 6, 104262, 100, 925.14
2026/08/07 13:54:16.974, 7, 104262, 100, 961.56
2026/08/07 13:54:17.474, 0, 103302, 100, 954.79
2026/08/07 13:54:17.474, 1, 104462, 100, 973.17
2026/08/07 13:54:17.478, 2, 104462, 100, 940.14
2026/08/07 13:54:17.481, 3, 104462, 100, 952.88
2026/08/07 13:54:17.485, 4, 103102, 100, 925.71
2026/08/07 13:54:17.489, 5, 104262, 100, 947.70
2026/08/07 13:54:17.490, 6, 104262, 100, 924.68
2026/08/07 13:54:17.493, 7, 104262, 100, 948.84
2026/08/07 13:54:17.993, 0, 103302, 100, 953.75
2026/08/07 13:54:17.993, 1, 104462, 100, 973.88
2026/08/07 13:54:17.993, 2, 104462, 100, 941.18
2026/08/07 13:54:17.993, 3, 104462, 100, 966.35
2026/08/07 13:54:17.993, 4, 103102, 100, 932.26
2026/08/07 13:54:17.993, 5, 104262, 100, 962.12
2026/08/07 13:54:17.993, 6, 104262, 100, 942.36
2026/08/07 13:54:17.993, 7, 104262, 100, 962.98
2026/08/07 13:54:18.493, 0, 103302, 100, 945.78
2026/08/07 13:54:18.493, 1, 104462, 100, 963.70
2026/08/07 13:54:18.493, 2, 104462, 99, 944.56
2026/08/07 13:54:18.493, 3, 104462, 100, 954.41
2026/08/07 13:54:18.493, 4, 103102, 100, 941.88
2026/08/07 13:54:18.493, 5, 104262, 100, 963.51
2026/08/07 13:54:18.493, 6, 104262, 100, 945.80
2026/08/07 13:54:18.493, 7, 104262, 100, 978.55
2026/08/07 13:54:18.994, 0, 103302, 100, 956.96
2026/08/07 13:54:18.994, 1, 104462, 100, 961.54
2026/08/07 13:54:18.994, 2, 104462, 100, 950.33
2026/08/07 13:54:18.994, 3, 104462, 100, 949.41
2026/08/07 13:54:18.994, 4, 103102, 100, 947.07
2026/08/07 13:54:18.994, 5, 104262, 100, 967.01
2026/08/07 13:54:18.994, 6, 104262, 100, 954.03
2026/08/07 13:54:18.994, 7, 104262, 100, 972.53
2026/08/07 13:54:19.494, 0, 103302, 100, 960.98
2026/08/07 13:54:19.494, 1, 104462, 100, 976.26
2026/08/07 13:54:19.494, 2, 104462, 100, 950.92
2026/08/07 13:54:19.494, 3, 104462, 100, 960.54
2026/08/07 13:54:19.494, 4, 103102, 100, 940.07
2026/08/07 13:54:19.494, 5, 104262, 100, 962.42
2026/08/07 13:54:19.494, 6, 104262, 100, 954.86
2026/08/07 13:54:19.494, 7, 104262, 100, 976.23
2026/08/07 13:54:19.994, 0, 103302, 100, 965.49
2026/08/07 13:54:19.994, 1, 104462, 100, 980.12
2026/08/07 13:54:19.994, 2, 104462, 100, 955.14
2026/08/07 13:54:19.994, 3, 104462, 100, 969.99
2026/08/07 13:54:19.994, 4, 103102, 100, 937.64
2026/08/07 13:54:19.994, 5, 104262, 100, 956.22
2026/08/07 13:54:19.994, 6, 104262, 100, 938.57
2026/08/07 13:54:19.994, 7, 104262, 100, 975.15
2026/08/07 13:54:20.494, 0, 103302, 100, 970.77
2026/08/07 13:54:20.494, 1, 104462, 100, 979.42
2026/08/07 13:54:20.494, 2, 104462, 100, 962.51
2026/08/07 13:54:20.494, 3, 104462, 100, 972.73
2026/08/07 13:54:20.494, 4, 103102, 100, 932.46
2026/08/07 13:54:20.494, 5, 104262, 100, 956.91
2026/08/07 13:54:20.494, 6, 104262, 100, 932.53
2026/08/07 13:54:20.494, 7, 104262, 100, 965.47
2026/08/07 13:54:20.994, 0, 103302, 100, 955.43
2026/08/07 13:54:20.994, 1, 104462, 100, 976.85
2026/08/07 13:54:20.994, 2, 104462, 100, 956.50
2026/08/07 13:54:20.994, 3, 104462, 100, 964.50
2026/08/07 13:54:20.994, 4, 103102, 100, 935.75
2026/08/07 13:54:20.994, 5, 104262, 100, 961.82
2026/08/07 13:54:20.994, 6, 104262, 100, 936.51
2026/08/07 13:54:20.994, 7, 104262, 100, 965.79
2026/08/07 13:54:21.494, 0, 103302, 100, 945.49
2026/08/07 13:54:21.495, 1, 104462, 100, 976.04
2026/08/07 13:54:21.495, 2, 104462, 100, 944.42
2026/08/07 13:54:21.495, 3, 104462, 100, 963.85
2026/08/07 13:54:21.495, 4, 103102, 100, 935.28
2026/08/07 13:54:21.495, 5, 104262, 100, 955.82
2026/08/07 13:54:21.495, 6, 104262, 100, 934.36
2026/08/07 13:54:21.495, 7, 104262, 99, 964.94
2026/08/07 13:54:21.995, 0, 103302, 100, 940.77
2026/08/07 13:54:21.995, 1, 104462, 100, 973.33
2026/08/07 13:54:21.995, 2, 104462, 100, 933.00
2026/08/07 13:54:21.995, 3, 104462, 100, 955.31
2026/08/07 13:54:21.995, 4, 103102, 100, 930.15
2026/08/07 13:54:21.995, 5, 104262, 100, 950.78
2026/08/07 13:54:21.995, 6, 104262, 100, 931.51
2026/08/07 13:54:21.995, 7, 104262, 100, 959.70
2026/08/07 13:54:22.495, 0, 103302, 100, 938.39
2026/08/07 13:54:22.495, 1, 104462, 100, 965.11
2026/08/07 13:54:22.496, 2, 104462, 100, 937.98
2026/08/07 13:54:22.498, 3, 104462, 100, 954.99
2026/08/07 13:54:22.499, 4, 103102, 100, 937.26
2026/08/07 13:54:22.500, 5, 104262, 100, 962.12
2026/08/07 13:54:22.501, 6, 104262, 100, 934.97
2026/08/07 13:54:22.501, 7, 104262, 100, 973.53
2026/08/07 13:54:23.002, 0, 103302, 100, 939.23
2026/08/07 13:54:23.002, 1, 104462, 100, 967.13
2026/08/07 13:54:23.002, 2, 104462, 100, 933.70
2026/08/07 13:54:23.002, 3, 104462, 100, 947.81
2026/08/07 13:54:23.002, 4, 103102, 100, 951.02
2026/08/07 13:54:23.002, 5, 104262, 100, 965.96
2026/08/07 13:54:23.002, 6, 104262, 100, 935.12
2026/08/07 13:54:23.002, 7, 104262, 100, 982.03
2026/08/07 13:54:23.502, 0, 103302, 100, 947.57
2026/08/07 13:54:23.502, 1, 104462, 100, 976.51
2026/08/07 13:54:23.502, 2, 104462, 100, 941.36
2026/08/07 13:54:23.502, 3, 104462, 100, 952.39
2026/08/07 13:54:23.502, 4, 103102, 100, 949.36
2026/08/07 13:54:23.502, 5, 104262, 100, 968.60
2026/08/07 13:54:23.503, 6, 104262, 100, 945.73
2026/08/07 13:54:23.503, 7, 104262, 100, 974.22
2026/08/07 13:54:24.003, 0, 103302, 100, 957.32
2026/08/07 13:54:24.003, 1, 104462, 100, 971.98
2026/08/07 13:54:24.003, 2, 104462, 100, 956.91
2026/08/07 13:54:24.003, 3, 104462, 100, 973.32
2026/08/07 13:54:24.003, 4, 103102, 100, 949.68
2026/08/07 13:54:24.003, 5, 104262, 100, 971.50
2026/08/07 13:54:24.003, 6, 104262, 100, 947.54
2026/08/07 13:54:24.003, 7, 104262, 100, 968.23
2026/08/07 13:54:24.503, 0, 103302, 100, 961.63
2026/08/07 13:54:24.503, 1, 104462, 100, 972.44
2026/08/07 13:54:24.503, 2, 104462, 100, 956.62
2026/08/07 13:54:24.503, 3, 104462, 100, 971.93
2026/08/07 13:54:24.503, 4, 103102, 100, 945.49
2026/08/07 13:54:24.503, 5, 104262, 100, 958.84
2026/08/07 13:54:24.503, 6, 104262, 100, 934.23
2026/08/07 13:54:24.503, 7, 104262, 100, 964.43
2026/08/07 13:54:25.003, 0, 103302, 100, 967.42
2026/08/07 13:54:25.003, 1, 104462, 100, 977.51
2026/08/07 13:54:25.003, 2, 104462, 100, 953.01
2026/08/07 13:54:25.003, 3, 104462, 100, 963.73
2026/08/07 13:54:25.003, 4, 103102, 100, 939.35
2026/08/07 13:54:25.003, 5, 104262, 100, 952.18
2026/08/07 13:54:25.003, 6, 104262, 100, 926.26
2026/08/07 13:54:25.003, 7, 104262, 100, 965.33
2026/08/07 13:54:25.503, 0, 103302, 100, 952.55
2026/08/07 13:54:25.503, 1, 104462, 100, 973.14
2026/08/07 13:54:25.503, 2, 104462, 100, 948.31
2026/08/07 13:54:25.503, 3, 104462, 100, 961.53
2026/08/07 13:54:25.503, 4, 103102, 100, 942.49
2026/08/07 13:54:25.503, 5, 104262, 100, 957.61
2026/08/07 13:54:25.503, 6, 104262, 100, 928.24
2026/08/07 13:54:25.503, 7, 104262, 100, 962.65
2026/08/07 13:54:26.003, 0, 103302, 100, 943.72
2026/08/07 13:54:26.003, 1, 104462, 100, 956.21
2026/08/07 13:54:26.003, 2, 104462, 100, 946.95
2026/08/07 13:54:26.003, 3, 104462, 100, 958.19
2026/08/07 13:54:26.003, 4, 103102, 100, 936.89
2026/08/07 13:54:26.003, 5, 104262, 100, 948.82
2026/08/07 13:54:26.003, 6, 104262, 100, 932.19
2026/08/07 13:54:26.003, 7, 104262, 99, 961.73
2026/08/07 13:54:26.504, 0, 103302, 100, 945.94
2026/08/07 13:54:26.504, 1, 104462, 100, 955.41
2026/08/07 13:54:26.504, 2, 104462, 100, 941.35
2026/08/07 13:54:26.504, 3, 104462, 100, 957.02
2026/08/07 13:54:26.504, 4, 103102, 100, 929.65
2026/08/07 13:54:26.504, 5, 104262, 100, 945.96
2026/08/07 13:54:26.504, 6, 104262, 100, 933.57
2026/08/07 13:54:26.504, 7, 104262, 100, 970.84
2026/08/07 13:54:27.004, 0, 103302, 100, 939.43
2026/08/07 13:54:27.004, 1, 104462, 100, 955.07
2026/08/07 13:54:27.004, 2, 104462, 100, 942.44
2026/08/07 13:54:27.004, 3, 104462, 100, 948.95
2026/08/07 13:54:27.004, 4, 103102, 100, 936.71
2026/08/07 13:54:27.004, 5, 104262, 100, 958.26
2026/08/07 13:54:27.004, 6, 104262, 100, 937.43
2026/08/07 13:54:27.004, 7, 104262, 100, 974.72
2026/08/07 13:54:27.504, 0, 103302, 100, 943.13
2026/08/07 13:54:27.504, 1, 104462, 100, 956.02
2026/08/07 13:54:27.504, 2, 104462, 100, 938.54
2026/08/07 13:54:27.504, 3, 104462, 100, 945.84
2026/08/07 13:54:27.504, 4, 103102, 100, 945.22
2026/08/07 13:54:27.504, 5, 104262, 100, 966.62
2026/08/07 13:54:27.504, 6, 104262, 100, 945.88
2026/08/07 13:54:27.504, 7, 104262, 100, 982.29
2026/08/07 13:54:28.004, 0, 103302, 100, 948.91
2026/08/07 13:54:28.005, 1, 104462, 100, 967.95
2026/08/07 13:54:28.005, 2, 104462, 100, 936.29
2026/08/07 13:54:28.005, 3, 104462, 100, 957.13
2026/08/07 13:54:28.005, 4, 103102, 100, 950.20
2026/08/07 13:54:28.005, 5, 104262, 100, 972.64
2026/08/07 13:54:28.005, 6, 104262, 100, 956.88
2026/08/07 13:54:28.005, 7, 104262, 100, 978.70
2026/08/07 13:54:28.505, 0, 103302, 100, 955.67
2026/08/07 13:54:28.505, 1, 104462, 100, 970.15
2026/08/07 13:54:28.506, 2, 104462, 100, 948.16
2026/08/07 13:54:28.506, 3, 104462, 100, 968.68
2026/08/07 13:54:28.506, 4, 103102, 100, 951.76
2026/08/07 13:54:28.506, 5, 104262, 100, 970.59
2026/08/07 13:54:28.506, 6, 104262, 100, 954.49
2026/08/07 13:54:28.506, 7, 104262, 100, 964.23
2026/08/07 13:54:29.006, 0, 103302, 100, 963.12
2026/08/07 13:54:29.006, 1, 104462, 100, 971.99
2026/08/07 13:54:29.006, 2, 104462, 100, 954.21
2026/08/07 13:54:29.006, 3, 104462, 100, 969.10
2026/08/07 13:54:29.006, 4, 103102, 100, 943.27
2026/08/07 13:54:29.006, 5, 104262, 100, 952.61
2026/08/07 13:54:29.006, 6, 104262, 100, 945.22
2026/08/07 13:54:29.006, 7, 104262, 100, 956.77
2026/08/07 13:54:29.506, 0, 103302, 100, 960.76
2026/08/07 13:54:29.506, 1, 104462, 100, 972.06
2026/08/07 13:54:29.506, 2, 104462, 100, 957.10
2026/08/07 13:54:29.506, 3, 104462, 100, 970.95
2026/08/07 13:54:29.506, 4, 103102, 100, 934.03
2026/08/07 13:54:29.506, 5, 104262, 100, 945.01
2026/08/07 13:54:29.506, 6, 104262, 100, 937.65
2026/08/07 13:54:29.506, 7, 104262, 100, 960.54
2026/08/07 13:54:30.006, 0, 103302, 100, 952.05
2026/08/07 13:54:30.006, 1, 104462, 100, 963.13
2026/08/07 13:54:30.006, 2, 104462, 100, 953.84
2026/08/07 13:54:30.006, 3, 104462, 100, 964.81
2026/08/07 13:54:30.006, 4, 103102, 100, 933.21
2026/08/07 13:54:30.006, 5, 104262, 100, 956.06
2026/08/07 13:54:30.006, 6, 104262, 100, 930.02
2026/08/07 13:54:30.006, 7, 104262, 100, 960.19
2026/08/07 13:54:30.506, 0, 103302, 100, 948.34
2026/08/07 13:54:30.510, 1, 104462, 100, 963.12
2026/08/07 13:54:30.510, 2, 104462, 100, 940.23
2026/08/07 13:54:30.510, 3, 104462, 100, 952.06
2026/08/07 13:54:30.510, 4, 103102, 99, 922.29
2026/08/07 13:54:30.515, 5, 104262, 99, 941.76
2026/08/07 13:54:30.515, 6, 104262, 100, 927.83
2026/08/07 13:54:30.517, 7, 104262, 100, 949.66
2026/08/07 13:54:31.017, 0, 103302, 100, 954.82
2026/08/07 13:54:31.017, 1, 104462, 100, 971.59
2026/08/07 13:54:31.017, 2, 104462, 100, 938.98
2026/08/07 13:54:31.017, 3, 104462, 100, 953.77
2026/08/07 13:54:31.017, 4, 103102, 100, 922.53
2026/08/07 13:54:31.017, 5, 104262, 100, 941.84
2026/08/07 13:54:31.017, 6, 104262, 100, 934.42
2026/08/07 13:54:31.017, 7, 104262, 100, 956.29
2026/08/07 13:54:31.517, 0, 103302, 100, 949.25
2026/08/07 13:54:31.517, 1, 104462, 100, 963.22
2026/08/07 13:54:31.517, 2, 104462, 100, 940.49
2026/08/07 13:54:31.517, 3, 104462, 100, 962.34
2026/08/07 13:54:31.517, 4, 103102, 100, 950.20
2026/08/07 13:54:31.517, 5, 104262, 100, 965.98
2026/08/07 13:54:31.517, 6, 104262, 100, 944.86
2026/08/07 13:54:31.517, 7, 104262, 100, 973.36
2026/08/07 13:54:32.017, 0, 103302, 100, 939.39
2026/08/07 13:54:32.017, 1, 104462, 100, 961.88
2026/08/07 13:54:32.017, 2, 104462, 100, 940.91
2026/08/07 13:54:32.017, 3, 104462, 100, 952.99
2026/08/07 13:54:32.017, 4, 103102, 100, 954.79
2026/08/07 13:54:32.017, 5, 104262, 100, 970.65
2026/08/07 13:54:32.017, 6, 104262, 100, 941.97
2026/08/07 13:54:32.017, 7, 104262, 100, 977.83
2026/08/07 13:54:32.518, 0, 103302, 100, 949.92
2026/08/07 13:54:32.518, 1, 104462, 100, 977.46
2026/08/07 13:54:32.518, 2, 104462, 100, 949.63
2026/08/07 13:54:32.518, 3, 104462, 100, 959.86
2026/08/07 13:54:32.518, 4, 103102, 100, 947.29
2026/08/07 13:54:32.518, 5, 104262, 100, 971.91
2026/08/07 13:54:32.518, 6, 104262, 100, 940.46
2026/08/07 13:54:32.518, 7, 104262, 100, 980.26
2026/08/07 13:54:33.018, 0, 103302, 100, 964.61
2026/08/07 13:54:33.020, 1, 104462, 100, 976.51
2026/08/07 13:54:33.020, 2, 104462, 100, 959.09
2026/08/07 13:54:33.020, 3, 104462, 100, 971.62
2026/08/07 13:54:33.020, 4, 103102, 100, 944.02
2026/08/07 13:54:33.020, 5, 104262, 100, 971.00
2026/08/07 13:54:33.020, 6, 104262, 100, 939.89
2026/08/07 13:54:33.020, 7, 104262, 100, 976.54
2026/08/07 13:54:33.520, 0, 103302, 100, 966.57
2026/08/07 13:54:33.520, 1, 104462, 100, 973.82
2026/08/07 13:54:33.520, 2, 104462, 100, 953.23
2026/08/07 13:54:33.520, 3, 104462, 100, 968.93
2026/08/07 13:54:33.520, 4, 103102, 100, 937.89
2026/08/07 13:54:33.520, 5, 104262, 100, 954.23
2026/08/07 13:54:33.520, 6, 104262, 100, 937.13
2026/08/07 13:54:33.520, 7, 104262, 100, 965.90
2026/08/07 13:54:34.020, 0, 103302, 100, 965.84
2026/08/07 13:54:34.020, 1, 104462, 100, 974.96
2026/08/07 13:54:34.020, 2, 104462, 100, 951.83
2026/08/07 13:54:34.020, 3, 104462, 100, 971.30
2026/08/07 13:54:34.020, 4, 103102, 100, 932.53
2026/08/07 13:54:34.020, 5, 104262, 100, 945.09
2026/08/07 13:54:34.020, 6, 104262, 100, 938.14
2026/08/07 13:54:34.020, 7, 104262, 100, 963.90
2026/08/07 13:54:34.520, 0, 103302, 100, 959.57
2026/08/07 13:54:34.521, 1, 104462, 100, 960.94
2026/08/07 13:54:34.521, 2, 104462, 100, 944.47
2026/08/07 13:54:34.521, 3, 104462, 100, 967.94
2026/08/07 13:54:34.521, 4, 103102, 100, 938.90
2026/08/07 13:54:34.521, 5, 104262, 100, 952.71
2026/08/07 13:54:34.521, 6, 104262, 100, 935.72
2026/08/07 13:54:34.521, 7, 104262, 100, 965.74
2026/08/07 13:54:35.021, 0, 103302, 100, 947.90
2026/08/07 13:54:35.021, 1, 104462, 100, 955.53
2026/08/07 13:54:35.021, 2, 104462, 100, 944.05
2026/08/07 13:54:35.021, 3, 104462, 100, 954.68
2026/08/07 13:54:35.021, 4, 103102, 100, 927.85
2026/08/07 13:54:35.021, 5, 104262, 100, 951.68
2026/08/07 13:54:35.021, 6, 104262, 100, 920.97
2026/08/07 13:54:35.021, 7, 104262, 100, 952.76
2026/08/07 13:54:35.521, 0, 103302, 100, 947.85
2026/08/07 13:54:35.521, 1, 104462, 100, 965.09
2026/08/07 13:54:35.521, 2, 104462, 100, 949.21
2026/08/07 13:54:35.521, 3, 104462, 100, 956.90
2026/08/07 13:54:35.521, 4, 103102, 100, 922.85
2026/08/07 13:54:35.521, 5, 104262, 100, 952.14
2026/08/07 13:54:35.521, 6, 104262, 100, 929.09
2026/08/07 13:54:35.521, 7, 104262, 100, 954.79
2026/08/07 13:54:36.021, 0, 103302, 100, 940.88
2026/08/07 13:54:36.021, 1, 104462, 100, 951.59
2026/08/07 13:54:36.021, 2, 104462, 100, 940.25
2026/08/07 13:54:36.021, 3, 104462, 99, 961.33
2026/08/07 13:54:36.021, 4, 103102, 100, 939.05
2026/08/07 13:54:36.021, 5, 104262, 100, 966.35
2026/08/07 13:54:36.021, 6, 104262, 100, 942.47
2026/08/07 13:54:36.021, 7, 104262, 100, 965.21
2026/08/07 13:54:36.521, 0, 103302, 100, 934.85
2026/08/07 13:54:36.521, 1, 104462, 100, 951.12
2026/08/07 13:54:36.521, 2, 104462, 100, 932.94
2026/08/07 13:54:36.521, 3, 104462, 100, 950.27
2026/08/07 13:54:36.521, 4, 103102, 100, 948.72
2026/08/07 13:54:36.521, 5, 104262, 100, 975.49
2026/08/07 13:54:36.521, 6, 104262, 100, 942.91
2026/08/07 13:54:36.521, 7, 104262, 100, 974.52
2026/08/07 13:54:37.021, 0, 103302, 100, 952.10
2026/08/07 13:54:37.023, 1, 104462, 100, 972.80
2026/08/07 13:54:37.023, 2, 104462, 100, 949.70
2026/08/07 13:54:37.023, 3, 104462, 100, 963.41
2026/08/07 13:54:37.023, 4, 103102, 100, 951.21
2026/08/07 13:54:37.023, 5, 104262, 100, 976.36
2026/08/07 13:54:37.023, 6, 104262, 100, 945.50
2026/08/07 13:54:37.023, 7, 104262, 100, 978.62
2026/08/07 13:54:37.523, 0, 103302, 100, 965.05
2026/08/07 13:54:37.523, 1, 104462, 100, 975.53
2026/08/07 13:54:37.523, 2, 104462, 100, 954.04
2026/08/07 13:54:37.523, 3, 104462, 100, 973.71
2026/08/07 13:54:37.523, 4, 103102, 100, 950.18
2026/08/07 13:54:37.523, 5, 104262, 100, 975.64
2026/08/07 13:54:37.524, 6, 104262, 100, 943.28
2026/08/07 13:54:37.524, 7, 104262, 100, 978.49
2026/08/07 13:54:38.024, 0, 103302, 100, 967.98
2026/08/07 13:54:38.024, 1, 104462, 100, 975.87
2026/08/07 13:54:38.024, 2, 104462, 100, 945.57
2026/08/07 13:54:38.024, 3, 104462, 100, 969.72
2026/08/07 13:54:38.024, 4, 103102, 100, 940.27
2026/08/07 13:54:38.024, 5, 104262, 100, 953.57
2026/08/07 13:54:38.024, 6, 104262, 100, 932.45
2026/08/07 13:54:38.024, 7, 104262, 100, 962.68
2026/08/07 13:54:38.524, 0, 103302, 100, 963.55
2026/08/07 13:54:38.524, 1, 104462, 100, 980.01
2026/08/07 13:54:38.524, 2, 104462, 100, 944.48
2026/08/07 13:54:38.524, 3, 104462, 100, 964.34
2026/08/07 13:54:38.524, 4, 103102, 100, 935.82
2026/08/07 13:54:38.524, 5, 104262, 100, 943.64
2026/08/07 13:54:38.524, 6, 104262, 100, 929.38
2026/08/07 13:54:38.524, 7, 104262, 100, 962.21
2026/08/07 13:54:39.024, 0, 103302, 100, 952.40
2026/08/07 13:54:39.024, 1, 104462, 100, 971.12
2026/08/07 13:54:39.024, 2, 104462, 100, 944.68
2026/08/07 13:54:39.024, 3, 104462, 100, 960.76
2026/08/07 13:54:39.024, 4, 103102, 100, 938.54
2026/08/07 13:54:39.024, 5, 104262, 100, 951.03
2026/08/07 13:54:39.024, 6, 104262, 100, 939.23
2026/08/07 13:54:39.024, 7, 104262, 100, 964.86
2026/08/07 13:54:39.524, 0, 103302, 100, 953.87
2026/08/07 13:54:39.524, 1, 104462, 100, 963.68
2026/08/07 13:54:39.524, 2, 104462, 100, 943.35
2026/08/07 13:54:39.524, 3, 104462, 100, 955.45
2026/08/07 13:54:39.524, 4, 103102, 100, 931.53
2026/08/07 13:54:39.524, 5, 104262, 100, 950.17
2026/08/07 13:54:39.524, 6, 104262, 100, 931.03
2026/08/07 13:54:39.524, 7, 104262, 100, 960.80
2026/08/07 13:54:40.024, 0, 103302, 100, 960.63
2026/08/07 13:54:40.024, 1, 104462, 100, 971.02
2026/08/07 13:54:40.024, 2, 104462, 100, 945.35
2026/08/07 13:54:40.024, 3, 104462, 100, 960.21
2026/08/07 13:54:40.024, 4, 103102, 100, 936.91
2026/08/07 13:54:40.024, 5, 104262, 100, 962.82
2026/08/07 13:54:40.024, 6, 104262, 100, 931.92
2026/08/07 13:54:40.024, 7, 104262, 100, 976.43
2026/08/07 13:54:40.525, 0, 103302, 100, 947.93
2026/08/07 13:54:40.525, 1, 104462, 100, 962.80
2026/08/07 13:54:40.525, 2, 104462, 100, 942.81
2026/08/07 13:54:40.525, 3, 104462, 99, 948.40
2026/08/07 13:54:40.525, 4, 103102, 100, 945.21
2026/08/07 13:54:40.525, 5, 104262, 100, 971.92
2026/08/07 13:54:40.525, 6, 104262, 100, 942.31
2026/08/07 13:54:40.525, 7, 104262, 100, 983.86
2026/08/07 13:54:41.025, 0, 103302, 100, 938.99
2026/08/07 13:54:41.025, 1, 104462, 100, 962.49
2026/08/07 13:54:41.025, 2, 104462, 100, 941.76
2026/08/07 13:54:41.025, 3, 104462, 100, 938.91
2026/08/07 13:54:41.025, 4, 103102, 100, 940.41
2026/08/07 13:54:41.025, 5, 104262, 100, 965.15
2026/08/07 13:54:41.025, 6, 104262, 100, 947.05
2026/08/07 13:54:41.025, 7, 104262, 100, 972.02
2026/08/07 13:54:41.525, 0, 103302, 100, 956.59
2026/08/07 13:54:41.525, 1, 104462, 100, 977.17
2026/08/07 13:54:41.525, 2, 104462, 100, 955.19
2026/08/07 13:54:41.525, 3, 104462, 100, 959.43
2026/08/07 13:54:41.525, 4, 103102, 100, 940.58
2026/08/07 13:54:41.525, 5, 104262, 100, 954.62
2026/08/07 13:54:41.525, 6, 104262, 100, 948.80
2026/08/07 13:54:41.525, 7, 104262, 100, 977.19
2026/08/07 13:54:42.025, 0, 103302, 100, 965.57
2026/08/07 13:54:42.025, 1, 104462, 100, 978.21
2026/08/07 13:54:42.025, 2, 104462, 100, 958.50
2026/08/07 13:54:42.025, 3, 104462, 100, 970.44
2026/08/07 13:54:42.025, 4, 103102, 100, 937.59
2026/08/07 13:54:42.025, 5, 104262, 100, 956.05
2026/08/07 13:54:42.025, 6, 104262, 100, 944.16
2026/08/07 13:54:42.025, 7, 104262, 100, 971.33
2026/08/07 13:54:42.525, 0, 103302, 100, 969.47
2026/08/07 13:54:42.525, 1, 104462, 100, 975.29
2026/08/07 13:54:42.525, 2, 104462, 100, 951.71
2026/08/07 13:54:42.525, 3, 104462, 100, 966.96
2026/08/07 13:54:42.525, 4, 103102, 100, 938.01
2026/08/07 13:54:42.525, 5, 104262, 100, 962.53
2026/08/07 13:54:42.525, 6, 104262, 100, 934.49
2026/08/07 13:54:42.525, 7, 104262, 100, 966.80
2026/08/07 13:54:43.025, 0, 103302, 100, 962.99
2026/08/07 13:54:43.025, 1, 104462, 100, 982.46
2026/08/07 13:54:43.025, 2, 104462, 100, 949.76
2026/08/07 13:54:43.025, 3, 104462, 100, 967.33
2026/08/07 13:54:43.025, 4, 103102, 100, 928.38
2026/08/07 13:54:43.025, 5, 104262, 100, 953.61
2026/08/07 13:54:43.025, 6, 104262, 100, 931.13
2026/08/07 13:54:43.026, 7, 104262, 100, 972.16
2026/08/07 13:54:43.526, 0, 103302, 100, 948.83
2026/08/07 13:54:43.526, 1, 104462, 100, 979.83
2026/08/07 13:54:43.527, 2, 104462, 100, 948.32
2026/08/07 13:54:43.527, 3, 104462, 100, 962.44
2026/08/07 13:54:43.527, 4, 103102, 100, 922.59
2026/08/07 13:54:43.527, 5, 104262, 100, 948.36
2026/08/07 13:54:43.527, 6, 104262, 100, 929.62
2026/08/07 13:54:43.527, 7, 104262, 100, 965.46
2026/08/07 13:54:44.027, 0, 103302, 100, 948.74
2026/08/07 13:54:44.027, 1, 104462, 100, 969.11
2026/08/07 13:54:44.027, 2, 104462, 100, 947.04
2026/08/07 13:54:44.027, 3, 104462, 100, 956.58
2026/08/07 13:54:44.027, 4, 103102, 100, 935.39
2026/08/07 13:54:44.027, 5, 104262, 100, 959.65
2026/08/07 13:54:44.027, 6, 104262, 100, 932.48
2026/08/07 13:54:44.027, 7, 104262, 100, 964.25
2026/08/07 13:54:44.527, 0, 103302, 100, 952.66
2026/08/07 13:54:44.527, 1, 104462, 100, 965.34
2026/08/07 13:54:44.527, 2, 104462, 100, 951.78
2026/08/07 13:54:44.527, 3, 104462, 100, 954.57
2026/08/07 13:54:44.527, 4, 103102, 100, 940.89
2026/08/07 13:54:44.527, 5, 104262, 100, 959.45
2026/08/07 13:54:44.527, 6, 104262, 100, 937.03
2026/08/07 13:54:44.527, 7, 104262, 100, 973.74
2026/08/07 13:54:45.027, 0, 103302, 99, 941.59
2026/08/07 13:54:45.027, 1, 104462, 100, 961.40
2026/08/07 13:54:45.027, 2, 104462, 100, 946.09
2026/08/07 13:54:45.027, 3, 104462, 100, 943.83
2026/08/07 13:54:45.027, 4, 103102, 100, 945.30
2026/08/07 13:54:45.027, 5, 104262, 100, 965.89
2026/08/07 13:54:45.027, 6, 104262, 100, 938.02
2026/08/07 13:54:45.027, 7, 104262, 100, 982.59
2026/08/07 13:54:45.527, 0, 103302, 100, 944.05
2026/08/07 13:54:45.528, 1, 104462, 100, 971.80
2026/08/07 13:54:45.528, 2, 104462, 100, 939.88
2026/08/07 13:54:45.528, 3, 104462, 100, 944.59
2026/08/07 13:54:45.528, 4, 103102, 100, 949.97
2026/08/07 13:54:45.528, 5, 104262, 100, 973.79
2026/08/07 13:54:45.528, 6, 104262, 100, 943.32
2026/08/07 13:54:45.528, 7, 104262, 100, 978.59
2026/08/07 13:54:46.028, 0, 103302, 100, 959.71
2026/08/07 13:54:46.028, 1, 104462, 100, 986.40
2026/08/07 13:54:46.028, 2, 104462, 100, 949.07
2026/08/07 13:54:46.028, 3, 104462, 100, 964.16
2026/08/07 13:54:46.028, 4, 103102, 100, 939.74
2026/08/07 13:54:46.028, 5, 104262, 100, 954.89
2026/08/07 13:54:46.028, 6, 104262, 100, 947.19
2026/08/07 13:54:46.028, 7, 104262, 100, 973.97
2026/08/07 13:54:46.528, 0, 103302, 100, 963.15
2026/08/07 13:54:46.528, 1, 104462, 100, 985.10
2026/08/07 13:54:46.528, 2, 104462, 100, 960.00
2026/08/07 13:54:46.528, 3, 104462, 100, 970.88
2026/08/07 13:54:46.528, 4, 103102, 100, 930.83
2026/08/07 13:54:46.528, 5, 104262, 100, 948.20
2026/08/07 13:54:46.528, 6, 104262, 100, 941.17
2026/08/07 13:54:46.528, 7, 104262, 100, 968.32
2026/08/07 13:54:47.028, 0, 103302, 100, 968.89
2026/08/07 13:54:47.028, 1, 104462, 100, 980.92
2026/08/07 13:54:47.028, 2, 104462, 100, 958.11
2026/08/07 13:54:47.028, 3, 104462, 100, 967.41
2026/08/07 13:54:47.028, 4, 103102, 100, 935.83
2026/08/07 13:54:47.028, 5, 104262, 100, 962.17
2026/08/07 13:54:47.028, 6, 104262, 100, 931.37
2026/08/07 13:54:47.028, 7, 104262, 100, 961.29
2026/08/07 13:54:47.528, 0, 103302, 100, 963.50
2026/08/07 13:54:47.528, 1, 104462, 100, 972.51
2026/08/07 13:54:47.528, 2, 104462, 100, 954.24
2026/08/07 13:54:47.528, 3, 104462, 100, 962.93
2026/08/07 13:54:47.528, 4, 103102, 100, 930.25
2026/08/07 13:54:47.528, 5, 104262, 100, 952.22
2026/08/07 13:54:47.528, 6, 104262, 100, 929.97
2026/08/07 13:54:47.528, 7, 104262, 100, 965.55
2026/08/07 13:54:48.028, 0, 103302, 100, 951.97
2026/08/07 13:54:48.028, 1, 104462, 100, 970.54
2026/08/07 13:54:48.028, 2, 104462, 100, 951.28
2026/08/07 13:54:48.028, 3, 104462, 100, 959.69
2026/08/07 13:54:48.028, 4, 103102, 99, 925.50
2026/08/07 13:54:48.028, 5, 104262, 100, 939.50
2026/08/07 13:54:48.028, 6, 104262, 100, 933.65
2026/08/07 13:54:48.029, 7, 104262, 100, 961.67
2026/08/07 13:54:48.529, 0, 103302, 100, 950.62
2026/08/07 13:54:48.530, 1, 104462, 100, 970.77
2026/08/07 13:54:48.530, 2, 104462, 100, 946.37
2026/08/07 13:54:48.534, 3, 104462, 100, 957.50
2026/08/07 13:54:48.534, 4, 103102, 100, 934.62
2026/08/07 13:54:48.537, 5, 104262, 100, 949.37
2026/08/07 13:54:48.538, 6, 104262, 100, 930.06
2026/08/07 13:54:48.541, 7, 104262, 100, 969.85
2026/08/07 13:54:49.042, 0, 103302, 100, 953.78
2026/08/07 13:54:49.042, 1, 104462, 100, 962.43
2026/08/07 13:54:49.042, 2, 104462, 100, 941.41
2026/08/07 13:54:49.042, 3, 104462, 100, 959.20
2026/08/07 13:54:49.042, 4, 103102, 100, 950.11
2026/08/07 13:54:49.042, 5, 104262, 100, 968.29
2026/08/07 13:54:49.042, 6, 104262, 100, 934.91
2026/08/07 13:54:49.042, 7, 104262, 100, 979.15
2026/08/07 13:54:49.542, 0, 103302, 99, 946.75
2026/08/07 13:54:49.542, 1, 104462, 99, 950.21
2026/08/07 13:54:49.542, 2, 104462, 100, 942.54
2026/08/07 13:54:49.542, 3, 104462, 100, 957.36
2026/08/07 13:54:49.542, 4, 103102, 100, 953.48
2026/08/07 13:54:49.542, 5, 104262, 100, 973.79
2026/08/07 13:54:49.542, 6, 104262, 100, 943.19
2026/08/07 13:54:49.542, 7, 104262, 100, 973.60
2026/08/07 13:54:50.042, 0, 103302, 100, 955.17
2026/08/07 13:54:50.042, 1, 104462, 100, 958.03
2026/08/07 13:54:50.042, 2, 104462, 100, 952.08
2026/08/07 13:54:50.042, 3, 104462, 100, 966.16
2026/08/07 13:54:50.042, 4, 103102, 100, 952.39
2026/08/07 13:54:50.042, 5, 104262, 100, 977.74
2026/08/07 13:54:50.042, 6, 104262, 100, 948.63
2026/08/07 13:54:50.042, 7, 104262, 100, 978.45
2026/08/07 13:54:50.547, 0, 103302, 100, 963.19
2026/08/07 13:54:50.547, 1, 104462, 100, 984.73
2026/08/07 13:54:50.547, 2, 104462, 100, 954.30
2026/08/07 13:54:50.547, 3, 104462, 100, 973.56
2026/08/07 13:54:50.547, 4, 103102, 100, 950.72
2026/08/07 13:54:50.547, 5, 104262, 100, 976.12
2026/08/07 13:54:50.547, 6, 104262, 100, 945.69
2026/08/07 13:54:50.547, 7, 104262, 100, 982.40
2026/08/07 13:54:51.047, 0, 103302, 100, 964.25
2026/08/07 13:54:51.047, 1, 104462, 100, 990.03
2026/08/07 13:54:51.047, 2, 104462, 100, 956.41
2026/08/07 13:54:51.047, 3, 104462, 100, 976.25
2026/08/07 13:54:51.047, 4, 103102, 100, 941.50
2026/08/07 13:54:51.047, 5, 104262, 100, 959.62
2026/08/07 13:54:51.047, 6, 104262, 100, 947.13
2026/08/07 13:54:51.047, 7, 104262, 100, 976.13
2026/08/07 13:54:51.547, 0, 103302, 100, 968.64
2026/08/07 13:54:51.547, 1, 104462, 100, 981.58
2026/08/07 13:54:51.547, 2, 104462, 100, 961.07
2026/08/07 13:54:51.548, 3, 104462, 100, 968.19
2026/08/07 13:54:51.548, 4, 103102, 100, 944.32
2026/08/07 13:54:51.548, 5, 104262, 100, 953.97
2026/08/07 13:54:51.548, 6, 104262, 100, 932.68
2026/08/07 13:54:51.548, 7, 104262, 100, 977.17
2026/08/07 13:54:52.048, 0, 103302, 100, 961.23
2026/08/07 13:54:52.048, 1, 104462, 100, 971.94
2026/08/07 13:54:52.048, 2, 104462, 100, 956.71
2026/08/07 13:54:52.048, 3, 104462, 100, 962.13
2026/08/07 13:54:52.048, 4, 103102, 100, 937.39
2026/08/07 13:54:52.048, 5, 104262, 100, 952.84
2026/08/07 13:54:52.048, 6, 104262, 100, 924.78
2026/08/07 13:54:52.048, 7, 104262, 100, 966.49
2026/08/07 13:54:52.548, 0, 103302, 100, 961.12
2026/08/07 13:54:52.548, 1, 104462, 100, 972.49
2026/08/07 13:54:52.548, 2, 104462, 100, 960.02
2026/08/07 13:54:52.548, 3, 104462, 100, 964.92
2026/08/07 13:54:52.548, 4, 103102, 99, 925.88
2026/08/07 13:54:52.548, 5, 104262, 99, 941.25
2026/08/07 13:54:52.548, 6, 104262, 100, 930.40
2026/08/07 13:54:52.548, 7, 104262, 100, 954.91
2026/08/07 13:54:53.048, 0, 103302, 100, 956.91
2026/08/07 13:54:53.048, 1, 104462, 100, 965.72
2026/08/07 13:54:53.048, 2, 104462, 100, 954.37
2026/08/07 13:54:53.048, 3, 104462, 100, 961.14
2026/08/07 13:54:53.048, 4, 103102, 100, 934.62
2026/08/07 13:54:53.048, 5, 104262, 100, 950.56
2026/08/07 13:54:53.048, 6, 104262, 100, 940.13
2026/08/07 13:54:53.048, 7, 104262, 100, 959.02
2026/08/07 13:54:53.548, 0, 103302, 100, 947.48
2026/08/07 13:54:53.549, 1, 104462, 100, 962.37
2026/08/07 13:54:53.550, 2, 104462, 100, 943.60
2026/08/07 13:54:53.551, 3, 104462, 100, 951.98
2026/08/07 13:54:53.552, 4, 103102, 100, 947.66
2026/08/07 13:54:53.553, 5, 104262, 100, 965.53
2026/08/07 13:54:53.554, 6, 104262, 100, 949.52
2026/08/07 13:54:53.554, 7, 104262, 100, 981.06
2026/08/07 13:54:54.055, 0, 103302, 100, 949.31
2026/08/07 13:54:54.055, 1, 104462, 100, 965.76
2026/08/07 13:54:54.055, 2, 104462, 100, 946.70
2026/08/07 13:54:54.055, 3, 104462, 100, 957.81
2026/08/07 13:54:54.055, 4, 103102, 100, 950.85
2026/08/07 13:54:54.055, 5, 104262, 100, 971.26
2026/08/07 13:54:54.055, 6, 104262, 100, 944.82
2026/08/07 13:54:54.055, 7, 104262, 100, 981.54
2026/08/07 13:54:54.555, 0, 103302, 100, 952.47
2026/08/07 13:54:54.555, 1, 104462, 100, 973.27
2026/08/07 13:54:54.555, 2, 104462, 100, 950.66
2026/08/07 13:54:54.555, 3, 104462, 100, 958.76
2026/08/07 13:54:54.555, 4, 103102, 100, 953.44
2026/08/07 13:54:54.555, 5, 104262, 100, 975.90
2026/08/07 13:54:54.555, 6, 104262, 100, 948.96
2026/08/07 13:54:54.555, 7, 104262, 100, 976.59
2026/08/07 13:54:55.056, 0, 103302, 100, 966.37
2026/08/07 13:54:55.056, 1, 104462, 100, 979.17
2026/08/07 13:54:55.056, 2, 104462, 100, 957.26
2026/08/07 13:54:55.056, 3, 104462, 100, 965.96
2026/08/07 13:54:55.056, 4, 103102, 100, 954.60
2026/08/07 13:54:55.056, 5, 104262, 100, 978.83
2026/08/07 13:54:55.056, 6, 104262, 100, 953.94
2026/08/07 13:54:55.056, 7, 104262, 100, 975.25
2026/08/07 13:54:55.556, 0, 103302, 100, 968.50
2026/08/07 13:54:55.556, 1, 104462, 100, 982.28
2026/08/07 13:54:55.556, 2, 104462, 100, 959.78
2026/08/07 13:54:55.556, 3, 104462, 100, 965.02
2026/08/07 13:54:55.556, 4, 103102, 100, 951.14
2026/08/07 13:54:55.556, 5, 104262, 100, 974.92
2026/08/07 13:54:55.556, 6, 104262, 100, 945.43
2026/08/07 13:54:55.556, 7, 104262, 100, 971.96
2026/08/07 13:54:56.056, 0, 103302, 100, 960.44
2026/08/07 13:54:56.056, 1, 104462, 100, 978.32
2026/08/07 13:54:56.056, 2, 104462, 100, 957.23
2026/08/07 13:54:56.056, 3, 104462, 100, 966.18
2026/08/07 13:54:56.056, 4, 103102, 100, 937.99
2026/08/07 13:54:56.056, 5, 104262, 100, 958.66
2026/08/07 13:54:56.056, 6, 104262, 100, 943.41
2026/08/07 13:54:56.056, 7, 104262, 100, 971.03
2026/08/07 13:54:56.556, 0, 103302, 100, 962.00
2026/08/07 13:54:56.557, 1, 104462, 100, 970.59
2026/08/07 13:54:56.557, 2, 104462, 100, 951.02
2026/08/07 13:54:56.557, 3, 104462, 100, 964.34
2026/08/07 13:54:56.557, 4, 103102, 100, 938.81
2026/08/07 13:54:56.557, 5, 104262, 100, 955.46
2026/08/07 13:54:56.558, 6, 104262, 100, 935.22
2026/08/07 13:54:56.558, 7, 104262, 100, 969.10
2026/08/07 13:54:57.058, 0, 103302, 100, 956.58
2026/08/07 13:54:57.058, 1, 104462, 100, 973.64
2026/08/07 13:54:57.058, 2, 104462, 100, 951.65
2026/08/07 13:54:57.058, 3, 104462, 100, 959.21
2026/08/07 13:54:57.058, 4, 103102, 100, 931.22
2026/08/07 13:54:57.058, 5, 104262, 100, 944.65
2026/08/07 13:54:57.058, 6, 104262, 100, 929.52
2026/08/07 13:54:57.058, 7, 104262, 100, 958.75
2026/08/07 13:54:57.558, 0, 103302, 100, 956.65
2026/08/07 13:54:57.558, 1, 104462, 100, 969.55
2026/08/07 13:54:57.558, 2, 104462, 100, 947.89
2026/08/07 13:54:57.558, 3, 104462, 100, 965.49
2026/08/07 13:54:57.558, 4, 103102, 100, 928.28
2026/08/07 13:54:57.558, 5, 104262, 100, 948.57
2026/08/07 13:54:57.558, 6, 104262, 100, 929.18
2026/08/07 13:54:57.558, 7, 104262, 100, 957.44
2026/08/07 13:54:58.058, 0, 103302, 100, 950.65
2026/08/07 13:54:58.058, 1, 104462, 100, 963.38
2026/08/07 13:54:58.058, 2, 104462, 100, 940.10
2026/08/07 13:54:58.058, 3, 104462, 100, 956.60
2026/08/07 13:54:58.058, 4, 103102, 100, 949.95
2026/08/07 13:54:58.058, 5, 104262, 100, 975.29
2026/08/07 13:54:58.058, 6, 104262, 100, 945.07
2026/08/07 13:54:58.058, 7, 104262, 100, 968.99
2026/08/07 13:54:58.558, 0, 103302, 100, 946.42
2026/08/07 13:54:58.558, 1, 104462, 100, 969.53
2026/08/07 13:54:58.559, 2, 104462, 100, 943.58
2026/08/07 13:54:58.559, 3, 104462, 100, 945.26
2026/08/07 13:54:58.559, 4, 103102, 100, 952.07
2026/08/07 13:54:58.559, 5, 104262, 100, 980.36
2026/08/07 13:54:58.559, 6, 104262, 100, 952.22
2026/08/07 13:54:58.559, 7, 104262, 100, 976.99
2026/08/07 13:54:59.059, 0, 103302, 100, 950.78
2026/08/07 13:54:59.059, 1, 104462, 100, 979.80
2026/08/07 13:54:59.059, 2, 104462, 100, 947.79
2026/08/07 13:54:59.059, 3, 104462, 100, 958.83
2026/08/07 13:54:59.059, 4, 103102, 100, 943.19
2026/08/07 13:54:59.059, 5, 104262, 100, 969.54
2026/08/07 13:54:59.059, 6, 104262, 100, 948.07
2026/08/07 13:54:59.059, 7, 104262, 100, 974.47
2026/08/07 13:54:59.559, 0, 103302, 100, 965.78
2026/08/07 13:54:59.559, 1, 104462, 100, 983.66
2026/08/07 13:54:59.559, 2, 104462, 100, 949.23
2026/08/07 13:54:59.559, 3, 104462, 100, 964.93
2026/08/07 13:54:59.560, 4, 103102, 100, 945.75
2026/08/07 13:54:59.560, 5, 104262, 100, 962.83
2026/08/07 13:54:59.560, 6, 104262, 100, 940.80
2026/08/07 13:54:59.560, 7, 104262, 100, 976.89
2026/08/07 13:55:00.060, 0, 103302, 100, 970.07
2026/08/07 13:55:00.060, 1, 104462, 100, 982.12
2026/08/07 13:55:00.060, 2, 104462, 100, 953.65
2026/08/07 13:55:00.060, 3, 104462, 100, 965.96
2026/08/07 13:55:00.060, 4, 103102, 100, 937.38
2026/08/07 13:55:00.060, 5, 104262, 100, 957.65
2026/08/07 13:55:00.060, 6, 104262, 100, 939.51
2026/08/07 13:55:00.060, 7, 104262, 100, 968.99
2026/08/07 13:55:00.560, 0, 103302, 100, 971.50
2026/08/07 13:55:00.560, 1, 104462, 100, 975.71
2026/08/07 13:55:00.560, 2, 104462, 100, 945.80
2026/08/07 13:55:00.560, 3, 104462, 100, 968.10
2026/08/07 13:55:00.560, 4, 103102, 100, 930.58
2026/08/07 13:55:00.560, 5, 104262, 100, 950.57
2026/08/07 13:55:00.560, 6, 104262, 100, 932.09
2026/08/07 13:55:00.560, 7, 104262, 100, 963.98
2026/08/07 13:55:01.060, 0, 103302, 100, 962.40
2026/08/07 13:55:01.060, 1, 104462, 100, 964.34
2026/08/07 13:55:01.060, 2, 104462, 100, 944.47
2026/08/07 13:55:01.060, 3, 104462, 100, 956.51
2026/08/07 13:55:01.060, 4, 103102, 100, 933.00
2026/08/07 13:55:01.060, 5, 104262, 100, 951.94
2026/08/07 13:55:01.060, 6, 104262, 100, 930.11
2026/08/07 13:55:01.060, 7, 104262, 100, 964.91
2026/08/07 13:55:01.560, 0, 103302, 100, 956.82
2026/08/07 13:55:01.561, 1, 104462, 100, 963.86
2026/08/07 13:55:01.562, 2, 104462, 100, 936.05
2026/08/07 13:55:01.563, 3, 104462, 100, 950.82
2026/08/07 13:55:01.563, 4, 103102, 100, 939.22
2026/08/07 13:55:01.564, 5, 104262, 100, 961.91
2026/08/07 13:55:01.564, 6, 104262, 100, 940.96
2026/08/07 13:55:01.564, 7, 104262, 100, 967.05
2026/08/07 13:55:02.064, 0, 103302, 100, 951.07
2026/08/07 13:55:02.064, 1, 104462, 100, 963.21
2026/08/07 13:55:02.064, 2, 104462, 100, 925.78
2026/08/07 13:55:02.064, 3, 104462, 100, 949.82
2026/08/07 13:55:02.064, 4, 103102, 100, 948.00
2026/08/07 13:55:02.064, 5, 104262, 100, 966.05
2026/08/07 13:55:02.064, 6, 104262, 100, 952.67
2026/08/07 13:55:02.064, 7, 104262, 100, 977.02
2026/08/07 13:55:02.564, 0, 103302, 100, 944.88
2026/08/07 13:55:02.564, 1, 104462, 100, 946.92
2026/08/07 13:55:02.564, 2, 104462, 100, 934.64
2026/08/07 13:55:02.564, 3, 104462, 100, 948.74
2026/08/07 13:55:02.564, 4, 103102, 100, 952.64
2026/08/07 13:55:02.564, 5, 104262, 100, 971.68
2026/08/07 13:55:02.564, 6, 104262, 100, 955.58
2026/08/07 13:55:02.564, 7, 104262, 100, 981.75
2026/08/07 13:55:03.064, 0, 103302, 100, 946.91
2026/08/07 13:55:03.065, 1, 104462, 100, 960.83
2026/08/07 13:55:03.065, 2, 104462, 100, 947.62
2026/08/07 13:55:03.065, 3, 104462, 100, 956.02
2026/08/07 13:55:03.065, 4, 103102, 100, 949.89
2026/08/07 13:55:03.065, 5, 104262, 100, 969.94
2026/08/07 13:55:03.065, 6, 104262, 100, 953.24
2026/08/07 13:55:03.065, 7, 104262, 100, 974.09
2026/08/07 13:55:03.566, 0, 103302, 100, 954.23
2026/08/07 13:55:03.566, 1, 104462, 100, 974.25
2026/08/07 13:55:03.566, 2, 104462, 100, 948.14
2026/08/07 13:55:03.566, 3, 104462, 100, 965.27
2026/08/07 13:55:03.566, 4, 103102, 100, 950.50
2026/08/07 13:55:03.566, 5, 104262, 100, 970.46
2026/08/07 13:55:03.566, 6, 104262, 100, 952.38
2026/08/07 13:55:03.566, 7, 104262, 100, 979.84
2026/08/07 13:55:04.066, 0, 103302, 100, 963.67
2026/08/07 13:55:04.066, 1, 104462, 100, 976.38
2026/08/07 13:55:04.066, 2, 104462, 100, 947.75
2026/08/07 13:55:04.066, 3, 104462, 100, 965.82
2026/08/07 13:55:04.066, 4, 103102, 100, 947.43
2026/08/07 13:55:04.066, 5, 104262, 100, 968.31
2026/08/07 13:55:04.066, 6, 104262, 100, 946.08
2026/08/07 13:55:04.066, 7, 104262, 100, 984.27
2026/08/07 13:55:04.566, 0, 103302, 100, 966.32
2026/08/07 13:55:04.566, 1, 104462, 100, 981.39
2026/08/07 13:55:04.566, 2, 104462, 100, 959.64
2026/08/07 13:55:04.566, 3, 104462, 100, 964.89
2026/08/07 13:55:04.566, 4, 103102, 100, 940.74
2026/08/07 13:55:04.566, 5, 104262, 100, 963.26
2026/08/07 13:55:04.566, 6, 104262, 100, 942.47
2026/08/07 13:55:04.566, 7, 104262, 100, 974.28
2026/08/07 13:55:05.066, 0, 103302, 100, 964.27
2026/08/07 13:55:05.066, 1, 104462, 100, 981.03
2026/08/07 13:55:05.066, 2, 104462, 100, 957.32
2026/08/07 13:55:05.066, 3, 104462, 100, 969.27
2026/08/07 13:55:05.066, 4, 103102, 100, 931.02
2026/08/07 13:55:05.066, 5, 104262, 100, 950.99
2026/08/07 13:55:05.066, 6, 104262, 100, 940.38
2026/08/07 13:55:05.066, 7, 104262, 100, 968.36
2026/08/07 13:55:05.566, 0, 103302, 100, 954.15
2026/08/07 13:55:05.566, 1, 104462, 100, 967.55
2026/08/07 13:55:05.566, 2, 104462, 100, 946.54
2026/08/07 13:55:05.566, 3, 104462, 100, 959.30
2026/08/07 13:55:05.566, 4, 103102, 100, 925.94
2026/08/07 13:55:05.566, 5, 104262, 100, 939.14
2026/08/07 13:55:05.566, 6, 104262, 100, 929.82
2026/08/07 13:55:05.566, 7, 104262, 99, 959.05
2026/08/07 13:55:06.066, 0, 103302, 100, 948.89
2026/08/07 13:55:06.067, 1, 104462, 100, 966.27
2026/08/07 13:55:06.067, 2, 104462, 100, 946.20
2026/08/07 13:55:06.067, 3, 104462, 100, 948.66
2026/08/07 13:55:06.067, 4, 103102, 100, 928.49
2026/08/07 13:55:06.067, 5, 104262, 100, 948.19
2026/08/07 13:55:06.067, 6, 104262, 100, 940.53
2026/08/07 13:55:06.067, 7, 104262, 100, 954.39
2026/08/07 13:55:06.567, 0, 103302, 100, 952.92
2026/08/07 13:55:06.567, 1, 104462, 100, 971.98
2026/08/07 13:55:06.568, 2, 104462, 100, 949.69
2026/08/07 13:55:06.572, 3, 104462, 100, 953.40
2026/08/07 13:55:06.572, 4, 103102, 100, 946.81
2026/08/07 13:55:06.575, 5, 104262, 100, 961.78
2026/08/07 13:55:06.576, 6, 104262, 100, 954.31
2026/08/07 13:55:06.579, 7, 104262, 100, 978.90
2026/08/07 13:55:07.080, 0, 103302, 99, 941.45
2026/08/07 13:55:07.080, 1, 104462, 99, 964.42
2026/08/07 13:55:07.080, 2, 104462, 100, 931.42
2026/08/07 13:55:07.080, 3, 104462, 100, 948.98
2026/08/07 13:55:07.080, 4, 103102, 100, 956.73
2026/08/07 13:55:07.080, 5, 104262, 100, 969.44
2026/08/07 13:55:07.080, 6, 104262, 100, 959.95
2026/08/07 13:55:07.080, 7, 104262, 100, 990.97
2026/08/07 13:55:07.580, 0, 103302, 100, 956.17
2026/08/07 13:55:07.580, 1, 104462, 100, 967.69
2026/08/07 13:55:07.580, 2, 104462, 100, 933.54
2026/08/07 13:55:07.580, 3, 104462, 100, 955.59
2026/08/07 13:55:07.580, 4, 103102, 100, 955.46
2026/08/07 13:55:07.580, 5, 104262, 100, 975.93
2026/08/07 13:55:07.580, 6, 104262, 100, 958.35
2026/08/07 13:55:07.580, 7, 104262, 100, 988.14
2026/08/07 13:55:08.080, 0, 103302, 100, 965.90
2026/08/07 13:55:08.080, 1, 104462, 100, 973.96
2026/08/07 13:55:08.080, 2, 104462, 100, 957.65
2026/08/07 13:55:08.080, 3, 104462, 100, 971.10
2026/08/07 13:55:08.080, 4, 103102, 100, 950.13
2026/08/07 13:55:08.080, 5, 104262, 100, 970.17
2026/08/07 13:55:08.080, 6, 104262, 100, 949.83
2026/08/07 13:55:08.080, 7, 104262, 100, 974.06
2026/08/07 13:55:08.580, 0, 103302, 100, 963.66
2026/08/07 13:55:08.580, 1, 104462, 100, 976.12
2026/08/07 13:55:08.580, 2, 104462, 100, 959.72
2026/08/07 13:55:08.580, 3, 104462, 100, 972.17
2026/08/07 13:55:08.580, 4, 103102, 100, 935.04
2026/08/07 13:55:08.580, 5, 104262, 100, 953.98
2026/08/07 13:55:08.581, 6, 104262, 100, 948.91
2026/08/07 13:55:08.581, 7, 104262, 100, 971.77
2026/08/07 13:55:09.081, 0, 103302, 100, 965.28
2026/08/07 13:55:09.087, 1, 104462, 100, 978.79
2026/08/07 13:55:09.087, 2, 104462, 100, 960.04
2026/08/07 13:55:09.087, 3, 104462, 100, 967.35
2026/08/07 13:55:09.087, 4, 103102, 100, 928.83
2026/08/07 13:55:09.087, 5, 104262, 100, 951.91
2026/08/07 13:55:09.087, 6, 104262, 100, 940.22
2026/08/07 13:55:09.087, 7, 104262, 100, 974.99
2026/08/07 13:55:09.587, 0, 103302, 100, 959.13
2026/08/07 13:55:09.590, 1, 104462, 100, 978.51
2026/08/07 13:55:09.591, 2, 104462, 100, 949.73
2026/08/07 13:55:09.595, 3, 104462, 100, 965.25
2026/08/07 13:55:09.595, 4, 103102, 100, 934.05
2026/08/07 13:55:09.599, 5, 104262, 100, 952.99
2026/08/07 13:55:09.599, 6, 104262, 100, 931.03
2026/08/07 13:55:09.603, 7, 104262, 100, 967.77
2026/08/07 13:55:10.103, 0, 103302, 100, 952.40
2026/08/07 13:55:10.103, 1, 104462, 100, 971.48
2026/08/07 13:55:10.103, 2, 104462, 100, 949.81
2026/08/07 13:55:10.103, 3, 104462, 100, 957.76
2026/08/07 13:55:10.103, 4, 103102, 100, 932.02
2026/08/07 13:55:10.103, 5, 104262, 100, 940.79
2026/08/07 13:55:10.103, 6, 104262, 100, 930.30
2026/08/07 13:55:10.103, 7, 104262, 100, 972.47
2026/08/07 13:55:10.603, 0, 103302, 100, 954.11
2026/08/07 13:55:10.603, 1, 104462, 100, 955.47
2026/08/07 13:55:10.603, 2, 104462, 100, 938.80
2026/08/07 13:55:10.603, 3, 104462, 100, 949.47
2026/08/07 13:55:10.604, 4, 103102, 100, 938.93
2026/08/07 13:55:10.604, 5, 104262, 100, 949.53
2026/08/07 13:55:10.604, 6, 104262, 100, 936.53
2026/08/07 13:55:10.604, 7, 104262, 100, 982.66
2026/08/07 13:55:11.104, 0, 103302, 100, 951.51
2026/08/07 13:55:11.104, 1, 104462, 100, 963.76
2026/08/07 13:55:11.104, 2, 104462, 100, 940.76
2026/08/07 13:55:11.104, 3, 104462, 100, 956.69
2026/08/07 13:55:11.104, 4, 103102, 100, 949.78
2026/08/07 13:55:11.104, 5, 104262, 100, 966.77
2026/08/07 13:55:11.104, 6, 104262, 100, 942.34
2026/08/07 13:55:11.104, 7, 104262, 100, 978.69
2026/08/07 13:55:11.604, 0, 103302, 100, 949.94
2026/08/07 13:55:11.604, 1, 104462, 100, 963.97
2026/08/07 13:55:11.605, 2, 104462, 100, 944.47
2026/08/07 13:55:11.606, 3, 104462, 100, 961.10
2026/08/07 13:55:11.607, 4, 103102, 100, 954.89
2026/08/07 13:55:11.608, 5, 104262, 100, 974.89
2026/08/07 13:55:11.608, 6, 104262, 100, 948.53
2026/08/07 13:55:11.609, 7, 104262, 100, 972.57
2026/08/07 13:55:12.110, 0, 103302, 100, 967.13
2026/08/07 13:55:12.110, 1, 104462, 100, 969.41
2026/08/07 13:55:12.110, 2, 104462, 100, 955.32
2026/08/07 13:55:12.110, 3, 104462, 100, 965.68
2026/08/07 13:55:12.110, 4, 103102, 100, 953.30
2026/08/07 13:55:12.110, 5, 104262, 100, 975.53
2026/08/07 13:55:12.110, 6, 104262, 100, 958.28
2026/08/07 13:55:12.110, 7, 104262, 100, 982.26
2026/08/07 13:55:12.610, 0, 103302, 100, 976.82
2026/08/07 13:55:12.610, 1, 104462, 100, 990.97
2026/08/07 13:55:12.610, 2, 104462, 100, 960.42
2026/08/07 13:55:12.610, 3, 104462, 100, 976.69
2026/08/07 13:55:12.610, 4, 103102, 100, 951.08
2026/08/07 13:55:12.610, 5, 104262, 100, 968.87
2026/08/07 13:55:12.610, 6, 104262, 100, 950.77
2026/08/07 13:55:12.610, 7, 104262, 100, 984.53
2026/08/07 13:55:13.110, 0, 103302, 100, 967.14
2026/08/07 13:55:13.111, 1, 104462, 100, 981.03
2026/08/07 13:55:13.111, 2, 104462, 100, 957.18
2026/08/07 13:55:13.111, 3, 104462, 100, 973.47
2026/08/07 13:55:13.111, 4, 103102, 100, 944.09
2026/08/07 13:55:13.111, 5, 104262, 100, 963.66
2026/08/07 13:55:13.111, 6, 104262, 100, 946.85
2026/08/07 13:55:13.111, 7, 104262, 100, 975.18
2026/08/07 13:55:13.611, 0, 103302, 100, 962.92
2026/08/07 13:55:13.611, 1, 104462, 100, 969.10
2026/08/07 13:55:13.611, 2, 104462, 100, 958.02
2026/08/07 13:55:13.611, 3, 104462, 100, 970.02
2026/08/07 13:55:13.611, 4, 103102, 100, 944.44
2026/08/07 13:55:13.611, 5, 104262, 100, 967.36
2026/08/07 13:55:13.611, 6, 104262, 100, 951.85
2026/08/07 13:55:13.611, 7, 104262, 100, 967.29
2026/08/07 13:55:14.111, 0, 103302, 100, 964.39
2026/08/07 13:55:14.111, 1, 104462, 100, 967.71
2026/08/07 13:55:14.111, 2, 104462, 100, 954.52
2026/08/07 13:55:14.111, 3, 104462, 100, 971.20
2026/08/07 13:55:14.111, 4, 103102, 100, 931.39
2026/08/07 13:55:14.111, 5, 104262, 100, 959.76
2026/08/07 13:55:14.111, 6, 104262, 100, 937.82
2026/08/07 13:55:14.111, 7, 104262, 100, 956.38
2026/08/07 13:55:14.611, 0, 103302, 100, 956.91
2026/08/07 13:55:14.611, 1, 104462, 100, 963.98
2026/08/07 13:55:14.611, 2, 104462, 100, 940.92
2026/08/07 13:55:14.611, 3, 104462, 100, 965.83
2026/08/07 13:55:14.612, 4, 103102, 100, 922.38
2026/08/07 13:55:14.612, 5, 104262, 100, 950.28
2026/08/07 13:55:14.612, 6, 104262, 100, 930.83
2026/08/07 13:55:14.612, 7, 104262, 100, 953.64
2026/08/07 13:55:15.112, 0, 103302, 100, 948.16
2026/08/07 13:55:15.112, 1, 104462, 100, 948.51
2026/08/07 13:55:15.112, 2, 104462, 100, 935.41
2026/08/07 13:55:15.112, 3, 104462, 100, 954.78
2026/08/07 13:55:15.112, 4, 103102, 100, 926.96
2026/08/07 13:55:15.112, 5, 104262, 100, 954.75
2026/08/07 13:55:15.112, 6, 104262, 100, 932.64
2026/08/07 13:55:15.112, 7, 104262, 100, 964.09
2026/08/07 13:55:15.612, 0, 103302, 100, 946.39
2026/08/07 13:55:15.612, 1, 104462, 100, 949.43
2026/08/07 13:55:15.612, 2, 104462, 100, 940.52
2026/08/07 13:55:15.612, 3, 104462, 100, 953.44
2026/08/07 13:55:15.612, 4, 103102, 100, 940.91
2026/08/07 13:55:15.612, 5, 104262, 100, 966.19
2026/08/07 13:55:15.612, 6, 104262, 100, 941.49
2026/08/07 13:55:15.612, 7, 104262, 100, 970.19
2026/08/07 13:55:16.112, 0, 103302, 100, 949.20
2026/08/07 13:55:16.118, 1, 104462, 100, 957.19
2026/08/07 13:55:16.118, 2, 104462, 100, 933.11
2026/08/07 13:55:16.118, 3, 104462, 100, 963.49
2026/08/07 13:55:16.118, 4, 103102, 100, 952.17
2026/08/07 13:55:16.118, 5, 104262, 100, 970.89
2026/08/07 13:55:16.118, 6, 104262, 100, 954.68
2026/08/07 13:55:16.118, 7, 104262, 100, 966.81
2026/08/07 13:55:16.618, 0, 103302, 100, 955.14
2026/08/07 13:55:16.618, 1, 104462, 100, 970.35
2026/08/07 13:55:16.618, 2, 104462, 100, 934.39
2026/08/07 13:55:16.618, 3, 104462, 100, 962.22
2026/08/07 13:55:16.618, 4, 103102, 100, 949.32
2026/08/07 13:55:16.618, 5, 104262, 100, 971.13
2026/08/07 13:55:16.618, 6, 104262, 100, 955.52
2026/08/07 13:55:16.618, 7, 104262, 100, 970.39
2026/08/07 13:55:17.118, 0, 103302, 100, 961.52
2026/08/07 13:55:17.118, 1, 104462, 100, 986.04
2026/08/07 13:55:17.118, 2, 104462, 100, 949.49
2026/08/07 13:55:17.118, 3, 104462, 100, 968.49
2026/08/07 13:55:17.118, 4, 103102, 100, 937.98
2026/08/07 13:55:17.118, 5, 104262, 100, 964.34
2026/08/07 13:55:17.118, 6, 104262, 100, 951.74
2026/08/07 13:55:17.118, 7, 104262, 100, 971.74
2026/08/07 13:55:17.618, 0, 103302, 100, 961.59
2026/08/07 13:55:17.618, 1, 104462, 100, 977.36
2026/08/07 13:55:17.618, 2, 104462, 100, 958.55
2026/08/07 13:55:17.618, 3, 104462, 100, 970.01
2026/08/07 13:55:17.618, 4, 103102, 100, 932.63
2026/08/07 13:55:17.618, 5, 104262, 100, 952.43
2026/08/07 13:55:17.618, 6, 104262, 100, 945.07
2026/08/07 13:55:17.618, 7, 104262, 100, 960.01
2026/08/07 13:55:18.119, 0, 103302, 100, 960.65
2026/08/07 13:55:18.119, 1, 104462, 100, 971.03
2026/08/07 13:55:18.119, 2, 104462, 100, 956.62
2026/08/07 13:55:18.119, 3, 104462, 100, 967.70
2026/08/07 13:55:18.119, 4, 103102, 100, 936.15
2026/08/07 13:55:18.119, 5, 104262, 100, 952.31
2026/08/07 13:55:18.119, 6, 104262, 100, 943.46
2026/08/07 13:55:18.119, 7, 104262, 100, 959.21
2026/08/07 13:55:18.619, 0, 103302, 100, 960.24
2026/08/07 13:55:18.619, 1, 104462, 100, 974.51
2026/08/07 13:55:18.619, 2, 104462, 100, 951.65
2026/08/07 13:55:18.619, 3, 104462, 100, 967.86
2026/08/07 13:55:18.619, 4, 103102, 100, 937.78
2026/08/07 13:55:18.619, 5, 104262, 100, 946.67
2026/08/07 13:55:18.619, 6, 104262, 100, 943.94
2026/08/07 13:55:18.619, 7, 104262, 100, 954.25
2026/08/07 13:55:19.119, 0, 103302, 100, 960.68
2026/08/07 13:55:19.119, 1, 104462, 100, 971.84
2026/08/07 13:55:19.119, 2, 104462, 100, 950.49
2026/08/07 13:55:19.119, 3, 104462, 100, 968.95
2026/08/07 13:55:19.119, 4, 103102, 100, 936.05
2026/08/07 13:55:19.119, 5, 104262, 100, 950.02
2026/08/07 13:55:19.119, 6, 104262, 100, 943.87
2026/08/07 13:55:19.119, 7, 104262, 100, 957.16
2026/08/07 13:55:19.619, 0, 103302, 100, 953.25
2026/08/07 13:55:19.622, 1, 104462, 100, 966.10
2026/08/07 13:55:19.622, 2, 104462, 100, 944.39
2026/08/07 13:55:19.626, 3, 104462, 100, 961.34
2026/08/07 13:55:19.626, 4, 103102, 100, 943.24
2026/08/07 13:55:19.630, 5, 104262, 100, 959.33
2026/08/07 13:55:19.631, 6, 104262, 100, 948.11
2026/08/07 13:55:19.631, 7, 104262, 100, 970.17
2026/08/07 13:55:20.131, 0, 103302, 100, 950.21
2026/08/07 13:55:20.131, 1, 104462, 100, 965.53
2026/08/07 13:55:20.131, 2, 104462, 100, 940.83
2026/08/07 13:55:20.131, 3, 104462, 100, 952.32
2026/08/07 13:55:20.131, 4, 103102, 100, 944.79
2026/08/07 13:55:20.131, 5, 104262, 100, 968.36
2026/08/07 13:55:20.131, 6, 104262, 100, 952.34
2026/08/07 13:55:20.131, 7, 104262, 100, 974.20
2026/08/07 13:55:20.631, 0, 103302, 100, 951.28
2026/08/07 13:55:20.631, 1, 104462, 100, 968.77
2026/08/07 13:55:20.631, 2, 104462, 100, 944.54
2026/08/07 13:55:20.631, 3, 104462, 100, 960.13
2026/08/07 13:55:20.631, 4, 103102, 100, 944.38
2026/08/07 13:55:20.631, 5, 104262, 100, 974.94
2026/08/07 13:55:20.631, 6, 104262, 100, 952.57
2026/08/07 13:55:20.631, 7, 104262, 100, 978.65
2026/08/07 13:55:21.132, 0, 103302, 100, 961.77
2026/08/07 13:55:21.132, 1, 104462, 100, 967.75
2026/08/07 13:55:21.132, 2, 104462, 100, 951.40
2026/08/07 13:55:21.132, 3, 104462, 100, 969.38
2026/08/07 13:55:21.132, 4, 103102, 100, 947.97
2026/08/07 13:55:21.132, 5, 104262, 100, 964.23
2026/08/07 13:55:21.132, 6, 104262, 100, 947.05
2026/08/07 13:55:21.132, 7, 104262, 100, 982.01
2026/08/07 13:55:21.632, 0, 103302, 100, 964.39
2026/08/07 13:55:21.632, 1, 104462, 100, 973.41
2026/08/07 13:55:21.632, 2, 104462, 100, 953.82
2026/08/07 13:55:21.632, 3, 104462, 100, 971.10
2026/08/07 13:55:21.632, 4, 103102, 100, 945.29
2026/08/07 13:55:21.632, 5, 104262, 100, 956.23
2026/08/07 13:55:21.632, 6, 104262, 100, 934.72
2026/08/07 13:55:21.632, 7, 104262, 100, 972.93
2026/08/07 13:55:22.132, 0, 103302, 100, 965.89
2026/08/07 13:55:22.132, 1, 104462, 100, 964.23
2026/08/07 13:55:22.132, 2, 104462, 100, 959.93
2026/08/07 13:55:22.132, 3, 104462, 100, 978.20
2026/08/07 13:55:22.132, 4, 103102, 100, 940.30
2026/08/07 13:55:22.132, 5, 104262, 100, 962.53
2026/08/07 13:55:22.132, 6, 104262, 100, 940.53
2026/08/07 13:55:22.132, 7, 104262, 100, 969.54
2026/08/07 13:55:22.632, 0, 103302, 100, 956.13
2026/08/07 13:55:22.635, 1, 104462, 100, 958.15
2026/08/07 13:55:22.638, 2, 104462, 100, 948.60
2026/08/07 13:55:22.639, 3, 104462, 100, 965.71
2026/08/07 13:55:22.642, 4, 103102, 100, 935.22
2026/08/07 13:55:22.643, 5, 104262, 100, 956.59
2026/08/07 13:55:22.646, 6, 104262, 100, 938.06
2026/08/07 13:55:22.646, 7, 104262, 100, 961.37
2026/08/07 13:55:23.150, 0, 103302, 100, 948.51
2026/08/07 13:55:23.150, 1, 104462, 100, 975.97
2026/08/07 13:55:23.150, 2, 104462, 100, 934.93
2026/08/07 13:55:23.150, 3, 104462, 100, 954.56
2026/08/07 13:55:23.150, 4, 103102, 100, 929.82
2026/08/07 13:55:23.150, 5, 104262, 100, 958.08
2026/08/07 13:55:23.150, 6, 104262, 100, 935.61
2026/08/07 13:55:23.150, 7, 104262, 99, 966.81
2026/08/07 13:55:23.650, 0, 103302, 100, 947.14
2026/08/07 13:55:23.650, 1, 104462, 100, 977.51
2026/08/07 13:55:23.650, 2, 104462, 100, 945.29
2026/08/07 13:55:23.650, 3, 104462, 100, 955.31
2026/08/07 13:55:23.650, 4, 103102, 100, 934.41
2026/08/07 13:55:23.650, 5, 104262, 100, 954.59
2026/08/07 13:55:23.650, 6, 104262, 100, 939.25
2026/08/07 13:55:23.650, 7, 104262, 100, 974.14
2026/08/07 13:55:24.150, 0, 103302, 100, 951.05
2026/08/07 13:55:24.150, 1, 104462, 100, 971.16
2026/08/07 13:55:24.150, 2, 104462, 100, 945.10
2026/08/07 13:55:24.150, 3, 104462, 100, 950.23
2026/08/07 13:55:24.150, 4, 103102, 100, 947.21
2026/08/07 13:55:24.150, 5, 104262, 100, 963.81
2026/08/07 13:55:24.150, 6, 104262, 100, 937.23
2026/08/07 13:55:24.150, 7, 104262, 100, 976.15
2026/08/07 13:55:24.650, 0, 103302, 100, 945.02
2026/08/07 13:55:24.651, 1, 104462, 99, 964.14
2026/08/07 13:55:24.652, 2, 104462, 99, 939.24
2026/08/07 13:55:24.653, 3, 104462, 100, 943.56
2026/08/07 13:55:24.654, 4, 103102, 100, 955.07
2026/08/07 13:55:24.654, 5, 104262, 100, 974.30
2026/08/07 13:55:24.655, 6, 104262, 100, 953.03
2026/08/07 13:55:24.656, 7, 104262, 100, 977.34
2026/08/07 13:55:25.157, 0, 103302, 100, 947.12
2026/08/07 13:55:25.157, 1, 104462, 100, 971.76
2026/08/07 13:55:25.157, 2, 104462, 100, 947.48
2026/08/07 13:55:25.157, 3, 104462, 100, 953.06
2026/08/07 13:55:25.157, 4, 103102, 100, 948.00
2026/08/07 13:55:25.157, 5, 104262, 100, 971.97
2026/08/07 13:55:25.157, 6, 104262, 100, 952.64
2026/08/07 13:55:25.157, 7, 104262, 100, 976.55
2026/08/07 13:55:25.657, 0, 103302, 100, 961.23
2026/08/07 13:55:25.657, 1, 104462, 100, 980.48
2026/08/07 13:55:25.657, 2, 104462, 100, 950.01
2026/08/07 13:55:25.657, 3, 104462, 100, 964.46
2026/08/07 13:55:25.657, 4, 103102, 100, 947.27
2026/08/07 13:55:25.657, 5, 104262, 100, 963.45
2026/08/07 13:55:25.657, 6, 104262, 100, 938.92
2026/08/07 13:55:25.657, 7, 104262, 100, 978.06
2026/08/07 13:55:26.157, 0, 103302, 100, 962.41
2026/08/07 13:55:26.157, 1, 104462, 100, 982.54
2026/08/07 13:55:26.157, 2, 104462, 100, 946.94
2026/08/07 13:55:26.157, 3, 104462, 100, 964.26
2026/08/07 13:55:26.157, 4, 103102, 100, 936.09
2026/08/07 13:55:26.157, 5, 104262, 100, 956.16
2026/08/07 13:55:26.157, 6, 104262, 100, 932.62
2026/08/07 13:55:26.157, 7, 104262, 100, 968.54
2026/08/07 13:55:26.657, 0, 103302, 100, 961.54
2026/08/07 13:55:26.657, 1, 104462, 100, 973.80
2026/08/07 13:55:26.657, 2, 104462, 100, 953.90
2026/08/07 13:55:26.657, 3, 104462, 100, 972.34
2026/08/07 13:55:26.657, 4, 103102, 100, 931.53
2026/08/07 13:55:26.657, 5, 104262, 100, 967.04
2026/08/07 13:55:26.657, 6, 104262, 100, 935.47
2026/08/07 13:55:26.657, 7, 104262, 100, 970.94
2026/08/07 13:55:27.158, 0, 103302, 100, 955.57
2026/08/07 13:55:27.158, 1, 104462, 100, 962.23
2026/08/07 13:55:27.158, 2, 104462, 100, 946.74
2026/08/07 13:55:27.158, 3, 104462, 100, 967.02
2026/08/07 13:55:27.158, 4, 103102, 100, 938.14
2026/08/07 13:55:27.158, 5, 104262, 100, 963.23
2026/08/07 13:55:27.158, 6, 104262, 100, 935.83
2026/08/07 13:55:27.158, 7, 104262, 100, 970.55
2026/08/07 13:55:27.658, 0, 103302, 100, 948.88
2026/08/07 13:55:27.658, 1, 104462, 100, 965.64
2026/08/07 13:55:27.658, 2, 104462, 100, 937.29
2026/08/07 13:55:27.658, 3, 104462, 100, 955.94
2026/08/07 13:55:27.658, 4, 103102, 100, 929.12
2026/08/07 13:55:27.658, 5, 104262, 100, 956.05
2026/08/07 13:55:27.658, 6, 104262, 100, 937.76
2026/08/07 13:55:27.658, 7, 104262, 99, 955.76
2026/08/07 13:55:28.158, 0, 103302, 100, 947.75
2026/08/07 13:55:28.158, 1, 104462, 100, 968.22
2026/08/07 13:55:28.158, 2, 104462, 100, 937.57
2026/08/07 13:55:28.158, 3, 104462, 100, 955.88
2026/08/07 13:55:28.159, 4, 103102, 100, 936.43
2026/08/07 13:55:28.159, 5, 104262, 100, 968.07
2026/08/07 13:55:28.159, 6, 104262, 100, 946.09
2026/08/07 13:55:28.159, 7, 104262, 100, 962.16
2026/08/07 13:55:28.659, 0, 103302, 100, 943.61
2026/08/07 13:55:28.659, 1, 104462, 100, 962.53
2026/08/07 13:55:28.659, 2, 104462, 100, 929.02
2026/08/07 13:55:28.659, 3, 104462, 100, 951.56
2026/08/07 13:55:28.659, 4, 103102, 100, 957.27
2026/08/07 13:55:28.659, 5, 104262, 100, 975.41
2026/08/07 13:55:28.659, 6, 104262, 100, 947.64
2026/08/07 13:55:28.659, 7, 104262, 100, 982.79
2026/08/07 13:55:29.159, 0, 103302, 100, 940.81
2026/08/07 13:55:29.159, 1, 104462, 99, 970.78
2026/08/07 13:55:29.159, 2, 104462, 99, 924.52
2026/08/07 13:55:29.159, 3, 104462, 100, 944.98
2026/08/07 13:55:29.159, 4, 103102, 100, 960.33
2026/08/07 13:55:29.159, 5, 104262, 100, 972.89
2026/08/07 13:55:29.159, 6, 104262, 100, 956.19
2026/08/07 13:55:29.159, 7, 104262, 100, 985.00
2026/08/07 13:55:29.659, 0, 103302, 100, 952.85
2026/08/07 13:55:29.659, 1, 104462, 100, 978.19
2026/08/07 13:55:29.659, 2, 104462, 100, 941.20
2026/08/07 13:55:29.659, 3, 104462, 100, 960.14
2026/08/07 13:55:29.659, 4, 103102, 100, 945.24
2026/08/07 13:55:29.659, 5, 104262, 100, 973.34
2026/08/07 13:55:29.659, 6, 104262, 100, 960.05
2026/08/07 13:55:29.659, 7, 104262, 100, 977.45
2026/08/07 13:55:30.159, 0, 103302, 100, 966.08
2026/08/07 13:55:30.160, 1, 104462, 100, 980.00
2026/08/07 13:55:30.160, 2, 104462, 100, 963.36
2026/08/07 13:55:30.160, 3, 104462, 100, 972.24
2026/08/07 13:55:30.160, 4, 103102, 100, 943.40
2026/08/07 13:55:30.160, 5, 104262, 100, 970.96
2026/08/07 13:55:30.160, 6, 104262, 100, 958.07
2026/08/07 13:55:30.160, 7, 104262, 100, 975.53
2026/08/07 13:55:30.660, 0, 103302, 100, 962.22
2026/08/07 13:55:30.660, 1, 104462, 100, 987.77
2026/08/07 13:55:30.660, 2, 104462, 100, 953.36
2026/08/07 13:55:30.660, 3, 104462, 100, 963.98
2026/08/07 13:55:30.660, 4, 103102, 100, 941.41
2026/08/07 13:55:30.660, 5, 104262, 100, 968.27
2026/08/07 13:55:30.660, 6, 104262, 100, 940.58
2026/08/07 13:55:30.660, 7, 104262, 100, 966.33
2026/08/07 13:55:31.160, 0, 103302, 100, 960.73
2026/08/07 13:55:31.160, 1, 104462, 100, 976.42
2026/08/07 13:55:31.160, 2, 104462, 100, 947.31
2026/08/07 13:55:31.160, 3, 104462, 100, 965.31
2026/08/07 13:55:31.160, 4, 103102, 100, 933.52
2026/08/07 13:55:31.160, 5, 104262, 100, 962.54
2026/08/07 13:55:31.160, 6, 104262, 100, 931.67
2026/08/07 13:55:31.160, 7, 104262, 100, 956.76
2026/08/07 13:55:31.660, 0, 103302, 100, 964.71
2026/08/07 13:55:31.660, 1, 104462, 100, 969.16
2026/08/07 13:55:31.661, 2, 104462, 100, 946.54
2026/08/07 13:55:31.661, 3, 104462, 100, 969.64
2026/08/07 13:55:31.661, 4, 103102, 100, 929.75
2026/08/07 13:55:31.661, 5, 104262, 100, 958.44
2026/08/07 13:55:31.661, 6, 104262, 100, 937.98
2026/08/07 13:55:31.661, 7, 104262, 100, 961.18
2026/08/07 13:55:32.161, 0, 103302, 100, 958.44
2026/08/07 13:55:32.161, 1, 104462, 100, 977.46
2026/08/07 13:55:32.161, 2, 104462, 100, 931.66
2026/08/07 13:55:32.161, 3, 104462, 100, 960.02
2026/08/07 13:55:32.161, 4, 103102, 100, 936.11
2026/08/07 13:55:32.161, 5, 104262, 100, 957.85
2026/08/07 13:55:32.161, 6, 104262, 100, 928.56
2026/08/07 13:55:32.161, 7, 104262, 100, 963.78
2026/08/07 13:55:32.661, 0, 103302, 100, 947.88
2026/08/07 13:55:32.661, 1, 104462, 100, 974.66
2026/08/07 13:55:32.661, 2, 104462, 100, 938.87
2026/08/07 13:55:32.661, 3, 104462, 100, 959.14
2026/08/07 13:55:32.661, 4, 103102, 100, 935.67
2026/08/07 13:55:32.661, 5, 104262, 100, 957.91
2026/08/07 13:55:32.661, 6, 104262, 100, 930.30
2026/08/07 13:55:32.661, 7, 104262, 100, 965.88
2026/08/07 13:55:33.161, 0, 103302, 100, 941.51
2026/08/07 13:55:33.161, 1, 104462, 100, 962.09
2026/08/07 13:55:33.161, 2, 104462, 100, 953.91
2026/08/07 13:55:33.161, 3, 104462, 100, 954.29
2026/08/07 13:55:33.161, 4, 103102, 100, 941.71
2026/08/07 13:55:33.161, 5, 104262, 100, 962.59
2026/08/07 13:55:33.161, 6, 104262, 100, 954.06
2026/08/07 13:55:33.161, 7, 104262, 100, 974.84
2026/08/07 13:55:33.661, 0, 103302, 100, 946.74
2026/08/07 13:55:33.661, 1, 104462, 100, 963.05
2026/08/07 13:55:33.661, 2, 104462, 100, 946.87
2026/08/07 13:55:33.661, 3, 104462, 100, 951.30
2026/08/07 13:55:33.661, 4, 103102, 100, 959.97
2026/08/07 13:55:33.661, 5, 104262, 100, 970.17
2026/08/07 13:55:33.661, 6, 104262, 100, 954.97
2026/08/07 13:55:33.661, 7, 104262, 100, 986.97
2026/08/07 13:55:34.161, 0, 103302, 100, 961.97
2026/08/07 13:55:34.161, 1, 104462, 100, 974.66
2026/08/07 13:55:34.161, 2, 104462, 100, 945.86
2026/08/07 13:55:34.161, 3, 104462, 100, 961.55
2026/08/07 13:55:34.161, 4, 103102, 100, 956.17
2026/08/07 13:55:34.161, 5, 104262, 100, 966.49
2026/08/07 13:55:34.161, 6, 104262, 100, 958.88
2026/08/07 13:55:34.162, 7, 104262, 100, 978.59
2026/08/07 13:55:34.662, 0, 103302, 100, 962.06
2026/08/07 13:55:34.662, 1, 104462, 100, 982.36
2026/08/07 13:55:34.662, 2, 104462, 100, 952.84
2026/08/07 13:55:34.662, 3, 104462, 100, 969.38
2026/08/07 13:55:34.662, 4, 103102, 100, 944.71
2026/08/07 13:55:34.662, 5, 104262, 100, 961.98
2026/08/07 13:55:34.662, 6, 104262, 100, 950.59
2026/08/07 13:55:34.662, 7, 104262, 100, 964.86
2026/08/07 13:55:35.162, 0, 103302, 100, 957.77
2026/08/07 13:55:35.163, 1, 104462, 100, 983.34
2026/08/07 13:55:35.163, 2, 104462, 100, 951.84
2026/08/07 13:55:35.163, 3, 104462, 100, 964.66
2026/08/07 13:55:35.163, 4, 103102, 100, 942.38
2026/08/07 13:55:35.167, 5, 104262, 100, 956.24
2026/08/07 13:55:35.167, 6, 104262, 100, 936.95
2026/08/07 13:55:35.171, 7, 104262, 100, 964.21
2026/08/07 13:55:35.672, 0, 103302, 100, 961.01
2026/08/07 13:55:35.676, 1, 104462, 100, 976.36
2026/08/07 13:55:35.676, 2, 104462, 100, 954.95
2026/08/07 13:55:35.676, 3, 104462, 100, 970.05
2026/08/07 13:55:35.677, 4, 103102, 100, 944.34
2026/08/07 13:55:35.677, 5, 104262, 100, 958.16
2026/08/07 13:55:35.677, 6, 104262, 100, 935.05
2026/08/07 13:55:35.677, 7, 104262, 100, 971.95
2026/08/07 13:55:36.177, 0, 103302, 100, 953.01
2026/08/07 13:55:36.177, 1, 104462, 100, 973.28
2026/08/07 13:55:36.177, 2, 104462, 100, 954.66
2026/08/07 13:55:36.177, 3, 104462, 100, 964.29
2026/08/07 13:55:36.177, 4, 103102, 100, 943.79
2026/08/07 13:55:36.177, 5, 104262, 100, 957.47
2026/08/07 13:55:36.177, 6, 104262, 100, 937.84
2026/08/07 13:55:36.177, 7, 104262, 100, 967.17
2026/08/07 13:55:36.677, 0, 103302, 100, 948.83
2026/08/07 13:55:36.677, 1, 104462, 100, 967.01
2026/08/07 13:55:36.677, 2, 104462, 100, 951.60
2026/08/07 13:55:36.677, 3, 104462, 100, 958.09
2026/08/07 13:55:36.677, 4, 103102, 100, 937.74
2026/08/07 13:55:36.677, 5, 104262, 100, 958.71
2026/08/07 13:55:36.677, 6, 104262, 100, 946.41
2026/08/07 13:55:36.677, 7, 104262, 100, 961.56
2026/08/07 13:55:37.177, 0, 103302, 100, 953.57
2026/08/07 13:55:37.177, 1, 104462, 100, 959.42
2026/08/07 13:55:37.177, 2, 104462, 100, 947.58
2026/08/07 13:55:37.177, 3, 104462, 100, 959.21
2026/08/07 13:55:37.177, 4, 103102, 100, 943.72
2026/08/07 13:55:37.177, 5, 104262, 100, 964.53
2026/08/07 13:55:37.177, 6, 104262, 100, 958.25
2026/08/07 13:55:37.177, 7, 104262, 100, 976.24
2026/08/07 13:55:37.677, 0, 103302, 100, 944.66
2026/08/07 13:55:37.684, 1, 104462, 100, 960.03
2026/08/07 13:55:37.684, 2, 104462, 100, 945.00
2026/08/07 13:55:37.684, 3, 104462, 100, 958.65
2026/08/07 13:55:37.684, 4, 103102, 100, 953.70
2026/08/07 13:55:37.684, 5, 104262, 100, 978.66
2026/08/07 13:55:37.684, 6, 104262, 100, 962.74
2026/08/07 13:55:37.684, 7, 104262, 100, 981.09
2026/08/07 13:55:38.184, 0, 103302, 100, 940.49
2026/08/07 13:55:38.184, 1, 104462, 100, 963.23
2026/08/07 13:55:38.184, 2, 104462, 100, 944.89
2026/08/07 13:55:38.184, 3, 104462, 100, 949.87
2026/08/07 13:55:38.184, 4, 103102, 100, 957.65
2026/08/07 13:55:38.184, 5, 104262, 100, 980.99
2026/08/07 13:55:38.184, 6, 104262, 100, 960.07
2026/08/07 13:55:38.184, 7, 104262, 100, 986.28
2026/08/07 13:55:38.684, 0, 103302, 100, 956.21
2026/08/07 13:55:38.684, 1, 104462, 100, 979.27
2026/08/07 13:55:38.684, 2, 104462, 100, 954.77
2026/08/07 13:55:38.684, 3, 104462, 100, 963.73
2026/08/07 13:55:38.684, 4, 103102, 100, 955.67
2026/08/07 13:55:38.684, 5, 104262, 100, 970.13
2026/08/07 13:55:38.684, 6, 104262, 100, 952.20
2026/08/07 13:55:38.684, 7, 104262, 100, 982.61
2026/08/07 13:55:39.184, 0, 103302, 100, 961.23
2026/08/07 13:55:39.184, 1, 104462, 100, 989.07
2026/08/07 13:55:39.184, 2, 104462, 100, 964.33
2026/08/07 13:55:39.184, 3, 104462, 100, 974.93
2026/08/07 13:55:39.184, 4, 103102, 100, 947.11
2026/08/07 13:55:39.184, 5, 104262, 100, 966.15
2026/08/07 13:55:39.184, 6, 104262, 100, 945.90
2026/08/07 13:55:39.184, 7, 104262, 100, 981.05
2026/08/07 13:55:39.684, 0, 103302, 100, 961.23
2026/08/07 13:55:39.684, 1, 104462, 100, 990.68
2026/08/07 13:55:39.684, 2, 104462, 100, 966.09
2026/08/07 13:55:39.684, 3, 104462, 100, 968.71
2026/08/07 13:55:39.684, 4, 103102, 100, 934.33
2026/08/07 13:55:39.684, 5, 104262, 100, 958.95
2026/08/07 13:55:39.684, 6, 104262, 100, 939.44
2026/08/07 13:55:39.684, 7, 104262, 100, 970.53
2026/08/07 13:55:40.185, 0, 103302, 100, 962.59
2026/08/07 13:55:40.185, 1, 104462, 100, 982.60
2026/08/07 13:55:40.185, 2, 104462, 100, 956.80
2026/08/07 13:55:40.185, 3, 104462, 100, 963.94
2026/08/07 13:55:40.185, 4, 103102, 100, 927.77
2026/08/07 13:55:40.185, 5, 104262, 100, 951.69
2026/08/07 13:55:40.185, 6, 104262, 100, 941.96
2026/08/07 13:55:40.185, 7, 104262, 100, 965.86
2026/08/07 13:55:40.685, 0, 103302, 100, 953.77
2026/08/07 13:55:40.685, 1, 104462, 100, 974.23
2026/08/07 13:55:40.685, 2, 104462, 100, 948.32
2026/08/07 13:55:40.685, 3, 104462, 100, 957.97
2026/08/07 13:55:40.685, 4, 103102, 100, 927.18
2026/08/07 13:55:40.685, 5, 104262, 100, 951.37
2026/08/07 13:55:40.685, 6, 104262, 99, 935.62
2026/08/07 13:55:40.685, 7, 104262, 100, 958.08
2026/08/07 13:55:41.185, 0, 103302, 100, 949.92
2026/08/07 13:55:41.185, 1, 104462, 100, 961.93
2026/08/07 13:55:41.185, 2, 104462, 100, 949.54
2026/08/07 13:55:41.185, 3, 104462, 100, 956.12
2026/08/07 13:55:41.185, 4, 103102, 100, 927.88
2026/08/07 13:55:41.185, 5, 104262, 100, 947.14
2026/08/07 13:55:41.185, 6, 104262, 100, 928.25
2026/08/07 13:55:41.185, 7, 104262, 100, 958.04
2026/08/07 13:55:41.685, 0, 103302, 100, 957.24
2026/08/07 13:55:41.685, 1, 104462, 100, 957.85
2026/08/07 13:55:41.685, 2, 104462, 100, 943.28
2026/08/07 13:55:41.685, 3, 104462, 100, 960.08
2026/08/07 13:55:41.685, 4, 103102, 100, 936.37
2026/08/07 13:55:41.685, 5, 104262, 100, 953.46
2026/08/07 13:55:41.685, 6, 104262, 100, 940.86
2026/08/07 13:55:41.685, 7, 104262, 100, 972.67
2026/08/07 13:55:42.185, 0, 103302, 100, 947.85
2026/08/07 13:55:42.185, 1, 104462, 100, 960.76
2026/08/07 13:55:42.185, 2, 104462, 100, 944.44
2026/08/07 13:55:42.185, 3, 104462, 100, 955.93
2026/08/07 13:55:42.185, 4, 103102, 100, 946.80
2026/08/07 13:55:42.185, 5, 104262, 100, 963.25
2026/08/07 13:55:42.185, 6, 104262, 100, 946.08
2026/08/07 13:55:42.185, 7, 104262, 100, 984.85
2026/08/07 13:55:42.686, 0, 103302, 100, 944.06
2026/08/07 13:55:42.686, 1, 104462, 100, 963.81
2026/08/07 13:55:42.686, 2, 104462, 100, 950.01
2026/08/07 13:55:42.686, 3, 104462, 100, 958.37
2026/08/07 13:55:42.686, 4, 103102, 100, 944.88
2026/08/07 13:55:42.686, 5, 104262, 100, 965.11
2026/08/07 13:55:42.686, 6, 104262, 100, 950.88
2026/08/07 13:55:42.686, 7, 104262, 100, 985.11
2026/08/07 13:55:43.186, 0, 103302, 100, 958.06
2026/08/07 13:55:43.186, 1, 104462, 100, 973.12
2026/08/07 13:55:43.186, 2, 104462, 100, 951.63
2026/08/07 13:55:43.186, 3, 104462, 100, 964.42
2026/08/07 13:55:43.186, 4, 103102, 100, 938.32
2026/08/07 13:55:43.186, 5, 104262, 100, 960.89
2026/08/07 13:55:43.186, 6, 104262, 100, 953.31
2026/08/07 13:55:43.186, 7, 104262, 100, 978.61
2026/08/07 13:55:43.686, 0, 103302, 100, 968.19
2026/08/07 13:55:43.686, 1, 104462, 100, 984.43
2026/08/07 13:55:43.686, 2, 104462, 100, 958.47
2026/08/07 13:55:43.686, 3, 104462, 100, 972.49
2026/08/07 13:55:43.686, 4, 103102, 100, 936.78
2026/08/07 13:55:43.686, 5, 104262, 100, 956.80
2026/08/07 13:55:43.686, 6, 104262, 100, 945.88
2026/08/07 13:55:43.686, 7, 104262, 100, 966.57
2026/08/07 13:55:44.186, 0, 103302, 100, 968.77
2026/08/07 13:55:44.186, 1, 104462, 100, 977.05
2026/08/07 13:55:44.186, 2, 104462, 100, 953.63
2026/08/07 13:55:44.186, 3, 104462, 100, 973.82
2026/08/07 13:55:44.187, 4, 103102, 100, 934.92
2026/08/07 13:55:44.187, 5, 104262, 100, 954.39
2026/08/07 13:55:44.187, 6, 104262, 100, 942.34
2026/08/07 13:55:44.187, 7, 104262, 100, 962.09
2026/08/07 13:55:44.687, 0, 103302, 100, 953.40
2026/08/07 13:55:44.687, 1, 104462, 100, 972.47
2026/08/07 13:55:44.687, 2, 104462, 100, 946.13
2026/08/07 13:55:44.687, 3, 104462, 100, 963.66
2026/08/07 13:55:44.687, 4, 103102, 100, 933.76
2026/08/07 13:55:44.687, 5, 104262, 100, 953.14
2026/08/07 13:55:44.687, 6, 104262, 100, 944.35
2026/08/07 13:55:44.687, 7, 104262, 100, 963.06
2026/08/07 13:55:45.187, 0, 103302, 100, 952.19
2026/08/07 13:55:45.187, 1, 104462, 100, 972.67
2026/08/07 13:55:45.187, 2, 104462, 100, 953.93
2026/08/07 13:55:45.187, 3, 104462, 100, 961.95
2026/08/07 13:55:45.187, 4, 103102, 100, 929.72
2026/08/07 13:55:45.187, 5, 104262, 100, 947.57
2026/08/07 13:55:45.187, 6, 104262, 100, 938.29
2026/08/07 13:55:45.187, 7, 104262, 99, 956.24
2026/08/07 13:55:45.687, 0, 103302, 100, 955.06
2026/08/07 13:55:45.687, 1, 104462, 100, 979.17
2026/08/07 13:55:45.687, 2, 104462, 100, 956.53
2026/08/07 13:55:45.687, 3, 104462, 100, 962.24
2026/08/07 13:55:45.687, 4, 103102, 100, 933.00
2026/08/07 13:55:45.687, 5, 104262, 100, 954.57
2026/08/07 13:55:45.687, 6, 104262, 100, 930.72
2026/08/07 13:55:45.687, 7, 104262, 100, 956.82
2026/08/07 13:55:46.187, 0, 103302, 100, 948.66
2026/08/07 13:55:46.187, 1, 104462, 100, 979.89
2026/08/07 13:55:46.187, 2, 104462, 100, 956.30
2026/08/07 13:55:46.187, 3, 104462, 100, 959.69
2026/08/07 13:55:46.187, 4, 103102, 100, 946.68
2026/08/07 13:55:46.187, 5, 104262, 100, 965.67
2026/08/07 13:55:46.187, 6, 104262, 100, 946.82
2026/08/07 13:55:46.187, 7, 104262, 100, 979.11
2026/08/07 13:55:46.687, 0, 103302, 100, 945.15
2026/08/07 13:55:46.688, 1, 104462, 99, 971.25
2026/08/07 13:55:46.688, 2, 104462, 99, 947.18
2026/08/07 13:55:46.688, 3, 104462, 100, 952.21
2026/08/07 13:55:46.688, 4, 103102, 100, 950.45
2026/08/07 13:55:46.688, 5, 104262, 100, 968.78
2026/08/07 13:55:46.688, 6, 104262, 100, 953.66
2026/08/07 13:55:46.688, 7, 104262, 100, 984.77
2026/08/07 13:55:47.188, 0, 103302, 100, 942.67
2026/08/07 13:55:47.188, 1, 104462, 100, 968.04
2026/08/07 13:55:47.188, 2, 104462, 100, 945.04
2026/08/07 13:55:47.188, 3, 104462, 100, 953.14
2026/08/07 13:55:47.188, 4, 103102, 100, 944.65
2026/08/07 13:55:47.188, 5, 104262, 100, 965.16
2026/08/07 13:55:47.188, 6, 104262, 100, 945.43
2026/08/07 13:55:47.188, 7, 104262, 100, 976.27
2026/08/07 13:55:47.688, 0, 103302, 100, 954.57
2026/08/07 13:55:47.688, 1, 104462, 100, 975.46
2026/08/07 13:55:47.688, 2, 104462, 100, 953.23
2026/08/07 13:55:47.688, 3, 104462, 100, 959.86
2026/08/07 13:55:47.688, 4, 103102, 100, 940.00
2026/08/07 13:55:47.688, 5, 104262, 100, 959.19
2026/08/07 13:55:47.688, 6, 104262, 100, 945.14
2026/08/07 13:55:47.688, 7, 104262, 100, 980.46
2026/08/07 13:55:48.188, 0, 103302, 100, 958.94
2026/08/07 13:55:48.190, 1, 104462, 100, 978.96
2026/08/07 13:55:48.190, 2, 104462, 100, 957.24
2026/08/07 13:55:48.194, 3, 104462, 100, 966.18
2026/08/07 13:55:48.195, 4, 103102, 100, 937.80
2026/08/07 13:55:48.198, 5, 104262, 100, 955.05
2026/08/07 13:55:48.199, 6, 104262, 100, 950.69
2026/08/07 13:55:48.203, 7, 104262, 100, 973.19
2026/08/07 13:55:48.703, 0, 103302, 100, 960.73
2026/08/07 13:55:48.709, 1, 104462, 100, 976.77
2026/08/07 13:55:48.709, 2, 104462, 100, 949.18
2026/08/07 13:55:48.709, 3, 104462, 100, 965.96
2026/08/07 13:55:48.709, 4, 103102, 100, 933.62
2026/08/07 13:55:48.709, 5, 104262, 100, 963.91
2026/08/07 13:55:48.709, 6, 104262, 100, 945.00
2026/08/07 13:55:48.709, 7, 104262, 100, 965.99
2026/08/07 13:55:49.209, 0, 103302, 100, 957.27
2026/08/07 13:55:49.209, 1, 104462, 100, 977.12
2026/08/07 13:55:49.209, 2, 104462, 100, 944.41
2026/08/07 13:55:49.209, 3, 104462, 100, 963.11
2026/08/07 13:55:49.209, 4, 103102, 100, 927.51
2026/08/07 13:55:49.209, 5, 104262, 100, 961.96
2026/08/07 13:55:49.209, 6, 104262, 100, 940.34
2026/08/07 13:55:49.209, 7, 104262, 100, 970.98
2026/08/07 13:55:49.709, 0, 103302, 100, 951.66
2026/08/07 13:55:49.709, 1, 104462, 100, 973.73
2026/08/07 13:55:49.709, 2, 104462, 100, 939.31
2026/08/07 13:55:49.709, 3, 104462, 100, 956.81
2026/08/07 13:55:49.709, 4, 103102, 100, 934.55
2026/08/07 13:55:49.709, 5, 104262, 100, 952.38
2026/08/07 13:55:49.709, 6, 104262, 100, 931.41
2026/08/07 13:55:49.709, 7, 104262, 100, 970.90
2026/08/07 13:55:50.210, 0, 103302, 100, 943.02
2026/08/07 13:55:50.210, 1, 104462, 100, 965.31
2026/08/07 13:55:50.210, 2, 104462, 100, 947.79
2026/08/07 13:55:50.210, 3, 104462, 100, 951.77
2026/08/07 13:55:50.210, 4, 103102, 100, 940.58
2026/08/07 13:55:50.210, 5, 104262, 100, 958.43
2026/08/07 13:55:50.210, 6, 104262, 100, 929.84
2026/08/07 13:55:50.210, 7, 104262, 100, 975.77
2026/08/07 13:55:50.710, 0, 103302, 100, 945.29
2026/08/07 13:55:50.714, 1, 104462, 100, 966.54
2026/08/07 13:55:50.714, 2, 104462, 100, 952.36
2026/08/07 13:55:50.714, 3, 104462, 100, 954.89
2026/08/07 13:55:50.714, 4, 103102, 100, 943.02
2026/08/07 13:55:50.714, 5, 104262, 100, 962.82
2026/08/07 13:55:50.714, 6, 104262, 100, 944.97
2026/08/07 13:55:50.714, 7, 104262, 100, 973.22
2026/08/07 13:55:51.214, 0, 103302, 100, 937.94
2026/08/07 13:55:51.214, 1, 104462, 100, 964.99
2026/08/07 13:55:51.214, 2, 104462, 100, 940.92
2026/08/07 13:55:51.214, 3, 104462, 100, 961.07
2026/08/07 13:55:51.214, 4, 103102, 100, 945.11
2026/08/07 13:55:51.215, 5, 104262, 100, 962.04
2026/08/07 13:55:51.215, 6, 104262, 100, 954.56
2026/08/07 13:55:51.215, 7, 104262, 100, 978.77
2026/08/07 13:55:51.715, 0, 103302, 100, 936.96
2026/08/07 13:55:51.715, 1, 104462, 100, 968.17
2026/08/07 13:55:51.715, 2, 104462, 100, 949.57
2026/08/07 13:55:51.715, 3, 104462, 100, 963.00
2026/08/07 13:55:51.715, 4, 103102, 100, 947.65
2026/08/07 13:55:51.715, 5, 104262, 100, 969.23
2026/08/07 13:55:51.715, 6, 104262, 100, 948.61
2026/08/07 13:55:51.715, 7, 104262, 100, 974.88
2026/08/07 13:55:52.215, 0, 103302, 100, 956.95
2026/08/07 13:55:52.215, 1, 104462, 100, 968.90
2026/08/07 13:55:52.215, 2, 104462, 100, 959.44
2026/08/07 13:55:52.215, 3, 104462, 100, 965.07
2026/08/07 13:55:52.215, 4, 103102, 100, 936.35
2026/08/07 13:55:52.215, 5, 104262, 100, 960.74
2026/08/07 13:55:52.215, 6, 104262, 100, 943.78
2026/08/07 13:55:52.215, 7, 104262, 100, 962.36
2026/08/07 13:55:52.715, 0, 103302, 100, 965.58
2026/08/07 13:55:52.715, 1, 104462, 100, 968.05
2026/08/07 13:55:52.715, 2, 104462, 100, 953.83
2026/08/07 13:55:52.715, 3, 104462, 100, 969.80
2026/08/07 13:55:52.715, 4, 103102, 100, 930.66
2026/08/07 13:55:52.715, 5, 104262, 100, 952.81
2026/08/07 13:55:52.715, 6, 104262, 100, 933.03
2026/08/07 13:55:52.715, 7, 104262, 100, 966.33
2026/08/07 13:55:53.215, 0, 103302, 100, 967.05
2026/08/07 13:55:53.215, 1, 104462, 100, 982.38
2026/08/07 13:55:53.215, 2, 104462, 100, 948.33
2026/08/07 13:55:53.215, 3, 104462, 100, 969.18
2026/08/07 13:55:53.215, 4, 103102, 100, 940.76
2026/08/07 13:55:53.215, 5, 104262, 100, 960.54
2026/08/07 13:55:53.215, 6, 104262, 100, 929.18
2026/08/07 13:55:53.215, 7, 104262, 100, 962.70
2026/08/07 13:55:53.715, 0, 103302, 100, 955.41
2026/08/07 13:55:53.715, 1, 104462, 100, 973.41
2026/08/07 13:55:53.715, 2, 104462, 100, 943.51
2026/08/07 13:55:53.716, 3, 104462, 100, 964.84
2026/08/07 13:55:53.716, 4, 103102, 100, 937.23
2026/08/07 13:55:53.716, 5, 104262, 100, 961.88
2026/08/07 13:55:53.716, 6, 104262, 100, 935.11
2026/08/07 13:55:53.716, 7, 104262, 100, 956.54
2026/08/07 13:55:54.216, 0, 103302, 100, 949.97
2026/08/07 13:55:54.216, 1, 104462, 100, 972.35
2026/08/07 13:55:54.216, 2, 104462, 100, 939.79
2026/08/07 13:55:54.216, 3, 104462, 100, 956.84
2026/08/07 13:55:54.216, 4, 103102, 100, 936.66
2026/08/07 13:55:54.216, 5, 104262, 100, 953.18
2026/08/07 13:55:54.216, 6, 104262, 100, 930.22
2026/08/07 13:55:54.216, 7, 104262, 100, 972.98
2026/08/07 13:55:54.716, 0, 103302, 100, 953.99
2026/08/07 13:55:54.716, 1, 104462, 100, 979.09
2026/08/07 13:55:54.716, 2, 104462, 100, 942.82
2026/08/07 13:55:54.716, 3, 104462, 100, 952.41
2026/08/07 13:55:54.716, 4, 103102, 100, 947.62
2026/08/07 13:55:54.716, 5, 104262, 100, 962.37
2026/08/07 13:55:54.716, 6, 104262, 100, 935.08
2026/08/07 13:55:54.716, 7, 104262, 100, 979.44
2026/08/07 13:55:55.216, 0, 103302, 100, 952.35
2026/08/07 13:55:55.216, 1, 104462, 100, 971.98
2026/08/07 13:55:55.216, 2, 104462, 100, 936.57
2026/08/07 13:55:55.216, 3, 104462, 100, 954.00
2026/08/07 13:55:55.216, 4, 103102, 100, 949.96
2026/08/07 13:55:55.216, 5, 104262, 100, 971.32
2026/08/07 13:55:55.216, 6, 104262, 100, 945.52
2026/08/07 13:55:55.216, 7, 104262, 100, 978.63
2026/08/07 13:55:55.716, 0, 103302, 100, 937.25
2026/08/07 13:55:55.716, 1, 104462, 100, 961.07
2026/08/07 13:55:55.716, 2, 104462, 100, 930.40
2026/08/07 13:55:55.716, 3, 104462, 100, 946.50
2026/08/07 13:55:55.716, 4, 103102, 100, 949.48
2026/08/07 13:55:55.716, 5, 104262, 100, 967.25
2026/08/07 13:55:55.716, 6, 104262, 100, 949.33
2026/08/07 13:55:55.716, 7, 104262, 100, 981.74
2026/08/07 13:55:56.216, 0, 103302, 100, 945.97
2026/08/07 13:55:56.216, 1, 104462, 100, 970.96
2026/08/07 13:55:56.216, 2, 104462, 100, 948.72
2026/08/07 13:55:56.217, 3, 104462, 100, 956.66
2026/08/07 13:55:56.217, 4, 103102, 100, 947.47
2026/08/07 13:55:56.217, 5, 104262, 100, 964.72
2026/08/07 13:55:56.217, 6, 104262, 100, 953.07
2026/08/07 13:55:56.217, 7, 104262, 100, 977.87
2026/08/07 13:55:56.717, 0, 103302, 100, 961.00
2026/08/07 13:55:56.717, 1, 104462, 100, 983.84
2026/08/07 13:55:56.717, 2, 104462, 100, 966.29
2026/08/07 13:55:56.717, 3, 104462, 100, 973.51
2026/08/07 13:55:56.717, 4, 103102, 100, 944.01
2026/08/07 13:55:56.717, 5, 104262, 100, 956.45
2026/08/07 13:55:56.717, 6, 104262, 100, 948.03
2026/08/07 13:55:56.717, 7, 104262, 100, 963.48
2026/08/07 13:55:57.217, 0, 103302, 100, 959.50
2026/08/07 13:55:57.217, 1, 104462, 100, 979.27
2026/08/07 13:55:57.217, 2, 104462, 100, 955.47
2026/08/07 13:55:57.217, 3, 104462, 100, 965.32
2026/08/07 13:55:57.217, 4, 103102, 100, 936.66
2026/08/07 13:55:57.217, 5, 104262, 100, 949.47
2026/08/07 13:55:57.217, 6, 104262, 100, 938.08
2026/08/07 13:55:57.217, 7, 104262, 100, 962.72
2026/08/07 13:55:57.717, 0, 103302, 100, 958.47
2026/08/07 13:55:57.717, 1, 104462, 100, 980.33
2026/08/07 13:55:57.717, 2, 104462, 100, 940.53
2026/08/07 13:55:57.717, 3, 104462, 100, 961.96
2026/08/07 13:55:57.717, 4, 103102, 100, 928.53
2026/08/07 13:55:57.717, 5, 104262, 100, 948.86
2026/08/07 13:55:57.717, 6, 104262, 100, 933.74
2026/08/07 13:55:57.717, 7, 104262, 100, 961.59
2026/08/07 13:55:58.217, 0, 103302, 100, 959.33
2026/08/07 13:55:58.217, 1, 104462, 100, 967.67
2026/08/07 13:55:58.217, 2, 104462, 100, 940.70
2026/08/07 13:55:58.217, 3, 104462, 100, 960.30
2026/08/07 13:55:58.217, 4, 103102, 100, 933.70
2026/08/07 13:55:58.217, 5, 104262, 100, 949.00
2026/08/07 13:55:58.217, 6, 104262, 100, 928.19
2026/08/07 13:55:58.217, 7, 104262, 100, 958.70
2026/08/07 13:55:58.717, 0, 103302, 100, 953.57
2026/08/07 13:55:58.717, 1, 104462, 100, 960.41
2026/08/07 13:55:58.718, 2, 104462, 100, 940.65
2026/08/07 13:55:58.718, 3, 104462, 100, 957.40
2026/08/07 13:55:58.718, 4, 103102, 100, 934.10
2026/08/07 13:55:58.718, 5, 104262, 100, 949.63
2026/08/07 13:55:58.718, 6, 104262, 100, 928.91
2026/08/07 13:55:58.718, 7, 104262, 100, 969.45
2026/08/07 13:55:59.218, 0, 103302, 100, 953.81
2026/08/07 13:55:59.218, 1, 104462, 100, 967.72
2026/08/07 13:55:59.218, 2, 104462, 100, 941.47
2026/08/07 13:55:59.218, 3, 104462, 100, 959.18
2026/08/07 13:55:59.218, 4, 103102, 100, 937.78
2026/08/07 13:55:59.218, 5, 104262, 100, 956.57
2026/08/07 13:55:59.218, 6, 104262, 100, 935.03
2026/08/07 13:55:59.218, 7, 104262, 100, 972.31
2026/08/07 13:55:59.718, 0, 103302, 100, 948.99
2026/08/07 13:55:59.718, 1, 104462, 100, 957.04
2026/08/07 13:55:59.718, 2, 104462, 100, 942.85
2026/08/07 13:55:59.718, 3, 104462, 100, 952.00
2026/08/07 13:55:59.718, 4, 103102, 100, 940.95
2026/08/07 13:55:59.718, 5, 104262, 100, 965.40
2026/08/07 13:55:59.718, 6, 104262, 100, 948.77
2026/08/07 13:55:59.718, 7, 104262, 100, 964.28
2026/08/07 13:56:00.218, 0, 103302, 100, 952.50
2026/08/07 13:56:00.218, 1, 104462, 100, 955.36
2026/08/07 13:56:00.218, 2, 104462, 100, 941.31
2026/08/07 13:56:00.218, 3, 104462, 100, 947.34
2026/08/07 13:56:00.218, 4, 103102, 100, 933.64
2026/08/07 13:56:00.218, 5, 104262, 100, 962.17
2026/08/07 13:56:00.218, 6, 104262, 100, 951.09
2026/08/07 13:56:00.218, 7, 104262, 100, 969.74
2026/08/07 13:56:00.718, 0, 103302, 100, 959.45
2026/08/07 13:56:00.718, 1, 104462, 100, 973.11
2026/08/07 13:56:00.718, 2, 104462, 100, 952.90
2026/08/07 13:56:00.718, 3, 104462, 100, 954.31
2026/08/07 13:56:00.718, 4, 103102, 100, 939.38
2026/08/07 13:56:00.718, 5, 104262, 100, 961.70
2026/08/07 13:56:00.718, 6, 104262, 100, 946.97
2026/08/07 13:56:00.718, 7, 104262, 100, 976.26
2026/08/07 13:56:01.218, 0, 103302, 100, 956.54
2026/08/07 13:56:01.219, 1, 104462, 100, 972.22
2026/08/07 13:56:01.219, 2, 104462, 100, 962.54
2026/08/07 13:56:01.220, 3, 104462, 100, 960.75
2026/08/07 13:56:01.220, 4, 103102, 100, 935.81
2026/08/07 13:56:01.221, 5, 104262, 100, 962.44
2026/08/07 13:56:01.221, 6, 104262, 100, 940.16
2026/08/07 13:56:01.221, 7, 104262, 100, 969.97
2026/08/07 13:56:01.722, 0, 103302, 100, 963.36
2026/08/07 13:56:01.722, 1, 104462, 100, 967.05
2026/08/07 13:56:01.722, 2, 104462, 100, 952.96
2026/08/07 13:56:01.722, 3, 104462, 100, 964.04
2026/08/07 13:56:01.722, 4, 103102, 100, 933.31
2026/08/07 13:56:01.722, 5, 104262, 100, 959.23
2026/08/07 13:56:01.722, 6, 104262, 100, 938.01
2026/08/07 13:56:01.722, 7, 104262, 100, 959.85
2026/08/07 13:56:02.222, 0, 103302, 100, 964.68
2026/08/07 13:56:02.222, 1, 104462, 100, 967.31
2026/08/07 13:56:02.222, 2, 104462, 100, 945.83
2026/08/07 13:56:02.222, 3, 104462, 100, 964.74
2026/08/07 13:56:02.222, 4, 103102, 100, 935.82
2026/08/07 13:56:02.222, 5, 104262, 100, 959.48
2026/08/07 13:56:02.222, 6, 104262, 100, 937.38
2026/08/07 13:56:02.222, 7, 104262, 100, 959.48
2026/08/07 13:56:02.722, 0, 103302, 100, 951.60
2026/08/07 13:56:02.722, 1, 104462, 100, 964.20
2026/08/07 13:56:02.722, 2, 104462, 100, 938.57
2026/08/07 13:56:02.722, 3, 104462, 100, 961.29
2026/08/07 13:56:02.722, 4, 103102, 100, 925.96
2026/08/07 13:56:02.722, 5, 104262, 99, 952.78
2026/08/07 13:56:02.722, 6, 104262, 100, 931.83
2026/08/07 13:56:02.722, 7, 104262, 99, 954.26
2026/08/07 13:56:03.223, 0, 103302, 100, 947.02
2026/08/07 13:56:03.223, 1, 104462, 100, 968.67
2026/08/07 13:56:03.223, 2, 104462, 100, 930.31
2026/08/07 13:56:03.223, 3, 104462, 100, 956.00
2026/08/07 13:56:03.223, 4, 103102, 100, 919.76
2026/08/07 13:56:03.223, 5, 104262, 100, 933.79
2026/08/07 13:56:03.223, 6, 104262, 100, 925.94
2026/08/07 13:56:03.223, 7, 104262, 100, 948.45
2026/08/07 13:56:03.723, 0, 103302, 100, 949.42
2026/08/07 13:56:03.723, 1, 104462, 100, 962.74
2026/08/07 13:56:03.724, 2, 104462, 100, 935.15
2026/08/07 13:56:03.725, 3, 104462, 100, 948.61
2026/08/07 13:56:03.725, 4, 103102, 100, 938.65
2026/08/07 13:56:03.726, 5, 104262, 100, 954.94
2026/08/07 13:56:03.727, 6, 104262, 100, 928.49
2026/08/07 13:56:03.728, 7, 104262, 100, 965.99
2026/08/07 13:56:04.229, 0, 103302, 99, 941.59
2026/08/07 13:56:04.229, 1, 104462, 100, 949.63
2026/08/07 13:56:04.229, 2, 104462, 99, 940.52
2026/08/07 13:56:04.229, 3, 104462, 99, 941.37
2026/08/07 13:56:04.229, 4, 103102, 100, 950.99
2026/08/07 13:56:04.229, 5, 104262, 100, 975.36
2026/08/07 13:56:04.229, 6, 104262, 100, 944.97
2026/08/07 13:56:04.229, 7, 104262, 100, 979.15
2026/08/07 13:56:04.729, 0, 103302, 100, 942.30
2026/08/07 13:56:04.729, 1, 104462, 100, 958.67
2026/08/07 13:56:04.729, 2, 104462, 100, 940.01
2026/08/07 13:56:04.729, 3, 104462, 100, 952.41
2026/08/07 13:56:04.729, 4, 103102, 100, 951.15
2026/08/07 13:56:04.729, 5, 104262, 100, 975.53
2026/08/07 13:56:04.729, 6, 104262, 100, 952.37
2026/08/07 13:56:04.729, 7, 104262, 100, 970.10
2026/08/07 13:56:05.229, 0, 103302, 100, 955.93
2026/08/07 13:56:05.229, 1, 104462, 100, 974.10
2026/08/07 13:56:05.229, 2, 104462, 100, 943.18
2026/08/07 13:56:05.229, 3, 104462, 100, 966.49
2026/08/07 13:56:05.229, 4, 103102, 100, 948.44
2026/08/07 13:56:05.229, 5, 104262, 100, 969.27
2026/08/07 13:56:05.229, 6, 104262, 100, 949.93
2026/08/07 13:56:05.229, 7, 104262, 100, 964.73
2026/08/07 13:56:05.729, 0, 103302, 100, 962.78
2026/08/07 13:56:05.729, 1, 104462, 100, 969.44
2026/08/07 13:56:05.729, 2, 104462, 100, 949.11
2026/08/07 13:56:05.729, 3, 104462, 100, 970.47
2026/08/07 13:56:05.729, 4, 103102, 100, 943.03
2026/08/07 13:56:05.729, 5, 104262, 100, 966.10
2026/08/07 13:56:05.729, 6, 104262, 100, 938.31
2026/08/07 13:56:05.729, 7, 104262, 100, 971.41
2026/08/07 13:56:06.229, 0, 103302, 100, 966.83
2026/08/07 13:56:06.229, 1, 104462, 100, 975.37
2026/08/07 13:56:06.229, 2, 104462, 100, 948.73
2026/08/07 13:56:06.229, 3, 104462, 100, 971.35
2026/08/07 13:56:06.229, 4, 103102, 100, 932.09
2026/08/07 13:56:06.229, 5, 104262, 100, 952.89
2026/08/07 13:56:06.229, 6, 104262, 100, 930.91
2026/08/07 13:56:06.229, 7, 104262, 100, 965.69
2026/08/07 13:56:06.730, 0, 103302, 100, 963.02
2026/08/07 13:56:06.730, 1, 104462, 100, 976.98
2026/08/07 13:56:06.730, 2, 104462, 100, 943.95
2026/08/07 13:56:06.730, 3, 104462, 100, 967.07
2026/08/07 13:56:06.730, 4, 103102, 100, 927.09
2026/08/07 13:56:06.730, 5, 104262, 100, 950.58
2026/08/07 13:56:06.730, 6, 104262, 100, 937.59
2026/08/07 13:56:06.730, 7, 104262, 100, 944.78
2026/08/07 13:56:07.230, 0, 103302, 100, 941.71
2026/08/07 13:56:07.230, 1, 104462, 100, 967.14
2026/08/07 13:56:07.230, 2, 104462, 100, 947.33
2026/08/07 13:56:07.230, 3, 104462, 100, 952.66
2026/08/07 13:56:07.230, 4, 103102, 100, 919.04
2026/08/07 13:56:07.230, 5, 104262, 98, 941.54
2026/08/07 13:56:07.230, 6, 104262, 100, 922.11
2026/08/07 13:56:07.230, 7, 104262, 98, 927.92
2026/08/07 13:56:07.730, 0, 103302, 100, 935.09
2026/08/07 13:56:07.730, 1, 104462, 100, 962.18
2026/08/07 13:56:07.730, 2, 104462, 100, 950.05
2026/08/07 13:56:07.730, 3, 104462, 100, 943.26
2026/08/07 13:56:07.730, 4, 103102, 100, 862.85
2026/08/07 13:56:07.730, 5, 104262, 100, 882.43
2026/08/07 13:56:07.730, 6, 104262, 100, 864.93
2026/08/07 13:56:07.730, 7, 104262, 100, 883.69
2026/08/07 13:56:08.231, 0, 103302, 100, 948.12
2026/08/07 13:56:08.231, 1, 104462, 100, 967.90
2026/08/07 13:56:08.231, 2, 104462, 100, 941.96
2026/08/07 13:56:08.231, 3, 104462, 100, 955.84
2026/08/07 13:56:08.231, 4, 103102, 100, 817.77
2026/08/07 13:56:08.231, 5, 104262, 100, 836.71
2026/08/07 13:56:08.231, 6, 104262, 100, 820.15
2026/08/07 13:56:08.231, 7, 104262, 100, 845.95
2026/08/07 13:56:08.731, 0, 103302, 98, 927.27
2026/08/07 13:56:08.731, 1, 104462, 100, 953.14
2026/08/07 13:56:08.731, 2, 104462, 98, 914.01
2026/08/07 13:56:08.731, 3, 104462, 98, 935.51
2026/08/07 13:56:08.731, 4, 103102, 0, 608.08
2026/08/07 13:56:08.731, 5, 104262, 0, 611.20
2026/08/07 13:56:08.731, 6, 104262, 0, 596.57
2026/08/07 13:56:08.731, 7, 104262, 0, 592.16
2026/08/07 13:56:09.231, 0, 103302, 100, 866.14
2026/08/07 13:56:09.231, 1, 104462, 100, 896.71
2026/08/07 13:56:09.231, 2, 104462, 100, 867.58
2026/08/07 13:56:09.231, 3, 104462, 100, 878.53
2026/08/07 13:56:09.231, 4, 103102, 0, 302.75
2026/08/07 13:56:09.231, 5, 104262, 0, 296.74
2026/08/07 13:56:09.231, 6, 104262, 0, 288.06
2026/08/07 13:56:09.231, 7, 104262, 0, 275.63
2026/08/07 13:56:09.731, 0, 103302, 100, 820.80
2026/08/07 13:56:09.731, 1, 104462, 100, 842.44
2026/08/07 13:56:09.732, 2, 104462, 95, 822.21
2026/08/07 13:56:09.732, 3, 104462, 100, 838.71
2026/08/07 13:56:09.732, 4, 103102, 0, 200.97
2026/08/07 13:56:09.732, 5, 104262, 0, 206.18
2026/08/07 13:56:09.732, 6, 104262, 0, 201.54
2026/08/07 13:56:09.732, 7, 104262, 0, 208.37
2026/08/07 13:56:10.232, 0, 103302, 0, 600.76
2026/08/07 13:56:10.232, 1, 104462, 0, 604.49
2026/08/07 13:56:10.232, 2, 104462, 0, 580.74
2026/08/07 13:56:10.232, 3, 104462, 0, 603.35
2026/08/07 13:56:10.232, 4, 103102, 0, 200.04
2026/08/07 13:56:10.232, 5, 104262, 0, 205.36
2026/08/07 13:56:10.232, 6, 104262, 0, 200.63
2026/08/07 13:56:10.232, 7, 104262, 0, 207.53
2026/08/07 13:56:10.732, 0, 103302, 0, 302.55
2026/08/07 13:56:10.732, 1, 104462, 0, 307.05
2026/08/07 13:56:10.732, 2, 104462, 0, 276.26
2026/08/07 13:56:10.732, 3, 104462, 0, 293.22
2026/08/07 13:56:10.732, 4, 103102, 0, 199.86
2026/08/07 13:56:10.732, 5, 104262, 0, 205.06
2026/08/07 13:56:10.732, 6, 104262, 0, 200.03
2026/08/07 13:56:10.732, 7, 104262, 0, 207.38
