2026/08/07 13:20:06.809, 0, 71546, 0, 198.30
2026/08/07 13:20:06.820, 1, 71542, 0, 201.68
2026/08/07 13:20:06.827, 2, 71542, 20, 194.34
2026/08/07 13:20:06.832, 3, 71542, 0, 206.47
2026/08/07 13:20:06.836, 4, 0, 0, 132.53
2026/08/07 13:20:06.846, 5, 0, 0, 132.42
2026/08/07 13:20:06.854, 6, 0, 0, 132.00
2026/08/07 13:20:06.863, 7, 0, 0, 132.58
2026/08/07 13:20:07.372, 0, 71546, 0, 198.22
2026/08/07 13:20:07.372, 1, 71542, 100, 201.68
2026/08/07 13:20:07.372, 2, 71542, 100, 194.42
2026/08/07 13:20:07.372, 3, 71542, 100, 206.89
2026/08/07 13:20:07.373, 4, 0, 0, 132.45
2026/08/07 13:20:07.373, 5, 0, 0, 132.38
2026/08/07 13:20:07.374, 6, 0, 0, 132.04
2026/08/07 13:20:07.374, 7, 0, 0, 132.62
2026/08/07 13:20:07.874, 0, 71546, 0, 198.22
2026/08/07 13:20:07.874, 1, 71542, 100, 201.68
2026/08/07 13:20:07.874, 2, 71542, 100, 194.46
2026/08/07 13:20:07.874, 3, 71542, 100, 206.93
2026/08/07 13:20:07.874, 4, 0, 0, 132.45
2026/08/07 13:20:07.874, 5, 0, 0, 132.30
2026/08/07 13:20:07.874, 6, 0, 0, 131.93
2026/08/07 13:20:07.874, 7, 0, 0, 132.58
2026/08/07 13:20:08.374, 0, 71546, 0, 198.44
2026/08/07 13:20:08.374, 1, 71542, 100, 201.98
2026/08/07 13:20:08.374, 2, 71542, 100, 194.50
2026/08/07 13:20:08.374, 3, 71542, 100, 206.71
2026/08/07 13:20:08.374, 4, 0, 0, 132.46
2026/08/07 13:20:08.374, 5, 0, 0, 132.30
2026/08/07 13:20:08.374, 6, 0, 0, 131.93
2026/08/07 13:20:08.374, 7, 0, 0, 132.54
2026/08/07 13:20:08.874, 0, 71546, 0, 198.44
2026/08/07 13:20:08.874, 1, 71542, 100, 201.94
2026/08/07 13:20:08.874, 2, 71542, 100, 194.50
2026/08/07 13:20:08.874, 3, 71542, 100, 206.23
2026/08/07 13:20:08.874, 4, 0, 0, 132.65
2026/08/07 13:20:08.874, 5, 0, 0, 132.30
2026/08/07 13:20:08.874, 6, 0, 0, 132.01
2026/08/07 13:20:08.874, 7, 0, 0, 132.50
2026/08/07 13:20:09.375, 0, 71546, 0, 198.22
2026/08/07 13:20:09.375, 1, 71542, 100, 201.33
2026/08/07 13:20:09.375, 2, 71542, 100, 194.34
2026/08/07 13:20:09.375, 3, 71542, 100, 205.73
2026/08/07 13:20:09.375, 4, 0, 0, 132.68
2026/08/07 13:20:09.375, 5, 0, 0, 132.30
2026/08/07 13:20:09.375, 6, 0, 0, 132.01
2026/08/07 13:20:09.375, 7, 0, 0, 132.46
2026/08/07 13:20:09.875, 0, 71546, 0, 198.23
2026/08/07 13:20:09.875, 1, 71542, 100, 201.13
2026/08/07 13:20:09.875, 2, 71542, 100, 194.34
2026/08/07 13:20:09.875, 3, 71542, 100, 205.64
2026/08/07 13:20:09.875, 4, 0, 0, 132.38
2026/08/07 13:20:09.875, 5, 0, 0, 132.30
2026/08/07 13:20:09.875, 6, 0, 0, 131.98
2026/08/07 13:20:09.875, 7, 0, 0, 132.51
2026/08/07 13:20:10.375, 0, 71546, 22, 376.47
2026/08/07 13:20:10.375, 1, 71542, 19, 381.36
2026/08/07 13:20:10.375, 2, 71542, 19, 377.45
2026/08/07 13:20:10.375, 3, 71542, 28, 386.79
2026/08/07 13:20:10.375, 4, 0, 0, 132.38
2026/08/07 13:20:10.375, 5, 0, 0, 132.30
2026/08/07 13:20:10.375, 6, 0, 0, 132.05
2026/08/07 13:20:10.375, 7, 0, 0, 132.50
2026/08/07 13:20:10.875, 0, 71546, 0, 377.42
2026/08/07 13:20:10.876, 1, 71542, 0, 382.06
2026/08/07 13:20:10.877, 2, 71542, 0, 374.12
2026/08/07 13:20:10.878, 3, 71542, 0, 388.08
2026/08/07 13:20:10.879, 4, 0, 0, 132.34
2026/08/07 13:20:10.881, 5, 0, 0, 132.30
2026/08/07 13:20:10.882, 6, 0, 0, 132.06
2026/08/07 13:20:10.883, 7, 0, 0, 132.43
2026/08/07 13:20:11.384, 0, 71546, 0, 199.95
2026/08/07 13:20:11.384, 1, 71542, 29, 202.19
2026/08/07 13:20:11.384, 2, 72706, 0, 197.24
2026/08/07 13:20:11.384, 3, 72706, 31, 207.21
2026/08/07 13:20:11.384, 4, 0, 0, 132.38
2026/08/07 13:20:11.384, 5, 0, 0, 132.34
2026/08/07 13:20:11.384, 6, 0, 0, 132.06
2026/08/07 13:20:11.384, 7, 0, 0, 132.50
2026/08/07 13:20:11.884, 0, 71546, 100, 474.51
2026/08/07 13:20:11.884, 1, 72706, 100, 477.18
2026/08/07 13:20:11.884, 2, 72706, 100, 477.31
2026/08/07 13:20:11.884, 3, 72706, 100, 488.65
2026/08/07 13:20:11.884, 4, 0, 0, 132.38
2026/08/07 13:20:11.884, 5, 0, 0, 132.41
2026/08/07 13:20:11.884, 6, 0, 0, 132.07
2026/08/07 13:20:11.884, 7, 0, 0, 132.70
2026/08/07 13:20:12.384, 0, 71546, 100, 813.18
2026/08/07 13:20:12.385, 1, 72706, 100, 820.45
2026/08/07 13:20:12.386, 2, 72706, 100, 808.67
2026/08/07 13:20:12.387, 3, 72706, 100, 823.75
2026/08/07 13:20:12.388, 4, 0, 0, 132.38
2026/08/07 13:20:12.390, 5, 0, 0, 132.42
2026/08/07 13:20:12.391, 6, 0, 0, 132.10
2026/08/07 13:20:12.393, 7, 0, 0, 132.66
2026/08/07 13:20:12.894, 0, 71546, 100, 879.95
2026/08/07 13:20:12.894, 1, 72706, 100, 885.81
2026/08/07 13:20:12.894, 2, 72706, 100, 879.95
2026/08/07 13:20:12.894, 3, 72706, 100, 882.10
2026/08/07 13:20:12.894, 4, 0, 0, 132.38
2026/08/07 13:20:12.894, 5, 0, 0, 132.30
2026/08/07 13:20:12.894, 6, 0, 0, 132.10
2026/08/07 13:20:12.894, 7, 0, 0, 132.47
2026/08/07 13:20:13.394, 0, 71546, 100, 878.98
2026/08/07 13:20:13.394, 1, 72706, 100, 887.21
2026/08/07 13:20:13.394, 2, 72706, 100, 876.77
2026/08/07 13:20:13.394, 3, 72706, 100, 883.83
2026/08/07 13:20:13.394, 4, 0, 0, 132.38
2026/08/07 13:20:13.394, 5, 0, 0, 132.30
2026/08/07 13:20:13.394, 6, 0, 0, 132.10
2026/08/07 13:20:13.394, 7, 0, 0, 132.43
2026/08/07 13:20:13.894, 0, 71546, 100, 874.13
2026/08/07 13:20:13.894, 1, 72706, 100, 889.76
2026/08/07 13:20:13.894, 2, 72706, 100, 876.42
2026/08/07 13:20:13.894, 3, 72706, 100, 880.29
2026/08/07 13:20:13.894, 4, 0, 0, 132.53
2026/08/07 13:20:13.894, 5, 0, 0, 132.30
2026/08/07 13:20:13.894, 6, 0, 0, 132.14
2026/08/07 13:20:13.894, 7, 0, 0, 132.46
2026/08/07 13:20:14.395, 0, 71546, 0, 705.24
2026/08/07 13:20:14.395, 1, 72706, 44, 706.80
2026/08/07 13:20:14.395, 2, 72706, 94, 698.44
2026/08/07 13:20:14.395, 3, 72706, 28, 704.45
2026/08/07 13:20:14.395, 4, 0, 0, 132.49
2026/08/07 13:20:14.395, 5, 0, 0, 132.30
2026/08/07 13:20:14.395, 6, 0, 0, 132.14
2026/08/07 13:20:14.395, 7, 0, 0, 132.46
2026/08/07 13:20:14.898, 0, 71546, 33, 392.57
2026/08/07 13:20:14.898, 1, 72706, 9, 375.60
2026/08/07 13:20:14.898, 2, 72706, 0, 368.05
2026/08/07 13:20:14.898, 3, 72706, 21, 377.87
2026/08/07 13:20:14.898, 4, 0, 0, 132.42
2026/08/07 13:20:14.898, 5, 0, 0, 132.30
2026/08/07 13:20:14.898, 6, 0, 0, 132.17
2026/08/07 13:20:14.898, 7, 0, 0, 132.54
2026/08/07 13:20:15.406, 0, 71546, 0, 217.23
2026/08/07 13:20:15.406, 1, 72706, 0, 204.91
2026/08/07 13:20:15.406, 2, 72706, 0, 198.08
2026/08/07 13:20:15.406, 3, 72706, 0, 210.10
2026/08/07 13:20:15.406, 4, 0, 0, 132.49
2026/08/07 13:20:15.406, 5, 0, 0, 132.30
2026/08/07 13:20:15.406, 6, 0, 0, 132.05
2026/08/07 13:20:15.406, 7, 0, 0, 132.62
2026/08/07 13:20:15.906, 0, 71546, 0, 199.87
2026/08/07 13:20:15.906, 1, 72706, 0, 201.71
2026/08/07 13:20:15.907, 2, 72706, 0, 194.73
2026/08/07 13:20:15.907, 3, 72706, 0, 206.56
2026/08/07 13:20:15.907, 4, 0, 0, 132.45
2026/08/07 13:20:15.907, 5, 0, 0, 132.30
2026/08/07 13:20:15.907, 6, 0, 0, 132.04
2026/08/07 13:20:15.907, 7, 0, 0, 132.50
2026/08/07 13:20:16.407, 0, 71546, 0, 215.81
2026/08/07 13:20:16.407, 1, 72706, 0, 216.33
2026/08/07 13:20:16.407, 2, 72706, 29, 209.64
2026/08/07 13:20:16.407, 3, 72706, 0, 213.49
2026/08/07 13:20:16.407, 4, 0, 0, 132.49
2026/08/07 13:20:16.407, 5, 0, 0, 132.34
2026/08/07 13:20:16.407, 6, 0, 0, 132.05
2026/08/07 13:20:16.408, 7, 0, 0, 132.50
2026/08/07 13:20:16.908, 0, 71546, 100, 557.04
2026/08/07 13:20:16.908, 1, 72706, 100, 568.18
2026/08/07 13:20:16.908, 2, 72706, 100, 556.51
2026/08/07 13:20:16.908, 3, 72706, 100, 567.87
2026/08/07 13:20:16.908, 4, 0, 0, 132.49
2026/08/07 13:20:16.908, 5, 0, 0, 132.42
2026/08/07 13:20:16.908, 6, 0, 0, 132.02
2026/08/07 13:20:16.908, 7, 0, 0, 132.73
2026/08/07 13:20:17.408, 0, 71546, 100, 919.66
2026/08/07 13:20:17.408, 1, 72706, 100, 927.80
2026/08/07 13:20:17.408, 2, 72706, 100, 894.32
2026/08/07 13:20:17.408, 3, 72706, 100, 928.53
2026/08/07 13:20:17.408, 4, 0, 0, 132.53
2026/08/07 13:20:17.408, 5, 0, 0, 132.42
2026/08/07 13:20:17.408, 6, 0, 0, 131.98
2026/08/07 13:20:17.408, 7, 0, 0, 132.74
2026/08/07 13:20:17.909, 0, 71546, 100, 950.86
2026/08/07 13:20:17.909, 1, 72706, 100, 955.21
2026/08/07 13:20:17.909, 2, 72706, 100, 936.32
2026/08/07 13:20:17.909, 3, 72706, 100, 941.56
2026/08/07 13:20:17.909, 4, 0, 0, 132.49
2026/08/07 13:20:17.909, 5, 0, 0, 132.30
2026/08/07 13:20:17.909, 6, 0, 0, 131.95
2026/08/07 13:20:17.909, 7, 0, 0, 132.65
2026/08/07 13:20:18.409, 0, 71546, 100, 948.44
2026/08/07 13:20:18.409, 1, 72706, 100, 958.76
2026/08/07 13:20:18.409, 2, 72706, 100, 945.23
2026/08/07 13:20:18.409, 3, 72706, 100, 936.04
2026/08/07 13:20:18.409, 4, 0, 0, 132.46
2026/08/07 13:20:18.409, 5, 0, 0, 132.30
2026/08/07 13:20:18.409, 6, 0, 0, 131.98
2026/08/07 13:20:18.409, 7, 0, 0, 132.58
2026/08/07 13:20:18.909, 0, 71546, 100, 950.47
2026/08/07 13:20:18.909, 1, 72706, 100, 950.64
2026/08/07 13:20:18.909, 2, 72706, 100, 942.99
2026/08/07 13:20:18.909, 3, 72706, 100, 933.05
2026/08/07 13:20:18.909, 4, 0, 0, 132.76
2026/08/07 13:20:18.909, 5, 0, 0, 132.30
2026/08/07 13:20:18.909, 6, 0, 0, 132.22
2026/08/07 13:20:18.909, 7, 0, 0, 132.46
2026/08/07 13:20:19.409, 0, 71546, 100, 945.58
2026/08/07 13:20:19.410, 1, 72706, 100, 946.01
2026/08/07 13:20:19.410, 2, 72706, 100, 941.10
2026/08/07 13:20:19.411, 3, 72706, 100, 934.95
2026/08/07 13:20:19.411, 4, 0, 0, 132.65
2026/08/07 13:20:19.411, 5, 0, 0, 132.30
2026/08/07 13:20:19.411, 6, 0, 0, 132.26
2026/08/07 13:20:19.411, 7, 0, 0, 132.46
2026/08/07 13:20:19.911, 0, 71546, 100, 945.02
2026/08/07 13:20:19.911, 1, 72706, 100, 946.14
2026/08/07 13:20:19.911, 2, 72706, 100, 937.42
2026/08/07 13:20:19.911, 3, 72706, 100, 936.72
2026/08/07 13:20:19.911, 4, 0, 0, 132.46
2026/08/07 13:20:19.911, 5, 0, 0, 132.30
2026/08/07 13:20:19.911, 6, 0, 0, 132.18
2026/08/07 13:20:19.911, 7, 0, 0, 132.43
2026/08/07 13:20:20.411, 0, 71546, 100, 947.95
2026/08/07 13:20:20.411, 1, 72706, 100, 952.09
2026/08/07 13:20:20.411, 2, 72706, 100, 940.48
2026/08/07 13:20:20.411, 3, 72706, 100, 939.56
2026/08/07 13:20:20.411, 4, 0, 0, 132.57
2026/08/07 13:20:20.411, 5, 0, 0, 132.30
2026/08/07 13:20:20.411, 6, 0, 0, 132.22
2026/08/07 13:20:20.411, 7, 0, 0, 132.54
2026/08/07 13:20:20.911, 0, 71546, 99, 937.74
2026/08/07 13:20:20.911, 1, 72706, 99, 952.43
2026/08/07 13:20:20.911, 2, 72706, 99, 934.07
2026/08/07 13:20:20.911, 3, 72706, 99, 928.63
2026/08/07 13:20:20.911, 4, 0, 0, 132.45
2026/08/07 13:20:20.911, 5, 0, 0, 132.30
2026/08/07 13:20:20.911, 6, 0, 0, 132.26
2026/08/07 13:20:20.911, 7, 0, 0, 132.62
2026/08/07 13:20:21.412, 0, 71546, 100, 934.15
2026/08/07 13:20:21.412, 1, 72706, 100, 941.77
2026/08/07 13:20:21.412, 2, 72706, 100, 934.20
2026/08/07 13:20:21.412, 3, 72706, 100, 931.34
2026/08/07 13:20:21.412, 4, 0, 0, 132.61
2026/08/07 13:20:21.412, 5, 0, 0, 132.34
2026/08/07 13:20:21.412, 6, 0, 0, 132.14
2026/08/07 13:20:21.412, 7, 0, 0, 132.54
2026/08/07 13:20:21.912, 0, 71546, 100, 949.13
2026/08/07 13:20:21.912, 1, 72706, 100, 950.91
2026/08/07 13:20:21.912, 2, 72706, 100, 938.32
2026/08/07 13:20:21.912, 3, 72706, 100, 944.71
2026/08/07 13:20:21.912, 4, 0, 0, 132.76
2026/08/07 13:20:21.912, 5, 0, 0, 132.42
2026/08/07 13:20:21.912, 6, 0, 0, 132.06
2026/08/07 13:20:21.912, 7, 0, 0, 132.65
2026/08/07 13:20:22.412, 0, 71546, 100, 952.31
2026/08/07 13:20:22.413, 1, 72706, 100, 956.96
2026/08/07 13:20:22.414, 2, 72706, 100, 938.23
2026/08/07 13:20:22.415, 3, 72706, 100, 946.19
2026/08/07 13:20:22.416, 4, 0, 0, 132.57
2026/08/07 13:20:22.417, 5, 0, 0, 132.38
2026/08/07 13:20:22.418, 6, 0, 0, 132.11
2026/08/07 13:20:22.420, 7, 0, 0, 132.70
2026/08/07 13:20:22.921, 0, 71546, 100, 953.33
2026/08/07 13:20:22.921, 1, 72706, 100, 954.92
2026/08/07 13:20:22.921, 2, 72706, 100, 942.07
2026/08/07 13:20:22.921, 3, 72706, 100, 946.18
2026/08/07 13:20:22.921, 4, 0, 0, 132.49
2026/08/07 13:20:22.921, 5, 0, 0, 132.30
2026/08/07 13:20:22.921, 6, 0, 0, 132.07
2026/08/07 13:20:22.921, 7, 0, 0, 132.62
2026/08/07 13:20:23.421, 0, 71546, 100, 951.38
2026/08/07 13:20:23.421, 1, 72706, 100, 951.22
2026/08/07 13:20:23.421, 2, 72706, 100, 943.25
2026/08/07 13:20:23.421, 3, 72706, 100, 944.91
2026/08/07 13:20:23.421, 4, 0, 0, 132.65
2026/08/07 13:20:23.421, 5, 0, 0, 132.30
2026/08/07 13:20:23.421, 6, 0, 0, 132.07
2026/08/07 13:20:23.421, 7, 0, 0, 132.66
2026/08/07 13:20:23.921, 0, 71546, 100, 942.51
2026/08/07 13:20:23.921, 1, 72706, 100, 952.60
2026/08/07 13:20:23.921, 2, 72706, 100, 945.31
2026/08/07 13:20:23.922, 3, 72706, 100, 942.22
2026/08/07 13:20:23.922, 4, 0, 0, 132.84
2026/08/07 13:20:23.922, 5, 0, 0, 132.30
2026/08/07 13:20:23.922, 6, 0, 0, 132.29
2026/08/07 13:20:23.922, 7, 0, 0, 132.77
2026/08/07 13:20:24.422, 0, 71546, 100, 946.85
2026/08/07 13:20:24.422, 1, 72706, 100, 956.95
2026/08/07 13:20:24.422, 2, 72706, 100, 943.33
2026/08/07 13:20:24.422, 3, 72706, 100, 936.85
2026/08/07 13:20:24.422, 4, 0, 0, 132.92
2026/08/07 13:20:24.422, 5, 0, 0, 132.30
2026/08/07 13:20:24.422, 6, 0, 0, 132.26
2026/08/07 13:20:24.422, 7, 0, 0, 132.73
2026/08/07 13:20:24.922, 0, 71546, 100, 946.80
2026/08/07 13:20:24.922, 1, 72706, 100, 950.34
2026/08/07 13:20:24.923, 2, 72706, 100, 938.02
2026/08/07 13:20:24.924, 3, 72706, 100, 940.00
2026/08/07 13:20:24.924, 4, 0, 0, 132.85
2026/08/07 13:20:24.924, 5, 0, 0, 132.30
2026/08/07 13:20:24.924, 6, 0, 0, 132.10
2026/08/07 13:20:24.925, 7, 0, 0, 132.54
2026/08/07 13:20:25.427, 0, 71546, 100, 940.89
2026/08/07 13:20:25.427, 1, 72706, 100, 946.10
2026/08/07 13:20:25.427, 2, 72706, 100, 927.83
2026/08/07 13:20:25.427, 3, 72706, 100, 933.51
2026/08/07 13:20:25.427, 4, 0, 0, 132.85
2026/08/07 13:20:25.427, 5, 0, 0, 132.30
2026/08/07 13:20:25.427, 6, 0, 0, 132.25
2026/08/07 13:20:25.427, 7, 0, 0, 132.62
2026/08/07 13:20:25.927, 0, 71546, 100, 948.67
2026/08/07 13:20:25.927, 1, 72706, 100, 951.83
2026/08/07 13:20:25.927, 2, 72706, 100, 932.96
2026/08/07 13:20:25.927, 3, 72706, 100, 936.16
2026/08/07 13:20:25.927, 4, 0, 0, 132.99
2026/08/07 13:20:25.927, 5, 0, 0, 132.30
2026/08/07 13:20:25.927, 6, 0, 0, 132.15
2026/08/07 13:20:25.927, 7, 0, 0, 132.77
2026/08/07 13:20:26.427, 0, 71546, 100, 957.83
2026/08/07 13:20:26.427, 1, 72706, 100, 961.33
2026/08/07 13:20:26.427, 2, 72706, 100, 948.24
2026/08/07 13:20:26.427, 3, 72706, 100, 946.30
2026/08/07 13:20:26.427, 4, 0, 0, 132.87
2026/08/07 13:20:26.427, 5, 0, 0, 132.34
2026/08/07 13:20:26.427, 6, 0, 0, 132.14
2026/08/07 13:20:26.427, 7, 0, 0, 132.81
2026/08/07 13:20:26.927, 0, 71546, 100, 963.66
2026/08/07 13:20:26.927, 1, 72706, 100, 957.44
2026/08/07 13:20:26.927, 2, 72706, 100, 947.22
2026/08/07 13:20:26.927, 3, 72706, 100, 947.55
2026/08/07 13:20:26.927, 4, 0, 0, 133.06
2026/08/07 13:20:26.927, 5, 0, 0, 132.42
2026/08/07 13:20:26.927, 6, 0, 0, 132.22
2026/08/07 13:20:26.927, 7, 0, 0, 132.97
2026/08/07 13:20:27.427, 0, 71546, 100, 958.97
2026/08/07 13:20:27.427, 1, 72706, 100, 957.86
2026/08/07 13:20:27.427, 2, 72706, 100, 948.20
2026/08/07 13:20:27.427, 3, 72706, 100, 953.31
2026/08/07 13:20:27.427, 4, 0, 0, 133.04
2026/08/07 13:20:27.427, 5, 0, 0, 132.41
2026/08/07 13:20:27.427, 6, 0, 0, 132.11
2026/08/07 13:20:27.427, 7, 0, 0, 132.85
2026/08/07 13:20:27.927, 0, 71546, 100, 951.68
2026/08/07 13:20:27.928, 1, 72706, 100, 965.13
2026/08/07 13:20:27.928, 2, 72706, 100, 944.34
2026/08/07 13:20:27.928, 3, 72706, 100, 944.82
2026/08/07 13:20:27.928, 4, 0, 0, 133.00
2026/08/07 13:20:27.928, 5, 0, 0, 132.30
2026/08/07 13:20:27.928, 6, 0, 0, 132.15
2026/08/07 13:20:27.928, 7, 0, 0, 132.65
2026/08/07 13:20:28.428, 0, 71546, 100, 947.73
2026/08/07 13:20:28.428, 1, 72706, 100, 955.64
2026/08/07 13:20:28.428, 2, 72706, 100, 943.03
2026/08/07 13:20:28.428, 3, 72706, 100, 942.35
2026/08/07 13:20:28.428, 4, 0, 0, 132.99
2026/08/07 13:20:28.428, 5, 0, 0, 132.30
2026/08/07 13:20:28.428, 6, 0, 0, 132.26
2026/08/07 13:20:28.428, 7, 0, 0, 132.73
2026/08/07 13:20:28.928, 0, 71546, 100, 949.93
2026/08/07 13:20:28.928, 1, 72706, 100, 951.60
2026/08/07 13:20:28.928, 2, 72706, 100, 941.53
2026/08/07 13:20:28.929, 3, 72706, 100, 941.34
2026/08/07 13:20:28.929, 4, 0, 0, 133.00
2026/08/07 13:20:28.929, 5, 0, 0, 132.30
2026/08/07 13:20:28.929, 6, 0, 0, 132.34
2026/08/07 13:20:28.929, 7, 0, 0, 132.90
2026/08/07 13:20:29.429, 0, 71546, 99, 944.07
2026/08/07 13:20:29.429, 1, 72706, 99, 955.17
2026/08/07 13:20:29.429, 2, 72706, 100, 934.35
2026/08/07 13:20:29.429, 3, 72706, 99, 936.17
2026/08/07 13:20:29.429, 4, 0, 0, 133.14
2026/08/07 13:20:29.429, 5, 0, 0, 132.30
2026/08/07 13:20:29.429, 6, 0, 0, 132.33
2026/08/07 13:20:29.429, 7, 0, 0, 132.89
2026/08/07 13:20:29.929, 0, 71546, 100, 940.50
2026/08/07 13:20:29.929, 1, 72706, 100, 957.13
2026/08/07 13:20:29.929, 2, 72706, 100, 934.34
2026/08/07 13:20:29.929, 3, 72706, 100, 939.40
2026/08/07 13:20:29.929, 4, 0, 0, 132.95
2026/08/07 13:20:29.929, 5, 0, 0, 132.30
2026/08/07 13:20:29.929, 6, 0, 0, 132.22
2026/08/07 13:20:29.929, 7, 0, 0, 132.78
2026/08/07 13:20:30.429, 0, 71546, 100, 952.31
2026/08/07 13:20:30.429, 1, 72706, 100, 964.18
2026/08/07 13:20:30.429, 2, 72706, 100, 937.50
2026/08/07 13:20:30.429, 3, 72706, 100, 943.28
2026/08/07 13:20:30.429, 4, 0, 0, 133.16
2026/08/07 13:20:30.429, 5, 0, 0, 132.30
2026/08/07 13:20:30.429, 6, 0, 0, 132.22
2026/08/07 13:20:30.429, 7, 0, 0, 132.92
2026/08/07 13:20:30.929, 0, 71546, 100, 960.16
2026/08/07 13:20:30.929, 1, 72706, 100, 967.14
2026/08/07 13:20:30.929, 2, 72706, 100, 947.00
2026/08/07 13:20:30.929, 3, 72706, 100, 955.07
2026/08/07 13:20:30.929, 4, 0, 0, 133.12
2026/08/07 13:20:30.929, 5, 0, 0, 132.30
2026/08/07 13:20:30.929, 6, 0, 0, 132.22
2026/08/07 13:20:30.929, 7, 0, 0, 132.89
2026/08/07 13:20:31.429, 0, 71546, 100, 961.59
2026/08/07 13:20:31.429, 1, 72706, 100, 971.41
2026/08/07 13:20:31.429, 2, 72706, 100, 954.01
2026/08/07 13:20:31.429, 3, 72706, 100, 954.04
2026/08/07 13:20:31.429, 4, 0, 0, 132.95
2026/08/07 13:20:31.429, 5, 0, 0, 132.34
2026/08/07 13:20:31.429, 6, 0, 0, 132.26
2026/08/07 13:20:31.429, 7, 0, 0, 132.74
2026/08/07 13:20:31.929, 0, 71546, 100, 958.82
2026/08/07 13:20:31.929, 1, 72706, 100, 965.41
2026/08/07 13:20:31.930, 2, 72706, 100, 950.59
2026/08/07 13:20:31.930, 3, 72706, 100, 950.33
2026/08/07 13:20:31.930, 4, 0, 0, 132.91
2026/08/07 13:20:31.930, 5, 0, 0, 132.49
2026/08/07 13:20:31.930, 6, 0, 0, 132.29
2026/08/07 13:20:31.930, 7, 0, 0, 133.07
2026/08/07 13:20:32.430, 0, 71546, 100, 953.56
2026/08/07 13:20:32.430, 1, 72706, 100, 957.75
2026/08/07 13:20:32.430, 2, 72706, 100, 944.90
2026/08/07 13:20:32.430, 3, 72706, 100, 953.12
2026/08/07 13:20:32.430, 4, 0, 0, 133.08
2026/08/07 13:20:32.430, 5, 0, 0, 132.46
2026/08/07 13:20:32.430, 6, 0, 0, 132.29
2026/08/07 13:20:32.430, 7, 0, 0, 133.17
2026/08/07 13:20:32.930, 0, 71546, 100, 956.33
2026/08/07 13:20:32.930, 1, 72706, 100, 958.83
2026/08/07 13:20:32.930, 2, 72706, 100, 940.08
2026/08/07 13:20:32.930, 3, 72706, 100, 951.23
2026/08/07 13:20:32.930, 4, 0, 0, 133.36
2026/08/07 13:20:32.930, 5, 0, 0, 132.30
2026/08/07 13:20:32.930, 6, 0, 0, 132.22
2026/08/07 13:20:32.930, 7, 0, 0, 132.97
2026/08/07 13:20:33.430, 0, 71546, 100, 954.34
2026/08/07 13:20:33.430, 1, 72706, 100, 955.10
2026/08/07 13:20:33.430, 2, 72706, 100, 938.54
2026/08/07 13:20:33.430, 3, 72706, 100, 950.66
2026/08/07 13:20:33.430, 4, 0, 0, 133.23
2026/08/07 13:20:33.430, 5, 0, 0, 132.30
2026/08/07 13:20:33.430, 6, 0, 0, 132.22
2026/08/07 13:20:33.430, 7, 0, 0, 132.96
2026/08/07 13:20:33.930, 0, 71546, 100, 940.57
2026/08/07 13:20:33.930, 1, 72706, 100, 960.30
2026/08/07 13:20:33.930, 2, 72706, 100, 937.86
2026/08/07 13:20:33.930, 3, 72706, 100, 941.89
2026/08/07 13:20:33.930, 4, 0, 0, 133.47
2026/08/07 13:20:33.930, 5, 0, 0, 132.30
2026/08/07 13:20:33.930, 6, 0, 0, 132.41
2026/08/07 13:20:33.930, 7, 0, 0, 132.96
2026/08/07 13:20:34.430, 0, 71546, 100, 947.67
2026/08/07 13:20:34.430, 1, 72706, 100, 967.18
2026/08/07 13:20:34.430, 2, 72706, 100, 941.93
2026/08/07 13:20:34.430, 3, 72706, 100, 946.31
2026/08/07 13:20:34.430, 4, 0, 0, 133.25
2026/08/07 13:20:34.430, 5, 0, 0, 132.30
2026/08/07 13:20:34.430, 6, 0, 0, 132.41
2026/08/07 13:20:34.430, 7, 0, 0, 132.92
2026/08/07 13:20:34.931, 0, 71546, 100, 960.92
2026/08/07 13:20:34.931, 1, 72706, 100, 970.18
2026/08/07 13:20:34.931, 2, 72706, 100, 952.19
2026/08/07 13:20:34.931, 3, 72706, 100, 956.78
2026/08/07 13:20:34.931, 4, 0, 0, 132.94
2026/08/07 13:20:34.931, 5, 0, 0, 132.30
2026/08/07 13:20:34.931, 6, 0, 0, 132.25
2026/08/07 13:20:34.931, 7, 0, 0, 133.00
2026/08/07 13:20:35.431, 0, 71546, 100, 967.72
2026/08/07 13:20:35.431, 1, 72706, 100, 979.08
2026/08/07 13:20:35.431, 2, 72706, 100, 955.24
2026/08/07 13:20:35.431, 3, 72706, 100, 957.45
2026/08/07 13:20:35.431, 4, 0, 0, 133.27
2026/08/07 13:20:35.431, 5, 0, 0, 132.30
2026/08/07 13:20:35.431, 6, 0, 0, 132.25
2026/08/07 13:20:35.431, 7, 0, 0, 132.97
2026/08/07 13:20:35.931, 0, 71546, 100, 963.87
2026/08/07 13:20:35.931, 1, 72706, 100, 976.16
2026/08/07 13:20:35.931, 2, 72706, 100, 951.41
2026/08/07 13:20:35.931, 3, 72706, 100, 960.92
2026/08/07 13:20:35.931, 4, 0, 0, 133.37
2026/08/07 13:20:35.931, 5, 0, 0, 132.30
2026/08/07 13:20:35.931, 6, 0, 0, 132.29
2026/08/07 13:20:35.931, 7, 0, 0, 132.89
2026/08/07 13:20:36.431, 0, 71546, 100, 958.19
2026/08/07 13:20:36.432, 1, 72706, 100, 971.59
2026/08/07 13:20:36.433, 2, 72706, 100, 945.88
2026/08/07 13:20:36.434, 3, 72706, 100, 955.47
2026/08/07 13:20:36.435, 4, 0, 0, 133.29
2026/08/07 13:20:36.436, 5, 0, 0, 132.38
2026/08/07 13:20:36.437, 6, 0, 0, 132.26
2026/08/07 13:20:36.438, 7, 0, 0, 133.15
2026/08/07 13:20:36.939, 0, 71546, 100, 959.76
2026/08/07 13:20:36.939, 1, 72706, 100, 966.83
2026/08/07 13:20:36.939, 2, 72706, 100, 942.67
2026/08/07 13:20:36.939, 3, 72706, 100, 950.05
2026/08/07 13:20:36.939, 4, 0, 0, 133.08
2026/08/07 13:20:36.939, 5, 0, 0, 132.45
2026/08/07 13:20:36.939, 6, 0, 0, 132.22
2026/08/07 13:20:36.939, 7, 0, 0, 133.50
2026/08/07 13:20:37.439, 0, 71546, 100, 954.67
2026/08/07 13:20:37.439, 1, 72706, 100, 970.86
2026/08/07 13:20:37.439, 2, 72706, 100, 948.30
2026/08/07 13:20:37.439, 3, 72706, 100, 952.32
2026/08/07 13:20:37.439, 4, 0, 0, 133.15
2026/08/07 13:20:37.439, 5, 0, 0, 132.38
2026/08/07 13:20:37.439, 6, 0, 0, 132.25
2026/08/07 13:20:37.439, 7, 0, 0, 133.27
2026/08/07 13:20:37.940, 0, 71546, 100, 948.47
2026/08/07 13:20:37.940, 1, 72706, 100, 965.93
2026/08/07 13:20:37.940, 2, 72706, 100, 946.82
2026/08/07 13:20:37.941, 3, 72706, 100, 951.04
2026/08/07 13:20:37.941, 4, 0, 0, 133.31
2026/08/07 13:20:37.941, 5, 0, 0, 132.30
2026/08/07 13:20:37.941, 6, 0, 0, 132.29
2026/08/07 13:20:37.942, 7, 0, 0, 133.01
2026/08/07 13:20:38.443, 0, 71546, 100, 949.60
2026/08/07 13:20:38.443, 1, 72706, 100, 955.08
2026/08/07 13:20:38.443, 2, 72706, 100, 940.70
2026/08/07 13:20:38.443, 3, 72706, 100, 948.56
2026/08/07 13:20:38.443, 4, 0, 0, 133.44
2026/08/07 13:20:38.443, 5, 0, 0, 132.30
2026/08/07 13:20:38.443, 6, 0, 0, 132.29
2026/08/07 13:20:38.443, 7, 0, 0, 133.29
2026/08/07 13:20:38.943, 0, 71546, 100, 960.07
2026/08/07 13:20:38.943, 1, 72706, 100, 967.74
2026/08/07 13:20:38.943, 2, 72706, 100, 945.94
2026/08/07 13:20:38.943, 3, 72706, 100, 952.74
2026/08/07 13:20:38.943, 4, 0, 0, 133.56
2026/08/07 13:20:38.943, 5, 0, 0, 132.38
2026/08/07 13:20:38.943, 6, 0, 0, 132.37
2026/08/07 13:20:38.943, 7, 0, 0, 133.38
2026/08/07 13:20:39.443, 0, 71546, 100, 964.24
2026/08/07 13:20:39.443, 1, 72706, 100, 977.77
2026/08/07 13:20:39.443, 2, 72706, 100, 951.15
2026/08/07 13:20:39.443, 3, 72706, 100, 962.12
2026/08/07 13:20:39.443, 4, 0, 0, 133.63
2026/08/07 13:20:39.443, 5, 0, 0, 132.38
2026/08/07 13:20:39.443, 6, 0, 0, 132.38
2026/08/07 13:20:39.443, 7, 0, 0, 133.22
2026/08/07 13:20:39.943, 0, 71546, 100, 967.69
2026/08/07 13:20:39.943, 1, 72706, 100, 977.92
2026/08/07 13:20:39.943, 2, 72706, 100, 953.83
2026/08/07 13:20:39.943, 3, 72706, 100, 965.13
2026/08/07 13:20:39.943, 4, 0, 0, 133.24
2026/08/07 13:20:39.943, 5, 0, 0, 132.30
2026/08/07 13:20:39.943, 6, 0, 0, 132.30
2026/08/07 13:20:39.943, 7, 0, 0, 133.12
2026/08/07 13:20:40.444, 0, 71546, 100, 958.92
2026/08/07 13:20:40.444, 1, 72706, 100, 974.21
2026/08/07 13:20:40.444, 2, 72706, 100, 949.72
2026/08/07 13:20:40.444, 3, 72706, 100, 959.47
2026/08/07 13:20:40.444, 4, 0, 0, 133.24
2026/08/07 13:20:40.444, 5, 0, 0, 132.30
2026/08/07 13:20:40.444, 6, 0, 0, 132.29
2026/08/07 13:20:40.444, 7, 0, 0, 133.19
2026/08/07 13:20:40.944, 0, 71546, 100, 959.21
2026/08/07 13:20:40.944, 1, 72706, 100, 969.54
2026/08/07 13:20:40.944, 2, 72706, 100, 949.73
2026/08/07 13:20:40.944, 3, 72706, 100, 959.71
2026/08/07 13:20:40.944, 4, 0, 0, 133.41
2026/08/07 13:20:40.944, 5, 0, 0, 132.30
2026/08/07 13:20:40.944, 6, 0, 0, 132.33
2026/08/07 13:20:40.944, 7, 0, 0, 133.30
2026/08/07 13:20:41.444, 0, 71546, 100, 954.94
2026/08/07 13:20:41.444, 1, 72706, 100, 975.38
2026/08/07 13:20:41.444, 2, 72706, 100, 951.57
2026/08/07 13:20:41.444, 3, 72706, 100, 956.43
2026/08/07 13:20:41.444, 4, 0, 0, 133.22
2026/08/07 13:20:41.444, 5, 0, 0, 132.41
2026/08/07 13:20:41.444, 6, 0, 0, 132.33
2026/08/07 13:20:41.444, 7, 0, 0, 133.34
2026/08/07 13:20:41.944, 0, 71546, 100, 949.72
2026/08/07 13:20:41.944, 1, 72706, 100, 977.41
2026/08/07 13:20:41.944, 2, 72706, 100, 947.99
2026/08/07 13:20:41.944, 3, 72706, 100, 951.39
2026/08/07 13:20:41.944, 4, 0, 0, 133.44
2026/08/07 13:20:41.944, 5, 0, 0, 132.53
2026/08/07 13:20:41.944, 6, 0, 0, 132.29
2026/08/07 13:20:41.944, 7, 0, 0, 133.63
2026/08/07 13:20:42.444, 0, 71546, 100, 948.51
2026/08/07 13:20:42.444, 1, 72706, 100, 965.81
2026/08/07 13:20:42.444, 2, 72706, 100, 941.80
2026/08/07 13:20:42.444, 3, 72706, 100, 948.09
2026/08/07 13:20:42.444, 4, 0, 0, 133.51
2026/08/07 13:20:42.444, 5, 0, 0, 132.46
2026/08/07 13:20:42.444, 6, 0, 0, 132.26
2026/08/07 13:20:42.444, 7, 0, 0, 133.67
2026/08/07 13:20:42.945, 0, 71546, 100, 951.40
2026/08/07 13:20:42.945, 1, 72706, 100, 967.07
2026/08/07 13:20:42.946, 2, 72706, 100, 939.83
2026/08/07 13:20:42.947, 3, 72706, 100, 951.67
2026/08/07 13:20:42.948, 4, 0, 0, 133.43
2026/08/07 13:20:42.948, 5, 0, 0, 132.34
2026/08/07 13:20:42.949, 6, 0, 0, 132.25
2026/08/07 13:20:42.950, 7, 0, 0, 133.46
2026/08/07 13:20:43.451, 0, 71546, 100, 957.51
2026/08/07 13:20:43.451, 1, 72706, 100, 978.18
2026/08/07 13:20:43.451, 2, 72706, 100, 945.31
2026/08/07 13:20:43.451, 3, 72706, 100, 963.38
2026/08/07 13:20:43.451, 4, 0, 0, 133.43
2026/08/07 13:20:43.451, 5, 0, 0, 132.38
2026/08/07 13:20:43.451, 6, 0, 0, 132.29
2026/08/07 13:20:43.451, 7, 0, 0, 133.30
2026/08/07 13:20:43.951, 0, 71546, 100, 964.34
2026/08/07 13:20:43.951, 1, 72706, 100, 978.48
2026/08/07 13:20:43.951, 2, 72706, 100, 945.39
2026/08/07 13:20:43.951, 3, 72706, 100, 970.28
2026/08/07 13:20:43.951, 4, 0, 0, 133.56
2026/08/07 13:20:43.951, 5, 0, 0, 132.38
2026/08/07 13:20:43.951, 6, 0, 0, 132.36
2026/08/07 13:20:43.951, 7, 0, 0, 133.40
2026/08/07 13:20:44.451, 0, 71546, 100, 963.52
2026/08/07 13:20:44.451, 1, 72706, 100, 981.25
2026/08/07 13:20:44.451, 2, 72706, 100, 949.03
2026/08/07 13:20:44.451, 3, 72706, 100, 965.87
2026/08/07 13:20:44.451, 4, 0, 0, 133.43
2026/08/07 13:20:44.451, 5, 0, 0, 132.34
2026/08/07 13:20:44.451, 6, 0, 0, 132.37
2026/08/07 13:20:44.451, 7, 0, 0, 133.55
2026/08/07 13:20:44.951, 0, 71546, 100, 962.54
2026/08/07 13:20:44.951, 1, 72706, 100, 979.58
2026/08/07 13:20:44.951, 2, 72706, 100, 951.38
2026/08/07 13:20:44.951, 3, 72706, 100, 960.19
2026/08/07 13:20:44.951, 4, 0, 0, 133.14
2026/08/07 13:20:44.951, 5, 0, 0, 132.38
2026/08/07 13:20:44.951, 6, 0, 0, 132.29
2026/08/07 13:20:44.951, 7, 0, 0, 133.57
2026/08/07 13:20:45.451, 0, 71546, 100, 962.79
2026/08/07 13:20:45.452, 1, 72706, 100, 974.58
2026/08/07 13:20:45.452, 2, 72706, 100, 947.43
2026/08/07 13:20:45.452, 3, 72706, 100, 961.93
2026/08/07 13:20:45.452, 4, 0, 0, 133.18
2026/08/07 13:20:45.452, 5, 0, 0, 132.34
2026/08/07 13:20:45.452, 6, 0, 0, 132.29
2026/08/07 13:20:45.452, 7, 0, 0, 133.36
2026/08/07 13:20:45.952, 0, 71546, 100, 957.77
2026/08/07 13:20:45.952, 1, 72706, 100, 975.70
2026/08/07 13:20:45.952, 2, 72706, 100, 944.47
2026/08/07 13:20:45.952, 3, 72706, 100, 962.52
2026/08/07 13:20:45.952, 4, 0, 0, 133.04
2026/08/07 13:20:45.952, 5, 0, 0, 132.34
2026/08/07 13:20:45.952, 6, 0, 0, 132.32
2026/08/07 13:20:45.952, 7, 0, 0, 133.44
2026/08/07 13:20:46.452, 0, 71546, 100, 958.85
2026/08/07 13:20:46.452, 1, 72706, 100, 974.40
2026/08/07 13:20:46.452, 2, 72706, 100, 946.52
2026/08/07 13:20:46.452, 3, 72706, 100, 960.04
2026/08/07 13:20:46.452, 4, 0, 0, 133.12
2026/08/07 13:20:46.452, 5, 0, 0, 132.38
2026/08/07 13:20:46.452, 6, 0, 0, 132.33
2026/08/07 13:20:46.452, 7, 0, 0, 133.46
2026/08/07 13:20:46.952, 0, 71546, 100, 957.05
2026/08/07 13:20:46.952, 1, 72706, 100, 966.00
2026/08/07 13:20:46.952, 2, 72706, 100, 942.91
2026/08/07 13:20:46.952, 3, 72706, 100, 952.11
2026/08/07 13:20:46.952, 4, 0, 0, 133.16
2026/08/07 13:20:46.952, 5, 0, 0, 132.46
2026/08/07 13:20:46.953, 6, 0, 0, 132.29
2026/08/07 13:20:46.953, 7, 0, 0, 133.48
2026/08/07 13:20:47.453, 0, 71546, 100, 957.99
2026/08/07 13:20:47.453, 1, 72706, 100, 972.28
2026/08/07 13:20:47.453, 2, 72706, 100, 941.34
2026/08/07 13:20:47.453, 3, 72706, 100, 952.36
2026/08/07 13:20:47.453, 4, 0, 0, 133.18
2026/08/07 13:20:47.453, 5, 0, 0, 132.45
2026/08/07 13:20:47.453, 6, 0, 0, 132.29
2026/08/07 13:20:47.453, 7, 0, 0, 133.50
2026/08/07 13:20:47.953, 0, 71546, 100, 965.55
2026/08/07 13:20:47.954, 1, 72706, 100, 985.95
2026/08/07 13:20:47.955, 2, 72706, 100, 945.95
2026/08/07 13:20:47.956, 3, 72706, 100, 964.90
2026/08/07 13:20:47.957, 4, 0, 0, 133.14
2026/08/07 13:20:47.959, 5, 0, 0, 132.30
2026/08/07 13:20:47.960, 6, 0, 0, 132.26
2026/08/07 13:20:47.961, 7, 0, 0, 133.27
2026/08/07 13:20:48.462, 0, 71546, 100, 967.10
2026/08/07 13:20:48.462, 1, 72706, 100, 984.21
2026/08/07 13:20:48.462, 2, 72706, 100, 951.96
2026/08/07 13:20:48.462, 3, 72706, 100, 965.93
2026/08/07 13:20:48.462, 4, 0, 0, 133.08
2026/08/07 13:20:48.462, 5, 0, 0, 132.34
2026/08/07 13:20:48.462, 6, 0, 0, 132.22
2026/08/07 13:20:48.462, 7, 0, 0, 133.32
2026/08/07 13:20:48.962, 0, 71546, 100, 967.53
2026/08/07 13:20:48.962, 1, 72706, 100, 986.33
2026/08/07 13:20:48.962, 2, 72706, 100, 956.50
2026/08/07 13:20:48.962, 3, 72706, 100, 971.57
2026/08/07 13:20:48.962, 4, 0, 0, 133.27
2026/08/07 13:20:48.962, 5, 0, 0, 132.34
2026/08/07 13:20:48.962, 6, 0, 0, 132.34
2026/08/07 13:20:48.962, 7, 0, 0, 133.30
2026/08/07 13:20:49.462, 0, 71546, 100, 963.89
2026/08/07 13:20:49.462, 1, 72706, 100, 984.84
2026/08/07 13:20:49.462, 2, 72706, 100, 954.93
2026/08/07 13:20:49.462, 3, 72706, 100, 964.13
2026/08/07 13:20:49.462, 4, 0, 0, 133.18
2026/08/07 13:20:49.462, 5, 0, 0, 132.30
2026/08/07 13:20:49.462, 6, 0, 0, 132.37
2026/08/07 13:20:49.462, 7, 0, 0, 133.30
2026/08/07 13:20:49.962, 0, 71546, 100, 957.45
2026/08/07 13:20:49.963, 1, 72706, 100, 979.02
2026/08/07 13:20:49.963, 2, 72706, 100, 949.39
2026/08/07 13:20:49.963, 3, 72706, 100, 957.19
2026/08/07 13:20:49.963, 4, 0, 0, 132.92
2026/08/07 13:20:49.963, 5, 0, 0, 132.34
2026/08/07 13:20:49.963, 6, 0, 0, 132.29
2026/08/07 13:20:49.963, 7, 0, 0, 133.40
2026/08/07 13:20:50.463, 0, 71546, 100, 951.55
2026/08/07 13:20:50.463, 1, 72706, 100, 963.91
2026/08/07 13:20:50.464, 2, 72706, 100, 942.56
2026/08/07 13:20:50.466, 3, 72706, 100, 960.08
2026/08/07 13:20:50.467, 4, 0, 0, 133.04
2026/08/07 13:20:50.468, 5, 0, 0, 132.34
2026/08/07 13:20:50.469, 6, 0, 0, 132.25
2026/08/07 13:20:50.470, 7, 0, 0, 133.40
2026/08/07 13:20:50.971, 0, 71546, 99, 943.77
2026/08/07 13:20:50.971, 1, 72706, 100, 961.72
2026/08/07 13:20:50.971, 2, 72706, 100, 943.67
2026/08/07 13:20:50.971, 3, 72706, 99, 952.47
2026/08/07 13:20:50.971, 4, 0, 0, 133.27
2026/08/07 13:20:50.971, 5, 0, 0, 132.30
2026/08/07 13:20:50.972, 6, 0, 0, 132.22
2026/08/07 13:20:50.972, 7, 0, 0, 133.42
2026/08/07 13:20:51.472, 0, 71546, 100, 949.42
2026/08/07 13:20:51.473, 1, 72706, 100, 972.00
2026/08/07 13:20:51.474, 2, 72706, 100, 946.76
2026/08/07 13:20:51.475, 3, 72706, 100, 955.38
2026/08/07 13:20:51.476, 4, 0, 0, 133.22
2026/08/07 13:20:51.477, 5, 0, 0, 132.34
2026/08/07 13:20:51.478, 6, 0, 0, 132.18
2026/08/07 13:20:51.479, 7, 0, 0, 133.34
2026/08/07 13:20:51.980, 0, 71546, 100, 960.97
2026/08/07 13:20:51.980, 1, 72706, 100, 983.01
2026/08/07 13:20:51.980, 2, 72706, 100, 956.57
2026/08/07 13:20:51.980, 3, 72706, 100, 969.50
2026/08/07 13:20:51.980, 4, 0, 0, 133.22
2026/08/07 13:20:51.980, 5, 0, 0, 132.41
2026/08/07 13:20:51.980, 6, 0, 0, 132.22
2026/08/07 13:20:51.980, 7, 0, 0, 133.38
2026/08/07 13:20:52.480, 0, 71546, 100, 964.81
2026/08/07 13:20:52.480, 1, 72706, 100, 987.74
2026/08/07 13:20:52.480, 2, 72706, 100, 955.82
2026/08/07 13:20:52.480, 3, 72706, 100, 965.79
2026/08/07 13:20:52.480, 4, 0, 0, 133.08
2026/08/07 13:20:52.480, 5, 0, 0, 132.38
2026/08/07 13:20:52.481, 6, 0, 0, 132.30
2026/08/07 13:20:52.481, 7, 0, 0, 133.36
2026/08/07 13:20:52.981, 0, 71546, 100, 965.77
2026/08/07 13:20:52.981, 1, 72706, 100, 980.73
2026/08/07 13:20:52.983, 2, 72706, 100, 950.93
2026/08/07 13:20:52.984, 3, 72706, 100, 962.39
2026/08/07 13:20:52.985, 4, 0, 0, 132.84
2026/08/07 13:20:52.986, 5, 0, 0, 132.30
2026/08/07 13:20:52.987, 6, 0, 0, 132.30
2026/08/07 13:20:52.988, 7, 0, 0, 133.20
2026/08/07 13:20:53.489, 0, 71546, 100, 961.77
2026/08/07 13:20:53.489, 1, 72706, 100, 971.60
2026/08/07 13:20:53.489, 2, 72706, 100, 951.55
2026/08/07 13:20:53.489, 3, 72706, 100, 964.02
2026/08/07 13:20:53.489, 4, 0, 0, 132.77
2026/08/07 13:20:53.489, 5, 0, 0, 132.30
2026/08/07 13:20:53.489, 6, 0, 0, 132.30
2026/08/07 13:20:53.489, 7, 0, 0, 133.21
2026/08/07 13:20:53.989, 0, 71546, 100, 961.77
2026/08/07 13:20:53.989, 1, 72706, 100, 971.18
2026/08/07 13:20:53.989, 2, 72706, 100, 944.20
2026/08/07 13:20:53.989, 3, 72706, 100, 960.49
2026/08/07 13:20:53.989, 4, 0, 0, 133.04
2026/08/07 13:20:53.989, 5, 0, 0, 132.30
2026/08/07 13:20:53.989, 6, 0, 0, 132.33
2026/08/07 13:20:53.989, 7, 0, 0, 133.27
2026/08/07 13:20:54.489, 0, 71546, 100, 953.97
2026/08/07 13:20:54.489, 1, 72706, 100, 973.03
2026/08/07 13:20:54.489, 2, 72706, 100, 946.06
2026/08/07 13:20:54.490, 3, 72706, 100, 965.24
2026/08/07 13:20:54.490, 4, 0, 0, 133.14
2026/08/07 13:20:54.490, 5, 0, 0, 132.30
2026/08/07 13:20:54.490, 6, 0, 0, 132.26
2026/08/07 13:20:54.490, 7, 0, 0, 133.26
2026/08/07 13:20:54.990, 0, 71546, 100, 951.26
2026/08/07 13:20:54.990, 1, 72706, 100, 977.07
2026/08/07 13:20:54.990, 2, 72706, 100, 944.33
2026/08/07 13:20:54.990, 3, 72706, 100, 959.40
2026/08/07 13:20:54.990, 4, 0, 0, 132.88
2026/08/07 13:20:54.990, 5, 0, 0, 132.30
2026/08/07 13:20:54.990, 6, 0, 0, 132.18
2026/08/07 13:20:54.990, 7, 0, 0, 133.15
2026/08/07 13:20:55.490, 0, 71546, 100, 950.37
2026/08/07 13:20:55.490, 1, 72706, 100, 970.95
2026/08/07 13:20:55.490, 2, 72706, 100, 937.76
2026/08/07 13:20:55.490, 3, 72706, 100, 950.01
2026/08/07 13:20:55.490, 4, 0, 0, 132.84
2026/08/07 13:20:55.490, 5, 0, 0, 132.30
2026/08/07 13:20:55.490, 6, 0, 0, 132.22
2026/08/07 13:20:55.490, 7, 0, 0, 133.12
2026/08/07 13:20:55.990, 0, 71546, 100, 952.51
2026/08/07 13:20:55.990, 1, 72706, 100, 971.59
2026/08/07 13:20:55.990, 2, 72706, 100, 949.37
2026/08/07 13:20:55.990, 3, 72706, 100, 955.44
2026/08/07 13:20:55.990, 4, 0, 0, 133.16
2026/08/07 13:20:55.990, 5, 0, 0, 132.30
2026/08/07 13:20:55.990, 6, 0, 0, 132.11
2026/08/07 13:20:55.990, 7, 0, 0, 133.13
2026/08/07 13:20:56.490, 0, 71546, 100, 964.01
2026/08/07 13:20:56.490, 1, 72706, 100, 983.94
2026/08/07 13:20:56.490, 2, 72706, 100, 955.23
2026/08/07 13:20:56.490, 3, 72706, 100, 965.28
2026/08/07 13:20:56.490, 4, 0, 0, 133.08
2026/08/07 13:20:56.490, 5, 0, 0, 132.42
2026/08/07 13:20:56.490, 6, 0, 0, 132.14
2026/08/07 13:20:56.490, 7, 0, 0, 133.04
2026/08/07 13:20:56.990, 0, 71546, 100, 962.82
2026/08/07 13:20:56.990, 1, 72706, 100, 983.05
2026/08/07 13:20:56.990, 2, 72706, 100, 955.18
2026/08/07 13:20:56.990, 3, 72706, 100, 967.06
2026/08/07 13:20:56.990, 4, 0, 0, 132.91
2026/08/07 13:20:56.990, 5, 0, 0, 132.45
2026/08/07 13:20:56.990, 6, 0, 0, 132.30
2026/08/07 13:20:56.990, 7, 0, 0, 133.12
2026/08/07 13:20:57.490, 0, 71546, 100, 962.76
2026/08/07 13:20:57.490, 1, 72706, 100, 980.81
2026/08/07 13:20:57.490, 2, 72706, 100, 949.89
2026/08/07 13:20:57.490, 3, 72706, 100, 964.73
2026/08/07 13:20:57.490, 4, 0, 0, 132.92
2026/08/07 13:20:57.490, 5, 0, 0, 132.34
2026/08/07 13:20:57.490, 6, 0, 0, 132.22
2026/08/07 13:20:57.490, 7, 0, 0, 133.17
2026/08/07 13:20:57.991, 0, 71546, 100, 966.07
2026/08/07 13:20:57.991, 1, 72706, 100, 978.50
2026/08/07 13:20:57.991, 2, 72706, 100, 945.08
2026/08/07 13:20:57.991, 3, 72706, 100, 964.70
2026/08/07 13:20:57.991, 4, 0, 0, 132.77
2026/08/07 13:20:57.991, 5, 0, 0, 132.30
2026/08/07 13:20:57.991, 6, 0, 0, 132.18
2026/08/07 13:20:57.991, 7, 0, 0, 133.07
2026/08/07 13:20:58.491, 0, 71546, 100, 956.78
2026/08/07 13:20:58.491, 1, 72706, 100, 977.02
2026/08/07 13:20:58.491, 2, 72706, 100, 947.78
2026/08/07 13:20:58.491, 3, 72706, 100, 964.99
2026/08/07 13:20:58.491, 4, 0, 0, 132.80
2026/08/07 13:20:58.491, 5, 0, 0, 132.30
2026/08/07 13:20:58.491, 6, 0, 0, 132.26
2026/08/07 13:20:58.491, 7, 0, 0, 133.01
2026/08/07 13:20:58.991, 0, 71546, 100, 954.13
2026/08/07 13:20:58.991, 1, 72706, 100, 978.73
2026/08/07 13:20:58.991, 2, 72706, 100, 943.47
2026/08/07 13:20:58.991, 3, 72706, 100, 958.29
2026/08/07 13:20:58.991, 4, 0, 0, 132.73
2026/08/07 13:20:58.991, 5, 0, 0, 132.30
2026/08/07 13:20:58.991, 6, 0, 0, 132.33
2026/08/07 13:20:58.991, 7, 0, 0, 133.05
2026/08/07 13:20:59.491, 0, 71546, 99, 948.38
2026/08/07 13:20:59.491, 1, 72706, 99, 973.23
2026/08/07 13:20:59.491, 2, 72706, 99, 943.17
2026/08/07 13:20:59.491, 3, 72706, 99, 950.04
2026/08/07 13:20:59.491, 4, 0, 0, 132.77
2026/08/07 13:20:59.491, 5, 0, 0, 132.30
2026/08/07 13:20:59.491, 6, 0, 0, 132.26
2026/08/07 13:20:59.491, 7, 0, 0, 133.11
2026/08/07 13:20:59.991, 0, 71546, 100, 946.06
2026/08/07 13:20:59.993, 1, 72706, 100, 970.23
2026/08/07 13:20:59.993, 2, 72706, 100, 942.55
2026/08/07 13:20:59.994, 3, 72706, 100, 952.71
2026/08/07 13:20:59.994, 4, 0, 0, 132.95
2026/08/07 13:20:59.994, 5, 0, 0, 132.30
2026/08/07 13:20:59.994, 6, 0, 0, 132.22
2026/08/07 13:20:59.994, 7, 0, 0, 133.13
2026/08/07 13:21:00.494, 0, 71546, 100, 958.86
2026/08/07 13:21:00.494, 1, 72706, 100, 975.78
2026/08/07 13:21:00.494, 2, 72706, 100, 941.82
2026/08/07 13:21:00.494, 3, 72706, 100, 964.03
2026/08/07 13:21:00.494, 4, 0, 0, 132.96
2026/08/07 13:21:00.494, 5, 0, 0, 132.30
2026/08/07 13:21:00.494, 6, 0, 0, 132.22
2026/08/07 13:21:00.494, 7, 0, 0, 133.07
2026/08/07 13:21:00.994, 0, 71546, 100, 962.45
2026/08/07 13:21:00.994, 1, 72706, 100, 977.70
2026/08/07 13:21:00.994, 2, 72706, 100, 950.47
2026/08/07 13:21:00.994, 3, 72706, 100, 973.58
2026/08/07 13:21:00.994, 4, 0, 0, 132.80
2026/08/07 13:21:00.994, 5, 0, 0, 132.30
2026/08/07 13:21:00.994, 6, 0, 0, 132.18
2026/08/07 13:21:00.994, 7, 0, 0, 133.15
2026/08/07 13:21:01.494, 0, 71546, 100, 960.90
2026/08/07 13:21:01.495, 1, 72706, 100, 982.61
2026/08/07 13:21:01.495, 2, 72706, 100, 951.75
2026/08/07 13:21:01.495, 3, 72706, 100, 973.40
2026/08/07 13:21:01.495, 4, 0, 0, 132.85
2026/08/07 13:21:01.495, 5, 0, 0, 132.42
2026/08/07 13:21:01.495, 6, 0, 0, 132.26
2026/08/07 13:21:01.495, 7, 0, 0, 133.15
2026/08/07 13:21:01.995, 0, 71546, 100, 959.32
2026/08/07 13:21:01.995, 1, 72706, 100, 982.23
2026/08/07 13:21:01.995, 2, 72706, 100, 945.79
2026/08/07 13:21:01.995, 3, 72706, 100, 966.42
2026/08/07 13:21:01.995, 4, 0, 0, 132.81
2026/08/07 13:21:01.995, 5, 0, 0, 132.41
2026/08/07 13:21:01.995, 6, 0, 0, 132.18
2026/08/07 13:21:01.995, 7, 0, 0, 133.36
2026/08/07 13:21:02.495, 0, 71546, 100, 955.97
2026/08/07 13:21:02.495, 1, 72706, 100, 977.28
2026/08/07 13:21:02.495, 2, 72706, 100, 946.58
2026/08/07 13:21:02.495, 3, 72706, 100, 966.58
2026/08/07 13:21:02.495, 4, 0, 0, 132.60
2026/08/07 13:21:02.495, 5, 0, 0, 132.30
2026/08/07 13:21:02.495, 6, 0, 0, 132.10
2026/08/07 13:21:02.495, 7, 0, 0, 133.44
2026/08/07 13:21:02.995, 0, 71546, 100, 958.67
2026/08/07 13:21:02.996, 1, 72706, 100, 977.46
2026/08/07 13:21:02.997, 2, 72706, 100, 943.83
2026/08/07 13:21:02.998, 3, 72706, 100, 961.84
2026/08/07 13:21:02.999, 4, 0, 0, 132.81
2026/08/07 13:21:03.000, 5, 0, 0, 132.30
2026/08/07 13:21:03.001, 6, 0, 0, 132.06
2026/08/07 13:21:03.003, 7, 0, 0, 133.05
2026/08/07 13:21:03.504, 0, 71546, 100, 954.59
2026/08/07 13:21:03.504, 1, 72706, 100, 974.83
2026/08/07 13:21:03.504, 2, 72706, 100, 945.14
2026/08/07 13:21:03.504, 3, 72706, 100, 960.94
2026/08/07 13:21:03.504, 4, 0, 0, 133.00
2026/08/07 13:21:03.504, 5, 0, 0, 132.30
2026/08/07 13:21:03.504, 6, 0, 0, 132.07
2026/08/07 13:21:03.504, 7, 0, 0, 133.00
2026/08/07 13:21:04.005, 0, 71546, 100, 941.11
2026/08/07 13:21:04.005, 1, 72706, 100, 968.44
2026/08/07 13:21:04.005, 2, 72706, 100, 943.59
2026/08/07 13:21:04.005, 3, 72706, 100, 952.59
2026/08/07 13:21:04.005, 4, 0, 0, 133.14
2026/08/07 13:21:04.005, 5, 0, 0, 132.30
2026/08/07 13:21:04.005, 6, 0, 0, 132.22
2026/08/07 13:21:04.005, 7, 0, 0, 133.15
2026/08/07 13:21:04.505, 0, 71546, 100, 946.51
2026/08/07 13:21:04.505, 1, 72706, 100, 972.35
2026/08/07 13:21:04.505, 2, 72706, 100, 938.93
2026/08/07 13:21:04.505, 3, 72706, 100, 953.76
2026/08/07 13:21:04.505, 4, 0, 0, 133.06
2026/08/07 13:21:04.505, 5, 0, 0, 132.30
2026/08/07 13:21:04.505, 6, 0, 0, 132.30
2026/08/07 13:21:04.505, 7, 0, 0, 133.00
2026/08/07 13:21:05.005, 0, 71546, 100, 958.32
2026/08/07 13:21:05.005, 1, 72706, 100, 977.51
2026/08/07 13:21:05.005, 2, 72706, 100, 950.55
2026/08/07 13:21:05.005, 3, 72706, 100, 966.67
2026/08/07 13:21:05.005, 4, 0, 0, 132.80
2026/08/07 13:21:05.005, 5, 0, 0, 132.30
2026/08/07 13:21:05.005, 6, 0, 0, 132.18
2026/08/07 13:21:05.005, 7, 0, 0, 132.92
2026/08/07 13:21:05.505, 0, 71546, 100, 962.46
2026/08/07 13:21:05.505, 1, 72706, 100, 985.01
2026/08/07 13:21:05.506, 2, 72706, 100, 954.77
2026/08/07 13:21:05.507, 3, 72706, 100, 967.90
2026/08/07 13:21:05.508, 4, 0, 0, 132.69
2026/08/07 13:21:05.509, 5, 0, 0, 132.30
2026/08/07 13:21:05.510, 6, 0, 0, 132.15
2026/08/07 13:21:05.511, 7, 0, 0, 133.07
2026/08/07 13:21:06.012, 0, 71546, 100, 968.33
2026/08/07 13:21:06.012, 1, 72706, 100, 982.76
2026/08/07 13:21:06.012, 2, 72706, 100, 954.13
2026/08/07 13:21:06.012, 3, 72706, 100, 969.40
2026/08/07 13:21:06.012, 4, 0, 0, 132.68
2026/08/07 13:21:06.012, 5, 0, 0, 132.30
2026/08/07 13:21:06.012, 6, 0, 0, 132.11
2026/08/07 13:21:06.012, 7, 0, 0, 132.96
2026/08/07 13:21:06.512, 0, 71546, 100, 959.02
2026/08/07 13:21:06.512, 1, 72706, 100, 979.51
2026/08/07 13:21:06.512, 2, 72706, 100, 954.65
2026/08/07 13:21:06.512, 3, 72706, 100, 967.18
2026/08/07 13:21:06.512, 4, 0, 0, 132.72
2026/08/07 13:21:06.512, 5, 0, 0, 132.46
2026/08/07 13:21:06.512, 6, 0, 0, 131.99
2026/08/07 13:21:06.512, 7, 0, 0, 133.17
2026/08/07 13:21:07.012, 0, 71546, 100, 952.04
2026/08/07 13:21:07.012, 1, 72706, 100, 982.21
2026/08/07 13:21:07.012, 2, 72706, 100, 950.80
2026/08/07 13:21:07.012, 3, 72706, 100, 957.20
2026/08/07 13:21:07.012, 4, 0, 0, 132.53
2026/08/07 13:21:07.012, 5, 0, 0, 132.46
2026/08/07 13:21:07.012, 6, 0, 0, 131.99
2026/08/07 13:21:07.013, 7, 0, 0, 133.27
2026/08/07 13:21:07.513, 0, 71546, 100, 949.17
2026/08/07 13:21:07.513, 1, 72706, 100, 977.13
2026/08/07 13:21:07.513, 2, 72706, 100, 951.20
2026/08/07 13:21:07.513, 3, 72706, 100, 962.00
2026/08/07 13:21:07.513, 4, 0, 0, 132.57
2026/08/07 13:21:07.513, 5, 0, 0, 132.30
2026/08/07 13:21:07.513, 6, 0, 0, 132.11
2026/08/07 13:21:07.513, 7, 0, 0, 133.09
2026/08/07 13:21:08.013, 0, 71546, 100, 948.16
2026/08/07 13:21:08.014, 1, 72706, 99, 969.70
2026/08/07 13:21:08.015, 2, 72706, 99, 942.57
2026/08/07 13:21:08.015, 3, 72706, 100, 952.73
2026/08/07 13:21:08.016, 4, 0, 0, 132.72
2026/08/07 13:21:08.016, 5, 0, 0, 132.30
2026/08/07 13:21:08.016, 6, 0, 0, 132.14
2026/08/07 13:21:08.016, 7, 0, 0, 133.09
2026/08/07 13:21:08.516, 0, 71546, 100, 953.69
2026/08/07 13:21:08.517, 1, 72706, 100, 967.24
2026/08/07 13:21:08.517, 2, 72706, 100, 937.42
2026/08/07 13:21:08.517, 3, 72706, 100, 949.77
2026/08/07 13:21:08.518, 4, 0, 0, 132.80
2026/08/07 13:21:08.518, 5, 0, 0, 132.30
2026/08/07 13:21:08.518, 6, 0, 0, 132.18
2026/08/07 13:21:08.518, 7, 0, 0, 132.96
2026/08/07 13:21:09.018, 0, 71546, 100, 958.47
2026/08/07 13:21:09.018, 1, 72706, 100, 982.12
2026/08/07 13:21:09.018, 2, 72706, 100, 949.46
2026/08/07 13:21:09.018, 3, 72706, 100, 966.79
2026/08/07 13:21:09.018, 4, 0, 0, 133.08
2026/08/07 13:21:09.018, 5, 0, 0, 132.30
2026/08/07 13:21:09.018, 6, 0, 0, 132.26
2026/08/07 13:21:09.018, 7, 0, 0, 133.01
2026/08/07 13:21:09.518, 0, 71546, 100, 965.49
2026/08/07 13:21:09.518, 1, 72706, 100, 989.80
2026/08/07 13:21:09.518, 2, 72706, 100, 955.96
2026/08/07 13:21:09.518, 3, 72706, 100, 967.20
2026/08/07 13:21:09.518, 4, 0, 0, 132.91
2026/08/07 13:21:09.518, 5, 0, 0, 132.30
2026/08/07 13:21:09.518, 6, 0, 0, 132.22
2026/08/07 13:21:09.518, 7, 0, 0, 133.09
2026/08/07 13:21:10.018, 0, 71546, 100, 963.74
2026/08/07 13:21:10.018, 1, 72706, 100, 983.03
2026/08/07 13:21:10.018, 2, 72706, 100, 957.84
2026/08/07 13:21:10.018, 3, 72706, 100, 970.05
2026/08/07 13:21:10.018, 4, 0, 0, 132.76
2026/08/07 13:21:10.018, 5, 0, 0, 132.30
2026/08/07 13:21:10.018, 6, 0, 0, 132.18
2026/08/07 13:21:10.018, 7, 0, 0, 133.05
2026/08/07 13:21:10.518, 0, 71546, 100, 960.22
2026/08/07 13:21:10.518, 1, 72706, 100, 983.23
2026/08/07 13:21:10.518, 2, 72706, 100, 951.86
2026/08/07 13:21:10.518, 3, 72706, 100, 968.80
2026/08/07 13:21:10.518, 4, 0, 0, 132.73
2026/08/07 13:21:10.518, 5, 0, 0, 132.30
2026/08/07 13:21:10.518, 6, 0, 0, 132.18
2026/08/07 13:21:10.518, 7, 0, 0, 133.08
2026/08/07 13:21:11.018, 0, 71546, 100, 958.22
2026/08/07 13:21:11.018, 1, 72706, 100, 976.43
2026/08/07 13:21:11.018, 2, 72706, 100, 947.01
2026/08/07 13:21:11.018, 3, 72706, 100, 961.31
2026/08/07 13:21:11.018, 4, 0, 0, 132.61
2026/08/07 13:21:11.018, 5, 0, 0, 132.30
2026/08/07 13:21:11.018, 6, 0, 0, 132.22
2026/08/07 13:21:11.018, 7, 0, 0, 133.21
2026/08/07 13:21:11.518, 0, 71546, 100, 954.22
2026/08/07 13:21:11.519, 1, 72706, 100, 968.87
2026/08/07 13:21:11.519, 2, 72706, 100, 943.04
2026/08/07 13:21:11.519, 3, 72706, 100, 957.76
2026/08/07 13:21:11.519, 4, 0, 0, 132.76
2026/08/07 13:21:11.519, 5, 0, 0, 132.41
2026/08/07 13:21:11.519, 6, 0, 0, 132.18
2026/08/07 13:21:11.519, 7, 0, 0, 133.25
2026/08/07 13:21:12.019, 0, 71546, 100, 956.58
2026/08/07 13:21:12.019, 1, 72706, 100, 967.14
2026/08/07 13:21:12.019, 2, 72706, 100, 941.46
2026/08/07 13:21:12.019, 3, 72706, 100, 952.70
2026/08/07 13:21:12.019, 4, 0, 0, 132.76
2026/08/07 13:21:12.019, 5, 0, 0, 132.41
2026/08/07 13:21:12.019, 6, 0, 0, 132.10
2026/08/07 13:21:12.019, 7, 0, 0, 133.11
2026/08/07 13:21:12.519, 0, 71546, 100, 945.99
2026/08/07 13:21:12.519, 1, 72706, 100, 958.65
2026/08/07 13:21:12.519, 2, 72706, 100, 935.89
2026/08/07 13:21:12.519, 3, 72706, 100, 957.30
2026/08/07 13:21:12.519, 4, 0, 0, 132.65
2026/08/07 13:21:12.519, 5, 0, 0, 132.30
2026/08/07 13:21:12.519, 6, 0, 0, 132.14
2026/08/07 13:21:12.519, 7, 0, 0, 132.97
2026/08/07 13:21:13.019, 0, 71546, 100, 945.16
2026/08/07 13:21:13.019, 1, 72706, 100, 968.94
2026/08/07 13:21:13.019, 2, 72706, 100, 942.68
2026/08/07 13:21:13.019, 3, 72706, 100, 959.62
2026/08/07 13:21:13.019, 4, 0, 0, 132.69
2026/08/07 13:21:13.019, 5, 0, 0, 132.38
2026/08/07 13:21:13.019, 6, 0, 0, 132.18
2026/08/07 13:21:13.019, 7, 0, 0, 132.73
2026/08/07 13:21:13.519, 0, 71546, 100, 960.47
2026/08/07 13:21:13.519, 1, 72706, 100, 981.74
2026/08/07 13:21:13.519, 2, 72706, 100, 953.64
2026/08/07 13:21:13.519, 3, 72706, 100, 959.84
2026/08/07 13:21:13.519, 4, 0, 0, 132.69
2026/08/07 13:21:13.519, 5, 0, 0, 132.38
2026/08/07 13:21:13.519, 6, 0, 0, 132.26
2026/08/07 13:21:13.519, 7, 0, 0, 132.81
2026/08/07 13:21:14.019, 0, 71546, 100, 959.34
2026/08/07 13:21:14.019, 1, 72706, 100, 981.78
2026/08/07 13:21:14.019, 2, 72706, 100, 957.91
2026/08/07 13:21:14.019, 3, 72706, 100, 970.41
2026/08/07 13:21:14.019, 4, 0, 0, 132.73
2026/08/07 13:21:14.019, 5, 0, 0, 132.30
2026/08/07 13:21:14.019, 6, 0, 0, 132.25
2026/08/07 13:21:14.019, 7, 0, 0, 132.96
2026/08/07 13:21:14.519, 0, 71546, 100, 958.71
2026/08/07 13:21:14.519, 1, 72706, 100, 984.16
2026/08/07 13:21:14.519, 2, 72706, 100, 956.69
2026/08/07 13:21:14.520, 3, 72706, 100, 969.76
2026/08/07 13:21:14.520, 4, 0, 0, 132.77
2026/08/07 13:21:14.520, 5, 0, 0, 132.30
2026/08/07 13:21:14.520, 6, 0, 0, 132.21
2026/08/07 13:21:14.520, 7, 0, 0, 132.88
2026/08/07 13:21:15.020, 0, 71546, 100, 959.34
2026/08/07 13:21:15.020, 1, 72706, 100, 976.01
2026/08/07 13:21:15.020, 2, 72706, 100, 946.40
2026/08/07 13:21:15.020, 3, 72706, 100, 962.40
2026/08/07 13:21:15.020, 4, 0, 0, 132.68
2026/08/07 13:21:15.020, 5, 0, 0, 132.30
2026/08/07 13:21:15.020, 6, 0, 0, 132.18
2026/08/07 13:21:15.020, 7, 0, 0, 132.74
2026/08/07 13:21:15.520, 0, 71546, 100, 952.90
2026/08/07 13:21:15.520, 1, 72706, 100, 975.02
2026/08/07 13:21:15.520, 2, 72706, 100, 945.89
2026/08/07 13:21:15.520, 3, 72706, 100, 960.51
2026/08/07 13:21:15.520, 4, 0, 0, 132.64
2026/08/07 13:21:15.520, 5, 0, 0, 132.30
2026/08/07 13:21:15.520, 6, 0, 0, 132.22
2026/08/07 13:21:15.520, 7, 0, 0, 132.70
2026/08/07 13:21:16.020, 0, 71546, 100, 951.39
2026/08/07 13:21:16.020, 1, 72706, 100, 979.19
2026/08/07 13:21:16.020, 2, 72706, 100, 941.85
2026/08/07 13:21:16.020, 3, 72706, 100, 959.90
2026/08/07 13:21:16.020, 4, 0, 0, 132.73
2026/08/07 13:21:16.020, 5, 0, 0, 132.30
2026/08/07 13:21:16.020, 6, 0, 0, 132.29
2026/08/07 13:21:16.020, 7, 0, 0, 132.96
2026/08/07 13:21:16.520, 0, 71546, 100, 950.51
2026/08/07 13:21:16.520, 1, 72706, 100, 971.25
2026/08/07 13:21:16.520, 2, 72706, 100, 936.08
2026/08/07 13:21:16.520, 3, 72706, 100, 961.47
2026/08/07 13:21:16.520, 4, 0, 0, 132.72
2026/08/07 13:21:16.520, 5, 0, 0, 132.42
2026/08/07 13:21:16.520, 6, 0, 0, 132.17
2026/08/07 13:21:16.520, 7, 0, 0, 133.11
2026/08/07 13:21:17.020, 0, 71546, 100, 948.05
2026/08/07 13:21:17.021, 1, 72706, 100, 969.13
2026/08/07 13:21:17.021, 2, 72706, 100, 937.32
2026/08/07 13:21:17.021, 3, 72706, 100, 954.09
2026/08/07 13:21:17.021, 4, 0, 0, 132.79
2026/08/07 13:21:17.021, 5, 0, 0, 132.42
2026/08/07 13:21:17.021, 6, 0, 0, 132.13
2026/08/07 13:21:17.021, 7, 0, 0, 132.88
2026/08/07 13:21:17.521, 0, 71546, 100, 953.30
2026/08/07 13:21:17.521, 1, 72706, 100, 970.60
2026/08/07 13:21:17.521, 2, 72706, 100, 942.74
2026/08/07 13:21:17.521, 3, 72706, 100, 959.07
2026/08/07 13:21:17.521, 4, 0, 0, 132.69
2026/08/07 13:21:17.521, 5, 0, 0, 132.30
2026/08/07 13:21:17.521, 6, 0, 0, 132.21
2026/08/07 13:21:17.521, 7, 0, 0, 132.97
2026/08/07 13:21:18.021, 0, 71546, 100, 960.66
2026/08/07 13:21:18.021, 1, 72706, 100, 977.25
2026/08/07 13:21:18.021, 2, 72706, 100, 952.00
2026/08/07 13:21:18.021, 3, 72706, 100, 969.91
2026/08/07 13:21:18.021, 4, 0, 0, 132.46
2026/08/07 13:21:18.021, 5, 0, 0, 132.30
2026/08/07 13:21:18.021, 6, 0, 0, 132.13
2026/08/07 13:21:18.021, 7, 0, 0, 133.05
2026/08/07 13:21:18.521, 0, 71546, 100, 967.39
2026/08/07 13:21:18.521, 1, 72706, 100, 980.22
2026/08/07 13:21:18.521, 2, 72706, 100, 950.14
2026/08/07 13:21:18.521, 3, 72706, 100, 971.23
2026/08/07 13:21:18.521, 4, 0, 0, 132.57
2026/08/07 13:21:18.521, 5, 0, 0, 132.30
2026/08/07 13:21:18.521, 6, 0, 0, 132.09
2026/08/07 13:21:18.521, 7, 0, 0, 132.77
2026/08/07 13:21:19.021, 0, 71546, 100, 962.59
2026/08/07 13:21:19.021, 1, 72706, 100, 978.09
2026/08/07 13:21:19.021, 2, 72706, 100, 948.59
2026/08/07 13:21:19.021, 3, 72706, 100, 973.18
2026/08/07 13:21:19.021, 4, 0, 0, 132.76
2026/08/07 13:21:19.021, 5, 0, 0, 132.30
2026/08/07 13:21:19.021, 6, 0, 0, 132.18
2026/08/07 13:21:19.021, 7, 0, 0, 132.73
2026/08/07 13:21:19.521, 0, 71546, 100, 958.52
2026/08/07 13:21:19.521, 1, 72706, 100, 979.46
2026/08/07 13:21:19.521, 2, 72706, 100, 949.08
2026/08/07 13:21:19.521, 3, 72706, 100, 965.23
2026/08/07 13:21:19.521, 4, 0, 0, 132.87
2026/08/07 13:21:19.521, 5, 0, 0, 132.30
2026/08/07 13:21:19.521, 6, 0, 0, 132.22
2026/08/07 13:21:19.521, 7, 0, 0, 132.74
2026/08/07 13:21:20.022, 0, 71546, 100, 954.65
2026/08/07 13:21:20.022, 1, 72706, 100, 977.40
2026/08/07 13:21:20.022, 2, 72706, 100, 951.02
2026/08/07 13:21:20.022, 3, 72706, 100, 956.79
2026/08/07 13:21:20.022, 4, 0, 0, 132.65
2026/08/07 13:21:20.022, 5, 0, 0, 132.30
2026/08/07 13:21:20.022, 6, 0, 0, 132.26
2026/08/07 13:21:20.022, 7, 0, 0, 132.78
2026/08/07 13:21:20.522, 0, 71546, 100, 947.97
2026/08/07 13:21:20.522, 1, 72706, 100, 974.15
2026/08/07 13:21:20.522, 2, 72706, 100, 948.34
2026/08/07 13:21:20.522, 3, 72706, 100, 951.62
2026/08/07 13:21:20.522, 4, 0, 0, 132.49
2026/08/07 13:21:20.522, 5, 0, 0, 132.30
2026/08/07 13:21:20.522, 6, 0, 0, 132.29
2026/08/07 13:21:20.522, 7, 0, 0, 132.77
2026/08/07 13:21:21.022, 0, 71546, 100, 944.36
2026/08/07 13:21:21.022, 1, 72706, 100, 966.79
2026/08/07 13:21:21.022, 2, 72706, 100, 938.44
2026/08/07 13:21:21.022, 3, 72706, 99, 947.09
2026/08/07 13:21:21.022, 4, 0, 0, 132.49
2026/08/07 13:21:21.022, 5, 0, 0, 132.30
2026/08/07 13:21:21.022, 6, 0, 0, 132.22
2026/08/07 13:21:21.022, 7, 0, 0, 132.62
2026/08/07 13:21:21.522, 0, 71546, 100, 946.44
2026/08/07 13:21:21.522, 1, 72706, 100, 970.09
2026/08/07 13:21:21.522, 2, 72706, 100, 942.75
2026/08/07 13:21:21.522, 3, 72706, 100, 957.39
2026/08/07 13:21:21.522, 4, 0, 0, 132.53
2026/08/07 13:21:21.522, 5, 0, 0, 132.41
2026/08/07 13:21:21.522, 6, 0, 0, 132.18
2026/08/07 13:21:21.522, 7, 0, 0, 132.78
2026/08/07 13:21:22.022, 0, 71546, 100, 962.84
2026/08/07 13:21:22.022, 1, 72706, 100, 978.10
2026/08/07 13:21:22.022, 2, 72706, 100, 946.41
2026/08/07 13:21:22.022, 3, 72706, 100, 961.50
2026/08/07 13:21:22.022, 4, 0, 0, 132.53
2026/08/07 13:21:22.022, 5, 0, 0, 132.42
2026/08/07 13:21:22.022, 6, 0, 0, 132.22
2026/08/07 13:21:22.022, 7, 0, 0, 132.98
2026/08/07 13:21:22.523, 0, 71546, 100, 963.54
2026/08/07 13:21:22.523, 1, 72706, 100, 980.20
2026/08/07 13:21:22.523, 2, 72706, 100, 954.88
2026/08/07 13:21:22.523, 3, 72706, 100, 964.04
2026/08/07 13:21:22.523, 4, 0, 0, 132.53
2026/08/07 13:21:22.523, 5, 0, 0, 132.30
2026/08/07 13:21:22.523, 6, 0, 0, 132.21
2026/08/07 13:21:22.523, 7, 0, 0, 132.82
2026/08/07 13:21:23.023, 0, 71546, 100, 955.81
2026/08/07 13:21:23.023, 1, 72706, 100, 979.50
2026/08/07 13:21:23.023, 2, 72706, 100, 953.06
2026/08/07 13:21:23.023, 3, 72706, 100, 962.29
2026/08/07 13:21:23.023, 4, 0, 0, 132.65
2026/08/07 13:21:23.023, 5, 0, 0, 132.30
2026/08/07 13:21:23.023, 6, 0, 0, 132.14
2026/08/07 13:21:23.023, 7, 0, 0, 132.66
2026/08/07 13:21:23.523, 0, 71546, 100, 954.58
2026/08/07 13:21:23.524, 1, 72706, 100, 973.72
2026/08/07 13:21:23.524, 2, 72706, 100, 946.25
2026/08/07 13:21:23.526, 3, 72706, 100, 957.01
2026/08/07 13:21:23.527, 4, 0, 0, 132.68
2026/08/07 13:21:23.528, 5, 0, 0, 132.30
2026/08/07 13:21:23.529, 6, 0, 0, 131.90
2026/08/07 13:21:23.530, 7, 0, 0, 132.66
2026/08/07 13:21:24.031, 0, 71546, 100, 951.15
2026/08/07 13:21:24.031, 1, 72706, 100, 968.50
2026/08/07 13:21:24.031, 2, 72706, 100, 947.77
2026/08/07 13:21:24.031, 3, 72706, 100, 959.32
2026/08/07 13:21:24.031, 4, 0, 0, 132.83
2026/08/07 13:21:24.031, 5, 0, 0, 132.30
2026/08/07 13:21:24.031, 6, 0, 0, 132.01
2026/08/07 13:21:24.031, 7, 0, 0, 132.74
2026/08/07 13:21:24.531, 0, 71546, 100, 949.89
2026/08/07 13:21:24.531, 1, 72706, 100, 972.54
2026/08/07 13:21:24.531, 2, 72706, 100, 945.27
2026/08/07 13:21:24.531, 3, 72706, 100, 957.78
2026/08/07 13:21:24.531, 4, 0, 0, 132.72
2026/08/07 13:21:24.531, 5, 0, 0, 132.30
2026/08/07 13:21:24.531, 6, 0, 0, 132.25
2026/08/07 13:21:24.531, 7, 0, 0, 132.69
2026/08/07 13:21:25.032, 0, 71546, 100, 950.64
2026/08/07 13:21:25.032, 1, 72706, 100, 970.71
2026/08/07 13:21:25.032, 2, 72706, 100, 945.45
2026/08/07 13:21:25.032, 3, 72706, 100, 958.65
2026/08/07 13:21:25.032, 4, 0, 0, 132.60
2026/08/07 13:21:25.032, 5, 0, 0, 132.30
2026/08/07 13:21:25.032, 6, 0, 0, 132.24
2026/08/07 13:21:25.032, 7, 0, 0, 132.62
2026/08/07 13:21:25.532, 0, 71546, 100, 948.29
2026/08/07 13:21:25.532, 1, 72706, 100, 966.82
2026/08/07 13:21:25.532, 2, 72706, 100, 939.67
2026/08/07 13:21:25.532, 3, 72706, 100, 949.72
2026/08/07 13:21:25.532, 4, 0, 0, 132.68
2026/08/07 13:21:25.532, 5, 0, 0, 132.30
2026/08/07 13:21:25.532, 6, 0, 0, 132.05
2026/08/07 13:21:25.532, 7, 0, 0, 132.82
2026/08/07 13:21:26.032, 0, 71546, 100, 953.87
2026/08/07 13:21:26.032, 1, 72706, 100, 966.39
2026/08/07 13:21:26.033, 2, 72706, 100, 940.16
2026/08/07 13:21:26.034, 3, 72706, 100, 957.92
2026/08/07 13:21:26.035, 4, 0, 0, 132.57
2026/08/07 13:21:26.036, 5, 0, 0, 132.30
2026/08/07 13:21:26.037, 6, 0, 0, 131.91
2026/08/07 13:21:26.039, 7, 0, 0, 132.92
2026/08/07 13:21:26.540, 0, 71546, 100, 959.74
2026/08/07 13:21:26.540, 1, 72706, 100, 977.29
2026/08/07 13:21:26.540, 2, 72706, 100, 951.28
2026/08/07 13:21:26.540, 3, 72706, 100, 971.64
2026/08/07 13:21:26.540, 4, 0, 0, 132.49
2026/08/07 13:21:26.540, 5, 0, 0, 132.45
2026/08/07 13:21:26.540, 6, 0, 0, 132.02
2026/08/07 13:21:26.540, 7, 0, 0, 133.07
2026/08/07 13:21:27.040, 0, 71546, 100, 960.24
2026/08/07 13:21:27.040, 1, 72706, 100, 984.12
2026/08/07 13:21:27.040, 2, 72706, 100, 950.93
2026/08/07 13:21:27.040, 3, 72706, 100, 970.35
2026/08/07 13:21:27.040, 4, 0, 0, 132.42
2026/08/07 13:21:27.040, 5, 0, 0, 132.45
2026/08/07 13:21:27.040, 6, 0, 0, 132.06
2026/08/07 13:21:27.040, 7, 0, 0, 132.93
2026/08/07 13:21:27.540, 0, 71546, 100, 959.33
2026/08/07 13:21:27.540, 1, 72706, 100, 978.52
2026/08/07 13:21:27.540, 2, 72706, 100, 955.62
2026/08/07 13:21:27.541, 3, 72706, 100, 968.64
2026/08/07 13:21:27.541, 4, 0, 0, 132.53
2026/08/07 13:21:27.541, 5, 0, 0, 132.30
2026/08/07 13:21:27.541, 6, 0, 0, 131.98
2026/08/07 13:21:27.541, 7, 0, 0, 132.70
2026/08/07 13:21:28.041, 0, 71546, 100, 957.89
2026/08/07 13:21:28.041, 1, 72706, 100, 977.36
2026/08/07 13:21:28.041, 2, 72706, 100, 949.49
2026/08/07 13:21:28.041, 3, 72706, 100, 957.28
2026/08/07 13:21:28.041, 4, 0, 0, 132.53
2026/08/07 13:21:28.041, 5, 0, 0, 132.30
2026/08/07 13:21:28.041, 6, 0, 0, 132.01
2026/08/07 13:21:28.041, 7, 0, 0, 132.66
2026/08/07 13:21:28.541, 0, 71546, 100, 953.11
2026/08/07 13:21:28.542, 1, 72706, 100, 973.95
2026/08/07 13:21:28.543, 2, 72706, 100, 942.35
2026/08/07 13:21:28.544, 3, 72706, 100, 958.10
2026/08/07 13:21:28.546, 4, 0, 0, 132.53
2026/08/07 13:21:28.546, 5, 0, 0, 132.30
2026/08/07 13:21:28.547, 6, 0, 0, 132.09
2026/08/07 13:21:28.548, 7, 0, 0, 132.62
2026/08/07 13:21:29.049, 0, 71546, 100, 950.80
2026/08/07 13:21:29.049, 1, 72706, 100, 972.01
2026/08/07 13:21:29.049, 2, 72706, 100, 946.44
2026/08/07 13:21:29.049, 3, 72706, 100, 955.06
2026/08/07 13:21:29.049, 4, 0, 0, 132.84
2026/08/07 13:21:29.049, 5, 0, 0, 132.30
2026/08/07 13:21:29.049, 6, 0, 0, 132.22
2026/08/07 13:21:29.049, 7, 0, 0, 132.62
2026/08/07 13:21:29.549, 0, 71546, 99, 945.58
2026/08/07 13:21:29.549, 1, 72706, 100, 958.78
2026/08/07 13:21:29.549, 2, 72706, 100, 947.32
2026/08/07 13:21:29.549, 3, 72706, 99, 947.99
2026/08/07 13:21:29.549, 4, 0, 0, 132.76
2026/08/07 13:21:29.549, 5, 0, 0, 132.30
2026/08/07 13:21:29.549, 6, 0, 0, 132.22
2026/08/07 13:21:29.549, 7, 0, 0, 132.62
2026/08/07 13:21:30.050, 0, 71546, 100, 941.44
2026/08/07 13:21:30.050, 1, 72706, 100, 955.59
2026/08/07 13:21:30.050, 2, 72706, 100, 942.00
2026/08/07 13:21:30.050, 3, 72706, 100, 951.44
2026/08/07 13:21:30.050, 4, 0, 0, 132.61
2026/08/07 13:21:30.050, 5, 0, 0, 132.30
2026/08/07 13:21:30.050, 6, 0, 0, 131.99
2026/08/07 13:21:30.050, 7, 0, 0, 132.50
2026/08/07 13:21:30.550, 0, 71546, 100, 954.13
2026/08/07 13:21:30.550, 1, 72706, 100, 970.91
2026/08/07 13:21:30.550, 2, 72706, 100, 939.21
2026/08/07 13:21:30.550, 3, 72706, 100, 957.76
2026/08/07 13:21:30.550, 4, 0, 0, 132.57
2026/08/07 13:21:30.550, 5, 0, 0, 132.30
2026/08/07 13:21:30.550, 6, 0, 0, 131.94
2026/08/07 13:21:30.550, 7, 0, 0, 132.58
2026/08/07 13:21:31.050, 0, 71546, 100, 963.89
2026/08/07 13:21:31.050, 1, 72706, 100, 975.64
2026/08/07 13:21:31.050, 2, 72706, 100, 940.02
2026/08/07 13:21:31.050, 3, 72706, 100, 966.00
2026/08/07 13:21:31.050, 4, 0, 0, 132.46
2026/08/07 13:21:31.050, 5, 0, 0, 132.30
2026/08/07 13:21:31.050, 6, 0, 0, 131.98
2026/08/07 13:21:31.050, 7, 0, 0, 132.62
2026/08/07 13:21:31.550, 0, 71546, 100, 962.29
2026/08/07 13:21:31.550, 1, 72706, 100, 974.78
2026/08/07 13:21:31.550, 2, 72706, 100, 944.81
2026/08/07 13:21:31.550, 3, 72706, 100, 968.20
2026/08/07 13:21:31.550, 4, 0, 0, 132.49
2026/08/07 13:21:31.550, 5, 0, 0, 132.42
2026/08/07 13:21:31.550, 6, 0, 0, 131.84
2026/08/07 13:21:31.550, 7, 0, 0, 132.66
2026/08/07 13:21:32.050, 0, 71546, 100, 961.11
2026/08/07 13:21:32.051, 1, 72706, 100, 978.57
2026/08/07 13:21:32.052, 2, 72706, 100, 953.04
2026/08/07 13:21:32.053, 3, 72706, 100, 965.95
2026/08/07 13:21:32.054, 4, 0, 0, 132.52
2026/08/07 13:21:32.054, 5, 0, 0, 132.42
2026/08/07 13:21:32.054, 6, 0, 0, 131.95
2026/08/07 13:21:32.054, 7, 0, 0, 132.85
2026/08/07 13:21:32.554, 0, 71546, 100, 950.01
2026/08/07 13:21:32.555, 1, 72706, 100, 972.07
2026/08/07 13:21:32.555, 2, 72706, 100, 950.97
2026/08/07 13:21:32.555, 3, 72706, 100, 962.39
2026/08/07 13:21:32.555, 4, 0, 0, 132.45
2026/08/07 13:21:32.555, 5, 0, 0, 132.30
2026/08/07 13:21:32.555, 6, 0, 0, 132.09
2026/08/07 13:21:32.555, 7, 0, 0, 132.70
2026/08/07 13:21:33.055, 0, 71546, 100, 946.34
2026/08/07 13:21:33.055, 1, 72706, 100, 969.35
2026/08/07 13:21:33.055, 2, 72706, 100, 945.45
2026/08/07 13:21:33.055, 3, 72706, 100, 953.78
2026/08/07 13:21:33.055, 4, 0, 0, 132.37
2026/08/07 13:21:33.055, 5, 0, 0, 132.30
2026/08/07 13:21:33.055, 6, 0, 0, 131.99
2026/08/07 13:21:33.055, 7, 0, 0, 132.58
2026/08/07 13:21:33.555, 0, 71546, 100, 951.50
2026/08/07 13:21:33.556, 1, 72706, 100, 967.15
2026/08/07 13:21:33.556, 2, 72706, 100, 942.22
2026/08/07 13:21:33.556, 3, 72706, 100, 951.19
2026/08/07 13:21:33.556, 4, 0, 0, 132.52
2026/08/07 13:21:33.556, 5, 0, 0, 132.30
2026/08/07 13:21:33.556, 6, 0, 0, 131.99
2026/08/07 13:21:33.556, 7, 0, 0, 132.69
2026/08/07 13:21:34.057, 0, 71546, 100, 945.78
2026/08/07 13:21:34.057, 1, 72706, 100, 967.80
2026/08/07 13:21:34.057, 2, 72706, 100, 941.55
2026/08/07 13:21:34.057, 3, 72706, 100, 953.42
2026/08/07 13:21:34.057, 4, 0, 0, 132.80
2026/08/07 13:21:34.057, 5, 0, 0, 132.30
2026/08/07 13:21:34.057, 6, 0, 0, 132.14
2026/08/07 13:21:34.057, 7, 0, 0, 132.62
2026/08/07 13:21:34.557, 0, 71546, 100, 947.75
2026/08/07 13:21:34.557, 1, 72706, 100, 971.94
2026/08/07 13:21:34.557, 2, 72706, 100, 938.76
2026/08/07 13:21:34.557, 3, 72706, 100, 951.19
2026/08/07 13:21:34.557, 4, 0, 0, 132.77
2026/08/07 13:21:34.557, 5, 0, 0, 132.30
2026/08/07 13:21:34.557, 6, 0, 0, 132.10
2026/08/07 13:21:34.557, 7, 0, 0, 132.54
2026/08/07 13:21:35.057, 0, 71546, 100, 956.01
2026/08/07 13:21:35.057, 1, 72706, 100, 972.33
2026/08/07 13:21:35.057, 2, 72706, 100, 952.90
2026/08/07 13:21:35.057, 3, 72706, 100, 960.40
2026/08/07 13:21:35.057, 4, 0, 0, 132.61
2026/08/07 13:21:35.057, 5, 0, 0, 132.30
2026/08/07 13:21:35.057, 6, 0, 0, 132.07
2026/08/07 13:21:35.057, 7, 0, 0, 132.69
2026/08/07 13:21:35.557, 0, 71546, 100, 961.64
2026/08/07 13:21:35.557, 1, 72706, 100, 979.39
2026/08/07 13:21:35.557, 2, 72706, 100, 949.88
2026/08/07 13:21:35.557, 3, 72706, 100, 965.14
2026/08/07 13:21:35.557, 4, 0, 0, 132.45
2026/08/07 13:21:35.557, 5, 0, 0, 132.30
2026/08/07 13:21:35.557, 6, 0, 0, 132.14
2026/08/07 13:21:35.557, 7, 0, 0, 132.65
2026/08/07 13:21:36.057, 0, 71546, 100, 962.00
2026/08/07 13:21:36.057, 1, 72706, 100, 977.42
2026/08/07 13:21:36.058, 2, 72706, 100, 944.59
2026/08/07 13:21:36.059, 3, 72706, 100, 966.79
2026/08/07 13:21:36.060, 4, 0, 0, 132.46
2026/08/07 13:21:36.062, 5, 0, 0, 132.30
2026/08/07 13:21:36.063, 6, 0, 0, 132.06
2026/08/07 13:21:36.063, 7, 0, 0, 132.65
2026/08/07 13:21:36.564, 0, 71546, 100, 959.01
2026/08/07 13:21:36.564, 1, 72706, 100, 970.36
2026/08/07 13:21:36.564, 2, 72706, 100, 947.22
2026/08/07 13:21:36.564, 3, 72706, 100, 961.77
2026/08/07 13:21:36.564, 4, 0, 0, 132.49
2026/08/07 13:21:36.564, 5, 0, 0, 132.38
2026/08/07 13:21:36.564, 6, 0, 0, 131.95
2026/08/07 13:21:36.564, 7, 0, 0, 132.78
2026/08/07 13:21:37.064, 0, 71546, 100, 956.96
2026/08/07 13:21:37.064, 1, 72706, 100, 969.15
2026/08/07 13:21:37.064, 2, 72706, 100, 946.93
2026/08/07 13:21:37.064, 3, 72706, 100, 958.20
2026/08/07 13:21:37.064, 4, 0, 0, 132.38
2026/08/07 13:21:37.064, 5, 0, 0, 132.38
2026/08/07 13:21:37.064, 6, 0, 0, 131.95
2026/08/07 13:21:37.064, 7, 0, 0, 132.90
2026/08/07 13:21:37.564, 0, 71546, 100, 952.10
2026/08/07 13:21:37.564, 1, 72706, 100, 969.27
2026/08/07 13:21:37.564, 2, 72706, 100, 947.54
2026/08/07 13:21:37.564, 3, 72706, 100, 955.80
2026/08/07 13:21:37.564, 4, 0, 0, 132.42
2026/08/07 13:21:37.564, 5, 0, 0, 132.30
2026/08/07 13:21:37.564, 6, 0, 0, 131.91
2026/08/07 13:21:37.564, 7, 0, 0, 132.81
2026/08/07 13:21:38.064, 0, 71546, 99, 945.08
2026/08/07 13:21:38.064, 1, 72706, 100, 969.53
2026/08/07 13:21:38.064, 2, 72706, 100, 940.64
2026/08/07 13:21:38.064, 3, 72706, 100, 945.16
2026/08/07 13:21:38.064, 4, 0, 0, 132.38
2026/08/07 13:21:38.064, 5, 0, 0, 132.30
2026/08/07 13:21:38.064, 6, 0, 0, 132.02
2026/08/07 13:21:38.064, 7, 0, 0, 132.58
2026/08/07 13:21:38.564, 0, 71546, 100, 952.47
2026/08/07 13:21:38.564, 1, 72706, 100, 963.67
2026/08/07 13:21:38.565, 2, 72706, 100, 936.09
2026/08/07 13:21:38.565, 3, 72706, 100, 947.92
2026/08/07 13:21:38.565, 4, 0, 0, 132.53
2026/08/07 13:21:38.568, 5, 0, 0, 132.30
2026/08/07 13:21:38.568, 6, 0, 0, 132.10
2026/08/07 13:21:38.568, 7, 0, 0, 132.58
2026/08/07 13:21:39.068, 0, 71546, 100, 956.72
2026/08/07 13:21:39.068, 1, 72706, 100, 970.58
2026/08/07 13:21:39.068, 2, 72706, 100, 939.65
2026/08/07 13:21:39.068, 3, 72706, 100, 953.18
2026/08/07 13:21:39.068, 4, 0, 0, 132.76
2026/08/07 13:21:39.068, 5, 0, 0, 132.30
2026/08/07 13:21:39.068, 6, 0, 0, 132.18
2026/08/07 13:21:39.068, 7, 0, 0, 132.54
2026/08/07 13:21:39.568, 0, 71546, 100, 960.14
2026/08/07 13:21:39.568, 1, 72706, 100, 980.39
2026/08/07 13:21:39.569, 2, 72706, 100, 950.76
2026/08/07 13:21:39.569, 3, 72706, 100, 965.48
2026/08/07 13:21:39.569, 4, 0, 0, 132.65
2026/08/07 13:21:39.569, 5, 0, 0, 132.30
2026/08/07 13:21:39.569, 6, 0, 0, 132.22
2026/08/07 13:21:39.569, 7, 0, 0, 132.54
2026/08/07 13:21:40.069, 0, 71546, 100, 957.98
2026/08/07 13:21:40.069, 1, 72706, 100, 976.86
2026/08/07 13:21:40.069, 2, 72706, 100, 954.92
2026/08/07 13:21:40.069, 3, 72706, 100, 964.32
2026/08/07 13:21:40.069, 4, 0, 0, 132.45
2026/08/07 13:21:40.069, 5, 0, 0, 132.30
2026/08/07 13:21:40.069, 6, 0, 0, 132.06
2026/08/07 13:21:40.069, 7, 0, 0, 132.70
2026/08/07 13:21:40.569, 0, 71546, 100, 951.96
2026/08/07 13:21:40.569, 1, 72706, 100, 973.09
2026/08/07 13:21:40.569, 2, 72706, 100, 949.85
2026/08/07 13:21:40.569, 3, 72706, 100, 955.90
2026/08/07 13:21:40.569, 4, 0, 0, 132.57
2026/08/07 13:21:40.569, 5, 0, 0, 132.30
2026/08/07 13:21:40.569, 6, 0, 0, 132.10
2026/08/07 13:21:40.569, 7, 0, 0, 132.74
2026/08/07 13:21:41.069, 0, 71546, 100, 953.64
2026/08/07 13:21:41.069, 1, 72706, 100, 968.68
2026/08/07 13:21:41.069, 2, 72706, 100, 948.45
2026/08/07 13:21:41.069, 3, 72706, 100, 958.84
2026/08/07 13:21:41.069, 4, 0, 0, 132.68
2026/08/07 13:21:41.069, 5, 0, 0, 132.30
2026/08/07 13:21:41.069, 6, 0, 0, 131.99
2026/08/07 13:21:41.069, 7, 0, 0, 132.66
2026/08/07 13:21:41.569, 0, 71546, 100, 951.35
2026/08/07 13:21:41.569, 1, 72706, 100, 966.54
2026/08/07 13:21:41.569, 2, 72706, 100, 947.70
2026/08/07 13:21:41.569, 3, 72706, 100, 954.02
2026/08/07 13:21:41.570, 4, 0, 0, 132.57
2026/08/07 13:21:41.570, 5, 0, 0, 132.38
2026/08/07 13:21:41.570, 6, 0, 0, 131.91
2026/08/07 13:21:41.570, 7, 0, 0, 132.73
2026/08/07 13:21:42.070, 0, 71546, 100, 946.51
2026/08/07 13:21:42.070, 1, 72706, 100, 967.95
2026/08/07 13:21:42.070, 2, 72706, 100, 940.33
2026/08/07 13:21:42.070, 3, 72706, 100, 952.67
2026/08/07 13:21:42.070, 4, 0, 0, 132.57
2026/08/07 13:21:42.070, 5, 0, 0, 132.38
2026/08/07 13:21:42.070, 6, 0, 0, 131.99
2026/08/07 13:21:42.070, 7, 0, 0, 132.85
2026/08/07 13:21:42.570, 0, 71546, 100, 944.78
2026/08/07 13:21:42.570, 1, 72706, 100, 959.78
2026/08/07 13:21:42.570, 2, 72706, 99, 944.05
2026/08/07 13:21:42.570, 3, 72706, 100, 957.57
2026/08/07 13:21:42.570, 4, 0, 0, 132.49
2026/08/07 13:21:42.570, 5, 0, 0, 132.30
2026/08/07 13:21:42.570, 6, 0, 0, 132.02
2026/08/07 13:21:42.570, 7, 0, 0, 132.74
2026/08/07 13:21:43.070, 0, 71546, 100, 948.39
2026/08/07 13:21:43.070, 1, 72706, 100, 965.90
2026/08/07 13:21:43.070, 2, 72706, 100, 948.71
2026/08/07 13:21:43.070, 3, 72706, 100, 955.80
2026/08/07 13:21:43.070, 4, 0, 0, 132.53
2026/08/07 13:21:43.070, 5, 0, 0, 132.30
2026/08/07 13:21:43.070, 6, 0, 0, 132.06
2026/08/07 13:21:43.070, 7, 0, 0, 132.58
2026/08/07 13:21:43.570, 0, 71546, 100, 954.82
2026/08/07 13:21:43.570, 1, 72706, 100, 971.50
2026/08/07 13:21:43.570, 2, 72706, 100, 956.57
2026/08/07 13:21:43.570, 3, 72706, 100, 957.86
2026/08/07 13:21:43.570, 4, 0, 0, 132.64
2026/08/07 13:21:43.570, 5, 0, 0, 132.30
2026/08/07 13:21:43.570, 6, 0, 0, 132.10
2026/08/07 13:21:43.570, 7, 0, 0, 132.54
2026/08/07 13:21:44.070, 0, 71546, 100, 956.61
2026/08/07 13:21:44.071, 1, 72706, 100, 972.37
2026/08/07 13:21:44.071, 2, 72706, 100, 954.10
2026/08/07 13:21:44.071, 3, 72706, 100, 959.04
2026/08/07 13:21:44.071, 4, 0, 0, 132.61
2026/08/07 13:21:44.071, 5, 0, 0, 132.30
2026/08/07 13:21:44.071, 6, 0, 0, 132.18
2026/08/07 13:21:44.071, 7, 0, 0, 132.62
2026/08/07 13:21:44.571, 0, 71546, 100, 956.75
2026/08/07 13:21:44.571, 1, 72706, 100, 979.60
2026/08/07 13:21:44.571, 2, 72706, 100, 945.97
2026/08/07 13:21:44.571, 3, 72706, 100, 957.60
2026/08/07 13:21:44.571, 4, 0, 0, 132.49
2026/08/07 13:21:44.571, 5, 0, 0, 132.30
2026/08/07 13:21:44.571, 6, 0, 0, 132.10
2026/08/07 13:21:44.571, 7, 0, 0, 132.62
2026/08/07 13:21:45.071, 0, 71546, 100, 952.64
2026/08/07 13:21:45.071, 1, 72706, 100, 972.68
2026/08/07 13:21:45.071, 2, 72706, 100, 947.22
2026/08/07 13:21:45.071, 3, 72706, 100, 954.61
2026/08/07 13:21:45.071, 4, 0, 0, 132.41
2026/08/07 13:21:45.071, 5, 0, 0, 132.30
2026/08/07 13:21:45.071, 6, 0, 0, 131.83
2026/08/07 13:21:45.071, 7, 0, 0, 132.54
2026/08/07 13:21:45.571, 0, 71546, 100, 953.90
2026/08/07 13:21:45.571, 1, 72706, 100, 970.23
2026/08/07 13:21:45.572, 2, 72706, 100, 942.48
2026/08/07 13:21:45.572, 3, 72706, 100, 958.38
2026/08/07 13:21:45.572, 4, 0, 0, 132.49
2026/08/07 13:21:45.572, 5, 0, 0, 132.30
2026/08/07 13:21:45.572, 6, 0, 0, 131.92
2026/08/07 13:21:45.572, 7, 0, 0, 132.50
2026/08/07 13:21:46.072, 0, 71546, 100, 954.53
2026/08/07 13:21:46.072, 1, 72706, 100, 967.36
2026/08/07 13:21:46.072, 2, 72706, 100, 943.26
2026/08/07 13:21:46.072, 3, 72706, 100, 962.49
2026/08/07 13:21:46.072, 4, 0, 0, 132.42
2026/08/07 13:21:46.072, 5, 0, 0, 132.30
2026/08/07 13:21:46.072, 6, 0, 0, 131.99
2026/08/07 13:21:46.072, 7, 0, 0, 132.46
2026/08/07 13:21:46.572, 0, 71546, 100, 945.97
2026/08/07 13:21:46.572, 1, 72706, 100, 967.67
2026/08/07 13:21:46.572, 2, 72706, 100, 936.56
2026/08/07 13:21:46.572, 3, 72706, 100, 956.45
2026/08/07 13:21:46.572, 4, 0, 0, 132.34
2026/08/07 13:21:46.572, 5, 0, 0, 132.38
2026/08/07 13:21:46.572, 6, 0, 0, 131.99
2026/08/07 13:21:46.572, 7, 0, 0, 132.58
2026/08/07 13:21:47.072, 0, 71546, 100, 941.45
2026/08/07 13:21:47.072, 1, 72706, 100, 969.75
2026/08/07 13:21:47.072, 2, 72706, 100, 929.89
2026/08/07 13:21:47.072, 3, 72706, 100, 947.95
2026/08/07 13:21:47.072, 4, 0, 0, 132.38
2026/08/07 13:21:47.072, 5, 0, 0, 132.38
2026/08/07 13:21:47.072, 6, 0, 0, 132.07
2026/08/07 13:21:47.072, 7, 0, 0, 132.70
2026/08/07 13:21:47.572, 0, 71546, 100, 949.07
2026/08/07 13:21:47.572, 1, 72706, 100, 967.13
2026/08/07 13:21:47.572, 2, 72706, 100, 937.48
2026/08/07 13:21:47.572, 3, 72706, 100, 951.67
2026/08/07 13:21:47.572, 4, 0, 0, 132.41
2026/08/07 13:21:47.572, 5, 0, 0, 132.30
2026/08/07 13:21:47.572, 6, 0, 0, 132.14
2026/08/07 13:21:47.572, 7, 0, 0, 132.62
2026/08/07 13:21:48.072, 0, 71546, 100, 961.51
2026/08/07 13:21:48.072, 1, 72706, 100, 976.79
2026/08/07 13:21:48.072, 2, 72706, 100, 948.01
2026/08/07 13:21:48.072, 3, 72706, 100, 963.66
2026/08/07 13:21:48.072, 4, 0, 0, 132.45
2026/08/07 13:21:48.072, 5, 0, 0, 132.30
2026/08/07 13:21:48.072, 6, 0, 0, 132.17
2026/08/07 13:21:48.072, 7, 0, 0, 132.50
2026/08/07 13:21:48.573, 0, 71546, 100, 964.62
2026/08/07 13:21:48.573, 1, 72706, 100, 976.48
2026/08/07 13:21:48.573, 2, 72706, 100, 948.96
2026/08/07 13:21:48.573, 3, 72706, 100, 970.57
2026/08/07 13:21:48.573, 4, 0, 0, 132.45
2026/08/07 13:21:48.573, 5, 0, 0, 132.30
2026/08/07 13:21:48.573, 6, 0, 0, 131.98
2026/08/07 13:21:48.573, 7, 0, 0, 132.46
2026/08/07 13:21:49.073, 0, 71546, 100, 954.41
2026/08/07 13:21:49.073, 1, 72706, 100, 975.64
2026/08/07 13:21:49.073, 2, 72706, 100, 943.40
2026/08/07 13:21:49.073, 3, 72706, 100, 960.83
2026/08/07 13:21:49.073, 4, 0, 0, 132.65
2026/08/07 13:21:49.073, 5, 0, 0, 132.30
2026/08/07 13:21:49.073, 6, 0, 0, 132.18
2026/08/07 13:21:49.073, 7, 0, 0, 132.46
2026/08/07 13:21:49.573, 0, 71546, 100, 954.11
2026/08/07 13:21:49.573, 1, 72706, 100, 972.60
2026/08/07 13:21:49.573, 2, 72706, 100, 948.67
2026/08/07 13:21:49.573, 3, 72706, 100, 954.56
2026/08/07 13:21:49.573, 4, 0, 0, 132.77
2026/08/07 13:21:49.573, 5, 0, 0, 132.30
2026/08/07 13:21:49.573, 6, 0, 0, 132.38
2026/08/07 13:21:49.573, 7, 0, 0, 132.58
2026/08/07 13:21:50.073, 0, 71546, 100, 952.37
2026/08/07 13:21:50.073, 1, 72706, 100, 965.70
2026/08/07 13:21:50.073, 2, 72706, 100, 951.64
2026/08/07 13:21:50.073, 3, 72706, 100, 949.99
2026/08/07 13:21:50.073, 4, 0, 0, 132.46
2026/08/07 13:21:50.073, 5, 0, 0, 132.30
2026/08/07 13:21:50.073, 6, 0, 0, 132.23
2026/08/07 13:21:50.073, 7, 0, 0, 132.58
2026/08/07 13:21:50.573, 0, 71546, 100, 946.58
2026/08/07 13:21:50.573, 1, 72706, 100, 966.51
2026/08/07 13:21:50.573, 2, 72706, 100, 942.91
2026/08/07 13:21:50.573, 3, 72706, 100, 948.37
2026/08/07 13:21:50.573, 4, 0, 0, 132.30
2026/08/07 13:21:50.573, 5, 0, 0, 132.30
2026/08/07 13:21:50.573, 6, 0, 0, 132.23
2026/08/07 13:21:50.573, 7, 0, 0, 132.51
2026/08/07 13:21:51.073, 0, 71546, 100, 950.81
2026/08/07 13:21:51.073, 1, 72706, 99, 957.10
2026/08/07 13:21:51.073, 2, 72706, 99, 937.27
2026/08/07 13:21:51.073, 3, 72706, 99, 948.26
2026/08/07 13:21:51.073, 4, 0, 0, 132.34
2026/08/07 13:21:51.073, 5, 0, 0, 132.30
2026/08/07 13:21:51.073, 6, 0, 0, 132.14
2026/08/07 13:21:51.073, 7, 0, 0, 132.50
2026/08/07 13:21:51.574, 0, 71546, 100, 950.98
2026/08/07 13:21:51.574, 1, 72706, 100, 961.98
2026/08/07 13:21:51.574, 2, 72706, 100, 933.97
2026/08/07 13:21:51.574, 3, 72706, 100, 946.80
2026/08/07 13:21:51.574, 4, 0, 0, 132.65
2026/08/07 13:21:51.574, 5, 0, 0, 132.42
2026/08/07 13:21:51.574, 6, 0, 0, 131.99
2026/08/07 13:21:51.574, 7, 0, 0, 132.69
2026/08/07 13:21:52.074, 0, 71546, 100, 954.01
2026/08/07 13:21:52.074, 1, 72706, 100, 973.48
2026/08/07 13:21:52.074, 2, 72706, 100, 944.23
2026/08/07 13:21:52.074, 3, 72706, 100, 958.66
2026/08/07 13:21:52.074, 4, 0, 0, 132.64
2026/08/07 13:21:52.074, 5, 0, 0, 132.41
2026/08/07 13:21:52.074, 6, 0, 0, 131.99
2026/08/07 13:21:52.074, 7, 0, 0, 132.81
2026/08/07 13:21:52.574, 0, 71546, 100, 955.11
2026/08/07 13:21:52.574, 1, 72706, 100, 971.51
2026/08/07 13:21:52.574, 2, 72706, 100, 953.24
2026/08/07 13:21:52.574, 3, 72706, 100, 960.72
2026/08/07 13:21:52.574, 4, 0, 0, 132.34
2026/08/07 13:21:52.574, 5, 0, 0, 132.30
2026/08/07 13:21:52.574, 6, 0, 0, 131.99
2026/08/07 13:21:52.574, 7, 0, 0, 132.66
2026/08/07 13:21:53.074, 0, 71546, 100, 959.75
2026/08/07 13:21:53.074, 1, 72706, 100, 977.66
2026/08/07 13:21:53.074, 2, 72706, 100, 945.83
2026/08/07 13:21:53.074, 3, 72706, 100, 957.07
2026/08/07 13:21:53.074, 4, 0, 0, 132.41
2026/08/07 13:21:53.074, 5, 0, 0, 132.30
2026/08/07 13:21:53.074, 6, 0, 0, 131.83
2026/08/07 13:21:53.074, 7, 0, 0, 132.58
2026/08/07 13:21:53.574, 0, 71546, 100, 957.15
2026/08/07 13:21:53.574, 1, 72706, 100, 973.14
2026/08/07 13:21:53.574, 2, 72706, 100, 943.18
2026/08/07 13:21:53.574, 3, 72706, 100, 954.18
2026/08/07 13:21:53.574, 4, 0, 0, 132.49
2026/08/07 13:21:53.574, 5, 0, 0, 132.30
2026/08/07 13:21:53.574, 6, 0, 0, 131.96
2026/08/07 13:21:53.574, 7, 0, 0, 132.58
2026/08/07 13:21:54.074, 0, 71546, 100, 953.64
2026/08/07 13:21:54.074, 1, 72706, 100, 967.20
2026/08/07 13:21:54.074, 2, 72706, 100, 940.39
2026/08/07 13:21:54.074, 3, 72706, 100, 949.38
2026/08/07 13:21:54.074, 4, 0, 0, 132.77
2026/08/07 13:21:54.075, 5, 0, 0, 132.30
2026/08/07 13:21:54.075, 6, 0, 0, 132.22
2026/08/07 13:21:54.075, 7, 0, 0, 132.50
2026/08/07 13:21:54.575, 0, 71546, 100, 957.20
2026/08/07 13:21:54.575, 1, 72706, 100, 967.59
2026/08/07 13:21:54.575, 2, 72706, 100, 941.12
2026/08/07 13:21:54.575, 3, 72706, 100, 956.53
2026/08/07 13:21:54.575, 4, 0, 0, 132.73
2026/08/07 13:21:54.575, 5, 0, 0, 132.30
2026/08/07 13:21:54.575, 6, 0, 0, 132.26
2026/08/07 13:21:54.575, 7, 0, 0, 132.62
2026/08/07 13:21:55.075, 0, 71546, 100, 951.02
2026/08/07 13:21:55.075, 1, 72706, 100, 957.79
2026/08/07 13:21:55.075, 2, 72706, 100, 937.99
2026/08/07 13:21:55.075, 3, 72706, 100, 956.09
2026/08/07 13:21:55.075, 4, 0, 0, 132.41
2026/08/07 13:21:55.075, 5, 0, 0, 132.30
2026/08/07 13:21:55.075, 6, 0, 0, 132.15
2026/08/07 13:21:55.075, 7, 0, 0, 132.62
2026/08/07 13:21:55.575, 0, 71546, 100, 942.17
2026/08/07 13:21:55.575, 1, 72706, 100, 951.08
2026/08/07 13:21:55.575, 2, 72706, 100, 931.50
2026/08/07 13:21:55.575, 3, 72706, 100, 949.52
2026/08/07 13:21:55.575, 4, 0, 0, 132.49
2026/08/07 13:21:55.575, 5, 0, 0, 132.30
2026/08/07 13:21:55.575, 6, 0, 0, 132.11
2026/08/07 13:21:55.575, 7, 0, 0, 132.51
2026/08/07 13:21:56.075, 0, 71546, 100, 948.52
2026/08/07 13:21:56.075, 1, 72706, 100, 959.61
2026/08/07 13:21:56.075, 2, 72706, 100, 938.90
2026/08/07 13:21:56.075, 3, 72706, 100, 953.63
2026/08/07 13:21:56.075, 4, 0, 0, 132.49
2026/08/07 13:21:56.075, 5, 0, 0, 132.30
2026/08/07 13:21:56.075, 6, 0, 0, 132.10
2026/08/07 13:21:56.075, 7, 0, 0, 132.54
2026/08/07 13:21:56.575, 0, 71546, 100, 958.09
2026/08/07 13:21:56.575, 1, 72706, 100, 971.21
2026/08/07 13:21:56.575, 2, 72706, 100, 944.66
2026/08/07 13:21:56.575, 3, 72706, 100, 959.15
2026/08/07 13:21:56.575, 4, 0, 0, 132.49
2026/08/07 13:21:56.575, 5, 0, 0, 132.42
2026/08/07 13:21:56.575, 6, 0, 0, 132.14
2026/08/07 13:21:56.575, 7, 0, 0, 132.58
2026/08/07 13:21:57.076, 0, 71546, 100, 963.90
2026/08/07 13:21:57.076, 1, 72706, 100, 973.21
2026/08/07 13:21:57.076, 2, 72706, 100, 947.33
2026/08/07 13:21:57.076, 3, 72706, 100, 964.96
2026/08/07 13:21:57.076, 4, 0, 0, 132.41
2026/08/07 13:21:57.076, 5, 0, 0, 132.42
2026/08/07 13:21:57.076, 6, 0, 0, 132.10
2026/08/07 13:21:57.076, 7, 0, 0, 132.62
2026/08/07 13:21:57.576, 0, 71546, 100, 962.72
2026/08/07 13:21:57.576, 1, 72706, 100, 978.84
2026/08/07 13:21:57.577, 2, 72706, 100, 949.85
2026/08/07 13:21:57.578, 3, 72706, 100, 963.56
2026/08/07 13:21:57.579, 4, 0, 0, 132.34
2026/08/07 13:21:57.580, 5, 0, 0, 132.30
2026/08/07 13:21:57.581, 6, 0, 0, 131.95
2026/08/07 13:21:57.582, 7, 0, 0, 132.54
2026/08/07 13:21:58.083, 0, 71546, 100, 958.74
2026/08/07 13:21:58.083, 1, 72706, 100, 977.24
2026/08/07 13:21:58.083, 2, 72706, 100, 946.14
2026/08/07 13:21:58.083, 3, 72706, 100, 958.26
2026/08/07 13:21:58.083, 4, 0, 0, 132.49
2026/08/07 13:21:58.083, 5, 0, 0, 132.30
2026/08/07 13:21:58.083, 6, 0, 0, 131.99
2026/08/07 13:21:58.083, 7, 0, 0, 132.46
2026/08/07 13:21:58.583, 0, 71546, 100, 952.74
2026/08/07 13:21:58.583, 1, 72706, 100, 969.17
2026/08/07 13:21:58.583, 2, 72706, 100, 944.15
2026/08/07 13:21:58.583, 3, 72706, 100, 953.81
2026/08/07 13:21:58.583, 4, 0, 0, 132.61
2026/08/07 13:21:58.583, 5, 0, 0, 132.30
2026/08/07 13:21:58.583, 6, 0, 0, 132.10
2026/08/07 13:21:58.583, 7, 0, 0, 132.50
2026/08/07 13:21:59.084, 0, 71546, 100, 947.49
2026/08/07 13:21:59.084, 1, 72706, 100, 967.48
2026/08/07 13:21:59.084, 2, 72706, 100, 945.32
2026/08/07 13:21:59.084, 3, 72706, 100, 952.27
2026/08/07 13:21:59.084, 4, 0, 0, 132.76
2026/08/07 13:21:59.084, 5, 0, 0, 132.30
2026/08/07 13:21:59.084, 6, 0, 0, 132.25
2026/08/07 13:21:59.084, 7, 0, 0, 132.50
2026/08/07 13:21:59.584, 0, 71546, 100, 946.99
2026/08/07 13:21:59.584, 1, 72706, 99, 961.47
2026/08/07 13:21:59.584, 2, 72706, 100, 933.96
2026/08/07 13:21:59.584, 3, 72706, 99, 952.09
2026/08/07 13:21:59.584, 4, 0, 0, 132.61
2026/08/07 13:21:59.584, 5, 0, 0, 132.30
2026/08/07 13:21:59.584, 6, 0, 0, 132.29
2026/08/07 13:21:59.584, 7, 0, 0, 132.43
2026/08/07 13:22:00.084, 0, 71546, 100, 943.88
2026/08/07 13:22:00.084, 1, 72706, 100, 961.28
2026/08/07 13:22:00.084, 2, 72706, 100, 937.12
2026/08/07 13:22:00.084, 3, 72706, 100, 950.39
2026/08/07 13:22:00.084, 4, 0, 0, 132.38
2026/08/07 13:22:00.084, 5, 0, 0, 132.30
2026/08/07 13:22:00.084, 6, 0, 0, 132.06
2026/08/07 13:22:00.084, 7, 0, 0, 132.46
2026/08/07 13:22:00.584, 0, 71546, 100, 955.76
2026/08/07 13:22:00.584, 1, 72706, 100, 973.16
2026/08/07 13:22:00.584, 2, 72706, 100, 945.71
2026/08/07 13:22:00.584, 3, 72706, 100, 955.91
2026/08/07 13:22:00.584, 4, 0, 0, 132.42
2026/08/07 13:22:00.584, 5, 0, 0, 132.30
2026/08/07 13:22:00.584, 6, 0, 0, 132.10
2026/08/07 13:22:00.584, 7, 0, 0, 132.54
2026/08/07 13:22:01.085, 0, 71546, 100, 959.95
2026/08/07 13:22:01.085, 1, 72706, 100, 976.07
2026/08/07 13:22:01.085, 2, 72706, 100, 953.08
2026/08/07 13:22:01.085, 3, 72706, 100, 961.65
2026/08/07 13:22:01.085, 4, 0, 0, 132.38
2026/08/07 13:22:01.085, 5, 0, 0, 132.30
2026/08/07 13:22:01.085, 6, 0, 0, 132.06
2026/08/07 13:22:01.085, 7, 0, 0, 132.58
2026/08/07 13:22:01.585, 0, 71546, 100, 957.43
2026/08/07 13:22:01.585, 1, 72706, 100, 976.26
2026/08/07 13:22:01.585, 2, 72706, 100, 953.53
2026/08/07 13:22:01.585, 3, 72706, 100, 958.54
2026/08/07 13:22:01.585, 4, 0, 0, 132.41
2026/08/07 13:22:01.585, 5, 0, 0, 132.42
2026/08/07 13:22:01.585, 6, 0, 0, 131.99
2026/08/07 13:22:01.585, 7, 0, 0, 132.66
2026/08/07 13:22:02.085, 0, 71546, 100, 956.71
2026/08/07 13:22:02.085, 1, 72706, 100, 968.82
2026/08/07 13:22:02.085, 2, 72706, 100, 942.68
2026/08/07 13:22:02.085, 3, 72706, 100, 956.35
2026/08/07 13:22:02.085, 4, 0, 0, 132.50
2026/08/07 13:22:02.085, 5, 0, 0, 132.41
2026/08/07 13:22:02.085, 6, 0, 0, 131.98
2026/08/07 13:22:02.085, 7, 0, 0, 132.62
2026/08/07 13:22:02.585, 0, 71546, 100, 950.68
2026/08/07 13:22:02.585, 1, 72706, 100, 965.27
2026/08/07 13:22:02.585, 2, 72706, 100, 942.23
2026/08/07 13:22:02.585, 3, 72706, 100, 955.96
2026/08/07 13:22:02.585, 4, 0, 0, 132.46
2026/08/07 13:22:02.585, 5, 0, 0, 132.30
2026/08/07 13:22:02.585, 6, 0, 0, 131.91
2026/08/07 13:22:02.585, 7, 0, 0, 132.62
2026/08/07 13:22:03.085, 0, 71546, 100, 950.79
2026/08/07 13:22:03.085, 1, 72706, 100, 966.37
2026/08/07 13:22:03.085, 2, 72706, 100, 935.58
2026/08/07 13:22:03.085, 3, 72706, 100, 957.36
2026/08/07 13:22:03.085, 4, 0, 0, 132.38
2026/08/07 13:22:03.085, 5, 0, 0, 132.30
2026/08/07 13:22:03.085, 6, 0, 0, 131.91
2026/08/07 13:22:03.085, 7, 0, 0, 132.51
2026/08/07 13:22:03.585, 0, 71546, 100, 947.59
2026/08/07 13:22:03.586, 1, 72706, 100, 959.83
2026/08/07 13:22:03.586, 2, 72706, 100, 938.10
2026/08/07 13:22:03.586, 3, 72706, 100, 954.98
2026/08/07 13:22:03.586, 4, 0, 0, 132.46
2026/08/07 13:22:03.586, 5, 0, 0, 132.30
2026/08/07 13:22:03.586, 6, 0, 0, 132.03
2026/08/07 13:22:03.586, 7, 0, 0, 132.58
2026/08/07 13:22:04.086, 0, 71546, 100, 946.91
2026/08/07 13:22:04.088, 1, 72706, 100, 955.21
2026/08/07 13:22:04.089, 2, 72706, 100, 939.87
2026/08/07 13:22:04.090, 3, 72706, 100, 946.33
2026/08/07 13:22:04.090, 4, 0, 0, 132.73
2026/08/07 13:22:04.091, 5, 0, 0, 132.30
2026/08/07 13:22:04.091, 6, 0, 0, 132.07
2026/08/07 13:22:04.091, 7, 0, 0, 132.62
2026/08/07 13:22:04.591, 0, 71546, 100, 949.37
2026/08/07 13:22:04.591, 1, 72706, 100, 955.47
2026/08/07 13:22:04.591, 2, 72706, 100, 938.09
2026/08/07 13:22:04.591, 3, 72706, 100, 944.28
2026/08/07 13:22:04.591, 4, 0, 0, 132.77
2026/08/07 13:22:04.591, 5, 0, 0, 132.30
2026/08/07 13:22:04.591, 6, 0, 0, 132.02
2026/08/07 13:22:04.591, 7, 0, 0, 132.58
2026/08/07 13:22:05.091, 0, 71546, 100, 948.16
2026/08/07 13:22:05.091, 1, 72706, 100, 966.46
2026/08/07 13:22:05.091, 2, 72706, 100, 947.88
2026/08/07 13:22:05.091, 3, 72706, 100, 956.01
2026/08/07 13:22:05.091, 4, 0, 0, 132.57
2026/08/07 13:22:05.091, 5, 0, 0, 132.30
2026/08/07 13:22:05.091, 6, 0, 0, 131.87
2026/08/07 13:22:05.091, 7, 0, 0, 132.54
2026/08/07 13:22:05.591, 0, 71546, 100, 956.03
2026/08/07 13:22:05.591, 1, 72706, 100, 970.15
2026/08/07 13:22:05.591, 2, 72706, 100, 950.01
2026/08/07 13:22:05.591, 3, 72706, 100, 956.52
2026/08/07 13:22:05.591, 4, 0, 0, 132.41
2026/08/07 13:22:05.591, 5, 0, 0, 132.30
2026/08/07 13:22:05.591, 6, 0, 0, 131.79
2026/08/07 13:22:05.591, 7, 0, 0, 132.54
2026/08/07 13:22:06.091, 0, 71546, 100, 958.95
2026/08/07 13:22:06.091, 1, 72706, 100, 968.18
2026/08/07 13:22:06.092, 2, 72706, 100, 947.35
2026/08/07 13:22:06.092, 3, 72706, 100, 959.47
2026/08/07 13:22:06.092, 4, 0, 0, 132.42
2026/08/07 13:22:06.092, 5, 0, 0, 132.30
2026/08/07 13:22:06.092, 6, 0, 0, 131.83
2026/08/07 13:22:06.092, 7, 0, 0, 132.58
2026/08/07 13:22:06.592, 0, 71546, 100, 955.69
2026/08/07 13:22:06.592, 1, 72706, 100, 970.24
2026/08/07 13:22:06.594, 2, 72706, 100, 943.64
2026/08/07 13:22:06.594, 3, 72706, 100, 958.14
2026/08/07 13:22:06.595, 4, 0, 0, 132.54
2026/08/07 13:22:06.596, 5, 0, 0, 132.41
2026/08/07 13:22:06.597, 6, 0, 0, 131.99
2026/08/07 13:22:06.598, 7, 0, 0, 132.62
2026/08/07 13:22:07.099, 0, 71546, 100, 958.47
2026/08/07 13:22:07.099, 1, 72706, 100, 964.78
2026/08/07 13:22:07.099, 2, 72706, 100, 936.88
2026/08/07 13:22:07.099, 3, 72706, 100, 955.02
2026/08/07 13:22:07.099, 4, 0, 0, 132.60
2026/08/07 13:22:07.099, 5, 0, 0, 132.41
2026/08/07 13:22:07.099, 6, 0, 0, 132.18
2026/08/07 13:22:07.099, 7, 0, 0, 132.70
2026/08/07 13:22:07.599, 0, 71546, 100, 951.83
2026/08/07 13:22:07.599, 1, 72706, 100, 963.70
2026/08/07 13:22:07.599, 2, 72706, 100, 943.10
2026/08/07 13:22:07.599, 3, 72706, 100, 954.29
2026/08/07 13:22:07.599, 4, 0, 0, 132.64
2026/08/07 13:22:07.599, 5, 0, 0, 132.30
2026/08/07 13:22:07.599, 6, 0, 0, 132.13
2026/08/07 13:22:07.599, 7, 0, 0, 132.54
2026/08/07 13:22:08.099, 0, 71546, 100, 946.42
2026/08/07 13:22:08.099, 1, 72706, 100, 961.53
2026/08/07 13:22:08.099, 2, 72706, 100, 942.57
2026/08/07 13:22:08.099, 3, 72706, 99, 945.73
2026/08/07 13:22:08.099, 4, 0, 0, 132.53
2026/08/07 13:22:08.099, 5, 0, 0, 132.30
2026/08/07 13:22:08.099, 6, 0, 0, 131.91
2026/08/07 13:22:08.099, 7, 0, 0, 132.43
2026/08/07 13:22:08.600, 0, 71546, 100, 945.36
2026/08/07 13:22:08.600, 1, 72706, 100, 956.23
2026/08/07 13:22:08.600, 2, 72706, 100, 936.37
2026/08/07 13:22:08.600, 3, 72706, 100, 948.79
2026/08/07 13:22:08.600, 4, 0, 0, 132.42
2026/08/07 13:22:08.600, 5, 0, 0, 132.30
2026/08/07 13:22:08.600, 6, 0, 0, 131.91
2026/08/07 13:22:08.600, 7, 0, 0, 132.54
2026/08/07 13:22:09.100, 0, 71546, 100, 951.60
2026/08/07 13:22:09.100, 1, 72706, 100, 970.85
2026/08/07 13:22:09.101, 2, 72706, 100, 943.52
2026/08/07 13:22:09.102, 3, 72706, 100, 961.16
2026/08/07 13:22:09.102, 4, 0, 0, 132.53
2026/08/07 13:22:09.102, 5, 0, 0, 132.30
2026/08/07 13:22:09.102, 6, 0, 0, 132.21
2026/08/07 13:22:09.102, 7, 0, 0, 132.54
2026/08/07 13:22:09.602, 0, 71546, 100, 962.64
2026/08/07 13:22:09.602, 1, 72706, 100, 976.42
2026/08/07 13:22:09.602, 2, 72706, 100, 947.47
2026/08/07 13:22:09.602, 3, 72706, 100, 964.34
2026/08/07 13:22:09.602, 4, 0, 0, 132.65
2026/08/07 13:22:09.602, 5, 0, 0, 132.30
2026/08/07 13:22:09.602, 6, 0, 0, 132.10
2026/08/07 13:22:09.602, 7, 0, 0, 132.43
2026/08/07 13:22:10.102, 0, 71546, 100, 960.44
2026/08/07 13:22:10.102, 1, 72706, 100, 975.63
2026/08/07 13:22:10.102, 2, 72706, 100, 956.59
2026/08/07 13:22:10.102, 3, 72706, 100, 962.94
2026/08/07 13:22:10.102, 4, 0, 0, 132.57
2026/08/07 13:22:10.102, 5, 0, 0, 132.30
2026/08/07 13:22:10.102, 6, 0, 0, 131.99
2026/08/07 13:22:10.102, 7, 0, 0, 132.47
2026/08/07 13:22:10.602, 0, 71546, 100, 958.35
2026/08/07 13:22:10.603, 1, 72706, 100, 977.25
2026/08/07 13:22:10.603, 2, 72706, 100, 954.79
2026/08/07 13:22:10.603, 3, 72706, 100, 957.77
2026/08/07 13:22:10.603, 4, 0, 0, 132.53
2026/08/07 13:22:10.603, 5, 0, 0, 132.30
2026/08/07 13:22:10.603, 6, 0, 0, 131.95
2026/08/07 13:22:10.603, 7, 0, 0, 132.50
2026/08/07 13:22:11.103, 0, 71546, 100, 954.08
2026/08/07 13:22:11.103, 1, 72706, 100, 971.50
2026/08/07 13:22:11.103, 2, 72706, 100, 948.83
2026/08/07 13:22:11.103, 3, 72706, 100, 957.21
2026/08/07 13:22:11.103, 4, 0, 0, 132.49
2026/08/07 13:22:11.103, 5, 0, 0, 132.30
2026/08/07 13:22:11.103, 6, 0, 0, 131.88
2026/08/07 13:22:11.103, 7, 0, 0, 132.43
2026/08/07 13:22:11.603, 0, 71546, 100, 955.83
2026/08/07 13:22:11.603, 1, 72706, 100, 964.72
2026/08/07 13:22:11.603, 2, 72706, 100, 941.05
2026/08/07 13:22:11.603, 3, 72706, 100, 954.83
2026/08/07 13:22:11.603, 4, 0, 0, 132.45
2026/08/07 13:22:11.603, 5, 0, 0, 132.42
2026/08/07 13:22:11.603, 6, 0, 0, 132.07
2026/08/07 13:22:11.603, 7, 0, 0, 132.58
2026/08/07 13:22:12.103, 0, 71546, 100, 951.45
2026/08/07 13:22:12.103, 1, 72706, 100, 962.24
2026/08/07 13:22:12.103, 2, 72706, 100, 942.29
2026/08/07 13:22:12.103, 3, 72706, 100, 952.16
2026/08/07 13:22:12.103, 4, 0, 0, 132.41
2026/08/07 13:22:12.103, 5, 0, 0, 132.42
2026/08/07 13:22:12.103, 6, 0, 0, 132.13
2026/08/07 13:22:12.103, 7, 0, 0, 132.66
2026/08/07 13:22:12.603, 0, 71546, 100, 942.05
2026/08/07 13:22:12.603, 1, 72706, 100, 965.19
2026/08/07 13:22:12.603, 2, 72706, 100, 936.54
2026/08/07 13:22:12.603, 3, 72706, 100, 939.72
2026/08/07 13:22:12.603, 4, 0, 0, 132.34
2026/08/07 13:22:12.603, 5, 0, 0, 132.30
2026/08/07 13:22:12.603, 6, 0, 0, 132.02
2026/08/07 13:22:12.603, 7, 0, 0, 132.62
2026/08/07 13:22:13.103, 0, 71546, 100, 943.93
2026/08/07 13:22:13.104, 1, 72706, 100, 955.99
2026/08/07 13:22:13.104, 2, 72706, 100, 934.22
2026/08/07 13:22:13.104, 3, 72706, 100, 939.35
2026/08/07 13:22:13.104, 4, 0, 0, 132.38
2026/08/07 13:22:13.104, 5, 0, 0, 132.30
2026/08/07 13:22:13.104, 6, 0, 0, 131.98
2026/08/07 13:22:13.104, 7, 0, 0, 132.70
2026/08/07 13:22:13.604, 0, 71546, 100, 955.98
2026/08/07 13:22:13.604, 1, 72706, 100, 963.97
2026/08/07 13:22:13.604, 2, 72706, 100, 944.70
2026/08/07 13:22:13.604, 3, 72706, 100, 959.27
2026/08/07 13:22:13.604, 4, 0, 0, 132.45
2026/08/07 13:22:13.604, 5, 0, 0, 132.30
2026/08/07 13:22:13.604, 6, 0, 0, 132.01
2026/08/07 13:22:13.604, 7, 0, 0, 132.65
2026/08/07 13:22:14.104, 0, 71546, 100, 961.92
2026/08/07 13:22:14.104, 1, 72706, 100, 974.81
2026/08/07 13:22:14.104, 2, 72706, 100, 942.20
2026/08/07 13:22:14.104, 3, 72706, 100, 963.40
2026/08/07 13:22:14.104, 4, 0, 0, 132.61
2026/08/07 13:22:14.104, 5, 0, 0, 132.30
2026/08/07 13:22:14.104, 6, 0, 0, 131.95
2026/08/07 13:22:14.104, 7, 0, 0, 132.62
2026/08/07 13:22:14.604, 0, 71546, 100, 960.79
2026/08/07 13:22:14.604, 1, 72706, 100, 972.81
2026/08/07 13:22:14.604, 2, 72706, 100, 947.26
2026/08/07 13:22:14.604, 3, 72706, 100, 965.43
2026/08/07 13:22:14.604, 4, 0, 0, 132.61
2026/08/07 13:22:14.604, 5, 0, 0, 132.30
2026/08/07 13:22:14.604, 6, 0, 0, 131.91
2026/08/07 13:22:14.604, 7, 0, 0, 132.70
2026/08/07 13:22:15.104, 0, 71546, 100, 955.62
2026/08/07 13:22:15.104, 1, 72706, 100, 974.04
2026/08/07 13:22:15.104, 2, 72706, 100, 945.28
2026/08/07 13:22:15.104, 3, 72706, 100, 957.49
2026/08/07 13:22:15.104, 4, 0, 0, 132.49
2026/08/07 13:22:15.104, 5, 0, 0, 132.30
2026/08/07 13:22:15.104, 6, 0, 0, 131.99
2026/08/07 13:22:15.104, 7, 0, 0, 132.62
2026/08/07 13:22:15.604, 0, 71546, 100, 951.65
2026/08/07 13:22:15.604, 1, 72706, 100, 971.61
2026/08/07 13:22:15.604, 2, 72706, 100, 942.36
2026/08/07 13:22:15.604, 3, 72706, 100, 953.97
2026/08/07 13:22:15.604, 4, 0, 0, 132.45
2026/08/07 13:22:15.604, 5, 0, 0, 132.30
2026/08/07 13:22:15.604, 6, 0, 0, 131.99
2026/08/07 13:22:15.604, 7, 0, 0, 132.50
2026/08/07 13:22:16.104, 0, 71546, 100, 950.00
2026/08/07 13:22:16.104, 1, 72706, 100, 965.02
2026/08/07 13:22:16.104, 2, 72706, 100, 947.50
2026/08/07 13:22:16.104, 3, 72706, 100, 951.62
2026/08/07 13:22:16.105, 4, 0, 0, 132.46
2026/08/07 13:22:16.105, 5, 0, 0, 132.30
2026/08/07 13:22:16.105, 6, 0, 0, 131.84
2026/08/07 13:22:16.105, 7, 0, 0, 132.46
2026/08/07 13:22:16.605, 0, 71546, 100, 948.51
2026/08/07 13:22:16.606, 1, 72706, 100, 954.07
2026/08/07 13:22:16.607, 2, 72706, 100, 940.35
2026/08/07 13:22:16.609, 3, 72706, 100, 944.43
2026/08/07 13:22:16.609, 4, 0, 0, 132.41
2026/08/07 13:22:16.610, 5, 0, 0, 132.46
2026/08/07 13:22:16.611, 6, 0, 0, 131.91
2026/08/07 13:22:16.612, 7, 0, 0, 132.58
2026/08/07 13:22:17.113, 0, 71546, 100, 949.83
2026/08/07 13:22:17.113, 1, 72706, 100, 952.43
2026/08/07 13:22:17.113, 2, 72706, 100, 935.60
2026/08/07 13:22:17.113, 3, 72706, 100, 947.87
2026/08/07 13:22:17.113, 4, 0, 0, 132.49
2026/08/07 13:22:17.113, 5, 0, 0, 132.46
2026/08/07 13:22:17.113, 6, 0, 0, 132.10
2026/08/07 13:22:17.113, 7, 0, 0, 132.65
2026/08/07 13:22:17.613, 0, 71546, 100, 957.97
2026/08/07 13:22:17.613, 1, 72706, 100, 966.00
2026/08/07 13:22:17.613, 2, 72706, 100, 936.94
2026/08/07 13:22:17.613, 3, 72706, 100, 954.48
2026/08/07 13:22:17.613, 4, 0, 0, 132.57
2026/08/07 13:22:17.613, 5, 0, 0, 132.30
2026/08/07 13:22:17.613, 6, 0, 0, 132.01
2026/08/07 13:22:17.613, 7, 0, 0, 132.58
2026/08/07 13:22:18.114, 0, 71546, 100, 956.87
2026/08/07 13:22:18.114, 1, 72706, 100, 973.86
2026/08/07 13:22:18.114, 2, 72706, 100, 946.45
2026/08/07 13:22:18.114, 3, 72706, 100, 960.99
2026/08/07 13:22:18.114, 4, 0, 0, 132.46
2026/08/07 13:22:18.114, 5, 0, 0, 132.30
2026/08/07 13:22:18.114, 6, 0, 0, 131.91
2026/08/07 13:22:18.114, 7, 0, 0, 132.62
2026/08/07 13:22:18.614, 0, 71546, 100, 962.09
2026/08/07 13:22:18.614, 1, 72706, 100, 974.82
2026/08/07 13:22:18.614, 2, 72706, 100, 952.61
2026/08/07 13:22:18.614, 3, 72706, 100, 957.27
2026/08/07 13:22:18.614, 4, 0, 0, 132.38
2026/08/07 13:22:18.614, 5, 0, 0, 132.30
2026/08/07 13:22:18.614, 6, 0, 0, 131.76
2026/08/07 13:22:18.614, 7, 0, 0, 132.54
2026/08/07 13:22:19.114, 0, 71546, 100, 965.37
2026/08/07 13:22:19.114, 1, 72706, 100, 974.09
2026/08/07 13:22:19.114, 2, 72706, 100, 947.23
2026/08/07 13:22:19.114, 3, 72706, 100, 956.67
2026/08/07 13:22:19.114, 4, 0, 0, 132.49
2026/08/07 13:22:19.114, 5, 0, 0, 132.31
2026/08/07 13:22:19.114, 6, 0, 0, 131.94
2026/08/07 13:22:19.114, 7, 0, 0, 132.50
2026/08/07 13:22:19.614, 0, 71546, 100, 956.45
2026/08/07 13:22:19.614, 1, 72706, 100, 968.82
2026/08/07 13:22:19.614, 2, 72706, 100, 944.20
2026/08/07 13:22:19.614, 3, 72706, 100, 957.18
2026/08/07 13:22:19.614, 4, 0, 0, 132.57
2026/08/07 13:22:19.614, 5, 0, 0, 132.30
2026/08/07 13:22:19.614, 6, 0, 0, 132.18
2026/08/07 13:22:19.614, 7, 0, 0, 132.50
2026/08/07 13:22:20.114, 0, 71546, 100, 954.93
2026/08/07 13:22:20.114, 1, 72706, 100, 962.24
2026/08/07 13:22:20.114, 2, 72706, 100, 940.55
2026/08/07 13:22:20.114, 3, 72706, 100, 951.21
2026/08/07 13:22:20.114, 4, 0, 0, 132.45
2026/08/07 13:22:20.114, 5, 0, 0, 132.30
2026/08/07 13:22:20.114, 6, 0, 0, 131.99
2026/08/07 13:22:20.114, 7, 0, 0, 132.46
2026/08/07 13:22:20.614, 0, 71546, 100, 949.71
2026/08/07 13:22:20.614, 1, 72706, 100, 964.88
2026/08/07 13:22:20.614, 2, 72706, 100, 941.60
2026/08/07 13:22:20.614, 3, 72706, 100, 950.89
2026/08/07 13:22:20.614, 4, 0, 0, 132.46
2026/08/07 13:22:20.614, 5, 0, 0, 132.30
2026/08/07 13:22:20.614, 6, 0, 0, 131.83
2026/08/07 13:22:20.614, 7, 0, 0, 132.46
2026/08/07 13:22:21.115, 0, 71546, 100, 941.98
2026/08/07 13:22:21.115, 1, 72706, 99, 962.06
2026/08/07 13:22:21.115, 2, 72706, 99, 935.75
2026/08/07 13:22:21.115, 3, 72706, 100, 939.60
2026/08/07 13:22:21.115, 4, 0, 0, 132.38
2026/08/07 13:22:21.115, 5, 0, 0, 132.30
2026/08/07 13:22:21.115, 6, 0, 0, 131.87
2026/08/07 13:22:21.115, 7, 0, 0, 132.54
2026/08/07 13:22:21.615, 0, 71546, 100, 945.30
2026/08/07 13:22:21.615, 1, 72706, 100, 956.08
2026/08/07 13:22:21.615, 2, 72706, 100, 940.31
2026/08/07 13:22:21.615, 3, 72706, 100, 948.81
2026/08/07 13:22:21.615, 4, 0, 0, 132.45
2026/08/07 13:22:21.615, 5, 0, 0, 132.38
2026/08/07 13:22:21.615, 6, 0, 0, 131.94
2026/08/07 13:22:21.615, 7, 0, 0, 132.66
2026/08/07 13:22:22.115, 0, 71546, 100, 957.86
2026/08/07 13:22:22.115, 1, 72706, 100, 970.52
2026/08/07 13:22:22.115, 2, 72706, 100, 949.72
2026/08/07 13:22:22.116, 3, 72706, 100, 958.72
2026/08/07 13:22:22.116, 4, 0, 0, 132.53
2026/08/07 13:22:22.116, 5, 0, 0, 132.38
2026/08/07 13:22:22.116, 6, 0, 0, 132.07
2026/08/07 13:22:22.116, 7, 0, 0, 132.74
2026/08/07 13:22:22.616, 0, 71546, 100, 961.66
2026/08/07 13:22:22.616, 1, 72706, 100, 974.65
2026/08/07 13:22:22.616, 2, 72706, 100, 955.68
2026/08/07 13:22:22.616, 3, 72706, 100, 962.84
2026/08/07 13:22:22.616, 4, 0, 0, 132.45
2026/08/07 13:22:22.616, 5, 0, 0, 132.30
2026/08/07 13:22:22.616, 6, 0, 0, 131.99
2026/08/07 13:22:22.616, 7, 0, 0, 132.62
2026/08/07 13:22:23.116, 0, 71546, 100, 962.28
2026/08/07 13:22:23.116, 1, 72706, 100, 974.54
2026/08/07 13:22:23.116, 2, 72706, 100, 952.99
2026/08/07 13:22:23.116, 3, 72706, 100, 964.04
2026/08/07 13:22:23.116, 4, 0, 0, 132.42
2026/08/07 13:22:23.116, 5, 0, 0, 132.30
2026/08/07 13:22:23.116, 6, 0, 0, 131.84
2026/08/07 13:22:23.116, 7, 0, 0, 132.50
2026/08/07 13:22:23.616, 0, 71546, 100, 960.90
2026/08/07 13:22:23.616, 1, 72706, 100, 971.23
2026/08/07 13:22:23.616, 2, 72706, 100, 947.66
2026/08/07 13:22:23.616, 3, 72706, 100, 957.85
2026/08/07 13:22:23.616, 4, 0, 0, 132.45
2026/08/07 13:22:23.616, 5, 0, 0, 132.30
2026/08/07 13:22:23.616, 6, 0, 0, 131.79
2026/08/07 13:22:23.616, 7, 0, 0, 132.54
2026/08/07 13:22:24.116, 0, 71546, 100, 958.69
2026/08/07 13:22:24.116, 1, 72706, 100, 967.21
2026/08/07 13:22:24.116, 2, 72706, 100, 949.48
2026/08/07 13:22:24.116, 3, 72706, 100, 953.81
2026/08/07 13:22:24.116, 4, 0, 0, 132.72
2026/08/07 13:22:24.116, 5, 0, 0, 132.30
2026/08/07 13:22:24.116, 6, 0, 0, 131.87
2026/08/07 13:22:24.116, 7, 0, 0, 132.47
2026/08/07 13:22:24.616, 0, 71546, 100, 955.21
2026/08/07 13:22:24.616, 1, 72706, 100, 964.91
2026/08/07 13:22:24.616, 2, 72706, 100, 945.41
2026/08/07 13:22:24.616, 3, 72706, 100, 952.83
2026/08/07 13:22:24.616, 4, 0, 0, 132.73
2026/08/07 13:22:24.616, 5, 0, 0, 132.30
2026/08/07 13:22:24.616, 6, 0, 0, 131.83
2026/08/07 13:22:24.616, 7, 0, 0, 132.46
2026/08/07 13:22:25.116, 0, 71546, 100, 946.91
2026/08/07 13:22:25.116, 1, 72706, 100, 962.47
2026/08/07 13:22:25.116, 2, 72706, 100, 945.78
2026/08/07 13:22:25.116, 3, 72706, 100, 951.93
2026/08/07 13:22:25.116, 4, 0, 0, 132.45
2026/08/07 13:22:25.116, 5, 0, 0, 132.30
2026/08/07 13:22:25.116, 6, 0, 0, 131.80
2026/08/07 13:22:25.116, 7, 0, 0, 132.50
2026/08/07 13:22:25.617, 0, 71546, 100, 944.49
2026/08/07 13:22:25.617, 1, 72706, 100, 956.56
2026/08/07 13:22:25.617, 2, 72706, 100, 942.05
2026/08/07 13:22:25.617, 3, 72706, 100, 944.98
2026/08/07 13:22:25.617, 4, 0, 0, 132.45
2026/08/07 13:22:25.617, 5, 0, 0, 132.31
2026/08/07 13:22:25.617, 6, 0, 0, 131.84
2026/08/07 13:22:25.617, 7, 0, 0, 132.43
2026/08/07 13:22:26.117, 0, 71546, 100, 947.53
2026/08/07 13:22:26.117, 1, 72706, 100, 960.39
2026/08/07 13:22:26.117, 2, 72706, 100, 944.45
2026/08/07 13:22:26.117, 3, 72706, 100, 950.23
2026/08/07 13:22:26.117, 4, 0, 0, 132.42
2026/08/07 13:22:26.117, 5, 0, 0, 132.31
2026/08/07 13:22:26.117, 6, 0, 0, 131.83
2026/08/07 13:22:26.117, 7, 0, 0, 132.46
2026/08/07 13:22:26.617, 0, 71546, 100, 959.59
2026/08/07 13:22:26.617, 1, 72706, 100, 974.84
2026/08/07 13:22:26.619, 2, 72706, 100, 950.31
2026/08/07 13:22:26.619, 3, 72706, 100, 959.21
2026/08/07 13:22:26.619, 4, 0, 0, 132.34
2026/08/07 13:22:26.619, 5, 0, 0, 132.38
2026/08/07 13:22:26.619, 6, 0, 0, 132.00
2026/08/07 13:22:26.619, 7, 0, 0, 132.66
2026/08/07 13:22:27.119, 0, 71546, 100, 962.22
2026/08/07 13:22:27.119, 1, 72706, 100, 975.19
2026/08/07 13:22:27.119, 2, 72706, 100, 954.73
2026/08/07 13:22:27.119, 3, 72706, 100, 960.18
2026/08/07 13:22:27.119, 4, 0, 0, 132.34
2026/08/07 13:22:27.119, 5, 0, 0, 132.38
2026/08/07 13:22:27.119, 6, 0, 0, 132.03
2026/08/07 13:22:27.119, 7, 0, 0, 132.66
2026/08/07 13:22:27.619, 0, 71546, 100, 960.00
2026/08/07 13:22:27.619, 1, 72706, 100, 974.45
2026/08/07 13:22:27.619, 2, 72706, 100, 955.72
2026/08/07 13:22:27.619, 3, 72706, 100, 957.75
2026/08/07 13:22:27.619, 4, 0, 0, 132.53
2026/08/07 13:22:27.619, 5, 0, 0, 132.31
2026/08/07 13:22:27.619, 6, 0, 0, 132.03
2026/08/07 13:22:27.619, 7, 0, 0, 132.54
2026/08/07 13:22:28.119, 0, 71546, 100, 956.85
2026/08/07 13:22:28.119, 1, 72706, 100, 965.14
2026/08/07 13:22:28.119, 2, 72706, 100, 942.91
2026/08/07 13:22:28.119, 3, 72706, 100, 952.29
2026/08/07 13:22:28.119, 4, 0, 0, 132.60
2026/08/07 13:22:28.119, 5, 0, 0, 132.31
2026/08/07 13:22:28.119, 6, 0, 0, 131.88
2026/08/07 13:22:28.119, 7, 0, 0, 132.58
2026/08/07 13:22:28.619, 0, 71546, 100, 949.82
2026/08/07 13:22:28.619, 1, 72706, 100, 959.44
2026/08/07 13:22:28.619, 2, 72706, 100, 940.83
2026/08/07 13:22:28.619, 3, 72706, 100, 952.81
2026/08/07 13:22:28.619, 4, 0, 0, 132.49
2026/08/07 13:22:28.619, 5, 0, 0, 132.30
2026/08/07 13:22:28.619, 6, 0, 0, 131.95
2026/08/07 13:22:28.619, 7, 0, 0, 132.54
2026/08/07 13:22:29.120, 0, 71546, 100, 948.64
2026/08/07 13:22:29.120, 1, 72706, 100, 958.21
2026/08/07 13:22:29.120, 2, 72706, 100, 939.25
2026/08/07 13:22:29.120, 3, 72706, 100, 949.47
2026/08/07 13:22:29.120, 4, 0, 0, 132.61
2026/08/07 13:22:29.120, 5, 0, 0, 132.31
2026/08/07 13:22:29.120, 6, 0, 0, 132.14
2026/08/07 13:22:29.120, 7, 0, 0, 132.43
2026/08/07 13:22:29.620, 0, 71546, 99, 943.90
2026/08/07 13:22:29.620, 1, 72706, 99, 959.48
2026/08/07 13:22:29.626, 2, 72706, 99, 935.85
2026/08/07 13:22:29.628, 3, 72706, 99, 947.28
2026/08/07 13:22:29.628, 4, 0, 0, 132.61
2026/08/07 13:22:29.628, 5, 0, 0, 132.31
2026/08/07 13:22:29.628, 6, 0, 0, 132.07
2026/08/07 13:22:29.628, 7, 0, 0, 132.39
2026/08/07 13:22:30.128, 0, 71546, 100, 938.38
2026/08/07 13:22:30.128, 1, 72706, 100, 962.88
2026/08/07 13:22:30.128, 2, 72706, 100, 940.05
2026/08/07 13:22:30.128, 3, 72706, 100, 945.72
2026/08/07 13:22:30.128, 4, 0, 0, 132.60
2026/08/07 13:22:30.128, 5, 0, 0, 132.30
2026/08/07 13:22:30.128, 6, 0, 0, 132.06
2026/08/07 13:22:30.128, 7, 0, 0, 132.43
2026/08/07 13:22:30.628, 0, 71546, 100, 950.42
2026/08/07 13:22:30.628, 1, 72706, 100, 961.73
2026/08/07 13:22:30.628, 2, 72706, 100, 943.31
2026/08/07 13:22:30.628, 3, 72706, 100, 952.48
2026/08/07 13:22:30.628, 4, 0, 0, 132.57
2026/08/07 13:22:30.628, 5, 0, 0, 132.30
2026/08/07 13:22:30.628, 6, 0, 0, 131.99
2026/08/07 13:22:30.628, 7, 0, 0, 132.51
2026/08/07 13:22:31.128, 0, 71546, 100, 959.20
2026/08/07 13:22:31.128, 1, 72706, 100, 967.02
2026/08/07 13:22:31.128, 2, 72706, 100, 952.17
2026/08/07 13:22:31.128, 3, 72706, 100, 963.91
2026/08/07 13:22:31.128, 4, 0, 0, 132.34
2026/08/07 13:22:31.128, 5, 0, 0, 132.30
2026/08/07 13:22:31.128, 6, 0, 0, 131.95
2026/08/07 13:22:31.129, 7, 0, 0, 132.54
2026/08/07 13:22:31.629, 0, 71546, 100, 961.97
2026/08/07 13:22:31.629, 1, 72706, 100, 970.56
2026/08/07 13:22:31.629, 2, 72706, 100, 954.07
2026/08/07 13:22:31.629, 3, 72706, 100, 961.09
2026/08/07 13:22:31.629, 4, 0, 0, 132.38
2026/08/07 13:22:31.629, 5, 0, 0, 132.38
2026/08/07 13:22:31.629, 6, 0, 0, 132.07
2026/08/07 13:22:31.629, 7, 0, 0, 132.54
2026/08/07 13:22:32.129, 0, 71546, 100, 959.58
2026/08/07 13:22:32.129, 1, 72706, 100, 966.11
2026/08/07 13:22:32.129, 2, 72706, 100, 950.22
2026/08/07 13:22:32.129, 3, 72706, 100, 963.42
2026/08/07 13:22:32.129, 4, 0, 0, 132.49
2026/08/07 13:22:32.129, 5, 0, 0, 132.38
2026/08/07 13:22:32.129, 6, 0, 0, 132.06
2026/08/07 13:22:32.129, 7, 0, 0, 132.54
2026/08/07 13:22:32.629, 0, 71546, 100, 956.95
2026/08/07 13:22:32.629, 1, 72706, 100, 970.51
2026/08/07 13:22:32.629, 2, 72706, 100, 944.56
2026/08/07 13:22:32.629, 3, 72706, 100, 955.41
2026/08/07 13:22:32.629, 4, 0, 0, 132.64
2026/08/07 13:22:32.629, 5, 0, 0, 132.30
2026/08/07 13:22:32.629, 6, 0, 0, 132.11
2026/08/07 13:22:32.629, 7, 0, 0, 132.58
2026/08/07 13:22:33.129, 0, 71546, 100, 951.37
2026/08/07 13:22:33.129, 1, 72706, 100, 961.69
2026/08/07 13:22:33.129, 2, 72706, 100, 939.52
2026/08/07 13:22:33.129, 3, 72706, 100, 948.16
2026/08/07 13:22:33.129, 4, 0, 0, 132.57
2026/08/07 13:22:33.129, 5, 0, 0, 132.30
2026/08/07 13:22:33.129, 6, 0, 0, 132.11
2026/08/07 13:22:33.129, 7, 0, 0, 132.58
2026/08/07 13:22:33.629, 0, 71546, 100, 944.34
2026/08/07 13:22:33.629, 1, 72706, 100, 953.35
2026/08/07 13:22:33.629, 2, 72706, 100, 944.54
2026/08/07 13:22:33.629, 3, 72706, 100, 947.25
2026/08/07 13:22:33.629, 4, 0, 0, 132.34
2026/08/07 13:22:33.629, 5, 0, 0, 132.31
2026/08/07 13:22:33.629, 6, 0, 0, 131.88
2026/08/07 13:22:33.629, 7, 0, 0, 132.58
2026/08/07 13:22:34.129, 0, 71546, 100, 945.86
2026/08/07 13:22:34.129, 1, 72706, 100, 955.67
2026/08/07 13:22:34.129, 2, 72706, 100, 937.47
2026/08/07 13:22:34.129, 3, 72706, 100, 942.91
2026/08/07 13:22:34.129, 4, 0, 0, 132.54
2026/08/07 13:22:34.129, 5, 0, 0, 132.30
2026/08/07 13:22:34.129, 6, 0, 0, 132.03
2026/08/07 13:22:34.129, 7, 0, 0, 132.46
2026/08/07 13:22:34.630, 0, 71546, 100, 947.41
2026/08/07 13:22:34.631, 1, 72706, 100, 958.07
2026/08/07 13:22:34.632, 2, 72706, 100, 936.08
2026/08/07 13:22:34.633, 3, 72706, 100, 952.62
2026/08/07 13:22:34.633, 4, 0, 0, 132.54
2026/08/07 13:22:34.633, 5, 0, 0, 132.30
2026/08/07 13:22:34.633, 6, 0, 0, 132.10
2026/08/07 13:22:34.633, 7, 0, 0, 132.39
2026/08/07 13:22:35.133, 0, 71546, 100, 956.75
2026/08/07 13:22:35.133, 1, 72706, 100, 965.97
2026/08/07 13:22:35.133, 2, 72706, 100, 945.03
2026/08/07 13:22:35.133, 3, 72706, 100, 960.73
2026/08/07 13:22:35.133, 4, 0, 0, 132.45
2026/08/07 13:22:35.133, 5, 0, 0, 132.30
2026/08/07 13:22:35.133, 6, 0, 0, 132.06
2026/08/07 13:22:35.133, 7, 0, 0, 132.43
2026/08/07 13:22:35.633, 0, 71546, 100, 964.89
2026/08/07 13:22:35.633, 1, 72706, 100, 968.93
2026/08/07 13:22:35.633, 2, 72706, 100, 947.60
2026/08/07 13:22:35.633, 3, 72706, 100, 962.14
2026/08/07 13:22:35.633, 4, 0, 0, 132.49
2026/08/07 13:22:35.633, 5, 0, 0, 132.30
2026/08/07 13:22:35.633, 6, 0, 0, 132.18
2026/08/07 13:22:35.633, 7, 0, 0, 132.43
2026/08/07 13:22:36.134, 0, 71546, 100, 958.30
2026/08/07 13:22:36.134, 1, 72706, 100, 970.08
2026/08/07 13:22:36.134, 2, 72706, 100, 952.50
2026/08/07 13:22:36.134, 3, 72706, 100, 962.59
2026/08/07 13:22:36.134, 4, 0, 0, 132.34
2026/08/07 13:22:36.134, 5, 0, 0, 132.30
2026/08/07 13:22:36.134, 6, 0, 0, 132.26
2026/08/07 13:22:36.134, 7, 0, 0, 132.46
2026/08/07 13:22:36.634, 0, 71546, 100, 952.19
2026/08/07 13:22:36.634, 1, 72706, 100, 971.73
2026/08/07 13:22:36.634, 2, 72706, 100, 949.29
2026/08/07 13:22:36.634, 3, 72706, 100, 954.24
2026/08/07 13:22:36.634, 4, 0, 0, 132.38
2026/08/07 13:22:36.634, 5, 0, 0, 132.38
2026/08/07 13:22:36.634, 6, 0, 0, 132.18
2026/08/07 13:22:36.634, 7, 0, 0, 132.58
2026/08/07 13:22:37.134, 0, 71546, 100, 948.42
2026/08/07 13:22:37.134, 1, 72706, 100, 964.14
2026/08/07 13:22:37.136, 2, 72706, 100, 939.87
2026/08/07 13:22:37.137, 3, 72706, 100, 948.76
2026/08/07 13:22:37.138, 4, 0, 0, 132.41
2026/08/07 13:22:37.140, 5, 0, 0, 132.38
2026/08/07 13:22:37.141, 6, 0, 0, 131.96
2026/08/07 13:22:37.142, 7, 0, 0, 132.58
2026/08/07 13:22:37.643, 0, 71546, 100, 945.99
2026/08/07 13:22:37.643, 1, 72706, 100, 964.13
2026/08/07 13:22:37.643, 2, 72706, 100, 940.22
2026/08/07 13:22:37.643, 3, 72706, 100, 941.68
2026/08/07 13:22:37.643, 4, 0, 0, 132.42
2026/08/07 13:22:37.643, 5, 0, 0, 132.30
2026/08/07 13:22:37.643, 6, 0, 0, 131.84
2026/08/07 13:22:37.643, 7, 0, 0, 132.50
2026/08/07 13:22:38.143, 0, 71546, 99, 940.80
2026/08/07 13:22:38.143, 1, 72706, 100, 956.34
2026/08/07 13:22:38.143, 2, 72706, 100, 936.45
2026/08/07 13:22:38.143, 3, 72706, 99, 936.61
2026/08/07 13:22:38.143, 4, 0, 0, 132.45
2026/08/07 13:22:38.143, 5, 0, 0, 132.30
2026/08/07 13:22:38.143, 6, 0, 0, 131.96
2026/08/07 13:22:38.143, 7, 0, 0, 132.50
2026/08/07 13:22:38.643, 0, 71546, 100, 939.64
2026/08/07 13:22:38.643, 1, 72706, 100, 949.70
2026/08/07 13:22:38.643, 2, 72706, 100, 935.45
2026/08/07 13:22:38.643, 3, 72706, 100, 947.63
2026/08/07 13:22:38.643, 4, 0, 0, 132.41
2026/08/07 13:22:38.643, 5, 0, 0, 132.30
2026/08/07 13:22:38.643, 6, 0, 0, 131.96
2026/08/07 13:22:38.643, 7, 0, 0, 132.43
2026/08/07 13:22:39.143, 0, 71546, 100, 952.38
2026/08/07 13:22:39.143, 1, 72706, 100, 962.02
2026/08/07 13:22:39.143, 2, 72706, 100, 944.97
2026/08/07 13:22:39.144, 3, 72706, 100, 957.14
2026/08/07 13:22:39.144, 4, 0, 0, 132.60
2026/08/07 13:22:39.144, 5, 0, 0, 132.30
2026/08/07 13:22:39.144, 6, 0, 0, 132.07
2026/08/07 13:22:39.144, 7, 0, 0, 132.46
2026/08/07 13:22:39.644, 0, 71546, 100, 957.50
2026/08/07 13:22:39.644, 1, 72706, 100, 972.50
2026/08/07 13:22:39.644, 2, 72706, 100, 950.35
2026/08/07 13:22:39.644, 3, 72706, 100, 960.00
2026/08/07 13:22:39.644, 4, 0, 0, 132.64
2026/08/07 13:22:39.644, 5, 0, 0, 132.30
2026/08/07 13:22:39.644, 6, 0, 0, 132.26
2026/08/07 13:22:39.644, 7, 0, 0, 132.50
2026/08/07 13:22:40.144, 0, 71546, 100, 959.03
2026/08/07 13:22:40.144, 1, 72706, 100, 975.43
2026/08/07 13:22:40.144, 2, 72706, 100, 952.85
2026/08/07 13:22:40.144, 3, 72706, 100, 957.96
2026/08/07 13:22:40.144, 4, 0, 0, 132.53
2026/08/07 13:22:40.144, 5, 0, 0, 132.30
2026/08/07 13:22:40.144, 6, 0, 0, 132.07
2026/08/07 13:22:40.144, 7, 0, 0, 132.46
2026/08/07 13:22:40.644, 0, 71546, 100, 961.41
2026/08/07 13:22:40.644, 1, 72706, 100, 968.69
2026/08/07 13:22:40.644, 2, 72706, 100, 952.53
2026/08/07 13:22:40.644, 3, 72706, 100, 956.45
2026/08/07 13:22:40.644, 4, 0, 0, 132.53
2026/08/07 13:22:40.644, 5, 0, 0, 132.30
2026/08/07 13:22:40.644, 6, 0, 0, 132.06
2026/08/07 13:22:40.644, 7, 0, 0, 132.43
2026/08/07 13:22:41.144, 0, 71546, 100, 954.32
2026/08/07 13:22:41.144, 1, 72706, 100, 959.51
2026/08/07 13:22:41.144, 2, 72706, 100, 943.39
2026/08/07 13:22:41.144, 3, 72706, 100, 954.73
2026/08/07 13:22:41.144, 4, 0, 0, 132.45
2026/08/07 13:22:41.144, 5, 0, 0, 132.30
2026/08/07 13:22:41.144, 6, 0, 0, 132.10
2026/08/07 13:22:41.144, 7, 0, 0, 132.46
2026/08/07 13:22:41.644, 0, 71546, 100, 954.89
2026/08/07 13:22:41.644, 1, 72706, 100, 961.41
2026/08/07 13:22:41.644, 2, 72706, 100, 936.93
2026/08/07 13:22:41.644, 3, 72706, 100, 951.48
2026/08/07 13:22:41.644, 4, 0, 0, 132.42
2026/08/07 13:22:41.644, 5, 0, 0, 132.42
2026/08/07 13:22:41.644, 6, 0, 0, 131.95
2026/08/07 13:22:41.644, 7, 0, 0, 132.74
2026/08/07 13:22:42.144, 0, 71546, 100, 951.27
2026/08/07 13:22:42.145, 1, 72706, 100, 960.79
2026/08/07 13:22:42.145, 2, 72706, 100, 941.53
2026/08/07 13:22:42.145, 3, 72706, 100, 954.64
2026/08/07 13:22:42.145, 4, 0, 0, 132.34
2026/08/07 13:22:42.145, 5, 0, 0, 132.42
2026/08/07 13:22:42.145, 6, 0, 0, 131.91
2026/08/07 13:22:42.145, 7, 0, 0, 132.66
2026/08/07 13:22:42.645, 0, 71546, 100, 940.25
2026/08/07 13:22:42.645, 1, 72706, 100, 957.90
2026/08/07 13:22:42.645, 2, 72706, 100, 936.02
2026/08/07 13:22:42.645, 3, 72706, 100, 944.01
2026/08/07 13:22:42.645, 4, 0, 0, 132.42
2026/08/07 13:22:42.645, 5, 0, 0, 132.30
2026/08/07 13:22:42.645, 6, 0, 0, 131.99
2026/08/07 13:22:42.645, 7, 0, 0, 132.43
2026/08/07 13:22:43.146, 0, 71546, 100, 945.83
2026/08/07 13:22:43.146, 1, 72706, 100, 960.04
2026/08/07 13:22:43.146, 2, 72706, 100, 938.74
2026/08/07 13:22:43.146, 3, 72706, 100, 942.97
2026/08/07 13:22:43.146, 4, 0, 0, 132.42
2026/08/07 13:22:43.146, 5, 0, 0, 132.30
2026/08/07 13:22:43.146, 6, 0, 0, 131.91
2026/08/07 13:22:43.146, 7, 0, 0, 132.46
2026/08/07 13:22:43.646, 0, 71546, 100, 955.27
2026/08/07 13:22:43.646, 1, 72706, 100, 967.59
2026/08/07 13:22:43.646, 2, 72706, 100, 949.27
2026/08/07 13:22:43.646, 3, 72706, 100, 957.30
2026/08/07 13:22:43.646, 4, 0, 0, 132.46
2026/08/07 13:22:43.646, 5, 0, 0, 132.30
2026/08/07 13:22:43.646, 6, 0, 0, 132.11
2026/08/07 13:22:43.646, 7, 0, 0, 132.43
2026/08/07 13:22:44.146, 0, 71546, 100, 964.14
2026/08/07 13:22:44.146, 1, 72706, 100, 970.52
2026/08/07 13:22:44.146, 2, 72706, 100, 947.94
2026/08/07 13:22:44.146, 3, 72706, 100, 960.76
2026/08/07 13:22:44.146, 4, 0, 0, 132.68
2026/08/07 13:22:44.146, 5, 0, 0, 132.30
2026/08/07 13:22:44.146, 6, 0, 0, 132.18
2026/08/07 13:22:44.146, 7, 0, 0, 132.50
2026/08/07 13:22:44.646, 0, 71546, 100, 960.40
2026/08/07 13:22:44.651, 1, 72706, 100, 971.68
2026/08/07 13:22:44.653, 2, 72706, 100, 953.22
2026/08/07 13:22:44.653, 3, 72706, 100, 961.75
2026/08/07 13:22:44.653, 4, 0, 0, 132.64
2026/08/07 13:22:44.653, 5, 0, 0, 132.30
2026/08/07 13:22:44.660, 6, 0, 0, 131.95
2026/08/07 13:22:44.661, 7, 0, 0, 132.66
2026/08/07 13:22:45.162, 0, 71546, 100, 954.55
2026/08/07 13:22:45.162, 1, 72706, 100, 971.14
2026/08/07 13:22:45.162, 2, 72706, 100, 948.31
2026/08/07 13:22:45.162, 3, 72706, 100, 955.97
2026/08/07 13:22:45.162, 4, 0, 0, 132.45
2026/08/07 13:22:45.162, 5, 0, 0, 132.30
2026/08/07 13:22:45.162, 6, 0, 0, 131.87
2026/08/07 13:22:45.162, 7, 0, 0, 132.54
2026/08/07 13:22:45.662, 0, 71546, 100, 948.70
2026/08/07 13:22:45.662, 1, 72706, 100, 962.47
2026/08/07 13:22:45.662, 2, 72706, 100, 940.59
2026/08/07 13:22:45.662, 3, 72706, 100, 948.40
2026/08/07 13:22:45.662, 4, 0, 0, 132.34
2026/08/07 13:22:45.662, 5, 0, 0, 132.30
2026/08/07 13:22:45.662, 6, 0, 0, 132.03
2026/08/07 13:22:45.662, 7, 0, 0, 132.50
2026/08/07 13:22:46.162, 0, 71546, 100, 941.75
2026/08/07 13:22:46.162, 1, 72706, 100, 961.08
2026/08/07 13:22:46.162, 2, 72706, 100, 941.80
2026/08/07 13:22:46.162, 3, 72706, 100, 943.03
2026/08/07 13:22:46.163, 4, 0, 0, 132.30
2026/08/07 13:22:46.163, 5, 0, 0, 132.30
2026/08/07 13:22:46.163, 6, 0, 0, 132.07
2026/08/07 13:22:46.163, 7, 0, 0, 132.62
2026/08/07 13:22:46.663, 0, 71546, 100, 946.36
2026/08/07 13:22:46.663, 1, 72706, 100, 952.51
2026/08/07 13:22:46.663, 2, 72706, 100, 939.19
2026/08/07 13:22:46.663, 3, 72706, 100, 944.98
2026/08/07 13:22:46.663, 4, 0, 0, 132.38
2026/08/07 13:22:46.663, 5, 0, 0, 132.41
2026/08/07 13:22:46.663, 6, 0, 0, 132.02
2026/08/07 13:22:46.663, 7, 0, 0, 132.66
2026/08/07 13:22:47.163, 0, 71546, 100, 947.97
2026/08/07 13:22:47.164, 1, 72706, 100, 946.01
2026/08/07 13:22:47.164, 2, 72706, 100, 930.03
2026/08/07 13:22:47.164, 3, 72706, 100, 946.47
2026/08/07 13:22:47.164, 4, 0, 0, 132.45
2026/08/07 13:22:47.164, 5, 0, 0, 132.42
2026/08/07 13:22:47.164, 6, 0, 0, 132.03
2026/08/07 13:22:47.164, 7, 0, 0, 132.62
2026/08/07 13:22:47.664, 0, 71546, 100, 949.45
2026/08/07 13:22:47.664, 1, 72706, 100, 960.91
2026/08/07 13:22:47.664, 2, 72706, 100, 934.31
2026/08/07 13:22:47.664, 3, 72706, 100, 949.17
2026/08/07 13:22:47.664, 4, 0, 0, 132.61
2026/08/07 13:22:47.664, 5, 0, 0, 132.30
2026/08/07 13:22:47.664, 6, 0, 0, 131.99
2026/08/07 13:22:47.664, 7, 0, 0, 132.50
2026/08/07 13:22:48.164, 0, 71546, 100, 955.97
2026/08/07 13:22:48.164, 1, 72706, 100, 971.22
2026/08/07 13:22:48.164, 2, 72706, 100, 951.14
2026/08/07 13:22:48.164, 3, 72706, 100, 963.38
2026/08/07 13:22:48.165, 4, 0, 0, 132.61
2026/08/07 13:22:48.165, 5, 0, 0, 132.30
2026/08/07 13:22:48.165, 6, 0, 0, 132.06
2026/08/07 13:22:48.165, 7, 0, 0, 132.43
2026/08/07 13:22:48.665, 0, 71546, 100, 955.17
2026/08/07 13:22:48.665, 1, 72706, 100, 975.12
2026/08/07 13:22:48.665, 2, 72706, 100, 951.75
2026/08/07 13:22:48.665, 3, 72706, 100, 962.18
2026/08/07 13:22:48.665, 4, 0, 0, 132.41
2026/08/07 13:22:48.665, 5, 0, 0, 132.30
2026/08/07 13:22:48.665, 6, 0, 0, 132.03
2026/08/07 13:22:48.665, 7, 0, 0, 132.39
2026/08/07 13:22:49.165, 0, 71546, 100, 956.25
2026/08/07 13:22:49.165, 1, 72706, 100, 968.54
2026/08/07 13:22:49.165, 2, 72706, 100, 949.41
2026/08/07 13:22:49.165, 3, 72706, 100, 957.89
2026/08/07 13:22:49.165, 4, 0, 0, 132.60
2026/08/07 13:22:49.165, 5, 0, 0, 132.30
2026/08/07 13:22:49.165, 6, 0, 0, 131.99
2026/08/07 13:22:49.165, 7, 0, 0, 132.39
2026/08/07 13:22:49.665, 0, 71546, 100, 952.28
2026/08/07 13:22:49.665, 1, 72706, 100, 963.32
2026/08/07 13:22:49.665, 2, 72706, 100, 945.55
2026/08/07 13:22:49.665, 3, 72706, 100, 956.38
2026/08/07 13:22:49.665, 4, 0, 0, 132.69
2026/08/07 13:22:49.665, 5, 0, 0, 132.30
2026/08/07 13:22:49.665, 6, 0, 0, 131.87
2026/08/07 13:22:49.665, 7, 0, 0, 132.43
2026/08/07 13:22:50.165, 0, 71546, 100, 951.67
2026/08/07 13:22:50.165, 1, 72706, 100, 963.68
2026/08/07 13:22:50.165, 2, 72706, 100, 940.63
2026/08/07 13:22:50.165, 3, 72706, 100, 950.53
2026/08/07 13:22:50.165, 4, 0, 0, 132.53
2026/08/07 13:22:50.165, 5, 0, 0, 132.30
2026/08/07 13:22:50.165, 6, 0, 0, 131.77
2026/08/07 13:22:50.165, 7, 0, 0, 132.50
2026/08/07 13:22:50.665, 0, 71546, 100, 950.17
2026/08/07 13:22:50.665, 1, 72706, 100, 960.97
2026/08/07 13:22:50.665, 2, 72706, 100, 943.58
2026/08/07 13:22:50.665, 3, 72706, 100, 952.12
2026/08/07 13:22:50.665, 4, 0, 0, 132.53
2026/08/07 13:22:50.665, 5, 0, 0, 132.30
2026/08/07 13:22:50.665, 6, 0, 0, 131.95
2026/08/07 13:22:50.665, 7, 0, 0, 132.54
2026/08/07 13:22:51.165, 0, 71546, 100, 941.36
2026/08/07 13:22:51.165, 1, 72706, 100, 955.80
2026/08/07 13:22:51.165, 2, 72706, 99, 942.28
2026/08/07 13:22:51.165, 3, 72706, 100, 942.87
2026/08/07 13:22:51.165, 4, 0, 0, 132.50
2026/08/07 13:22:51.165, 5, 0, 0, 132.30
2026/08/07 13:22:51.166, 6, 0, 0, 132.03
2026/08/07 13:22:51.166, 7, 0, 0, 132.54
2026/08/07 13:22:51.666, 0, 71546, 100, 941.74
2026/08/07 13:22:51.666, 1, 72706, 100, 952.18
2026/08/07 13:22:51.666, 2, 72706, 100, 941.09
2026/08/07 13:22:51.666, 3, 72706, 100, 943.17
2026/08/07 13:22:51.666, 4, 0, 0, 132.49
2026/08/07 13:22:51.666, 5, 0, 0, 132.43
2026/08/07 13:22:51.666, 6, 0, 0, 131.91
2026/08/07 13:22:51.666, 7, 0, 0, 132.78
2026/08/07 13:22:52.166, 0, 71546, 100, 953.70
2026/08/07 13:22:52.166, 1, 72706, 100, 958.93
2026/08/07 13:22:52.166, 2, 72706, 100, 944.13
2026/08/07 13:22:52.166, 3, 72706, 100, 955.14
2026/08/07 13:22:52.166, 4, 0, 0, 132.42
2026/08/07 13:22:52.166, 5, 0, 0, 132.43
2026/08/07 13:22:52.166, 6, 0, 0, 132.02
2026/08/07 13:22:52.166, 7, 0, 0, 132.73
2026/08/07 13:22:52.666, 0, 71546, 100, 966.14
2026/08/07 13:22:52.666, 1, 72706, 100, 970.23
2026/08/07 13:22:52.666, 2, 72706, 100, 946.18
2026/08/07 13:22:52.666, 3, 72706, 100, 960.06
2026/08/07 13:22:52.666, 4, 0, 0, 132.38
2026/08/07 13:22:52.666, 5, 0, 0, 132.30
2026/08/07 13:22:52.666, 6, 0, 0, 132.07
2026/08/07 13:22:52.666, 7, 0, 0, 132.43
2026/08/07 13:22:53.166, 0, 71546, 100, 960.07
2026/08/07 13:22:53.166, 1, 72706, 100, 969.39
2026/08/07 13:22:53.166, 2, 72706, 100, 947.76
2026/08/07 13:22:53.166, 3, 72706, 100, 960.05
2026/08/07 13:22:53.166, 4, 0, 0, 132.42
2026/08/07 13:22:53.166, 5, 0, 0, 132.31
2026/08/07 13:22:53.166, 6, 0, 0, 131.88
2026/08/07 13:22:53.166, 7, 0, 0, 132.43
2026/08/07 13:22:53.666, 0, 71546, 100, 952.70
2026/08/07 13:22:53.666, 1, 72706, 100, 966.69
2026/08/07 13:22:53.666, 2, 72706, 100, 944.19
2026/08/07 13:22:53.666, 3, 72706, 100, 951.07
2026/08/07 13:22:53.666, 4, 0, 0, 132.49
2026/08/07 13:22:53.666, 5, 0, 0, 132.31
2026/08/07 13:22:53.666, 6, 0, 0, 131.99
2026/08/07 13:22:53.666, 7, 0, 0, 132.51
2026/08/07 13:22:54.166, 0, 71546, 100, 953.93
2026/08/07 13:22:54.166, 1, 72706, 100, 962.16
2026/08/07 13:22:54.166, 2, 72706, 100, 941.00
2026/08/07 13:22:54.166, 3, 72706, 100, 948.17
2026/08/07 13:22:54.166, 4, 0, 0, 132.57
2026/08/07 13:22:54.166, 5, 0, 0, 132.30
2026/08/07 13:22:54.166, 6, 0, 0, 132.18
2026/08/07 13:22:54.166, 7, 0, 0, 132.50
2026/08/07 13:22:54.667, 0, 71546, 100, 949.95
2026/08/07 13:22:54.667, 1, 72706, 100, 962.57
2026/08/07 13:22:54.669, 2, 72706, 100, 943.35
2026/08/07 13:22:54.670, 3, 72706, 100, 950.07
2026/08/07 13:22:54.671, 4, 0, 0, 132.60
2026/08/07 13:22:54.672, 5, 0, 0, 132.30
2026/08/07 13:22:54.674, 6, 0, 0, 132.18
2026/08/07 13:22:54.674, 7, 0, 0, 132.54
2026/08/07 13:22:55.174, 0, 71546, 100, 949.00
2026/08/07 13:22:55.174, 1, 72706, 100, 956.93
2026/08/07 13:22:55.174, 2, 72706, 100, 941.63
2026/08/07 13:22:55.174, 3, 72706, 100, 945.95
2026/08/07 13:22:55.174, 4, 0, 0, 132.42
2026/08/07 13:22:55.174, 5, 0, 0, 132.30
2026/08/07 13:22:55.174, 6, 0, 0, 132.14
2026/08/07 13:22:55.174, 7, 0, 0, 132.58
2026/08/07 13:22:55.674, 0, 71546, 100, 937.87
2026/08/07 13:22:55.674, 1, 72706, 100, 955.16
2026/08/07 13:22:55.674, 2, 72706, 100, 937.91
2026/08/07 13:22:55.674, 3, 72706, 100, 948.27
2026/08/07 13:22:55.674, 4, 0, 0, 132.34
2026/08/07 13:22:55.674, 5, 0, 0, 132.30
2026/08/07 13:22:55.674, 6, 0, 0, 132.03
2026/08/07 13:22:55.674, 7, 0, 0, 132.50
2026/08/07 13:22:56.174, 0, 71546, 100, 942.52
2026/08/07 13:22:56.174, 1, 72706, 100, 964.86
2026/08/07 13:22:56.174, 2, 72706, 100, 939.39
2026/08/07 13:22:56.174, 3, 72706, 100, 951.00
2026/08/07 13:22:56.174, 4, 0, 0, 132.38
2026/08/07 13:22:56.174, 5, 0, 0, 132.30
2026/08/07 13:22:56.174, 6, 0, 0, 132.06
2026/08/07 13:22:56.174, 7, 0, 0, 132.50
2026/08/07 13:22:56.674, 0, 71546, 100, 957.23
2026/08/07 13:22:56.674, 1, 72706, 100, 972.99
2026/08/07 13:22:56.674, 2, 72706, 100, 951.15
2026/08/07 13:22:56.674, 3, 72706, 100, 962.64
2026/08/07 13:22:56.674, 4, 0, 0, 132.38
2026/08/07 13:22:56.674, 5, 0, 0, 132.42
2026/08/07 13:22:56.674, 6, 0, 0, 132.18
2026/08/07 13:22:56.674, 7, 0, 0, 132.62
2026/08/07 13:22:57.174, 0, 71546, 100, 963.14
2026/08/07 13:22:57.175, 1, 72706, 100, 976.70
2026/08/07 13:22:57.176, 2, 72706, 100, 949.67
2026/08/07 13:22:57.177, 3, 72706, 100, 964.86
2026/08/07 13:22:57.178, 4, 0, 0, 132.34
2026/08/07 13:22:57.180, 5, 0, 0, 132.42
2026/08/07 13:22:57.181, 6, 0, 0, 132.15
2026/08/07 13:22:57.182, 7, 0, 0, 132.58
2026/08/07 13:22:57.683, 0, 71546, 100, 958.33
2026/08/07 13:22:57.683, 1, 72706, 100, 978.55
2026/08/07 13:22:57.683, 2, 72706, 100, 950.21
2026/08/07 13:22:57.683, 3, 72706, 100, 965.68
2026/08/07 13:22:57.683, 4, 0, 0, 132.30
2026/08/07 13:22:57.683, 5, 0, 0, 132.30
2026/08/07 13:22:57.683, 6, 0, 0, 132.14
2026/08/07 13:22:57.683, 7, 0, 0, 132.54
2026/08/07 13:22:58.183, 0, 71546, 100, 955.43
2026/08/07 13:22:58.183, 1, 72706, 100, 975.20
2026/08/07 13:22:58.183, 2, 72706, 100, 949.72
2026/08/07 13:22:58.183, 3, 72706, 100, 958.45
2026/08/07 13:22:58.183, 4, 0, 0, 132.30
2026/08/07 13:22:58.183, 5, 0, 0, 132.30
2026/08/07 13:22:58.183, 6, 0, 0, 132.07
2026/08/07 13:22:58.183, 7, 0, 0, 132.50
2026/08/07 13:22:58.683, 0, 71546, 100, 956.72
2026/08/07 13:22:58.683, 1, 72706, 100, 964.74
2026/08/07 13:22:58.683, 2, 72706, 100, 944.79
2026/08/07 13:22:58.683, 3, 72706, 100, 952.30
2026/08/07 13:22:58.683, 4, 0, 0, 132.34
2026/08/07 13:22:58.683, 5, 0, 0, 132.31
2026/08/07 13:22:58.684, 6, 0, 0, 132.14
2026/08/07 13:22:58.684, 7, 0, 0, 132.43
2026/08/07 13:22:59.184, 0, 71546, 100, 953.78
2026/08/07 13:22:59.184, 1, 72706, 100, 962.05
2026/08/07 13:22:59.184, 2, 72706, 100, 943.64
2026/08/07 13:22:59.184, 3, 72706, 100, 951.98
2026/08/07 13:22:59.184, 4, 0, 0, 132.56
2026/08/07 13:22:59.184, 5, 0, 0, 132.31
2026/08/07 13:22:59.184, 6, 0, 0, 132.25
2026/08/07 13:22:59.184, 7, 0, 0, 132.46
2026/08/07 13:22:59.684, 0, 71546, 100, 943.71
2026/08/07 13:22:59.684, 1, 72706, 99, 950.94
2026/08/07 13:22:59.685, 2, 72706, 99, 931.29
2026/08/07 13:22:59.686, 3, 72706, 100, 945.76
2026/08/07 13:22:59.687, 4, 0, 0, 132.57
2026/08/07 13:22:59.687, 5, 0, 0, 132.30
2026/08/07 13:22:59.688, 6, 0, 0, 132.18
2026/08/07 13:22:59.689, 7, 0, 0, 132.46
2026/08/07 13:23:00.190, 0, 71546, 100, 943.04
2026/08/07 13:23:00.190, 1, 72706, 100, 950.64
2026/08/07 13:23:00.190, 2, 72706, 100, 930.84
2026/08/07 13:23:00.190, 3, 72706, 100, 944.54
2026/08/07 13:23:00.190, 4, 0, 0, 132.41
2026/08/07 13:23:00.190, 5, 0, 0, 132.30
2026/08/07 13:23:00.190, 6, 0, 0, 132.18
2026/08/07 13:23:00.190, 7, 0, 0, 132.47
2026/08/07 13:23:00.690, 0, 71546, 100, 952.66
2026/08/07 13:23:00.690, 1, 72706, 100, 965.34
2026/08/07 13:23:00.690, 2, 72706, 100, 941.12
2026/08/07 13:23:00.690, 3, 72706, 100, 957.07
2026/08/07 13:23:00.690, 4, 0, 0, 132.46
2026/08/07 13:23:00.690, 5, 0, 0, 132.30
2026/08/07 13:23:00.690, 6, 0, 0, 132.15
2026/08/07 13:23:00.690, 7, 0, 0, 132.43
2026/08/07 13:23:01.190, 0, 71546, 100, 958.39
2026/08/07 13:23:01.190, 1, 72706, 100, 967.42
2026/08/07 13:23:01.190, 2, 72706, 100, 949.41
2026/08/07 13:23:01.190, 3, 72706, 100, 959.34
2026/08/07 13:23:01.190, 4, 0, 0, 132.46
2026/08/07 13:23:01.190, 5, 0, 0, 132.30
2026/08/07 13:23:01.190, 6, 0, 0, 132.02
2026/08/07 13:23:01.190, 7, 0, 0, 132.39
2026/08/07 13:23:01.690, 0, 71546, 100, 962.09
2026/08/07 13:23:01.690, 1, 72706, 100, 973.08
2026/08/07 13:23:01.691, 2, 72706, 100, 949.88
2026/08/07 13:23:01.691, 3, 72706, 100, 957.56
2026/08/07 13:23:01.691, 4, 0, 0, 132.38
2026/08/07 13:23:01.691, 5, 0, 0, 132.38
2026/08/07 13:23:01.691, 6, 0, 0, 131.98
2026/08/07 13:23:01.691, 7, 0, 0, 132.54
2026/08/07 13:23:02.191, 0, 71546, 100, 960.01
2026/08/07 13:23:02.191, 1, 72706, 100, 972.12
2026/08/07 13:23:02.191, 2, 72706, 100, 948.96
2026/08/07 13:23:02.191, 3, 72706, 100, 958.52
2026/08/07 13:23:02.191, 4, 0, 0, 132.41
2026/08/07 13:23:02.191, 5, 0, 0, 132.38
2026/08/07 13:23:02.191, 6, 0, 0, 131.99
2026/08/07 13:23:02.191, 7, 0, 0, 132.66
2026/08/07 13:23:02.691, 0, 71546, 100, 951.84
2026/08/07 13:23:02.691, 1, 72706, 100, 964.45
2026/08/07 13:23:02.691, 2, 72706, 100, 946.05
2026/08/07 13:23:02.691, 3, 72706, 100, 952.44
2026/08/07 13:23:02.691, 4, 0, 0, 132.49
2026/08/07 13:23:02.691, 5, 0, 0, 132.30
2026/08/07 13:23:02.691, 6, 0, 0, 131.99
2026/08/07 13:23:02.691, 7, 0, 0, 132.58
2026/08/07 13:23:03.191, 0, 71546, 100, 949.38
2026/08/07 13:23:03.191, 1, 72706, 100, 961.11
2026/08/07 13:23:03.191, 2, 72706, 100, 943.52
2026/08/07 13:23:03.191, 3, 72706, 100, 950.00
2026/08/07 13:23:03.191, 4, 0, 0, 132.45
2026/08/07 13:23:03.191, 5, 0, 0, 132.30
2026/08/07 13:23:03.191, 6, 0, 0, 132.01
2026/08/07 13:23:03.191, 7, 0, 0, 132.46
2026/08/07 13:23:03.691, 0, 71546, 100, 943.62
2026/08/07 13:23:03.691, 1, 72706, 100, 955.92
2026/08/07 13:23:03.691, 2, 72706, 100, 938.92
2026/08/07 13:23:03.691, 3, 72706, 100, 941.53
2026/08/07 13:23:03.691, 4, 0, 0, 132.38
2026/08/07 13:23:03.691, 5, 0, 0, 132.30
2026/08/07 13:23:03.691, 6, 0, 0, 131.94
2026/08/07 13:23:03.691, 7, 0, 0, 132.39
2026/08/07 13:23:04.191, 0, 71546, 100, 943.00
2026/08/07 13:23:04.191, 1, 72706, 100, 952.80
2026/08/07 13:23:04.191, 2, 72706, 100, 931.48
2026/08/07 13:23:04.191, 3, 72706, 100, 935.65
2026/08/07 13:23:04.191, 4, 0, 0, 132.69
2026/08/07 13:23:04.191, 5, 0, 0, 132.30
2026/08/07 13:23:04.191, 6, 0, 0, 132.09
2026/08/07 13:23:04.191, 7, 0, 0, 132.47
2026/08/07 13:23:04.691, 0, 71546, 100, 953.78
2026/08/07 13:23:04.692, 1, 72706, 100, 958.24
2026/08/07 13:23:04.692, 2, 72706, 100, 939.29
2026/08/07 13:23:04.692, 3, 72706, 100, 950.58
2026/08/07 13:23:04.692, 4, 0, 0, 132.72
2026/08/07 13:23:04.692, 5, 0, 0, 132.31
2026/08/07 13:23:04.692, 6, 0, 0, 132.25
2026/08/07 13:23:04.692, 7, 0, 0, 132.47
2026/08/07 13:23:05.192, 0, 71546, 100, 958.52
2026/08/07 13:23:05.192, 1, 72706, 100, 974.26
2026/08/07 13:23:05.192, 2, 72706, 100, 945.43
2026/08/07 13:23:05.192, 3, 72706, 100, 958.47
2026/08/07 13:23:05.192, 4, 0, 0, 132.45
2026/08/07 13:23:05.192, 5, 0, 0, 132.31
2026/08/07 13:23:05.192, 6, 0, 0, 132.14
2026/08/07 13:23:05.192, 7, 0, 0, 132.39
2026/08/07 13:23:05.692, 0, 71546, 100, 964.95
2026/08/07 13:23:05.692, 1, 72706, 100, 980.75
2026/08/07 13:23:05.692, 2, 72706, 100, 952.10
2026/08/07 13:23:05.692, 3, 72706, 100, 960.44
2026/08/07 13:23:05.692, 4, 0, 0, 132.57
2026/08/07 13:23:05.692, 5, 0, 0, 132.30
2026/08/07 13:23:05.692, 6, 0, 0, 132.02
2026/08/07 13:23:05.692, 7, 0, 0, 132.43
2026/08/07 13:23:06.192, 0, 71546, 100, 966.01
2026/08/07 13:23:06.192, 1, 72706, 100, 980.86
2026/08/07 13:23:06.192, 2, 72706, 100, 953.72
2026/08/07 13:23:06.192, 3, 72706, 100, 960.78
2026/08/07 13:23:06.192, 4, 0, 0, 132.53
2026/08/07 13:23:06.192, 5, 0, 0, 132.30
2026/08/07 13:23:06.192, 6, 0, 0, 131.97
2026/08/07 13:23:06.192, 7, 0, 0, 132.43
2026/08/07 13:23:06.692, 0, 71546, 100, 963.26
2026/08/07 13:23:06.692, 1, 72706, 100, 974.30
2026/08/07 13:23:06.692, 2, 72706, 100, 946.59
2026/08/07 13:23:06.692, 3, 72706, 100, 962.61
2026/08/07 13:23:06.692, 4, 0, 0, 132.49
2026/08/07 13:23:06.692, 5, 0, 0, 132.38
2026/08/07 13:23:06.692, 6, 0, 0, 131.97
2026/08/07 13:23:06.692, 7, 0, 0, 132.66
2026/08/07 13:23:07.192, 0, 71546, 100, 954.99
2026/08/07 13:23:07.192, 1, 72706, 100, 969.18
2026/08/07 13:23:07.192, 2, 72706, 100, 940.30
2026/08/07 13:23:07.192, 3, 72706, 100, 955.93
2026/08/07 13:23:07.192, 4, 0, 0, 132.57
2026/08/07 13:23:07.192, 5, 0, 0, 132.38
2026/08/07 13:23:07.192, 6, 0, 0, 132.06
2026/08/07 13:23:07.192, 7, 0, 0, 132.73
2026/08/07 13:23:07.693, 0, 71546, 100, 952.46
2026/08/07 13:23:07.693, 1, 72706, 100, 967.97
2026/08/07 13:23:07.693, 2, 72706, 100, 945.90
2026/08/07 13:23:07.693, 3, 72706, 100, 952.04
2026/08/07 13:23:07.693, 4, 0, 0, 132.49
2026/08/07 13:23:07.693, 5, 0, 0, 132.30
2026/08/07 13:23:07.693, 6, 0, 0, 131.99
2026/08/07 13:23:07.693, 7, 0, 0, 132.58
2026/08/07 13:23:08.193, 0, 71546, 100, 946.05
2026/08/07 13:23:08.195, 1, 72706, 100, 959.41
2026/08/07 13:23:08.195, 2, 72706, 100, 950.33
2026/08/07 13:23:08.195, 3, 72706, 99, 943.82
2026/08/07 13:23:08.195, 4, 0, 0, 132.45
2026/08/07 13:23:08.195, 5, 0, 0, 132.30
2026/08/07 13:23:08.195, 6, 0, 0, 131.94
2026/08/07 13:23:08.195, 7, 0, 0, 132.58
2026/08/07 13:23:08.696, 0, 71546, 100, 942.67
2026/08/07 13:23:08.696, 1, 72706, 100, 960.99
2026/08/07 13:23:08.696, 2, 72706, 100, 939.33
2026/08/07 13:23:08.696, 3, 72706, 100, 937.87
2026/08/07 13:23:08.696, 4, 0, 0, 132.46
2026/08/07 13:23:08.696, 5, 0, 0, 132.30
2026/08/07 13:23:08.696, 6, 0, 0, 132.10
2026/08/07 13:23:08.696, 7, 0, 0, 132.47
2026/08/07 13:23:09.196, 0, 71546, 100, 955.38
2026/08/07 13:23:09.196, 1, 72706, 100, 967.74
2026/08/07 13:23:09.196, 2, 72706, 100, 943.87
2026/08/07 13:23:09.196, 3, 72706, 100, 948.56
2026/08/07 13:23:09.196, 4, 0, 0, 132.64
2026/08/07 13:23:09.196, 5, 0, 0, 132.30
2026/08/07 13:23:09.196, 6, 0, 0, 132.22
2026/08/07 13:23:09.196, 7, 0, 0, 132.43
2026/08/07 13:23:09.696, 0, 71546, 100, 959.32
2026/08/07 13:23:09.696, 1, 72706, 100, 976.45
2026/08/07 13:23:09.696, 2, 72706, 100, 950.38
2026/08/07 13:23:09.696, 3, 72706, 100, 953.82
2026/08/07 13:23:09.696, 4, 0, 0, 132.65
2026/08/07 13:23:09.696, 5, 0, 0, 132.30
2026/08/07 13:23:09.696, 6, 0, 0, 132.03
2026/08/07 13:23:09.696, 7, 0, 0, 132.54
2026/08/07 13:23:10.196, 0, 71546, 100, 960.16
2026/08/07 13:23:10.196, 1, 72706, 100, 974.52
2026/08/07 13:23:10.196, 2, 72706, 100, 952.60
2026/08/07 13:23:10.196, 3, 72706, 100, 961.21
2026/08/07 13:23:10.196, 4, 0, 0, 132.46
2026/08/07 13:23:10.196, 5, 0, 0, 132.30
2026/08/07 13:23:10.196, 6, 0, 0, 131.92
2026/08/07 13:23:10.196, 7, 0, 0, 132.54
2026/08/07 13:23:10.696, 0, 71546, 100, 953.06
2026/08/07 13:23:10.696, 1, 72706, 100, 965.64
2026/08/07 13:23:10.696, 2, 72706, 100, 946.32
2026/08/07 13:23:10.696, 3, 72706, 100, 956.72
2026/08/07 13:23:10.696, 4, 0, 0, 132.53
2026/08/07 13:23:10.696, 5, 0, 0, 132.30
2026/08/07 13:23:10.696, 6, 0, 0, 132.18
2026/08/07 13:23:10.696, 7, 0, 0, 132.54
2026/08/07 13:23:11.196, 0, 71546, 100, 949.91
2026/08/07 13:23:11.196, 1, 72706, 100, 966.23
2026/08/07 13:23:11.196, 2, 72706, 100, 939.66
2026/08/07 13:23:11.196, 3, 72706, 100, 953.90
2026/08/07 13:23:11.196, 4, 0, 0, 132.49
2026/08/07 13:23:11.196, 5, 0, 0, 132.30
2026/08/07 13:23:11.196, 6, 0, 0, 132.14
2026/08/07 13:23:11.197, 7, 0, 0, 132.54
2026/08/07 13:23:11.697, 0, 71546, 100, 951.69
2026/08/07 13:23:11.697, 1, 72706, 100, 962.72
2026/08/07 13:23:11.697, 2, 72706, 100, 941.54
2026/08/07 13:23:11.697, 3, 72706, 100, 956.25
2026/08/07 13:23:11.697, 4, 0, 0, 132.45
2026/08/07 13:23:11.697, 5, 0, 0, 132.38
2026/08/07 13:23:11.697, 6, 0, 0, 131.95
2026/08/07 13:23:11.697, 7, 0, 0, 132.58
2026/08/07 13:23:12.197, 0, 71546, 100, 949.18
2026/08/07 13:23:12.197, 1, 72706, 100, 960.08
2026/08/07 13:23:12.197, 2, 72706, 100, 937.52
2026/08/07 13:23:12.197, 3, 72706, 100, 950.19
2026/08/07 13:23:12.197, 4, 0, 0, 132.42
2026/08/07 13:23:12.197, 5, 0, 0, 132.38
2026/08/07 13:23:12.197, 6, 0, 0, 131.94
2026/08/07 13:23:12.197, 7, 0, 0, 132.58
2026/08/07 13:23:12.697, 0, 71546, 100, 947.08
2026/08/07 13:23:12.697, 1, 72706, 100, 959.89
2026/08/07 13:23:12.697, 2, 72706, 100, 935.69
2026/08/07 13:23:12.697, 3, 72706, 100, 950.44
2026/08/07 13:23:12.697, 4, 0, 0, 132.57
2026/08/07 13:23:12.697, 5, 0, 0, 132.30
2026/08/07 13:23:12.697, 6, 0, 0, 131.99
2026/08/07 13:23:12.697, 7, 0, 0, 132.43
2026/08/07 13:23:13.197, 0, 71546, 100, 948.79
2026/08/07 13:23:13.197, 1, 72706, 100, 961.62
2026/08/07 13:23:13.197, 2, 72706, 100, 940.65
2026/08/07 13:23:13.197, 3, 72706, 100, 948.22
2026/08/07 13:23:13.197, 4, 0, 0, 132.61
2026/08/07 13:23:13.197, 5, 0, 0, 132.30
2026/08/07 13:23:13.197, 6, 0, 0, 131.84
2026/08/07 13:23:13.197, 7, 0, 0, 132.54
2026/08/07 13:23:13.697, 0, 71546, 100, 955.13
2026/08/07 13:23:13.697, 1, 72706, 100, 972.28
2026/08/07 13:23:13.697, 2, 72706, 100, 949.27
2026/08/07 13:23:13.697, 3, 72706, 100, 953.15
2026/08/07 13:23:13.697, 4, 0, 0, 132.38
2026/08/07 13:23:13.697, 5, 0, 0, 132.30
2026/08/07 13:23:13.697, 6, 0, 0, 131.87
2026/08/07 13:23:13.697, 7, 0, 0, 132.62
2026/08/07 13:23:14.197, 0, 71546, 100, 961.21
2026/08/07 13:23:14.197, 1, 72706, 100, 977.43
2026/08/07 13:23:14.198, 2, 72706, 100, 950.30
2026/08/07 13:23:14.198, 3, 72706, 100, 960.45
2026/08/07 13:23:14.198, 4, 0, 0, 132.60
2026/08/07 13:23:14.198, 5, 0, 0, 132.30
2026/08/07 13:23:14.198, 6, 0, 0, 131.99
2026/08/07 13:23:14.198, 7, 0, 0, 132.51
2026/08/07 13:23:14.698, 0, 71546, 100, 959.18
2026/08/07 13:23:14.698, 1, 72706, 100, 978.59
2026/08/07 13:23:14.698, 2, 72706, 100, 952.04
2026/08/07 13:23:14.698, 3, 72706, 100, 962.14
2026/08/07 13:23:14.698, 4, 0, 0, 132.65
2026/08/07 13:23:14.698, 5, 0, 0, 132.30
2026/08/07 13:23:14.698, 6, 0, 0, 131.99
2026/08/07 13:23:14.698, 7, 0, 0, 132.43
2026/08/07 13:23:15.198, 0, 71546, 100, 957.43
2026/08/07 13:23:15.199, 1, 72706, 100, 970.48
2026/08/07 13:23:15.199, 2, 72706, 100, 941.81
2026/08/07 13:23:15.199, 3, 72706, 100, 958.32
2026/08/07 13:23:15.199, 4, 0, 0, 132.53
2026/08/07 13:23:15.199, 5, 0, 0, 132.30
2026/08/07 13:23:15.199, 6, 0, 0, 131.95
2026/08/07 13:23:15.199, 7, 0, 0, 132.46
2026/08/07 13:23:15.699, 0, 71546, 100, 950.03
2026/08/07 13:23:15.699, 1, 72706, 100, 967.79
2026/08/07 13:23:15.699, 2, 72706, 100, 939.88
2026/08/07 13:23:15.699, 3, 72706, 100, 953.35
2026/08/07 13:23:15.699, 4, 0, 0, 132.53
2026/08/07 13:23:15.699, 5, 0, 0, 132.30
2026/08/07 13:23:15.699, 6, 0, 0, 131.92
2026/08/07 13:23:15.699, 7, 0, 0, 132.54
2026/08/07 13:23:16.199, 0, 71546, 100, 950.46
2026/08/07 13:23:16.199, 1, 72706, 100, 966.84
2026/08/07 13:23:16.199, 2, 72706, 100, 939.39
2026/08/07 13:23:16.199, 3, 72706, 100, 950.40
2026/08/07 13:23:16.199, 4, 0, 0, 132.38
2026/08/07 13:23:16.199, 5, 0, 0, 132.30
2026/08/07 13:23:16.199, 6, 0, 0, 132.03
2026/08/07 13:23:16.199, 7, 0, 0, 132.47
2026/08/07 13:23:16.699, 0, 71546, 99, 943.92
2026/08/07 13:23:16.699, 1, 72706, 100, 954.85
2026/08/07 13:23:16.699, 2, 72706, 100, 943.23
2026/08/07 13:23:16.699, 3, 72706, 100, 940.83
2026/08/07 13:23:16.699, 4, 0, 0, 132.41
2026/08/07 13:23:16.699, 5, 0, 0, 132.38
2026/08/07 13:23:16.699, 6, 0, 0, 132.10
2026/08/07 13:23:16.699, 7, 0, 0, 132.58
2026/08/07 13:23:17.199, 0, 71546, 100, 938.79
2026/08/07 13:23:17.199, 1, 72706, 100, 951.45
2026/08/07 13:23:17.199, 2, 72706, 100, 936.24
2026/08/07 13:23:17.200, 3, 72706, 100, 936.30
2026/08/07 13:23:17.200, 4, 0, 0, 132.41
2026/08/07 13:23:17.200, 5, 0, 0, 132.38
2026/08/07 13:23:17.200, 6, 0, 0, 131.95
2026/08/07 13:23:17.200, 7, 0, 0, 132.62
2026/08/07 13:23:17.700, 0, 71546, 100, 954.74
2026/08/07 13:23:17.701, 1, 72706, 100, 961.42
2026/08/07 13:23:17.702, 2, 72706, 100, 931.59
2026/08/07 13:23:17.704, 3, 72706, 100, 952.83
2026/08/07 13:23:17.705, 4, 0, 0, 132.41
2026/08/07 13:23:17.706, 5, 0, 0, 132.30
2026/08/07 13:23:17.708, 6, 0, 0, 132.06
2026/08/07 13:23:17.708, 7, 0, 0, 132.50
2026/08/07 13:23:18.209, 0, 71546, 100, 959.45
2026/08/07 13:23:18.209, 1, 72706, 100, 974.33
2026/08/07 13:23:18.209, 2, 72706, 100, 947.23
2026/08/07 13:23:18.209, 3, 72706, 100, 961.51
2026/08/07 13:23:18.209, 4, 0, 0, 132.41
2026/08/07 13:23:18.209, 5, 0, 0, 132.30
2026/08/07 13:23:18.209, 6, 0, 0, 132.18
2026/08/07 13:23:18.209, 7, 0, 0, 132.54
2026/08/07 13:23:18.710, 0, 71546, 100, 960.50
2026/08/07 13:23:18.710, 1, 72706, 100, 979.47
2026/08/07 13:23:18.710, 2, 72706, 100, 956.04
2026/08/07 13:23:18.710, 3, 72706, 100, 958.83
2026/08/07 13:23:18.710, 4, 0, 0, 132.38
2026/08/07 13:23:18.710, 5, 0, 0, 132.30
2026/08/07 13:23:18.710, 6, 0, 0, 132.10
2026/08/07 13:23:18.710, 7, 0, 0, 132.50
2026/08/07 13:23:19.210, 0, 71546, 100, 954.94
2026/08/07 13:23:19.210, 1, 72706, 100, 970.39
2026/08/07 13:23:19.210, 2, 72706, 100, 951.89
2026/08/07 13:23:19.210, 3, 72706, 100, 961.17
2026/08/07 13:23:19.210, 4, 0, 0, 132.57
2026/08/07 13:23:19.210, 5, 0, 0, 132.30
2026/08/07 13:23:19.210, 6, 0, 0, 132.21
2026/08/07 13:23:19.210, 7, 0, 0, 132.50
2026/08/07 13:23:19.710, 0, 71546, 100, 947.95
2026/08/07 13:23:19.710, 1, 72706, 100, 964.80
2026/08/07 13:23:19.710, 2, 72706, 100, 944.76
2026/08/07 13:23:19.710, 3, 72706, 100, 956.35
2026/08/07 13:23:19.710, 4, 0, 0, 132.61
2026/08/07 13:23:19.710, 5, 0, 0, 132.31
2026/08/07 13:23:19.710, 6, 0, 0, 132.06
2026/08/07 13:23:19.710, 7, 0, 0, 132.54
2026/08/07 13:23:20.210, 0, 71546, 100, 949.34
2026/08/07 13:23:20.210, 1, 72706, 100, 961.58
2026/08/07 13:23:20.210, 2, 72706, 100, 937.10
2026/08/07 13:23:20.210, 3, 72706, 100, 948.27
2026/08/07 13:23:20.210, 4, 0, 0, 132.41
2026/08/07 13:23:20.210, 5, 0, 0, 132.31
2026/08/07 13:23:20.210, 6, 0, 0, 131.94
2026/08/07 13:23:20.210, 7, 0, 0, 132.54
2026/08/07 13:23:20.710, 0, 71546, 100, 946.27
2026/08/07 13:23:20.710, 1, 72706, 100, 955.30
2026/08/07 13:23:20.710, 2, 72706, 100, 937.48
2026/08/07 13:23:20.710, 3, 72706, 100, 952.86
2026/08/07 13:23:20.711, 4, 0, 0, 132.41
2026/08/07 13:23:20.711, 5, 0, 0, 132.31
2026/08/07 13:23:20.711, 6, 0, 0, 131.95
2026/08/07 13:23:20.711, 7, 0, 0, 132.50
2026/08/07 13:23:21.211, 0, 71546, 100, 945.50
2026/08/07 13:23:21.211, 1, 72706, 100, 956.66
2026/08/07 13:23:21.211, 2, 72706, 100, 930.48
2026/08/07 13:23:21.211, 3, 72706, 100, 945.13
2026/08/07 13:23:21.211, 4, 0, 0, 132.54
2026/08/07 13:23:21.211, 5, 0, 0, 132.30
2026/08/07 13:23:21.211, 6, 0, 0, 131.95
2026/08/07 13:23:21.211, 7, 0, 0, 132.54
2026/08/07 13:23:21.711, 0, 71546, 100, 947.16
2026/08/07 13:23:21.711, 1, 72706, 100, 960.31
2026/08/07 13:23:21.711, 2, 72706, 100, 935.75
2026/08/07 13:23:21.711, 3, 72706, 100, 947.53
2026/08/07 13:23:21.711, 4, 0, 0, 132.53
2026/08/07 13:23:21.711, 5, 0, 0, 132.38
2026/08/07 13:23:21.711, 6, 0, 0, 132.03
2026/08/07 13:23:21.711, 7, 0, 0, 132.66
2026/08/07 13:23:22.211, 0, 71546, 100, 955.00
2026/08/07 13:23:22.211, 1, 72706, 100, 970.32
2026/08/07 13:23:22.211, 2, 72706, 100, 947.84
2026/08/07 13:23:22.211, 3, 72706, 100, 953.87
2026/08/07 13:23:22.211, 4, 0, 0, 132.38
2026/08/07 13:23:22.211, 5, 0, 0, 132.38
2026/08/07 13:23:22.211, 6, 0, 0, 131.95
2026/08/07 13:23:22.211, 7, 0, 0, 132.65
2026/08/07 13:23:22.711, 0, 71546, 100, 960.63
2026/08/07 13:23:22.713, 1, 72706, 100, 972.81
2026/08/07 13:23:22.713, 2, 72706, 100, 947.93
2026/08/07 13:23:22.713, 3, 72706, 100, 954.00
2026/08/07 13:23:22.713, 4, 0, 0, 132.46
2026/08/07 13:23:22.713, 5, 0, 0, 132.30
2026/08/07 13:23:22.713, 6, 0, 0, 131.99
2026/08/07 13:23:22.713, 7, 0, 0, 132.46
2026/08/07 13:23:23.213, 0, 71546, 100, 957.26
2026/08/07 13:23:23.213, 1, 72706, 100, 969.17
2026/08/07 13:23:23.213, 2, 72706, 100, 951.36
2026/08/07 13:23:23.213, 3, 72706, 100, 961.48
2026/08/07 13:23:23.213, 4, 0, 0, 132.49
2026/08/07 13:23:23.213, 5, 0, 0, 132.30
2026/08/07 13:23:23.213, 6, 0, 0, 132.06
2026/08/07 13:23:23.213, 7, 0, 0, 132.39
2026/08/07 13:23:23.714, 0, 71546, 100, 957.72
2026/08/07 13:23:23.714, 1, 72706, 100, 967.63
2026/08/07 13:23:23.714, 2, 72706, 100, 947.72
2026/08/07 13:23:23.714, 3, 72706, 100, 957.83
2026/08/07 13:23:23.714, 4, 0, 0, 132.34
2026/08/07 13:23:23.714, 5, 0, 0, 132.30
2026/08/07 13:23:23.714, 6, 0, 0, 132.07
2026/08/07 13:23:23.714, 7, 0, 0, 132.51
2026/08/07 13:23:24.214, 0, 71546, 100, 957.89
2026/08/07 13:23:24.214, 1, 72706, 100, 972.25
2026/08/07 13:23:24.214, 2, 72706, 100, 947.67
2026/08/07 13:23:24.214, 3, 72706, 100, 956.43
2026/08/07 13:23:24.214, 4, 0, 0, 132.45
2026/08/07 13:23:24.214, 5, 0, 0, 132.30
2026/08/07 13:23:24.214, 6, 0, 0, 132.26
2026/08/07 13:23:24.214, 7, 0, 0, 132.50
2026/08/07 13:23:24.714, 0, 71546, 100, 955.55
2026/08/07 13:23:24.714, 1, 72706, 100, 969.83
2026/08/07 13:23:24.714, 2, 72706, 100, 947.35
2026/08/07 13:23:24.714, 3, 72706, 100, 948.86
2026/08/07 13:23:24.714, 4, 0, 0, 132.45
2026/08/07 13:23:24.714, 5, 0, 0, 132.31
2026/08/07 13:23:24.714, 6, 0, 0, 132.14
2026/08/07 13:23:24.714, 7, 0, 0, 132.39
2026/08/07 13:23:25.214, 0, 71546, 100, 947.32
2026/08/07 13:23:25.214, 1, 72706, 100, 957.50
2026/08/07 13:23:25.216, 2, 72706, 100, 942.41
2026/08/07 13:23:25.216, 3, 72706, 100, 948.81
2026/08/07 13:23:25.216, 4, 0, 0, 132.42
2026/08/07 13:23:25.217, 5, 0, 0, 132.31
2026/08/07 13:23:25.218, 6, 0, 0, 131.92
2026/08/07 13:23:25.218, 7, 0, 0, 132.51
2026/08/07 13:23:25.718, 0, 71546, 100, 941.54
2026/08/07 13:23:25.718, 1, 72706, 100, 953.07
2026/08/07 13:23:25.718, 2, 72706, 100, 936.80
2026/08/07 13:23:25.718, 3, 72706, 100, 943.53
2026/08/07 13:23:25.718, 4, 0, 0, 132.45
2026/08/07 13:23:25.718, 5, 0, 0, 132.30
2026/08/07 13:23:25.718, 6, 0, 0, 132.02
2026/08/07 13:23:25.718, 7, 0, 0, 132.54
2026/08/07 13:23:26.218, 0, 71546, 100, 951.69
2026/08/07 13:23:26.218, 1, 72706, 100, 961.32
2026/08/07 13:23:26.219, 2, 72706, 100, 937.16
2026/08/07 13:23:26.219, 3, 72706, 100, 944.40
2026/08/07 13:23:26.219, 4, 0, 0, 132.38
2026/08/07 13:23:26.219, 5, 0, 0, 132.30
2026/08/07 13:23:26.219, 6, 0, 0, 131.95
2026/08/07 13:23:26.219, 7, 0, 0, 132.47
2026/08/07 13:23:26.719, 0, 71546, 100, 957.03
2026/08/07 13:23:26.719, 1, 72706, 100, 973.76
2026/08/07 13:23:26.719, 2, 72706, 100, 947.62
2026/08/07 13:23:26.719, 3, 72706, 100, 957.72
2026/08/07 13:23:26.719, 4, 0, 0, 132.38
2026/08/07 13:23:26.719, 5, 0, 0, 132.42
2026/08/07 13:23:26.719, 6, 0, 0, 131.95
2026/08/07 13:23:26.719, 7, 0, 0, 132.65
2026/08/07 13:23:27.219, 0, 71546, 100, 957.21
2026/08/07 13:23:27.219, 1, 72706, 100, 977.70
2026/08/07 13:23:27.219, 2, 72706, 100, 950.95
2026/08/07 13:23:27.219, 3, 72706, 100, 958.57
2026/08/07 13:23:27.219, 4, 0, 0, 132.49
2026/08/07 13:23:27.219, 5, 0, 0, 132.41
2026/08/07 13:23:27.219, 6, 0, 0, 132.02
2026/08/07 13:23:27.219, 7, 0, 0, 132.62
2026/08/07 13:23:27.719, 0, 71546, 100, 954.51
2026/08/07 13:23:27.719, 1, 72706, 100, 974.76
2026/08/07 13:23:27.719, 2, 72706, 100, 951.53
2026/08/07 13:23:27.719, 3, 72706, 100, 961.24
2026/08/07 13:23:27.719, 4, 0, 0, 132.53
2026/08/07 13:23:27.719, 5, 0, 0, 132.30
2026/08/07 13:23:27.719, 6, 0, 0, 132.03
2026/08/07 13:23:27.719, 7, 0, 0, 132.54
2026/08/07 13:23:28.219, 0, 71546, 100, 953.76
2026/08/07 13:23:28.219, 1, 72706, 100, 969.32
2026/08/07 13:23:28.219, 2, 72706, 100, 945.22
2026/08/07 13:23:28.219, 3, 72706, 100, 954.84
2026/08/07 13:23:28.219, 4, 0, 0, 132.46
2026/08/07 13:23:28.219, 5, 0, 0, 132.30
2026/08/07 13:23:28.219, 6, 0, 0, 132.11
2026/08/07 13:23:28.219, 7, 0, 0, 132.65
2026/08/07 13:23:28.719, 0, 71546, 100, 952.92
2026/08/07 13:23:28.719, 1, 72706, 100, 960.92
2026/08/07 13:23:28.719, 2, 72706, 100, 939.14
2026/08/07 13:23:28.719, 3, 72706, 100, 948.00
2026/08/07 13:23:28.719, 4, 0, 0, 132.42
2026/08/07 13:23:28.719, 5, 0, 0, 132.30
2026/08/07 13:23:28.719, 6, 0, 0, 132.18
2026/08/07 13:23:28.719, 7, 0, 0, 132.54
2026/08/07 13:23:29.220, 0, 71546, 100, 945.74
2026/08/07 13:23:29.220, 1, 72706, 100, 958.36
2026/08/07 13:23:29.220, 2, 72706, 100, 940.47
2026/08/07 13:23:29.220, 3, 72706, 100, 948.12
2026/08/07 13:23:29.220, 4, 0, 0, 132.49
2026/08/07 13:23:29.220, 5, 0, 0, 132.30
2026/08/07 13:23:29.220, 6, 0, 0, 132.22
2026/08/07 13:23:29.220, 7, 0, 0, 132.54
2026/08/07 13:23:29.720, 0, 71546, 100, 945.33
2026/08/07 13:23:29.720, 1, 72706, 99, 957.76
2026/08/07 13:23:29.720, 2, 72706, 100, 941.60
2026/08/07 13:23:29.720, 3, 72706, 100, 946.74
2026/08/07 13:23:29.720, 4, 0, 0, 132.61
2026/08/07 13:23:29.720, 5, 0, 0, 132.31
2026/08/07 13:23:29.720, 6, 0, 0, 132.07
2026/08/07 13:23:29.720, 7, 0, 0, 132.58
2026/08/07 13:23:30.220, 0, 71546, 100, 945.57
2026/08/07 13:23:30.220, 1, 72706, 100, 955.96
2026/08/07 13:23:30.220, 2, 72706, 100, 946.36
2026/08/07 13:23:30.220, 3, 72706, 100, 951.82
2026/08/07 13:23:30.220, 4, 0, 0, 132.53
2026/08/07 13:23:30.220, 5, 0, 0, 132.30
2026/08/07 13:23:30.220, 6, 0, 0, 131.99
2026/08/07 13:23:30.220, 7, 0, 0, 132.51
2026/08/07 13:23:30.720, 0, 71546, 100, 955.57
2026/08/07 13:23:30.720, 1, 72706, 100, 969.23
2026/08/07 13:23:30.720, 2, 72706, 100, 944.89
2026/08/07 13:23:30.720, 3, 72706, 100, 956.67
2026/08/07 13:23:30.720, 4, 0, 0, 132.41
2026/08/07 13:23:30.720, 5, 0, 0, 132.30
2026/08/07 13:23:30.720, 6, 0, 0, 132.18
2026/08/07 13:23:30.720, 7, 0, 0, 132.43
2026/08/07 13:23:31.220, 0, 71546, 100, 965.66
2026/08/07 13:23:31.220, 1, 72706, 100, 973.93
2026/08/07 13:23:31.220, 2, 72706, 100, 946.99
2026/08/07 13:23:31.220, 3, 72706, 100, 958.50
2026/08/07 13:23:31.220, 4, 0, 0, 132.42
2026/08/07 13:23:31.220, 5, 0, 0, 132.30
2026/08/07 13:23:31.220, 6, 0, 0, 132.18
2026/08/07 13:23:31.220, 7, 0, 0, 132.43
2026/08/07 13:23:31.720, 0, 71546, 100, 959.23
2026/08/07 13:23:31.720, 1, 72706, 100, 970.32
2026/08/07 13:23:31.720, 2, 72706, 100, 947.83
2026/08/07 13:23:31.720, 3, 72706, 100, 959.62
2026/08/07 13:23:31.720, 4, 0, 0, 132.46
2026/08/07 13:23:31.720, 5, 0, 0, 132.42
2026/08/07 13:23:31.720, 6, 0, 0, 132.18
2026/08/07 13:23:31.720, 7, 0, 0, 132.62
2026/08/07 13:23:32.221, 0, 71546, 100, 959.13
2026/08/07 13:23:32.221, 1, 72706, 100, 970.08
2026/08/07 13:23:32.221, 2, 72706, 100, 944.20
2026/08/07 13:23:32.221, 3, 72706, 100, 959.59
2026/08/07 13:23:32.221, 4, 0, 0, 132.57
2026/08/07 13:23:32.221, 5, 0, 0, 132.42
2026/08/07 13:23:32.221, 6, 0, 0, 132.18
2026/08/07 13:23:32.221, 7, 0, 0, 132.58
2026/08/07 13:23:32.721, 0, 71546, 100, 954.02
2026/08/07 13:23:32.721, 1, 72706, 100, 968.22
2026/08/07 13:23:32.721, 2, 72706, 100, 940.88
2026/08/07 13:23:32.721, 3, 72706, 100, 956.11
2026/08/07 13:23:32.721, 4, 0, 0, 132.53
2026/08/07 13:23:32.721, 5, 0, 0, 132.30
2026/08/07 13:23:32.721, 6, 0, 0, 132.06
2026/08/07 13:23:32.721, 7, 0, 0, 132.43
2026/08/07 13:23:33.221, 0, 71546, 100, 945.68
2026/08/07 13:23:33.221, 1, 72706, 100, 971.23
2026/08/07 13:23:33.221, 2, 72706, 100, 939.84
2026/08/07 13:23:33.221, 3, 72706, 100, 947.72
2026/08/07 13:23:33.221, 4, 0, 0, 132.46
2026/08/07 13:23:33.221, 5, 0, 0, 132.30
2026/08/07 13:23:33.221, 6, 0, 0, 132.05
2026/08/07 13:23:33.221, 7, 0, 0, 132.47
2026/08/07 13:23:33.721, 0, 71546, 100, 946.63
2026/08/07 13:23:33.721, 1, 72706, 100, 965.53
2026/08/07 13:23:33.721, 2, 72706, 100, 946.84
2026/08/07 13:23:33.721, 3, 72706, 100, 945.79
2026/08/07 13:23:33.721, 4, 0, 0, 132.53
2026/08/07 13:23:33.721, 5, 0, 0, 132.30
2026/08/07 13:23:33.721, 6, 0, 0, 131.94
2026/08/07 13:23:33.721, 7, 0, 0, 132.43
2026/08/07 13:23:34.221, 0, 71546, 100, 937.96
2026/08/07 13:23:34.221, 1, 72706, 100, 955.62
2026/08/07 13:23:34.221, 2, 72706, 100, 941.03
2026/08/07 13:23:34.221, 3, 72706, 100, 939.72
2026/08/07 13:23:34.221, 4, 0, 0, 132.57
2026/08/07 13:23:34.221, 5, 0, 0, 132.30
2026/08/07 13:23:34.221, 6, 0, 0, 132.01
2026/08/07 13:23:34.221, 7, 0, 0, 132.43
2026/08/07 13:23:34.721, 0, 71546, 100, 944.64
2026/08/07 13:23:34.721, 1, 72706, 100, 958.43
2026/08/07 13:23:34.722, 2, 72706, 100, 933.99
2026/08/07 13:23:34.722, 3, 72706, 100, 942.77
2026/08/07 13:23:34.722, 4, 0, 0, 132.49
2026/08/07 13:23:34.722, 5, 0, 0, 132.30
2026/08/07 13:23:34.722, 6, 0, 0, 132.29
2026/08/07 13:23:34.722, 7, 0, 0, 132.46
2026/08/07 13:23:35.222, 0, 71546, 100, 960.17
2026/08/07 13:23:35.222, 1, 72706, 100, 969.97
2026/08/07 13:23:35.222, 2, 72706, 100, 950.76
2026/08/07 13:23:35.222, 3, 72706, 100, 963.73
2026/08/07 13:23:35.222, 4, 0, 0, 132.34
2026/08/07 13:23:35.222, 5, 0, 0, 132.31
2026/08/07 13:23:35.222, 6, 0, 0, 132.21
2026/08/07 13:23:35.222, 7, 0, 0, 132.46
2026/08/07 13:23:35.722, 0, 71546, 100, 964.80
2026/08/07 13:23:35.722, 1, 72706, 100, 981.06
2026/08/07 13:23:35.722, 2, 72706, 100, 956.47
2026/08/07 13:23:35.722, 3, 72706, 100, 961.21
2026/08/07 13:23:35.722, 4, 0, 0, 132.54
2026/08/07 13:23:35.722, 5, 0, 0, 132.31
2026/08/07 13:23:35.722, 6, 0, 0, 132.14
2026/08/07 13:23:35.722, 7, 0, 0, 132.62
2026/08/07 13:23:36.222, 0, 71546, 100, 957.72
2026/08/07 13:23:36.222, 1, 72706, 100, 977.18
2026/08/07 13:23:36.222, 2, 72706, 100, 953.45
2026/08/07 13:23:36.222, 3, 72706, 100, 960.85
2026/08/07 13:23:36.222, 4, 0, 0, 132.65
2026/08/07 13:23:36.222, 5, 0, 0, 132.30
2026/08/07 13:23:36.222, 6, 0, 0, 132.07
2026/08/07 13:23:36.222, 7, 0, 0, 132.66
2026/08/07 13:23:36.722, 0, 71546, 100, 950.06
2026/08/07 13:23:36.722, 1, 72706, 100, 971.66
2026/08/07 13:23:36.722, 2, 72706, 100, 944.86
2026/08/07 13:23:36.722, 3, 72706, 100, 955.43
2026/08/07 13:23:36.722, 4, 0, 0, 132.53
2026/08/07 13:23:36.722, 5, 0, 0, 132.42
2026/08/07 13:23:36.722, 6, 0, 0, 131.99
2026/08/07 13:23:36.722, 7, 0, 0, 132.65
2026/08/07 13:23:37.222, 0, 71546, 100, 950.68
2026/08/07 13:23:37.222, 1, 72706, 100, 965.56
2026/08/07 13:23:37.222, 2, 72706, 100, 936.60
2026/08/07 13:23:37.222, 3, 72706, 100, 947.35
2026/08/07 13:23:37.222, 4, 0, 0, 132.49
2026/08/07 13:23:37.222, 5, 0, 0, 132.42
2026/08/07 13:23:37.222, 6, 0, 0, 132.06
2026/08/07 13:23:37.222, 7, 0, 0, 132.58
2026/08/07 13:23:37.722, 0, 71546, 100, 946.35
2026/08/07 13:23:37.722, 1, 72706, 100, 956.51
2026/08/07 13:23:37.722, 2, 72706, 100, 936.23
2026/08/07 13:23:37.723, 3, 72706, 100, 946.85
2026/08/07 13:23:37.723, 4, 0, 0, 132.42
2026/08/07 13:23:37.723, 5, 0, 0, 132.30
2026/08/07 13:23:37.723, 6, 0, 0, 132.06
2026/08/07 13:23:37.723, 7, 0, 0, 132.43
2026/08/07 13:23:38.223, 0, 71546, 100, 948.19
2026/08/07 13:23:38.223, 1, 72706, 99, 954.77
2026/08/07 13:23:38.223, 2, 72706, 99, 927.70
2026/08/07 13:23:38.223, 3, 72706, 100, 941.11
2026/08/07 13:23:38.223, 4, 0, 0, 132.41
2026/08/07 13:23:38.223, 5, 0, 0, 132.30
2026/08/07 13:23:38.223, 6, 0, 0, 132.11
2026/08/07 13:23:38.223, 7, 0, 0, 132.43
2026/08/07 13:23:38.723, 0, 71546, 100, 943.15
2026/08/07 13:23:38.723, 1, 72706, 100, 957.66
2026/08/07 13:23:38.723, 2, 72706, 100, 933.42
2026/08/07 13:23:38.723, 3, 72706, 100, 944.14
2026/08/07 13:23:38.723, 4, 0, 0, 132.53
2026/08/07 13:23:38.723, 5, 0, 0, 132.30
2026/08/07 13:23:38.723, 6, 0, 0, 132.10
2026/08/07 13:23:38.724, 7, 0, 0, 132.47
2026/08/07 13:23:39.224, 0, 71546, 100, 944.73
2026/08/07 13:23:39.224, 1, 72706, 100, 965.71
2026/08/07 13:23:39.224, 2, 72706, 100, 945.75
2026/08/07 13:23:39.224, 3, 72706, 100, 952.20
2026/08/07 13:23:39.224, 4, 0, 0, 132.73
2026/08/07 13:23:39.224, 5, 0, 0, 132.30
2026/08/07 13:23:39.224, 6, 0, 0, 132.06
2026/08/07 13:23:39.224, 7, 0, 0, 132.46
2026/08/07 13:23:39.724, 0, 71546, 100, 959.66
2026/08/07 13:23:39.724, 1, 72706, 100, 971.44
2026/08/07 13:23:39.724, 2, 72706, 100, 946.64
2026/08/07 13:23:39.724, 3, 72706, 100, 960.29
2026/08/07 13:23:39.724, 4, 0, 0, 132.64
2026/08/07 13:23:39.724, 5, 0, 0, 132.30
2026/08/07 13:23:39.724, 6, 0, 0, 131.95
2026/08/07 13:23:39.724, 7, 0, 0, 132.43
2026/08/07 13:23:40.224, 0, 71546, 100, 961.09
2026/08/07 13:23:40.224, 1, 72706, 100, 970.85
2026/08/07 13:23:40.225, 2, 72706, 100, 949.85
2026/08/07 13:23:40.226, 3, 72706, 100, 963.82
2026/08/07 13:23:40.227, 4, 0, 0, 132.41
2026/08/07 13:23:40.228, 5, 0, 0, 132.31
2026/08/07 13:23:40.229, 6, 0, 0, 131.95
2026/08/07 13:23:40.230, 7, 0, 0, 132.51
2026/08/07 13:23:40.731, 0, 71546, 100, 958.20
2026/08/07 13:23:40.731, 1, 72706, 100, 972.13
2026/08/07 13:23:40.731, 2, 72706, 100, 947.12
2026/08/07 13:23:40.731, 3, 72706, 100, 958.47
2026/08/07 13:23:40.731, 4, 0, 0, 132.45
2026/08/07 13:23:40.732, 5, 0, 0, 132.31
2026/08/07 13:23:40.732, 6, 0, 0, 132.07
2026/08/07 13:23:40.733, 7, 0, 0, 132.54
2026/08/07 13:23:41.233, 0, 71546, 100, 956.55
2026/08/07 13:23:41.233, 1, 72706, 100, 967.31
2026/08/07 13:23:41.233, 2, 72706, 100, 945.45
2026/08/07 13:23:41.233, 3, 72706, 100, 960.63
2026/08/07 13:23:41.233, 4, 0, 0, 132.46
2026/08/07 13:23:41.233, 5, 0, 0, 132.30
2026/08/07 13:23:41.233, 6, 0, 0, 131.95
2026/08/07 13:23:41.233, 7, 0, 0, 132.50
2026/08/07 13:23:41.733, 0, 71546, 100, 949.86
2026/08/07 13:23:41.733, 1, 72706, 100, 963.72
2026/08/07 13:23:41.733, 2, 72706, 100, 940.83
2026/08/07 13:23:41.733, 3, 72706, 100, 952.62
2026/08/07 13:23:41.733, 4, 0, 0, 132.49
2026/08/07 13:23:41.733, 5, 0, 0, 132.41
2026/08/07 13:23:41.733, 6, 0, 0, 131.94
2026/08/07 13:23:41.733, 7, 0, 0, 132.58
2026/08/07 13:23:42.233, 0, 71546, 100, 946.70
2026/08/07 13:23:42.233, 1, 72706, 100, 963.19
2026/08/07 13:23:42.233, 2, 72706, 100, 942.06
2026/08/07 13:23:42.233, 3, 72706, 100, 947.63
2026/08/07 13:23:42.233, 4, 0, 0, 132.49
2026/08/07 13:23:42.233, 5, 0, 0, 132.41
2026/08/07 13:23:42.233, 6, 0, 0, 132.07
2026/08/07 13:23:42.233, 7, 0, 0, 132.58
2026/08/07 13:23:42.733, 0, 71546, 100, 939.48
2026/08/07 13:23:42.733, 1, 72706, 100, 953.11
2026/08/07 13:23:42.733, 2, 72706, 100, 941.73
2026/08/07 13:23:42.733, 3, 72706, 100, 943.22
2026/08/07 13:23:42.733, 4, 0, 0, 132.49
2026/08/07 13:23:42.733, 5, 0, 0, 132.30
2026/08/07 13:23:42.733, 6, 0, 0, 132.18
2026/08/07 13:23:42.733, 7, 0, 0, 132.50
2026/08/07 13:23:43.233, 0, 71546, 100, 943.40
2026/08/07 13:23:43.233, 1, 72706, 100, 956.86
2026/08/07 13:23:43.233, 2, 72706, 100, 936.67
2026/08/07 13:23:43.233, 3, 72706, 100, 945.41
2026/08/07 13:23:43.233, 4, 0, 0, 132.53
2026/08/07 13:23:43.233, 5, 0, 0, 132.30
2026/08/07 13:23:43.233, 6, 0, 0, 132.06
2026/08/07 13:23:43.233, 7, 0, 0, 132.54
2026/08/07 13:23:43.734, 0, 71546, 100, 952.88
2026/08/07 13:23:43.734, 1, 72706, 100, 970.21
2026/08/07 13:23:43.734, 2, 72706, 100, 946.56
2026/08/07 13:23:43.734, 3, 72706, 100, 961.78
2026/08/07 13:23:43.734, 4, 0, 0, 132.49
2026/08/07 13:23:43.734, 5, 0, 0, 132.30
2026/08/07 13:23:43.734, 6, 0, 0, 132.10
2026/08/07 13:23:43.734, 7, 0, 0, 132.50
2026/08/07 13:23:44.234, 0, 71546, 100, 953.84
2026/08/07 13:23:44.234, 1, 72706, 100, 978.22
2026/08/07 13:23:44.234, 2, 72706, 100, 951.77
2026/08/07 13:23:44.234, 3, 72706, 100, 960.81
2026/08/07 13:23:44.234, 4, 0, 0, 132.69
2026/08/07 13:23:44.234, 5, 0, 0, 132.31
2026/08/07 13:23:44.234, 6, 0, 0, 132.13
2026/08/07 13:23:44.234, 7, 0, 0, 132.43
2026/08/07 13:23:44.734, 0, 71546, 100, 956.83
2026/08/07 13:23:44.734, 1, 72706, 100, 975.12
2026/08/07 13:23:44.734, 2, 72706, 100, 952.70
2026/08/07 13:23:44.734, 3, 72706, 100, 957.83
2026/08/07 13:23:44.734, 4, 0, 0, 132.65
2026/08/07 13:23:44.734, 5, 0, 0, 132.31
2026/08/07 13:23:44.734, 6, 0, 0, 131.99
2026/08/07 13:23:44.734, 7, 0, 0, 132.46
2026/08/07 13:23:45.234, 0, 71546, 100, 953.31
2026/08/07 13:23:45.234, 1, 72706, 100, 973.10
2026/08/07 13:23:45.234, 2, 72706, 100, 947.68
2026/08/07 13:23:45.234, 3, 72706, 100, 954.17
2026/08/07 13:23:45.234, 4, 0, 0, 132.41
2026/08/07 13:23:45.234, 5, 0, 0, 132.30
2026/08/07 13:23:45.234, 6, 0, 0, 131.99
2026/08/07 13:23:45.234, 7, 0, 0, 132.47
2026/08/07 13:23:45.734, 0, 71546, 100, 950.11
2026/08/07 13:23:45.735, 1, 72706, 100, 967.79
2026/08/07 13:23:45.736, 2, 72706, 100, 938.64
2026/08/07 13:23:45.737, 3, 72706, 100, 950.51
2026/08/07 13:23:45.738, 4, 0, 0, 132.38
2026/08/07 13:23:45.739, 5, 0, 0, 132.30
2026/08/07 13:23:45.740, 6, 0, 0, 131.99
2026/08/07 13:23:45.741, 7, 0, 0, 132.43
2026/08/07 13:23:46.242, 0, 71546, 100, 946.09
2026/08/07 13:23:46.242, 1, 72706, 100, 958.21
2026/08/07 13:23:46.242, 2, 72706, 100, 940.95
2026/08/07 13:23:46.242, 3, 72706, 100, 949.95
2026/08/07 13:23:46.242, 4, 0, 0, 132.46
2026/08/07 13:23:46.242, 5, 0, 0, 132.30
2026/08/07 13:23:46.242, 6, 0, 0, 132.06
2026/08/07 13:23:46.242, 7, 0, 0, 132.51
2026/08/07 13:23:46.742, 0, 71546, 100, 944.95
2026/08/07 13:23:46.742, 1, 72706, 100, 959.31
2026/08/07 13:23:46.742, 2, 72706, 100, 938.26
2026/08/07 13:23:46.742, 3, 72706, 100, 944.21
2026/08/07 13:23:46.742, 4, 0, 0, 132.49
2026/08/07 13:23:46.742, 5, 0, 0, 132.38
2026/08/07 13:23:46.742, 6, 0, 0, 132.14
2026/08/07 13:23:46.742, 7, 0, 0, 132.81
2026/08/07 13:23:47.242, 0, 71546, 100, 882.45
2026/08/07 13:23:47.242, 1, 72706, 100, 902.73
2026/08/07 13:23:47.242, 2, 72706, 100, 878.58
2026/08/07 13:23:47.242, 3, 72706, 100, 887.99
2026/08/07 13:23:47.242, 4, 0, 0, 132.50
2026/08/07 13:23:47.242, 5, 0, 0, 132.38
2026/08/07 13:23:47.242, 6, 0, 0, 132.18
2026/08/07 13:23:47.242, 7, 0, 0, 132.81
2026/08/07 13:23:47.742, 0, 71546, 100, 825.55
2026/08/07 13:23:47.742, 1, 72706, 100, 848.35
2026/08/07 13:23:47.742, 2, 72706, 100, 829.57
2026/08/07 13:23:47.742, 3, 72706, 100, 842.30
2026/08/07 13:23:47.742, 4, 0, 0, 132.50
2026/08/07 13:23:47.742, 5, 0, 0, 132.30
2026/08/07 13:23:47.742, 6, 0, 0, 132.15
2026/08/07 13:23:47.742, 7, 0, 0, 132.47
2026/08/07 13:23:48.242, 0, 71546, 65, 717.93
2026/08/07 13:23:48.242, 1, 72706, 0, 718.03
2026/08/07 13:23:48.242, 2, 72706, 91, 699.98
2026/08/07 13:23:48.242, 3, 72706, 28, 713.97
2026/08/07 13:23:48.242, 4, 0, 0, 132.49
2026/08/07 13:23:48.242, 5, 0, 0, 132.30
2026/08/07 13:23:48.242, 6, 0, 0, 132.10
2026/08/07 13:23:48.242, 7, 0, 0, 132.46
2026/08/07 13:23:48.743, 0, 71546, 0, 407.25
2026/08/07 13:23:48.743, 1, 72706, 0, 409.66
2026/08/07 13:23:48.745, 2, 72706, 0, 393.19
2026/08/07 13:23:48.745, 3, 72706, 0, 399.92
2026/08/07 13:23:48.746, 4, 0, 0, 132.45
2026/08/07 13:23:48.747, 5, 0, 0, 132.30
2026/08/07 13:23:48.748, 6, 0, 0, 132.13
2026/08/07 13:23:48.748, 7, 0, 0, 132.54
2026/08/07 13:23:49.249, 0, 71546, 0, 204.85
2026/08/07 13:23:49.249, 1, 72706, 0, 211.61
2026/08/07 13:23:49.249, 2, 72706, 0, 199.10
2026/08/07 13:23:49.249, 3, 72706, 0, 217.50
2026/08/07 13:23:49.249, 4, 0, 0, 132.57
2026/08/07 13:23:49.249, 5, 0, 0, 132.30
2026/08/07 13:23:49.250, 6, 0, 0, 132.02
2026/08/07 13:23:49.250, 7, 0, 0, 132.51
2026/08/07 13:23:49.750, 0, 71546, 0, 204.02
2026/08/07 13:23:49.750, 1, 72706, 0, 210.09
2026/08/07 13:23:49.750, 2, 72706, 0, 198.23
2026/08/07 13:23:49.750, 3, 72706, 0, 215.99
2026/08/07 13:23:49.750, 4, 0, 0, 132.61
2026/08/07 13:23:49.750, 5, 0, 0, 132.30
2026/08/07 13:23:49.750, 6, 0, 0, 131.99
2026/08/07 13:23:49.750, 7, 0, 0, 132.50
2026/08/07 13:23:50.250, 0, 71546, 0, 203.68
2026/08/07 13:23:50.250, 1, 72706, 0, 209.31
2026/08/07 13:23:50.250, 2, 72706, 0, 198.10
2026/08/07 13:23:50.250, 3, 72706, 0, 215.33
2026/08/07 13:23:50.250, 4, 0, 0, 132.53
2026/08/07 13:23:50.250, 5, 0, 0, 132.30
2026/08/07 13:23:50.250, 6, 0, 0, 132.15
2026/08/07 13:23:50.250, 7, 0, 0, 132.50
2026/08/07 13:23:50.750, 0, 71546, 0, 203.13
2026/08/07 13:23:50.750, 1, 72706, 0, 209.17
2026/08/07 13:23:50.750, 2, 72706, 0, 197.93
2026/08/07 13:23:50.750, 3, 72706, 0, 215.18
2026/08/07 13:23:50.750, 4, 0, 0, 132.61
2026/08/07 13:23:50.750, 5, 0, 0, 132.30
2026/08/07 13:23:50.750, 6, 0, 0, 132.14
2026/08/07 13:23:50.750, 7, 0, 0, 132.47
