2026/08/07 13:52:20.757, 0, 103302, 0, 200.09
2026/08/07 13:52:20.774, 1, 103298, 24, 203.60
2026/08/07 13:52:20.789, 2, 103298, 49, 194.72
2026/08/07 13:52:20.801, 3, 103298, 15, 209.29
2026/08/07 13:52:20.812, 4, 103102, 0, 196.10
2026/08/07 13:52:20.821, 5, 103098, 100, 198.57
2026/08/07 13:52:20.829, 6, 103098, 100, 196.25
2026/08/07 13:52:20.837, 7, 103098, 100, 201.92
2026/08/07 13:52:21.346, 0, 103302, 0, 199.90
2026/08/07 13:52:21.346, 1, 103298, 100, 203.52
2026/08/07 13:52:21.346, 2, 103298, 100, 194.80
2026/08/07 13:52:21.346, 3, 103298, 100, 209.37
2026/08/07 13:52:21.346, 4, 103102, 0, 196.14
2026/08/07 13:52:21.346, 5, 103098, 100, 198.57
2026/08/07 13:52:21.346, 6, 103098, 100, 196.22
2026/08/07 13:52:21.346, 7, 103098, 100, 201.89
2026/08/07 13:52:21.846, 0, 103302, 0, 199.71
2026/08/07 13:52:21.846, 1, 103298, 100, 203.56
2026/08/07 13:52:21.846, 2, 103298, 100, 195.04
2026/08/07 13:52:21.846, 3, 103298, 100, 209.26
2026/08/07 13:52:21.846, 4, 103102, 0, 196.41
2026/08/07 13:52:21.846, 5, 103098, 100, 198.66
2026/08/07 13:52:21.846, 6, 103098, 100, 196.38
2026/08/07 13:52:21.846, 7, 103098, 100, 202.04
2026/08/07 13:52:22.346, 0, 103302, 0, 199.90
2026/08/07 13:52:22.346, 1, 103298, 100, 203.53
2026/08/07 13:52:22.346, 2, 103298, 100, 195.48
2026/08/07 13:52:22.346, 3, 103298, 100, 209.33
2026/08/07 13:52:22.346, 4, 103102, 0, 196.34
2026/08/07 13:52:22.346, 5, 103098, 100, 198.57
2026/08/07 13:52:22.346, 6, 103098, 100, 196.50
2026/08/07 13:52:22.346, 7, 103098, 100, 202.15
2026/08/07 13:52:22.847, 0, 103302, 0, 199.48
2026/08/07 13:52:22.849, 1, 103298, 100, 202.99
2026/08/07 13:52:22.849, 2, 103298, 100, 195.16
2026/08/07 13:52:22.849, 3, 103298, 100, 209.10
2026/08/07 13:52:22.849, 4, 103102, 0, 195.99
2026/08/07 13:52:22.849, 5, 103098, 100, 197.95
2026/08/07 13:52:22.849, 6, 103098, 100, 196.15
2026/08/07 13:52:22.849, 7, 103098, 100, 201.93
2026/08/07 13:52:23.349, 0, 103302, 0, 198.85
2026/08/07 13:52:23.349, 1, 103298, 100, 202.45
2026/08/07 13:52:23.349, 2, 103298, 100, 194.75
2026/08/07 13:52:23.349, 3, 103298, 100, 208.45
2026/08/07 13:52:23.349, 4, 103102, 0, 195.99
2026/08/07 13:52:23.349, 5, 103098, 100, 197.84
2026/08/07 13:52:23.350, 6, 103098, 100, 196.02
2026/08/07 13:52:23.350, 7, 103098, 100, 201.81
2026/08/07 13:52:23.853, 0, 103302, 0, 198.62
2026/08/07 13:52:23.853, 1, 103298, 100, 202.05
2026/08/07 13:52:23.853, 2, 103298, 100, 194.58
2026/08/07 13:52:23.853, 3, 103298, 100, 207.93
2026/08/07 13:52:23.853, 4, 103102, 2, 208.01
2026/08/07 13:52:23.853, 5, 103098, 99, 210.50
2026/08/07 13:52:23.853, 6, 103098, 88, 211.97
2026/08/07 13:52:23.853, 7, 103098, 93, 241.56
2026/08/07 13:52:24.353, 0, 103302, 66, 394.95
2026/08/07 13:52:24.353, 1, 103298, 51, 396.05
2026/08/07 13:52:24.353, 2, 103298, 27, 387.70
2026/08/07 13:52:24.353, 3, 103298, 96, 389.35
2026/08/07 13:52:24.353, 4, 103102, 0, 387.97
2026/08/07 13:52:24.353, 5, 103098, 7, 391.68
2026/08/07 13:52:24.353, 6, 103098, 0, 384.11
2026/08/07 13:52:24.353, 7, 103098, 0, 398.93
2026/08/07 13:52:24.853, 0, 103302, 0, 397.56
2026/08/07 13:52:24.853, 1, 103298, 0, 398.16
2026/08/07 13:52:24.854, 2, 103298, 0, 392.24
2026/08/07 13:52:24.854, 3, 103298, 0, 401.44
2026/08/07 13:52:24.854, 4, 103102, 0, 384.82
2026/08/07 13:52:24.854, 5, 103098, 0, 387.78
2026/08/07 13:52:24.854, 6, 103098, 0, 378.99
2026/08/07 13:52:24.854, 7, 103098, 0, 358.67
2026/08/07 13:52:25.358, 0, 103302, 0, 202.63
2026/08/07 13:52:25.358, 1, 103298, 0, 204.41
2026/08/07 13:52:25.358, 2, 103298, 0, 195.43
2026/08/07 13:52:25.358, 3, 103298, 0, 227.53
2026/08/07 13:52:25.358, 4, 103102, 3, 239.38
2026/08/07 13:52:25.358, 5, 104262, 0, 244.43
2026/08/07 13:52:25.358, 6, 104262, 0, 219.82
2026/08/07 13:52:25.358, 7, 104262, 15, 226.55
2026/08/07 13:52:25.858, 0, 103302, 0, 220.74
2026/08/07 13:52:25.858, 1, 103298, 4, 202.45
2026/08/07 13:52:25.858, 2, 103298, 16, 195.05
2026/08/07 13:52:25.858, 3, 104462, 0, 208.18
2026/08/07 13:52:25.858, 4, 103102, 76, 490.65
2026/08/07 13:52:25.858, 5, 104262, 100, 501.62
2026/08/07 13:52:25.858, 6, 104262, 100, 492.41
2026/08/07 13:52:25.858, 7, 104262, 100, 516.67
2026/08/07 13:52:26.358, 0, 103302, 99, 453.57
2026/08/07 13:52:26.358, 1, 104462, 99, 461.40
2026/08/07 13:52:26.358, 2, 104462, 99, 466.63
2026/08/07 13:52:26.358, 3, 104462, 100, 423.36
2026/08/07 13:52:26.358, 4, 103102, 100, 785.09
2026/08/07 13:52:26.359, 5, 104262, 100, 801.17
2026/08/07 13:52:26.359, 6, 104262, 100, 799.60
2026/08/07 13:52:26.359, 7, 104262, 100, 838.38
2026/08/07 13:52:26.859, 0, 103302, 99, 773.93
2026/08/07 13:52:26.859, 1, 104462, 100, 807.49
2026/08/07 13:52:26.859, 2, 104462, 100, 808.12
2026/08/07 13:52:26.859, 3, 104462, 100, 744.47
2026/08/07 13:52:26.859, 4, 103102, 99, 869.12
2026/08/07 13:52:26.859, 5, 104262, 99, 881.47
2026/08/07 13:52:26.859, 6, 104262, 100, 854.98
2026/08/07 13:52:26.859, 7, 104262, 100, 883.84
2026/08/07 13:52:27.359, 0, 103302, 99, 878.18
2026/08/07 13:52:27.359, 1, 104462, 99, 887.52
2026/08/07 13:52:27.359, 2, 104462, 99, 873.83
2026/08/07 13:52:27.359, 3, 104462, 100, 870.96
2026/08/07 13:52:27.359, 4, 103102, 100, 869.78
2026/08/07 13:52:27.359, 5, 104262, 100, 881.94
2026/08/07 13:52:27.359, 6, 104262, 100, 859.92
2026/08/07 13:52:27.359, 7, 104262, 100, 890.15
2026/08/07 13:52:27.859, 0, 103302, 99, 880.23
2026/08/07 13:52:27.859, 1, 104462, 100, 891.59
2026/08/07 13:52:27.859, 2, 104462, 100, 872.29
2026/08/07 13:52:27.859, 3, 104462, 100, 879.64
2026/08/07 13:52:27.859, 4, 103102, 99, 871.85
2026/08/07 13:52:27.859, 5, 104262, 100, 882.03
2026/08/07 13:52:27.859, 6, 104262, 100, 873.56
2026/08/07 13:52:27.859, 7, 104262, 100, 889.37
2026/08/07 13:52:28.362, 0, 103302, 98, 882.75
2026/08/07 13:52:28.362, 1, 104462, 98, 891.59
2026/08/07 13:52:28.362, 2, 104462, 98, 877.71
2026/08/07 13:52:28.362, 3, 104462, 100, 880.13
2026/08/07 13:52:28.362, 4, 103102, 0, 681.32
2026/08/07 13:52:28.362, 5, 104262, 0, 683.11
2026/08/07 13:52:28.362, 6, 104262, 0, 682.87
2026/08/07 13:52:28.362, 7, 104262, 0, 669.69
2026/08/07 13:52:28.869, 0, 103302, 2, 730.94
2026/08/07 13:52:28.869, 1, 104462, 0, 732.77
2026/08/07 13:52:28.869, 2, 104462, 0, 708.28
2026/08/07 13:52:28.869, 3, 104462, 0, 711.97
2026/08/07 13:52:28.869, 4, 103102, 0, 357.52
2026/08/07 13:52:28.869, 5, 104262, 0, 357.03
2026/08/07 13:52:28.869, 6, 104262, 0, 353.88
2026/08/07 13:52:28.869, 7, 104262, 0, 338.09
2026/08/07 13:52:29.369, 0, 103302, 0, 402.66
2026/08/07 13:52:29.369, 1, 104462, 100, 386.34
2026/08/07 13:52:29.370, 2, 104462, 100, 372.05
2026/08/07 13:52:29.370, 3, 104462, 100, 381.29
2026/08/07 13:52:29.370, 4, 103102, 0, 214.98
2026/08/07 13:52:29.370, 5, 104262, 0, 201.95
2026/08/07 13:52:29.370, 6, 104262, 0, 199.93
2026/08/07 13:52:29.370, 7, 104262, 0, 204.92
2026/08/07 13:52:29.870, 0, 103302, 0, 200.56
2026/08/07 13:52:29.870, 1, 104462, 100, 203.68
2026/08/07 13:52:29.870, 2, 104462, 100, 196.28
2026/08/07 13:52:29.870, 3, 104462, 100, 209.25
2026/08/07 13:52:29.870, 4, 103102, 0, 197.13
2026/08/07 13:52:29.870, 5, 104262, 0, 198.14
2026/08/07 13:52:29.870, 6, 104262, 0, 196.59
2026/08/07 13:52:29.870, 7, 104262, 0, 201.77
2026/08/07 13:52:30.371, 0, 103302, 0, 200.09
2026/08/07 13:52:30.371, 1, 104462, 100, 202.47
2026/08/07 13:52:30.371, 2, 104462, 100, 195.62
2026/08/07 13:52:30.371, 3, 104462, 100, 208.09
2026/08/07 13:52:30.371, 4, 103102, 0, 196.56
2026/08/07 13:52:30.371, 5, 104262, 0, 197.80
2026/08/07 13:52:30.371, 6, 104262, 0, 196.29
2026/08/07 13:52:30.371, 7, 104262, 0, 201.43
2026/08/07 13:52:30.871, 0, 103302, 0, 218.63
2026/08/07 13:52:30.874, 1, 104462, 0, 204.21
2026/08/07 13:52:30.874, 2, 104462, 0, 197.54
2026/08/07 13:52:30.874, 3, 104462, 0, 209.96
2026/08/07 13:52:30.874, 4, 103102, 0, 196.14
2026/08/07 13:52:30.875, 5, 104262, 0, 197.80
2026/08/07 13:52:30.875, 6, 104262, 0, 196.07
2026/08/07 13:52:30.875, 7, 104262, 0, 200.90
2026/08/07 13:52:31.375, 0, 103302, 0, 218.90
2026/08/07 13:52:31.375, 1, 104462, 0, 204.05
2026/08/07 13:52:31.375, 2, 104462, 0, 197.02
2026/08/07 13:52:31.375, 3, 104462, 0, 209.84
2026/08/07 13:52:31.375, 4, 103102, 100, 231.34
2026/08/07 13:52:31.375, 5, 104262, 0, 237.30
2026/08/07 13:52:31.375, 6, 104262, 21, 246.83
2026/08/07 13:52:31.375, 7, 104262, 100, 260.30
2026/08/07 13:52:31.875, 0, 103302, 0, 199.45
2026/08/07 13:52:31.875, 1, 104462, 0, 201.41
2026/08/07 13:52:31.875, 2, 104462, 0, 194.30
2026/08/07 13:52:31.875, 3, 104462, 0, 207.05
2026/08/07 13:52:31.875, 4, 103102, 88, 557.97
2026/08/07 13:52:31.875, 5, 104262, 92, 569.71
2026/08/07 13:52:31.875, 6, 104262, 92, 566.12
2026/08/07 13:52:31.875, 7, 104262, 94, 588.90
2026/08/07 13:52:32.375, 0, 103302, 0, 199.15
2026/08/07 13:52:32.375, 1, 104462, 0, 201.33
2026/08/07 13:52:32.375, 2, 104462, 0, 194.30
2026/08/07 13:52:32.375, 3, 104462, 0, 206.66
2026/08/07 13:52:32.376, 4, 103102, 97, 852.80
2026/08/07 13:52:32.376, 5, 104262, 87, 866.16
2026/08/07 13:52:32.376, 6, 104262, 93, 842.86
2026/08/07 13:52:32.376, 7, 104262, 95, 888.93
2026/08/07 13:52:32.876, 0, 103302, 100, 454.47
2026/08/07 13:52:32.876, 1, 104462, 100, 453.83
2026/08/07 13:52:32.876, 2, 104462, 100, 473.57
2026/08/07 13:52:32.876, 3, 104462, 100, 482.24
2026/08/07 13:52:32.876, 4, 103102, 100, 900.35
2026/08/07 13:52:32.876, 5, 104262, 100, 911.67
2026/08/07 13:52:32.876, 6, 104262, 100, 888.09
2026/08/07 13:52:32.876, 7, 104262, 100, 922.56
2026/08/07 13:52:33.376, 0, 103302, 100, 835.15
2026/08/07 13:52:33.376, 1, 104462, 100, 839.17
2026/08/07 13:52:33.376, 2, 104462, 100, 853.09
2026/08/07 13:52:33.376, 3, 104462, 100, 854.11
2026/08/07 13:52:33.376, 4, 103102, 100, 940.60
2026/08/07 13:52:33.376, 5, 104262, 100, 945.35
2026/08/07 13:52:33.376, 6, 104262, 100, 923.27
2026/08/07 13:52:33.376, 7, 104262, 100, 950.73
2026/08/07 13:52:33.876, 0, 103302, 100, 957.55
2026/08/07 13:52:33.876, 1, 104462, 100, 964.96
2026/08/07 13:52:33.876, 2, 104462, 100, 952.47
2026/08/07 13:52:33.876, 3, 104462, 100, 952.26
2026/08/07 13:52:33.876, 4, 103102, 100, 940.48
2026/08/07 13:52:33.876, 5, 104262, 100, 956.14
2026/08/07 13:52:33.876, 6, 104262, 100, 932.40
2026/08/07 13:52:33.876, 7, 104262, 100, 965.94
2026/08/07 13:52:34.376, 0, 103302, 100, 950.61
2026/08/07 13:52:34.376, 1, 104462, 100, 966.62
2026/08/07 13:52:34.376, 2, 104462, 100, 948.77
2026/08/07 13:52:34.376, 3, 104462, 100, 946.32
2026/08/07 13:52:34.376, 4, 103102, 100, 937.39
2026/08/07 13:52:34.377, 5, 104262, 100, 952.06
2026/08/07 13:52:34.377, 6, 104262, 100, 928.33
2026/08/07 13:52:34.377, 7, 104262, 100, 964.95
2026/08/07 13:52:34.877, 0, 103302, 100, 948.55
2026/08/07 13:52:34.877, 1, 104462, 100, 956.06
2026/08/07 13:52:34.877, 2, 104462, 100, 950.98
2026/08/07 13:52:34.877, 3, 104462, 100, 946.84
2026/08/07 13:52:34.877, 4, 103102, 100, 925.87
2026/08/07 13:52:34.877, 5, 104262, 100, 937.09
2026/08/07 13:52:34.877, 6, 104262, 100, 927.04
2026/08/07 13:52:34.877, 7, 104262, 100, 954.67
2026/08/07 13:52:35.377, 0, 103302, 100, 946.52
2026/08/07 13:52:35.378, 1, 104462, 100, 954.05
2026/08/07 13:52:35.378, 2, 104462, 100, 950.03
2026/08/07 13:52:35.378, 3, 104462, 100, 949.94
2026/08/07 13:52:35.378, 4, 103102, 100, 928.23
2026/08/07 13:52:35.379, 5, 104262, 100, 939.12
2026/08/07 13:52:35.379, 6, 104262, 100, 924.38
2026/08/07 13:52:35.379, 7, 104262, 100, 958.71
2026/08/07 13:52:35.879, 0, 103302, 100, 946.41
2026/08/07 13:52:35.879, 1, 104462, 100, 952.99
2026/08/07 13:52:35.879, 2, 104462, 100, 943.00
2026/08/07 13:52:35.879, 3, 104462, 100, 948.53
2026/08/07 13:52:35.879, 4, 103102, 100, 925.04
2026/08/07 13:52:35.879, 5, 104262, 100, 932.80
2026/08/07 13:52:35.879, 6, 104262, 99, 922.62
2026/08/07 13:52:35.879, 7, 104262, 99, 955.78
2026/08/07 13:52:36.379, 0, 103302, 100, 949.34
2026/08/07 13:52:36.379, 1, 104462, 100, 953.78
2026/08/07 13:52:36.379, 2, 104462, 100, 934.96
2026/08/07 13:52:36.380, 3, 104462, 100, 946.79
2026/08/07 13:52:36.380, 4, 103102, 100, 930.29
2026/08/07 13:52:36.381, 5, 104262, 100, 930.80
2026/08/07 13:52:36.381, 6, 104262, 100, 931.88
2026/08/07 13:52:36.382, 7, 104262, 100, 962.56
2026/08/07 13:52:36.882, 0, 103302, 100, 941.82
2026/08/07 13:52:36.882, 1, 104462, 100, 946.61
2026/08/07 13:52:36.882, 2, 104462, 100, 932.18
2026/08/07 13:52:36.882, 3, 104462, 100, 936.65
2026/08/07 13:52:36.882, 4, 103102, 100, 945.18
2026/08/07 13:52:36.882, 5, 104262, 100, 954.30
2026/08/07 13:52:36.882, 6, 104262, 100, 944.88
2026/08/07 13:52:36.882, 7, 104262, 100, 976.31
2026/08/07 13:52:37.383, 0, 103302, 100, 937.49
2026/08/07 13:52:37.383, 1, 104462, 100, 948.81
2026/08/07 13:52:37.383, 2, 104462, 100, 947.30
2026/08/07 13:52:37.383, 3, 104462, 100, 936.46
2026/08/07 13:52:37.383, 4, 103102, 100, 949.55
2026/08/07 13:52:37.383, 5, 104262, 100, 959.16
2026/08/07 13:52:37.383, 6, 104262, 100, 950.48
2026/08/07 13:52:37.383, 7, 104262, 100, 969.94
2026/08/07 13:52:37.883, 0, 103302, 100, 953.13
2026/08/07 13:52:37.883, 1, 104462, 100, 961.51
2026/08/07 13:52:37.883, 2, 104462, 100, 956.40
2026/08/07 13:52:37.883, 3, 104462, 100, 946.99
2026/08/07 13:52:37.883, 4, 103102, 100, 946.39
2026/08/07 13:52:37.883, 5, 104262, 100, 949.32
2026/08/07 13:52:37.883, 6, 104262, 100, 945.47
2026/08/07 13:52:37.883, 7, 104262, 100, 965.32
2026/08/07 13:52:38.383, 0, 103302, 100, 956.59
2026/08/07 13:52:38.383, 1, 104462, 100, 960.82
2026/08/07 13:52:38.383, 2, 104462, 100, 950.10
2026/08/07 13:52:38.383, 3, 104462, 100, 953.41
2026/08/07 13:52:38.383, 4, 103102, 100, 936.97
2026/08/07 13:52:38.383, 5, 104262, 100, 947.66
2026/08/07 13:52:38.383, 6, 104262, 100, 943.28
2026/08/07 13:52:38.383, 7, 104262, 100, 967.46
2026/08/07 13:52:38.883, 0, 103302, 100, 953.62
2026/08/07 13:52:38.883, 1, 104462, 100, 956.41
2026/08/07 13:52:38.883, 2, 104462, 100, 946.93
2026/08/07 13:52:38.883, 3, 104462, 100, 957.66
2026/08/07 13:52:38.883, 4, 103102, 100, 930.85
2026/08/07 13:52:38.883, 5, 104262, 100, 949.05
2026/08/07 13:52:38.883, 6, 104262, 100, 939.20
2026/08/07 13:52:38.883, 7, 104262, 100, 950.60
2026/08/07 13:52:39.383, 0, 103302, 100, 949.92
2026/08/07 13:52:39.383, 1, 104462, 100, 956.76
2026/08/07 13:52:39.383, 2, 104462, 100, 943.44
2026/08/07 13:52:39.383, 3, 104462, 100, 957.92
2026/08/07 13:52:39.383, 4, 103102, 100, 927.12
2026/08/07 13:52:39.383, 5, 104262, 100, 944.49
2026/08/07 13:52:39.383, 6, 104262, 100, 939.27
2026/08/07 13:52:39.383, 7, 104262, 100, 947.42
2026/08/07 13:52:39.883, 0, 103302, 100, 945.04
2026/08/07 13:52:39.883, 1, 104462, 100, 954.78
2026/08/07 13:52:39.883, 2, 104462, 100, 938.47
2026/08/07 13:52:39.883, 3, 104462, 100, 947.01
2026/08/07 13:52:39.883, 4, 103102, 100, 932.94
2026/08/07 13:52:39.883, 5, 104262, 100, 931.64
2026/08/07 13:52:39.883, 6, 104262, 100, 936.95
2026/08/07 13:52:39.883, 7, 104262, 100, 956.70
2026/08/07 13:52:40.384, 0, 103302, 100, 940.89
2026/08/07 13:52:40.384, 1, 104462, 100, 954.44
2026/08/07 13:52:40.384, 2, 104462, 100, 947.18
2026/08/07 13:52:40.384, 3, 104462, 100, 938.01
2026/08/07 13:52:40.384, 4, 103102, 100, 932.57
2026/08/07 13:52:40.384, 5, 104262, 99, 930.92
2026/08/07 13:52:40.384, 6, 104262, 99, 927.32
2026/08/07 13:52:40.384, 7, 104262, 99, 955.43
2026/08/07 13:52:40.884, 0, 103302, 100, 939.23
2026/08/07 13:52:40.884, 1, 104462, 100, 950.26
2026/08/07 13:52:40.884, 2, 104462, 100, 947.04
2026/08/07 13:52:40.884, 3, 104462, 100, 942.11
2026/08/07 13:52:40.884, 4, 103102, 100, 932.59
2026/08/07 13:52:40.884, 5, 104262, 100, 943.48
2026/08/07 13:52:40.884, 6, 104262, 100, 930.00
2026/08/07 13:52:40.884, 7, 104262, 100, 965.09
2026/08/07 13:52:41.384, 0, 103302, 99, 944.98
2026/08/07 13:52:41.384, 1, 104462, 99, 950.69
2026/08/07 13:52:41.384, 2, 104462, 99, 940.46
2026/08/07 13:52:41.384, 3, 104462, 99, 941.51
2026/08/07 13:52:41.384, 4, 103102, 100, 929.64
2026/08/07 13:52:41.384, 5, 104262, 100, 944.55
2026/08/07 13:52:41.384, 6, 104262, 100, 941.32
2026/08/07 13:52:41.384, 7, 104262, 100, 974.38
2026/08/07 13:52:41.884, 0, 103302, 100, 951.57
2026/08/07 13:52:41.884, 1, 104462, 100, 959.88
2026/08/07 13:52:41.884, 2, 104462, 100, 946.17
2026/08/07 13:52:41.884, 3, 104462, 100, 947.05
2026/08/07 13:52:41.884, 4, 103102, 100, 937.28
2026/08/07 13:52:41.884, 5, 104262, 100, 952.67
2026/08/07 13:52:41.884, 6, 104262, 100, 943.34
2026/08/07 13:52:41.884, 7, 104262, 100, 967.37
2026/08/07 13:52:42.384, 0, 103302, 100, 956.37
2026/08/07 13:52:42.384, 1, 104462, 100, 964.36
2026/08/07 13:52:42.384, 2, 104462, 100, 958.41
2026/08/07 13:52:42.384, 3, 104462, 100, 962.41
2026/08/07 13:52:42.384, 4, 103102, 100, 930.02
2026/08/07 13:52:42.384, 5, 104262, 100, 956.98
2026/08/07 13:52:42.384, 6, 104262, 100, 946.75
2026/08/07 13:52:42.384, 7, 104262, 100, 966.02
2026/08/07 13:52:42.885, 0, 103302, 100, 959.07
2026/08/07 13:52:42.885, 1, 104462, 100, 964.81
2026/08/07 13:52:42.885, 2, 104462, 100, 953.83
2026/08/07 13:52:42.885, 3, 104462, 100, 959.59
2026/08/07 13:52:42.885, 4, 103102, 100, 933.91
2026/08/07 13:52:42.885, 5, 104262, 100, 952.05
2026/08/07 13:52:42.885, 6, 104262, 100, 946.85
2026/08/07 13:52:42.885, 7, 104262, 100, 965.21
2026/08/07 13:52:43.385, 0, 103302, 100, 960.36
2026/08/07 13:52:43.385, 1, 104462, 100, 959.83
2026/08/07 13:52:43.385, 2, 104462, 100, 948.45
2026/08/07 13:52:43.385, 3, 104462, 100, 952.51
2026/08/07 13:52:43.385, 4, 103102, 100, 935.94
2026/08/07 13:52:43.385, 5, 104262, 100, 944.81
2026/08/07 13:52:43.385, 6, 104262, 100, 931.57
2026/08/07 13:52:43.385, 7, 104262, 100, 963.11
2026/08/07 13:52:43.885, 0, 103302, 100, 952.39
2026/08/07 13:52:43.888, 1, 104462, 100, 961.86
2026/08/07 13:52:43.889, 2, 104462, 100, 949.70
2026/08/07 13:52:43.892, 3, 104462, 100, 954.53
2026/08/07 13:52:43.893, 4, 103102, 100, 937.41
2026/08/07 13:52:43.896, 5, 104262, 100, 949.94
2026/08/07 13:52:43.897, 6, 104262, 100, 924.54
2026/08/07 13:52:43.900, 7, 104262, 100, 962.89
2026/08/07 13:52:44.401, 0, 103302, 100, 942.47
2026/08/07 13:52:44.401, 1, 104462, 100, 950.82
2026/08/07 13:52:44.401, 2, 104462, 100, 954.01
2026/08/07 13:52:44.401, 3, 104462, 100, 952.31
2026/08/07 13:52:44.401, 4, 103102, 100, 936.22
2026/08/07 13:52:44.401, 5, 104262, 100, 948.40
2026/08/07 13:52:44.401, 6, 104262, 100, 930.08
2026/08/07 13:52:44.401, 7, 104262, 100, 961.37
2026/08/07 13:52:44.901, 0, 103302, 100, 950.19
2026/08/07 13:52:44.901, 1, 104462, 100, 947.67
2026/08/07 13:52:44.901, 2, 104462, 100, 942.73
2026/08/07 13:52:44.901, 3, 104462, 100, 946.16
2026/08/07 13:52:44.901, 4, 103102, 100, 927.99
2026/08/07 13:52:44.901, 5, 104262, 100, 942.77
2026/08/07 13:52:44.901, 6, 104262, 100, 932.73
2026/08/07 13:52:44.901, 7, 104262, 100, 957.64
2026/08/07 13:52:45.401, 0, 103302, 100, 949.54
2026/08/07 13:52:45.401, 1, 104462, 100, 959.57
2026/08/07 13:52:45.401, 2, 104462, 100, 937.33
2026/08/07 13:52:45.401, 3, 104462, 100, 941.03
2026/08/07 13:52:45.401, 4, 103102, 100, 928.28
2026/08/07 13:52:45.401, 5, 104262, 100, 948.31
2026/08/07 13:52:45.401, 6, 104262, 100, 939.94
2026/08/07 13:52:45.401, 7, 104262, 100, 962.14
2026/08/07 13:52:45.901, 0, 103302, 99, 934.13
2026/08/07 13:52:45.901, 1, 104462, 99, 950.84
2026/08/07 13:52:45.901, 2, 104462, 99, 946.13
2026/08/07 13:52:45.901, 3, 104462, 99, 942.96
2026/08/07 13:52:45.901, 4, 103102, 100, 939.77
2026/08/07 13:52:45.901, 5, 104262, 100, 956.95
2026/08/07 13:52:45.901, 6, 104262, 100, 943.76
2026/08/07 13:52:45.901, 7, 104262, 100, 974.10
2026/08/07 13:52:46.401, 0, 103302, 100, 942.51
2026/08/07 13:52:46.401, 1, 104462, 100, 950.45
2026/08/07 13:52:46.401, 2, 104462, 100, 955.49
2026/08/07 13:52:46.401, 3, 104462, 100, 950.02
2026/08/07 13:52:46.401, 4, 103102, 100, 943.51
2026/08/07 13:52:46.401, 5, 104262, 100, 960.89
2026/08/07 13:52:46.401, 6, 104262, 100, 942.17
2026/08/07 13:52:46.401, 7, 104262, 100, 967.51
2026/08/07 13:52:46.901, 0, 103302, 100, 963.16
2026/08/07 13:52:46.901, 1, 104462, 100, 967.71
2026/08/07 13:52:46.901, 2, 104462, 100, 956.30
2026/08/07 13:52:46.901, 3, 104462, 100, 963.70
2026/08/07 13:52:46.901, 4, 103102, 100, 947.68
2026/08/07 13:52:46.902, 5, 104262, 100, 958.19
2026/08/07 13:52:46.902, 6, 104262, 100, 942.99
2026/08/07 13:52:46.902, 7, 104262, 100, 964.05
2026/08/07 13:52:47.402, 0, 103302, 100, 971.58
2026/08/07 13:52:47.402, 1, 104462, 100, 974.32
2026/08/07 13:52:47.402, 2, 104462, 100, 960.72
2026/08/07 13:52:47.402, 3, 104462, 100, 972.57
2026/08/07 13:52:47.402, 4, 103102, 100, 948.20
2026/08/07 13:52:47.402, 5, 104262, 100, 958.02
2026/08/07 13:52:47.402, 6, 104262, 100, 941.30
2026/08/07 13:52:47.402, 7, 104262, 100, 963.01
2026/08/07 13:52:47.902, 0, 103302, 100, 967.10
2026/08/07 13:52:47.902, 1, 104462, 100, 970.80
2026/08/07 13:52:47.902, 2, 104462, 100, 961.44
2026/08/07 13:52:47.902, 3, 104462, 100, 970.13
2026/08/07 13:52:47.902, 4, 103102, 100, 937.68
2026/08/07 13:52:47.902, 5, 104262, 100, 951.88
2026/08/07 13:52:47.902, 6, 104262, 100, 933.62
2026/08/07 13:52:47.903, 7, 104262, 100, 963.14
2026/08/07 13:52:48.403, 0, 103302, 100, 955.09
2026/08/07 13:52:48.403, 1, 104462, 100, 965.22
2026/08/07 13:52:48.404, 2, 104462, 100, 957.43
2026/08/07 13:52:48.404, 3, 104462, 100, 958.12
2026/08/07 13:52:48.404, 4, 103102, 100, 934.40
2026/08/07 13:52:48.407, 5, 104262, 100, 945.43
2026/08/07 13:52:48.408, 6, 104262, 100, 927.63
2026/08/07 13:52:48.411, 7, 104262, 100, 967.24
2026/08/07 13:52:48.912, 0, 103302, 100, 950.90
2026/08/07 13:52:48.912, 1, 104462, 100, 950.88
2026/08/07 13:52:48.912, 2, 104462, 100, 953.46
2026/08/07 13:52:48.912, 3, 104462, 100, 950.65
2026/08/07 13:52:48.912, 4, 103102, 100, 927.17
2026/08/07 13:52:48.912, 5, 104262, 100, 937.72
2026/08/07 13:52:48.912, 6, 104262, 100, 925.71
2026/08/07 13:52:48.912, 7, 104262, 100, 954.33
2026/08/07 13:52:49.412, 0, 103302, 100, 955.52
2026/08/07 13:52:49.412, 1, 104462, 100, 954.46
2026/08/07 13:52:49.412, 2, 104462, 100, 946.33
2026/08/07 13:52:49.412, 3, 104462, 100, 950.67
2026/08/07 13:52:49.412, 4, 103102, 100, 917.62
2026/08/07 13:52:49.412, 5, 104262, 100, 932.50
2026/08/07 13:52:49.412, 6, 104262, 100, 927.04
2026/08/07 13:52:49.412, 7, 104262, 100, 956.02
2026/08/07 13:52:49.912, 0, 103302, 100, 952.24
2026/08/07 13:52:49.912, 1, 104462, 100, 966.20
2026/08/07 13:52:49.912, 2, 104462, 100, 945.79
2026/08/07 13:52:49.912, 3, 104462, 100, 949.45
2026/08/07 13:52:49.912, 4, 103102, 100, 940.66
2026/08/07 13:52:49.912, 5, 104262, 100, 950.88
2026/08/07 13:52:49.912, 6, 104262, 100, 936.46
2026/08/07 13:52:49.912, 7, 104262, 100, 972.24
2026/08/07 13:52:50.413, 0, 103302, 100, 945.55
2026/08/07 13:52:50.413, 1, 104462, 100, 955.67
2026/08/07 13:52:50.413, 2, 104462, 100, 946.06
2026/08/07 13:52:50.413, 3, 104462, 100, 948.71
2026/08/07 13:52:50.413, 4, 103102, 100, 957.61
2026/08/07 13:52:50.413, 5, 104262, 100, 965.12
2026/08/07 13:52:50.413, 6, 104262, 100, 943.17
2026/08/07 13:52:50.413, 7, 104262, 100, 969.87
2026/08/07 13:52:50.913, 0, 103302, 100, 949.29
2026/08/07 13:52:50.913, 1, 104462, 100, 958.11
2026/08/07 13:52:50.913, 2, 104462, 100, 946.11
2026/08/07 13:52:50.913, 3, 104462, 100, 957.21
2026/08/07 13:52:50.913, 4, 103102, 100, 952.39
2026/08/07 13:52:50.913, 5, 104262, 100, 958.96
2026/08/07 13:52:50.913, 6, 104262, 100, 946.90
2026/08/07 13:52:50.913, 7, 104262, 100, 972.72
2026/08/07 13:52:51.413, 0, 103302, 100, 959.76
2026/08/07 13:52:51.413, 1, 104462, 100, 971.11
2026/08/07 13:52:51.413, 2, 104462, 100, 955.24
2026/08/07 13:52:51.413, 3, 104462, 100, 956.33
2026/08/07 13:52:51.413, 4, 103102, 100, 946.20
2026/08/07 13:52:51.413, 5, 104262, 100, 957.03
2026/08/07 13:52:51.413, 6, 104262, 100, 944.05
2026/08/07 13:52:51.413, 7, 104262, 100, 976.67
2026/08/07 13:52:51.913, 0, 103302, 100, 961.16
2026/08/07 13:52:51.913, 1, 104462, 100, 962.52
2026/08/07 13:52:51.913, 2, 104462, 100, 950.12
2026/08/07 13:52:51.913, 3, 104462, 100, 952.49
2026/08/07 13:52:51.913, 4, 103102, 100, 932.71
2026/08/07 13:52:51.913, 5, 104262, 100, 945.43
2026/08/07 13:52:51.914, 6, 104262, 100, 931.53
2026/08/07 13:52:51.915, 7, 104262, 100, 957.11
2026/08/07 13:52:52.415, 0, 103302, 100, 958.36
2026/08/07 13:52:52.415, 1, 104462, 100, 961.60
2026/08/07 13:52:52.415, 2, 104462, 100, 945.76
2026/08/07 13:52:52.415, 3, 104462, 100, 951.38
2026/08/07 13:52:52.415, 4, 103102, 100, 929.76
2026/08/07 13:52:52.415, 5, 104262, 100, 941.00
2026/08/07 13:52:52.415, 6, 104262, 100, 930.88
2026/08/07 13:52:52.415, 7, 104262, 100, 951.98
2026/08/07 13:52:52.915, 0, 103302, 100, 959.48
2026/08/07 13:52:52.915, 1, 104462, 100, 972.82
2026/08/07 13:52:52.915, 2, 104462, 100, 954.30
2026/08/07 13:52:52.915, 3, 104462, 100, 946.80
2026/08/07 13:52:52.915, 4, 103102, 100, 936.23
2026/08/07 13:52:52.915, 5, 104262, 100, 953.34
2026/08/07 13:52:52.915, 6, 104262, 100, 938.67
2026/08/07 13:52:52.915, 7, 104262, 100, 969.66
2026/08/07 13:52:53.416, 0, 103302, 100, 950.27
2026/08/07 13:52:53.416, 1, 104462, 100, 971.18
2026/08/07 13:52:53.416, 2, 104462, 100, 942.40
2026/08/07 13:52:53.416, 3, 104462, 100, 944.45
2026/08/07 13:52:53.416, 4, 103102, 99, 936.97
2026/08/07 13:52:53.416, 5, 104262, 99, 952.44
2026/08/07 13:52:53.416, 6, 104262, 99, 932.99
2026/08/07 13:52:53.416, 7, 104262, 100, 965.71
2026/08/07 13:52:53.916, 0, 103302, 100, 944.45
2026/08/07 13:52:53.916, 1, 104462, 100, 957.29
2026/08/07 13:52:53.916, 2, 104462, 100, 939.48
2026/08/07 13:52:53.916, 3, 104462, 100, 948.47
2026/08/07 13:52:53.916, 4, 103102, 100, 931.04
2026/08/07 13:52:53.916, 5, 104262, 100, 951.15
2026/08/07 13:52:53.916, 6, 104262, 100, 925.77
2026/08/07 13:52:53.916, 7, 104262, 100, 961.30
2026/08/07 13:52:54.416, 0, 103302, 100, 950.22
2026/08/07 13:52:54.416, 1, 104462, 100, 952.81
2026/08/07 13:52:54.417, 2, 104462, 100, 946.14
2026/08/07 13:52:54.418, 3, 104462, 100, 949.21
2026/08/07 13:52:54.419, 4, 103102, 100, 934.58
2026/08/07 13:52:54.419, 5, 104262, 100, 950.74
2026/08/07 13:52:54.420, 6, 104262, 100, 934.67
2026/08/07 13:52:54.421, 7, 104262, 100, 976.10
2026/08/07 13:52:54.922, 0, 103302, 100, 945.08
2026/08/07 13:52:54.922, 1, 104462, 100, 964.36
2026/08/07 13:52:54.922, 2, 104462, 100, 939.36
2026/08/07 13:52:54.922, 3, 104462, 100, 941.38
2026/08/07 13:52:54.922, 4, 103102, 100, 942.12
2026/08/07 13:52:54.922, 5, 104262, 100, 963.98
2026/08/07 13:52:54.922, 6, 104262, 100, 945.54
2026/08/07 13:52:54.922, 7, 104262, 100, 977.36
2026/08/07 13:52:55.422, 0, 103302, 100, 957.36
2026/08/07 13:52:55.422, 1, 104462, 100, 970.72
2026/08/07 13:52:55.422, 2, 104462, 100, 942.30
2026/08/07 13:52:55.422, 3, 104462, 100, 957.45
2026/08/07 13:52:55.422, 4, 103102, 100, 942.69
2026/08/07 13:52:55.422, 5, 104262, 100, 967.09
2026/08/07 13:52:55.422, 6, 104262, 100, 945.31
2026/08/07 13:52:55.422, 7, 104262, 100, 975.29
2026/08/07 13:52:55.922, 0, 103302, 100, 969.84
2026/08/07 13:52:55.922, 1, 104462, 100, 980.89
2026/08/07 13:52:55.922, 2, 104462, 100, 961.84
2026/08/07 13:52:55.922, 3, 104462, 100, 968.56
2026/08/07 13:52:55.922, 4, 103102, 100, 943.08
2026/08/07 13:52:55.922, 5, 104262, 100, 965.19
2026/08/07 13:52:55.922, 6, 104262, 100, 939.56
2026/08/07 13:52:55.922, 7, 104262, 100, 967.48
2026/08/07 13:52:56.422, 0, 103302, 100, 964.09
2026/08/07 13:52:56.422, 1, 104462, 100, 977.23
2026/08/07 13:52:56.422, 2, 104462, 100, 956.17
2026/08/07 13:52:56.422, 3, 104462, 100, 960.71
2026/08/07 13:52:56.422, 4, 103102, 100, 941.61
2026/08/07 13:52:56.422, 5, 104262, 100, 961.53
2026/08/07 13:52:56.422, 6, 104262, 100, 940.14
2026/08/07 13:52:56.422, 7, 104262, 100, 972.26
2026/08/07 13:52:56.923, 0, 103302, 100, 959.37
2026/08/07 13:52:56.926, 1, 104462, 100, 966.81
2026/08/07 13:52:56.926, 2, 104462, 100, 952.10
2026/08/07 13:52:56.932, 3, 104462, 100, 958.62
2026/08/07 13:52:56.933, 4, 103102, 100, 938.57
2026/08/07 13:52:56.934, 5, 104262, 100, 958.08
2026/08/07 13:52:56.935, 6, 104262, 100, 941.94
2026/08/07 13:52:56.935, 7, 104262, 100, 970.97
2026/08/07 13:52:57.436, 0, 103302, 100, 955.50
2026/08/07 13:52:57.436, 1, 104462, 100, 958.52
2026/08/07 13:52:57.436, 2, 104462, 100, 952.03
2026/08/07 13:52:57.436, 3, 104462, 100, 962.70
2026/08/07 13:52:57.436, 4, 103102, 100, 942.58
2026/08/07 13:52:57.436, 5, 104262, 100, 951.59
2026/08/07 13:52:57.436, 6, 104262, 100, 935.96
2026/08/07 13:52:57.436, 7, 104262, 100, 952.44
2026/08/07 13:52:57.936, 0, 103302, 100, 954.64
2026/08/07 13:52:57.936, 1, 104462, 100, 958.69
2026/08/07 13:52:57.936, 2, 104462, 100, 947.77
2026/08/07 13:52:57.936, 3, 104462, 100, 955.37
2026/08/07 13:52:57.936, 4, 103102, 99, 930.83
2026/08/07 13:52:57.937, 5, 104262, 99, 938.27
2026/08/07 13:52:57.937, 6, 104262, 99, 926.14
2026/08/07 13:52:57.937, 7, 104262, 99, 953.91
2026/08/07 13:52:58.437, 0, 103302, 100, 957.04
2026/08/07 13:52:58.437, 1, 104462, 100, 962.50
2026/08/07 13:52:58.437, 2, 104462, 100, 944.36
2026/08/07 13:52:58.437, 3, 104462, 100, 952.92
2026/08/07 13:52:58.437, 4, 103102, 100, 927.93
2026/08/07 13:52:58.437, 5, 104262, 100, 947.00
2026/08/07 13:52:58.437, 6, 104262, 100, 921.91
2026/08/07 13:52:58.437, 7, 104262, 100, 958.48
2026/08/07 13:52:58.937, 0, 103302, 100, 947.94
2026/08/07 13:52:58.937, 1, 104462, 100, 957.15
2026/08/07 13:52:58.937, 2, 104462, 100, 938.65
2026/08/07 13:52:58.937, 3, 104462, 100, 952.44
2026/08/07 13:52:58.937, 4, 103102, 100, 939.39
2026/08/07 13:52:58.937, 5, 104262, 100, 964.28
2026/08/07 13:52:58.937, 6, 104262, 100, 929.97
2026/08/07 13:52:58.937, 7, 104262, 100, 971.30
2026/08/07 13:52:59.437, 0, 103302, 100, 949.03
2026/08/07 13:52:59.437, 1, 104462, 100, 963.15
2026/08/07 13:52:59.437, 2, 104462, 100, 940.76
2026/08/07 13:52:59.437, 3, 104462, 100, 946.80
2026/08/07 13:52:59.437, 4, 103102, 100, 952.64
2026/08/07 13:52:59.437, 5, 104262, 100, 972.92
2026/08/07 13:52:59.437, 6, 104262, 100, 946.36
2026/08/07 13:52:59.437, 7, 104262, 100, 984.34
2026/08/07 13:52:59.937, 0, 103302, 100, 958.12
2026/08/07 13:52:59.937, 1, 104462, 100, 969.76
2026/08/07 13:52:59.937, 2, 104462, 100, 947.05
2026/08/07 13:52:59.937, 3, 104462, 100, 959.99
2026/08/07 13:52:59.937, 4, 103102, 100, 954.11
2026/08/07 13:52:59.937, 5, 104262, 100, 970.03
2026/08/07 13:52:59.937, 6, 104262, 100, 950.76
2026/08/07 13:52:59.937, 7, 104262, 100, 977.52
2026/08/07 13:53:00.437, 0, 103302, 100, 966.11
2026/08/07 13:53:00.437, 1, 104462, 100, 973.41
2026/08/07 13:53:00.437, 2, 104462, 100, 949.60
2026/08/07 13:53:00.437, 3, 104462, 100, 966.80
2026/08/07 13:53:00.437, 4, 103102, 100, 945.35
2026/08/07 13:53:00.437, 5, 104262, 100, 962.61
2026/08/07 13:53:00.437, 6, 104262, 100, 946.78
2026/08/07 13:53:00.437, 7, 104262, 100, 970.13
2026/08/07 13:53:00.937, 0, 103302, 100, 963.87
2026/08/07 13:53:00.937, 1, 104462, 100, 971.47
2026/08/07 13:53:00.937, 2, 104462, 100, 954.23
2026/08/07 13:53:00.937, 3, 104462, 100, 958.60
2026/08/07 13:53:00.938, 4, 103102, 100, 937.03
2026/08/07 13:53:00.938, 5, 104262, 100, 952.00
2026/08/07 13:53:00.938, 6, 104262, 100, 929.84
2026/08/07 13:53:00.938, 7, 104262, 100, 964.14
2026/08/07 13:53:01.438, 0, 103302, 100, 955.31
2026/08/07 13:53:01.438, 1, 104462, 100, 962.41
2026/08/07 13:53:01.438, 2, 104462, 100, 952.32
2026/08/07 13:53:01.438, 3, 104462, 100, 950.97
2026/08/07 13:53:01.438, 4, 103102, 100, 933.88
2026/08/07 13:53:01.438, 5, 104262, 100, 939.84
2026/08/07 13:53:01.438, 6, 104262, 100, 926.02
2026/08/07 13:53:01.438, 7, 104262, 100, 952.84
2026/08/07 13:53:01.938, 0, 103302, 100, 950.18
2026/08/07 13:53:01.938, 1, 104462, 100, 945.76
2026/08/07 13:53:01.938, 2, 104462, 100, 948.97
2026/08/07 13:53:01.938, 3, 104462, 100, 955.36
2026/08/07 13:53:01.938, 4, 103102, 100, 937.35
2026/08/07 13:53:01.938, 5, 104262, 100, 949.74
2026/08/07 13:53:01.938, 6, 104262, 100, 938.18
2026/08/07 13:53:01.938, 7, 104262, 100, 955.67
2026/08/07 13:53:02.438, 0, 103302, 100, 954.36
2026/08/07 13:53:02.438, 1, 104462, 100, 945.49
2026/08/07 13:53:02.438, 2, 104462, 100, 939.27
2026/08/07 13:53:02.438, 3, 104462, 100, 958.38
2026/08/07 13:53:02.438, 4, 103102, 100, 929.60
2026/08/07 13:53:02.438, 5, 104262, 100, 943.37
2026/08/07 13:53:02.438, 6, 104262, 100, 940.31
2026/08/07 13:53:02.438, 7, 104262, 100, 963.09
2026/08/07 13:53:02.938, 0, 103302, 100, 953.93
2026/08/07 13:53:02.938, 1, 104462, 100, 964.07
2026/08/07 13:53:02.938, 2, 104462, 100, 933.40
2026/08/07 13:53:02.938, 3, 104462, 100, 951.28
2026/08/07 13:53:02.938, 4, 103102, 100, 927.73
2026/08/07 13:53:02.938, 5, 104262, 100, 945.93
2026/08/07 13:53:02.938, 6, 104262, 100, 942.90
2026/08/07 13:53:02.938, 7, 104262, 100, 964.11
2026/08/07 13:53:03.438, 0, 103302, 100, 953.53
2026/08/07 13:53:03.438, 1, 104462, 99, 953.93
2026/08/07 13:53:03.438, 2, 104462, 99, 936.83
2026/08/07 13:53:03.438, 3, 104462, 99, 951.36
2026/08/07 13:53:03.438, 4, 103102, 100, 943.80
2026/08/07 13:53:03.438, 5, 104262, 100, 966.55
2026/08/07 13:53:03.438, 6, 104262, 100, 957.52
2026/08/07 13:53:03.438, 7, 104262, 100, 983.70
2026/08/07 13:53:03.938, 0, 103302, 100, 956.97
2026/08/07 13:53:03.938, 1, 104462, 100, 948.53
2026/08/07 13:53:03.939, 2, 104462, 100, 947.17
2026/08/07 13:53:03.939, 3, 104462, 100, 960.60
2026/08/07 13:53:03.939, 4, 103102, 100, 955.23
2026/08/07 13:53:03.939, 5, 104262, 100, 973.28
2026/08/07 13:53:03.939, 6, 104262, 100, 963.36
2026/08/07 13:53:03.939, 7, 104262, 100, 990.56
2026/08/07 13:53:04.439, 0, 103302, 100, 955.46
2026/08/07 13:53:04.439, 1, 104462, 100, 962.70
2026/08/07 13:53:04.439, 2, 104462, 100, 947.56
2026/08/07 13:53:04.439, 3, 104462, 100, 960.22
2026/08/07 13:53:04.439, 4, 103102, 100, 956.30
2026/08/07 13:53:04.439, 5, 104262, 100, 973.87
2026/08/07 13:53:04.439, 6, 104262, 100, 959.44
2026/08/07 13:53:04.439, 7, 104262, 100, 982.74
2026/08/07 13:53:04.939, 0, 103302, 100, 960.74
2026/08/07 13:53:04.939, 1, 104462, 100, 976.38
2026/08/07 13:53:04.939, 2, 104462, 100, 946.01
2026/08/07 13:53:04.939, 3, 104462, 100, 960.25
2026/08/07 13:53:04.939, 4, 103102, 100, 949.61
2026/08/07 13:53:04.939, 5, 104262, 100, 963.52
2026/08/07 13:53:04.939, 6, 104262, 100, 947.08
2026/08/07 13:53:04.939, 7, 104262, 100, 968.67
2026/08/07 13:53:05.439, 0, 103302, 100, 964.93
2026/08/07 13:53:05.439, 1, 104462, 100, 983.53
2026/08/07 13:53:05.439, 2, 104462, 100, 955.93
2026/08/07 13:53:05.439, 3, 104462, 100, 969.22
2026/08/07 13:53:05.439, 4, 103102, 100, 939.78
2026/08/07 13:53:05.439, 5, 104262, 100, 961.06
2026/08/07 13:53:05.439, 6, 104262, 100, 935.64
2026/08/07 13:53:05.439, 7, 104262, 100, 964.63
2026/08/07 13:53:05.939, 0, 103302, 100, 958.43
2026/08/07 13:53:05.939, 1, 104462, 100, 978.08
2026/08/07 13:53:05.939, 2, 104462, 100, 961.95
2026/08/07 13:53:05.939, 3, 104462, 100, 965.16
2026/08/07 13:53:05.939, 4, 103102, 100, 935.95
2026/08/07 13:53:05.939, 5, 104262, 100, 961.81
2026/08/07 13:53:05.939, 6, 104262, 100, 941.62
2026/08/07 13:53:05.939, 7, 104262, 100, 965.18
2026/08/07 13:53:06.439, 0, 103302, 100, 959.09
2026/08/07 13:53:06.439, 1, 104462, 100, 973.52
2026/08/07 13:53:06.439, 2, 104462, 100, 956.42
2026/08/07 13:53:06.439, 3, 104462, 100, 960.32
2026/08/07 13:53:06.439, 4, 103102, 100, 936.97
2026/08/07 13:53:06.439, 5, 104262, 100, 952.49
2026/08/07 13:53:06.439, 6, 104262, 100, 946.89
2026/08/07 13:53:06.439, 7, 104262, 100, 954.56
2026/08/07 13:53:06.940, 0, 103302, 100, 958.68
2026/08/07 13:53:06.940, 1, 104462, 100, 977.46
2026/08/07 13:53:06.940, 2, 104462, 100, 954.68
2026/08/07 13:53:06.940, 3, 104462, 100, 956.13
2026/08/07 13:53:06.940, 4, 103102, 100, 934.77
2026/08/07 13:53:06.940, 5, 104262, 100, 942.80
2026/08/07 13:53:06.940, 6, 104262, 100, 936.02
2026/08/07 13:53:06.940, 7, 104262, 100, 964.42
2026/08/07 13:53:07.440, 0, 103302, 100, 946.31
2026/08/07 13:53:07.440, 1, 104462, 100, 966.44
2026/08/07 13:53:07.440, 2, 104462, 100, 940.58
2026/08/07 13:53:07.440, 3, 104462, 100, 956.49
2026/08/07 13:53:07.440, 4, 103102, 100, 936.30
2026/08/07 13:53:07.440, 5, 104262, 100, 951.53
2026/08/07 13:53:07.440, 6, 104262, 100, 932.65
2026/08/07 13:53:07.440, 7, 104262, 100, 986.19
2026/08/07 13:53:07.940, 0, 103302, 100, 940.28
2026/08/07 13:53:07.940, 1, 104462, 99, 962.93
2026/08/07 13:53:07.940, 2, 104462, 99, 939.78
2026/08/07 13:53:07.940, 3, 104462, 99, 952.35
2026/08/07 13:53:07.940, 4, 103102, 100, 944.61
2026/08/07 13:53:07.940, 5, 104262, 100, 966.64
2026/08/07 13:53:07.940, 6, 104262, 100, 941.19
2026/08/07 13:53:07.940, 7, 104262, 100, 981.92
2026/08/07 13:53:08.440, 0, 103302, 100, 949.70
2026/08/07 13:53:08.440, 1, 104462, 100, 972.12
2026/08/07 13:53:08.440, 2, 104462, 100, 949.63
2026/08/07 13:53:08.440, 3, 104462, 100, 951.59
2026/08/07 13:53:08.440, 4, 103102, 100, 945.88
2026/08/07 13:53:08.440, 5, 104262, 100, 968.81
2026/08/07 13:53:08.440, 6, 104262, 100, 946.11
2026/08/07 13:53:08.440, 7, 104262, 100, 974.85
2026/08/07 13:53:08.940, 0, 103302, 100, 965.42
2026/08/07 13:53:08.940, 1, 104462, 100, 977.93
2026/08/07 13:53:08.940, 2, 104462, 100, 954.09
2026/08/07 13:53:08.940, 3, 104462, 100, 968.03
2026/08/07 13:53:08.940, 4, 103102, 100, 944.26
2026/08/07 13:53:08.940, 5, 104262, 100, 970.01
2026/08/07 13:53:08.940, 6, 104262, 100, 951.12
2026/08/07 13:53:08.940, 7, 104262, 100, 974.89
2026/08/07 13:53:09.440, 0, 103302, 100, 969.97
2026/08/07 13:53:09.440, 1, 104462, 100, 973.35
2026/08/07 13:53:09.440, 2, 104462, 100, 956.94
2026/08/07 13:53:09.440, 3, 104462, 100, 978.81
2026/08/07 13:53:09.440, 4, 103102, 100, 944.02
2026/08/07 13:53:09.441, 5, 104262, 100, 958.63
2026/08/07 13:53:09.441, 6, 104262, 100, 950.62
2026/08/07 13:53:09.441, 7, 104262, 100, 963.53
2026/08/07 13:53:09.941, 0, 103302, 100, 965.78
2026/08/07 13:53:09.941, 1, 104462, 100, 966.93
2026/08/07 13:53:09.941, 2, 104462, 100, 957.62
2026/08/07 13:53:09.941, 3, 104462, 100, 961.02
2026/08/07 13:53:09.941, 4, 103102, 100, 935.18
2026/08/07 13:53:09.941, 5, 104262, 100, 944.35
2026/08/07 13:53:09.941, 6, 104262, 100, 938.30
2026/08/07 13:53:09.941, 7, 104262, 100, 958.52
2026/08/07 13:53:10.441, 0, 103302, 100, 951.50
2026/08/07 13:53:10.441, 1, 104462, 100, 967.33
2026/08/07 13:53:10.441, 2, 104462, 100, 952.16
2026/08/07 13:53:10.441, 3, 104462, 100, 950.58
2026/08/07 13:53:10.441, 4, 103102, 100, 936.48
2026/08/07 13:53:10.441, 5, 104262, 100, 946.26
2026/08/07 13:53:10.441, 6, 104262, 100, 932.31
2026/08/07 13:53:10.441, 7, 104262, 100, 963.20
2026/08/07 13:53:10.941, 0, 103302, 100, 947.32
2026/08/07 13:53:10.941, 1, 104462, 100, 970.15
2026/08/07 13:53:10.941, 2, 104462, 100, 950.23
2026/08/07 13:53:10.941, 3, 104462, 100, 955.12
2026/08/07 13:53:10.941, 4, 103102, 100, 937.94
2026/08/07 13:53:10.941, 5, 104262, 100, 960.97
2026/08/07 13:53:10.941, 6, 104262, 100, 942.30
2026/08/07 13:53:10.941, 7, 104262, 100, 955.61
2026/08/07 13:53:11.441, 0, 103302, 100, 955.62
2026/08/07 13:53:11.441, 1, 104462, 100, 965.70
2026/08/07 13:53:11.441, 2, 104462, 100, 945.67
2026/08/07 13:53:11.441, 3, 104462, 100, 953.88
2026/08/07 13:53:11.441, 4, 103102, 100, 919.85
2026/08/07 13:53:11.441, 5, 104262, 100, 949.65
2026/08/07 13:53:11.441, 6, 104262, 100, 944.81
2026/08/07 13:53:11.441, 7, 104262, 100, 957.46
2026/08/07 13:53:11.941, 0, 103302, 100, 946.58
2026/08/07 13:53:11.941, 1, 104462, 100, 959.39
2026/08/07 13:53:11.941, 2, 104462, 100, 938.00
2026/08/07 13:53:11.941, 3, 104462, 100, 948.89
2026/08/07 13:53:11.941, 4, 103102, 100, 930.11
2026/08/07 13:53:11.941, 5, 104262, 100, 959.19
2026/08/07 13:53:11.941, 6, 104262, 100, 947.67
2026/08/07 13:53:11.941, 7, 104262, 100, 976.20
2026/08/07 13:53:12.441, 0, 103302, 100, 945.17
2026/08/07 13:53:12.441, 1, 104462, 100, 953.21
2026/08/07 13:53:12.441, 2, 104462, 100, 948.96
2026/08/07 13:53:12.442, 3, 104462, 100, 946.99
2026/08/07 13:53:12.442, 4, 103102, 100, 947.16
2026/08/07 13:53:12.442, 5, 104262, 100, 971.57
2026/08/07 13:53:12.442, 6, 104262, 100, 949.78
2026/08/07 13:53:12.442, 7, 104262, 100, 975.67
2026/08/07 13:53:12.942, 0, 103302, 100, 956.07
2026/08/07 13:53:12.942, 1, 104462, 100, 960.33
2026/08/07 13:53:12.942, 2, 104462, 100, 956.74
2026/08/07 13:53:12.942, 3, 104462, 100, 959.10
2026/08/07 13:53:12.942, 4, 103102, 100, 945.97
2026/08/07 13:53:12.942, 5, 104262, 100, 968.30
2026/08/07 13:53:12.942, 6, 104262, 100, 949.51
2026/08/07 13:53:12.942, 7, 104262, 100, 972.67
2026/08/07 13:53:13.442, 0, 103302, 100, 964.77
2026/08/07 13:53:13.442, 1, 104462, 100, 981.31
2026/08/07 13:53:13.442, 2, 104462, 100, 954.67
2026/08/07 13:53:13.442, 3, 104462, 100, 967.96
2026/08/07 13:53:13.442, 4, 103102, 100, 953.56
2026/08/07 13:53:13.442, 5, 104262, 100, 969.83
2026/08/07 13:53:13.442, 6, 104262, 100, 946.09
2026/08/07 13:53:13.442, 7, 104262, 100, 979.88
2026/08/07 13:53:13.942, 0, 103302, 100, 966.22
2026/08/07 13:53:13.942, 1, 104462, 100, 988.11
2026/08/07 13:53:13.942, 2, 104462, 100, 955.96
2026/08/07 13:53:13.942, 3, 104462, 100, 960.91
2026/08/07 13:53:13.942, 4, 103102, 100, 950.94
2026/08/07 13:53:13.942, 5, 104262, 100, 966.99
2026/08/07 13:53:13.942, 6, 104262, 100, 945.80
2026/08/07 13:53:13.942, 7, 104262, 100, 963.59
2026/08/07 13:53:14.442, 0, 103302, 100, 957.99
2026/08/07 13:53:14.443, 1, 104462, 100, 982.63
2026/08/07 13:53:14.443, 2, 104462, 100, 955.00
2026/08/07 13:53:14.447, 3, 104462, 100, 958.81
2026/08/07 13:53:14.447, 4, 103102, 100, 934.28
2026/08/07 13:53:14.451, 5, 104262, 100, 955.36
2026/08/07 13:53:14.451, 6, 104262, 100, 947.96
2026/08/07 13:53:14.455, 7, 104262, 100, 954.37
2026/08/07 13:53:14.955, 0, 103302, 100, 958.21
2026/08/07 13:53:14.955, 1, 104462, 100, 969.68
2026/08/07 13:53:14.955, 2, 104462, 100, 949.40
2026/08/07 13:53:14.955, 3, 104462, 100, 969.04
2026/08/07 13:53:14.955, 4, 103102, 100, 929.92
2026/08/07 13:53:14.955, 5, 104262, 100, 949.52
2026/08/07 13:53:14.955, 6, 104262, 100, 944.52
2026/08/07 13:53:14.955, 7, 104262, 100, 964.05
2026/08/07 13:53:15.455, 0, 103302, 100, 952.94
2026/08/07 13:53:15.455, 1, 104462, 100, 964.27
2026/08/07 13:53:15.455, 2, 104462, 100, 940.86
2026/08/07 13:53:15.455, 3, 104462, 100, 959.42
2026/08/07 13:53:15.455, 4, 103102, 100, 932.86
2026/08/07 13:53:15.455, 5, 104262, 100, 956.29
2026/08/07 13:53:15.455, 6, 104262, 99, 939.10
2026/08/07 13:53:15.455, 7, 104262, 99, 960.38
2026/08/07 13:53:15.956, 0, 103302, 100, 953.59
2026/08/07 13:53:15.956, 1, 104462, 100, 960.56
2026/08/07 13:53:15.956, 2, 104462, 100, 940.66
2026/08/07 13:53:15.956, 3, 104462, 100, 950.66
2026/08/07 13:53:15.956, 4, 103102, 100, 927.23
2026/08/07 13:53:15.956, 5, 104262, 100, 949.35
2026/08/07 13:53:15.956, 6, 104262, 100, 936.05
2026/08/07 13:53:15.956, 7, 104262, 100, 963.82
2026/08/07 13:53:16.456, 0, 103302, 100, 959.31
2026/08/07 13:53:16.456, 1, 104462, 100, 965.47
2026/08/07 13:53:16.456, 2, 104462, 100, 945.36
2026/08/07 13:53:16.456, 3, 104462, 100, 955.15
2026/08/07 13:53:16.456, 4, 103102, 100, 943.28
2026/08/07 13:53:16.456, 5, 104262, 100, 957.01
2026/08/07 13:53:16.456, 6, 104262, 100, 940.26
2026/08/07 13:53:16.456, 7, 104262, 100, 975.91
2026/08/07 13:53:16.956, 0, 103302, 100, 953.62
2026/08/07 13:53:16.956, 1, 104462, 100, 970.33
2026/08/07 13:53:16.956, 2, 104462, 100, 939.39
2026/08/07 13:53:16.956, 3, 104462, 100, 951.55
2026/08/07 13:53:16.956, 4, 103102, 100, 947.82
2026/08/07 13:53:16.956, 5, 104262, 100, 964.50
2026/08/07 13:53:16.956, 6, 104262, 100, 950.35
2026/08/07 13:53:16.956, 7, 104262, 100, 976.16
2026/08/07 13:53:17.456, 0, 103302, 100, 950.90
2026/08/07 13:53:17.456, 1, 104462, 100, 973.73
2026/08/07 13:53:17.456, 2, 104462, 100, 950.72
2026/08/07 13:53:17.456, 3, 104462, 100, 958.08
2026/08/07 13:53:17.456, 4, 103102, 100, 942.81
2026/08/07 13:53:17.456, 5, 104262, 100, 963.35
2026/08/07 13:53:17.456, 6, 104262, 100, 954.85
2026/08/07 13:53:17.456, 7, 104262, 100, 982.54
2026/08/07 13:53:17.956, 0, 103302, 100, 959.92
2026/08/07 13:53:17.956, 1, 104462, 100, 974.99
2026/08/07 13:53:17.956, 2, 104462, 100, 958.34
2026/08/07 13:53:17.956, 3, 104462, 100, 972.22
2026/08/07 13:53:17.956, 4, 103102, 100, 945.78
2026/08/07 13:53:17.956, 5, 104262, 100, 966.21
2026/08/07 13:53:17.956, 6, 104262, 100, 950.26
2026/08/07 13:53:17.956, 7, 104262, 100, 983.33
2026/08/07 13:53:18.456, 0, 103302, 100, 964.77
2026/08/07 13:53:18.456, 1, 104462, 100, 974.42
2026/08/07 13:53:18.456, 2, 104462, 100, 946.66
2026/08/07 13:53:18.456, 3, 104462, 100, 967.39
2026/08/07 13:53:18.456, 4, 103102, 100, 942.73
2026/08/07 13:53:18.456, 5, 104262, 100, 964.17
2026/08/07 13:53:18.456, 6, 104262, 100, 951.81
2026/08/07 13:53:18.456, 7, 104262, 100, 970.96
2026/08/07 13:53:18.957, 0, 103302, 100, 960.65
2026/08/07 13:53:18.957, 1, 104462, 100, 973.75
2026/08/07 13:53:18.957, 2, 104462, 100, 944.64
2026/08/07 13:53:18.957, 3, 104462, 100, 964.95
2026/08/07 13:53:18.957, 4, 103102, 100, 941.01
2026/08/07 13:53:18.957, 5, 104262, 100, 958.27
2026/08/07 13:53:18.957, 6, 104262, 100, 943.57
2026/08/07 13:53:18.957, 7, 104262, 100, 960.29
2026/08/07 13:53:19.457, 0, 103302, 100, 956.11
2026/08/07 13:53:19.457, 1, 104462, 100, 974.30
2026/08/07 13:53:19.457, 2, 104462, 100, 939.14
2026/08/07 13:53:19.457, 3, 104462, 100, 960.24
2026/08/07 13:53:19.457, 4, 103102, 100, 936.23
2026/08/07 13:53:19.457, 5, 104262, 100, 947.15
2026/08/07 13:53:19.457, 6, 104262, 100, 933.23
2026/08/07 13:53:19.457, 7, 104262, 100, 972.43
2026/08/07 13:53:19.957, 0, 103302, 100, 942.94
2026/08/07 13:53:19.957, 1, 104462, 100, 970.55
2026/08/07 13:53:19.957, 2, 104462, 100, 941.06
2026/08/07 13:53:19.957, 3, 104462, 100, 952.40
2026/08/07 13:53:19.957, 4, 103102, 100, 934.38
2026/08/07 13:53:19.957, 5, 104262, 100, 948.05
2026/08/07 13:53:19.957, 6, 104262, 99, 935.02
2026/08/07 13:53:19.957, 7, 104262, 99, 964.60
2026/08/07 13:53:20.457, 0, 103302, 100, 951.35
2026/08/07 13:53:20.457, 1, 104462, 100, 963.10
2026/08/07 13:53:20.457, 2, 104462, 100, 955.80
2026/08/07 13:53:20.457, 3, 104462, 100, 958.50
2026/08/07 13:53:20.457, 4, 103102, 100, 934.01
2026/08/07 13:53:20.457, 5, 104262, 100, 961.02
2026/08/07 13:53:20.457, 6, 104262, 100, 946.68
2026/08/07 13:53:20.457, 7, 104262, 100, 963.16
2026/08/07 13:53:20.957, 0, 103302, 100, 948.04
2026/08/07 13:53:20.961, 1, 104462, 100, 957.15
2026/08/07 13:53:20.961, 2, 104462, 100, 943.73
2026/08/07 13:53:20.961, 3, 104462, 100, 954.78
2026/08/07 13:53:20.961, 4, 103102, 100, 945.40
2026/08/07 13:53:20.961, 5, 104262, 100, 968.55
2026/08/07 13:53:20.961, 6, 104262, 100, 952.92
2026/08/07 13:53:20.961, 7, 104262, 100, 977.08
2026/08/07 13:53:21.462, 0, 103302, 100, 946.24
2026/08/07 13:53:21.462, 1, 104462, 100, 967.81
2026/08/07 13:53:21.462, 2, 104462, 100, 934.90
2026/08/07 13:53:21.462, 3, 104462, 100, 948.48
2026/08/07 13:53:21.462, 4, 103102, 100, 955.43
2026/08/07 13:53:21.462, 5, 104262, 100, 973.47
2026/08/07 13:53:21.462, 6, 104262, 100, 957.49
2026/08/07 13:53:21.462, 7, 104262, 100, 973.53
2026/08/07 13:53:21.962, 0, 103302, 100, 960.02
2026/08/07 13:53:21.962, 1, 104462, 100, 973.99
2026/08/07 13:53:21.962, 2, 104462, 100, 946.88
2026/08/07 13:53:21.962, 3, 104462, 100, 958.74
2026/08/07 13:53:21.962, 4, 103102, 100, 955.27
2026/08/07 13:53:21.962, 5, 104262, 100, 976.01
2026/08/07 13:53:21.962, 6, 104262, 100, 953.85
2026/08/07 13:53:21.962, 7, 104262, 100, 979.07
2026/08/07 13:53:22.462, 0, 103302, 100, 962.87
2026/08/07 13:53:22.462, 1, 104462, 100, 977.22
2026/08/07 13:53:22.462, 2, 104462, 100, 960.88
2026/08/07 13:53:22.462, 3, 104462, 100, 968.41
2026/08/07 13:53:22.462, 4, 103102, 100, 948.27
2026/08/07 13:53:22.462, 5, 104262, 100, 959.66
2026/08/07 13:53:22.462, 6, 104262, 100, 945.56
2026/08/07 13:53:22.462, 7, 104262, 100, 973.17
2026/08/07 13:53:22.962, 0, 103302, 100, 965.59
2026/08/07 13:53:22.962, 1, 104462, 100, 982.26
2026/08/07 13:53:22.962, 2, 104462, 100, 958.19
2026/08/07 13:53:22.962, 3, 104462, 100, 964.23
2026/08/07 13:53:22.962, 4, 103102, 100, 939.78
2026/08/07 13:53:22.962, 5, 104262, 100, 952.30
2026/08/07 13:53:22.962, 6, 104262, 100, 943.79
2026/08/07 13:53:22.962, 7, 104262, 100, 966.06
2026/08/07 13:53:23.463, 0, 103302, 100, 966.98
2026/08/07 13:53:23.463, 1, 104462, 100, 976.44
2026/08/07 13:53:23.463, 2, 104462, 100, 955.15
2026/08/07 13:53:23.463, 3, 104462, 100, 966.22
2026/08/07 13:53:23.463, 4, 103102, 100, 934.70
2026/08/07 13:53:23.463, 5, 104262, 100, 960.78
2026/08/07 13:53:23.463, 6, 104262, 100, 944.18
2026/08/07 13:53:23.463, 7, 104262, 100, 965.73
2026/08/07 13:53:23.963, 0, 103302, 100, 954.95
2026/08/07 13:53:23.963, 1, 104462, 100, 982.53
2026/08/07 13:53:23.963, 2, 104462, 100, 950.17
2026/08/07 13:53:23.963, 3, 104462, 100, 970.46
2026/08/07 13:53:23.963, 4, 103102, 100, 931.99
2026/08/07 13:53:23.963, 5, 104262, 100, 960.74
2026/08/07 13:53:23.963, 6, 104262, 100, 936.82
2026/08/07 13:53:23.963, 7, 104262, 100, 973.43
2026/08/07 13:53:24.463, 0, 103302, 100, 953.09
2026/08/07 13:53:24.463, 1, 104462, 100, 976.32
2026/08/07 13:53:24.463, 2, 104462, 100, 950.93
2026/08/07 13:53:24.463, 3, 104462, 100, 961.95
2026/08/07 13:53:24.463, 4, 103102, 100, 943.76
2026/08/07 13:53:24.463, 5, 104262, 100, 962.34
2026/08/07 13:53:24.463, 6, 104262, 100, 939.17
2026/08/07 13:53:24.463, 7, 104262, 100, 972.33
2026/08/07 13:53:24.963, 0, 103302, 100, 957.34
2026/08/07 13:53:24.963, 1, 104462, 100, 961.26
2026/08/07 13:53:24.963, 2, 104462, 100, 951.17
2026/08/07 13:53:24.963, 3, 104462, 100, 957.75
2026/08/07 13:53:24.963, 4, 103102, 100, 949.16
2026/08/07 13:53:24.963, 5, 104262, 100, 966.69
2026/08/07 13:53:24.963, 6, 104262, 100, 941.02
2026/08/07 13:53:24.963, 7, 104262, 100, 968.01
2026/08/07 13:53:25.463, 0, 103302, 100, 947.53
2026/08/07 13:53:25.463, 1, 104462, 100, 958.41
2026/08/07 13:53:25.463, 2, 104462, 100, 945.37
2026/08/07 13:53:25.463, 3, 104462, 100, 955.69
2026/08/07 13:53:25.463, 4, 103102, 100, 949.98
2026/08/07 13:53:25.463, 5, 104262, 100, 971.27
2026/08/07 13:53:25.463, 6, 104262, 100, 950.93
2026/08/07 13:53:25.463, 7, 104262, 100, 979.85
2026/08/07 13:53:25.963, 0, 103302, 100, 949.92
2026/08/07 13:53:25.963, 1, 104462, 100, 967.97
2026/08/07 13:53:25.963, 2, 104462, 100, 941.29
2026/08/07 13:53:25.964, 3, 104462, 100, 955.66
2026/08/07 13:53:25.964, 4, 103102, 100, 958.80
2026/08/07 13:53:25.964, 5, 104262, 100, 969.27
2026/08/07 13:53:25.964, 6, 104262, 100, 957.47
2026/08/07 13:53:25.964, 7, 104262, 100, 977.16
2026/08/07 13:53:26.464, 0, 103302, 100, 965.93
2026/08/07 13:53:26.464, 1, 104462, 100, 981.66
2026/08/07 13:53:26.464, 2, 104462, 100, 958.98
2026/08/07 13:53:26.464, 3, 104462, 100, 969.45
2026/08/07 13:53:26.464, 4, 103102, 100, 948.59
2026/08/07 13:53:26.464, 5, 104262, 100, 966.56
2026/08/07 13:53:26.464, 6, 104262, 100, 960.08
2026/08/07 13:53:26.464, 7, 104262, 100, 976.17
2026/08/07 13:53:26.964, 0, 103302, 100, 973.98
2026/08/07 13:53:26.964, 1, 104462, 100, 993.26
2026/08/07 13:53:26.964, 2, 104462, 100, 970.36
2026/08/07 13:53:26.964, 3, 104462, 100, 982.77
2026/08/07 13:53:26.964, 4, 103102, 100, 941.48
2026/08/07 13:53:26.964, 5, 104262, 100, 961.15
2026/08/07 13:53:26.964, 6, 104262, 100, 949.29
2026/08/07 13:53:26.964, 7, 104262, 100, 980.35
2026/08/07 13:53:27.464, 0, 103302, 100, 970.05
2026/08/07 13:53:27.464, 1, 104462, 100, 986.22
2026/08/07 13:53:27.465, 2, 104462, 100, 963.20
2026/08/07 13:53:27.469, 3, 104462, 100, 963.53
2026/08/07 13:53:27.469, 4, 103102, 100, 942.76
2026/08/07 13:53:27.473, 5, 104262, 100, 965.41
2026/08/07 13:53:27.473, 6, 104262, 100, 939.94
2026/08/07 13:53:27.477, 7, 104262, 100, 980.50
2026/08/07 13:53:27.977, 0, 103302, 100, 961.07
2026/08/07 13:53:27.980, 1, 104462, 100, 977.08
2026/08/07 13:53:27.980, 2, 104462, 100, 950.36
2026/08/07 13:53:27.980, 3, 104462, 100, 958.05
2026/08/07 13:53:27.980, 4, 103102, 100, 938.42
2026/08/07 13:53:27.980, 5, 104262, 100, 956.72
2026/08/07 13:53:27.980, 6, 104262, 100, 945.04
2026/08/07 13:53:27.980, 7, 104262, 100, 972.02
2026/08/07 13:53:28.480, 0, 103302, 100, 958.85
2026/08/07 13:53:28.480, 1, 104462, 100, 972.78
2026/08/07 13:53:28.480, 2, 104462, 100, 958.25
2026/08/07 13:53:28.480, 3, 104462, 100, 965.01
2026/08/07 13:53:28.480, 4, 103102, 100, 939.59
2026/08/07 13:53:28.480, 5, 104262, 100, 946.68
2026/08/07 13:53:28.480, 6, 104262, 100, 943.31
2026/08/07 13:53:28.480, 7, 104262, 100, 965.23
2026/08/07 13:53:28.981, 0, 103302, 100, 959.10
2026/08/07 13:53:28.981, 1, 104462, 100, 975.33
2026/08/07 13:53:28.981, 2, 104462, 100, 954.21
2026/08/07 13:53:28.981, 3, 104462, 100, 968.32
2026/08/07 13:53:28.981, 4, 103102, 100, 936.45
2026/08/07 13:53:28.981, 5, 104262, 100, 945.33
2026/08/07 13:53:28.981, 6, 104262, 100, 938.85
2026/08/07 13:53:28.981, 7, 104262, 100, 971.68
2026/08/07 13:53:29.481, 0, 103302, 100, 952.67
2026/08/07 13:53:29.481, 1, 104462, 100, 979.60
2026/08/07 13:53:29.481, 2, 104462, 100, 947.31
2026/08/07 13:53:29.481, 3, 104462, 100, 962.99
2026/08/07 13:53:29.481, 4, 103102, 100, 936.96
2026/08/07 13:53:29.481, 5, 104262, 100, 954.34
2026/08/07 13:53:29.481, 6, 104262, 100, 939.71
2026/08/07 13:53:29.481, 7, 104262, 100, 975.32
2026/08/07 13:53:29.981, 0, 103302, 100, 941.03
2026/08/07 13:53:29.981, 1, 104462, 100, 977.73
2026/08/07 13:53:29.981, 2, 104462, 100, 946.66
2026/08/07 13:53:29.981, 3, 104462, 100, 956.13
2026/08/07 13:53:29.981, 4, 103102, 100, 951.88
2026/08/07 13:53:29.981, 5, 104262, 100, 967.26
2026/08/07 13:53:29.981, 6, 104262, 100, 941.69
2026/08/07 13:53:29.981, 7, 104262, 100, 979.92
2026/08/07 13:53:30.481, 0, 103302, 100, 945.67
2026/08/07 13:53:30.481, 1, 104462, 100, 977.79
2026/08/07 13:53:30.483, 2, 104462, 100, 948.90
2026/08/07 13:53:30.483, 3, 104462, 100, 954.88
2026/08/07 13:53:30.485, 4, 103102, 100, 954.94
2026/08/07 13:53:30.485, 5, 104262, 100, 962.96
2026/08/07 13:53:30.486, 6, 104262, 100, 943.35
2026/08/07 13:53:30.487, 7, 104262, 100, 985.28
2026/08/07 13:53:30.988, 0, 103302, 100, 963.19
2026/08/07 13:53:30.988, 1, 104462, 100, 984.38
2026/08/07 13:53:30.988, 2, 104462, 100, 954.54
2026/08/07 13:53:30.988, 3, 104462, 100, 964.20
2026/08/07 13:53:30.988, 4, 103102, 100, 951.70
2026/08/07 13:53:30.988, 5, 104262, 100, 962.29
2026/08/07 13:53:30.988, 6, 104262, 100, 949.54
2026/08/07 13:53:30.988, 7, 104262, 100, 975.57
2026/08/07 13:53:31.488, 0, 103302, 100, 966.84
2026/08/07 13:53:31.488, 1, 104462, 100, 984.63
2026/08/07 13:53:31.488, 2, 104462, 100, 953.29
2026/08/07 13:53:31.488, 3, 104462, 100, 971.97
2026/08/07 13:53:31.488, 4, 103102, 100, 948.69
2026/08/07 13:53:31.488, 5, 104262, 100, 969.50
2026/08/07 13:53:31.488, 6, 104262, 100, 948.52
2026/08/07 13:53:31.488, 7, 104262, 100, 962.51
2026/08/07 13:53:31.988, 0, 103302, 100, 961.54
2026/08/07 13:53:31.988, 1, 104462, 100, 979.93
2026/08/07 13:53:31.988, 2, 104462, 100, 945.78
2026/08/07 13:53:31.988, 3, 104462, 100, 973.90
2026/08/07 13:53:31.988, 4, 103102, 100, 939.30
2026/08/07 13:53:31.988, 5, 104262, 100, 959.16
2026/08/07 13:53:31.988, 6, 104262, 100, 934.14
2026/08/07 13:53:31.988, 7, 104262, 100, 965.15
2026/08/07 13:53:32.488, 0, 103302, 100, 948.10
2026/08/07 13:53:32.488, 1, 104462, 100, 977.99
2026/08/07 13:53:32.488, 2, 104462, 100, 942.43
2026/08/07 13:53:32.488, 3, 104462, 100, 955.58
2026/08/07 13:53:32.488, 4, 103102, 100, 935.56
2026/08/07 13:53:32.488, 5, 104262, 100, 951.80
2026/08/07 13:53:32.488, 6, 104262, 100, 932.58
2026/08/07 13:53:32.488, 7, 104262, 100, 966.41
2026/08/07 13:53:32.988, 0, 103302, 100, 950.99
2026/08/07 13:53:32.988, 1, 104462, 100, 972.82
2026/08/07 13:53:32.988, 2, 104462, 100, 942.31
2026/08/07 13:53:32.988, 3, 104462, 100, 952.08
2026/08/07 13:53:32.988, 4, 103102, 100, 942.21
2026/08/07 13:53:32.988, 5, 104262, 100, 964.99
2026/08/07 13:53:32.988, 6, 104262, 100, 941.94
2026/08/07 13:53:32.988, 7, 104262, 100, 961.17
2026/08/07 13:53:33.489, 0, 103302, 100, 951.49
2026/08/07 13:53:33.489, 1, 104462, 100, 969.81
2026/08/07 13:53:33.489, 2, 104462, 100, 942.26
2026/08/07 13:53:33.489, 3, 104462, 100, 954.56
2026/08/07 13:53:33.489, 4, 103102, 100, 933.68
2026/08/07 13:53:33.489, 5, 104262, 100, 950.50
2026/08/07 13:53:33.489, 6, 104262, 100, 944.14
2026/08/07 13:53:33.489, 7, 104262, 100, 961.12
2026/08/07 13:53:33.989, 0, 103302, 100, 952.25
2026/08/07 13:53:33.992, 1, 104462, 100, 969.98
2026/08/07 13:53:33.992, 2, 104462, 100, 942.30
2026/08/07 13:53:33.993, 3, 104462, 100, 951.57
2026/08/07 13:53:33.993, 4, 103102, 100, 933.45
2026/08/07 13:53:33.993, 5, 104262, 100, 951.14
2026/08/07 13:53:33.993, 6, 104262, 100, 946.25
2026/08/07 13:53:33.993, 7, 104262, 100, 971.38
2026/08/07 13:53:34.493, 0, 103302, 100, 953.60
2026/08/07 13:53:34.493, 1, 104462, 100, 962.47
2026/08/07 13:53:34.493, 2, 104462, 100, 942.53
2026/08/07 13:53:34.493, 3, 104462, 100, 951.66
2026/08/07 13:53:34.493, 4, 103102, 100, 944.92
2026/08/07 13:53:34.493, 5, 104262, 100, 971.47
2026/08/07 13:53:34.493, 6, 104262, 100, 952.92
2026/08/07 13:53:34.493, 7, 104262, 100, 975.40
2026/08/07 13:53:34.993, 0, 103302, 100, 952.56
2026/08/07 13:53:34.993, 1, 104462, 100, 967.24
2026/08/07 13:53:34.993, 2, 104462, 100, 943.73
2026/08/07 13:53:34.993, 3, 104462, 100, 961.54
2026/08/07 13:53:34.993, 4, 103102, 100, 953.75
2026/08/07 13:53:34.993, 5, 104262, 100, 973.26
2026/08/07 13:53:34.993, 6, 104262, 100, 951.83
2026/08/07 13:53:34.993, 7, 104262, 100, 985.01
2026/08/07 13:53:35.493, 0, 103302, 100, 962.30
2026/08/07 13:53:35.493, 1, 104462, 100, 984.13
2026/08/07 13:53:35.493, 2, 104462, 100, 950.98
2026/08/07 13:53:35.493, 3, 104462, 100, 973.53
2026/08/07 13:53:35.493, 4, 103102, 100, 947.59
2026/08/07 13:53:35.493, 5, 104262, 100, 967.13
2026/08/07 13:53:35.493, 6, 104262, 100, 950.56
2026/08/07 13:53:35.493, 7, 104262, 100, 987.99
2026/08/07 13:53:35.993, 0, 103302, 100, 971.65
2026/08/07 13:53:35.993, 1, 104462, 100, 988.70
2026/08/07 13:53:35.993, 2, 104462, 100, 953.30
2026/08/07 13:53:35.994, 3, 104462, 100, 971.84
2026/08/07 13:53:35.994, 4, 103102, 100, 939.27
2026/08/07 13:53:35.994, 5, 104262, 100, 956.24
2026/08/07 13:53:35.994, 6, 104262, 100, 945.35
2026/08/07 13:53:35.994, 7, 104262, 100, 969.32
2026/08/07 13:53:36.494, 0, 103302, 100, 967.57
2026/08/07 13:53:36.494, 1, 104462, 100, 987.57
2026/08/07 13:53:36.494, 2, 104462, 100, 958.88
2026/08/07 13:53:36.494, 3, 104462, 100, 973.31
2026/08/07 13:53:36.494, 4, 103102, 100, 945.62
2026/08/07 13:53:36.494, 5, 104262, 100, 957.59
2026/08/07 13:53:36.494, 6, 104262, 100, 940.16
2026/08/07 13:53:36.494, 7, 104262, 100, 966.96
2026/08/07 13:53:36.994, 0, 103302, 100, 959.75
2026/08/07 13:53:36.994, 1, 104462, 100, 981.72
2026/08/07 13:53:36.994, 2, 104462, 100, 956.96
2026/08/07 13:53:36.994, 3, 104462, 100, 968.01
2026/08/07 13:53:36.994, 4, 103102, 100, 942.18
2026/08/07 13:53:36.994, 5, 104262, 100, 956.13
2026/08/07 13:53:36.994, 6, 104262, 100, 934.61
2026/08/07 13:53:36.994, 7, 104262, 100, 977.83
2026/08/07 13:53:37.494, 0, 103302, 100, 951.41
2026/08/07 13:53:37.494, 1, 104462, 100, 977.00
2026/08/07 13:53:37.494, 2, 104462, 100, 952.61
2026/08/07 13:53:37.494, 3, 104462, 100, 955.12
2026/08/07 13:53:37.494, 4, 103102, 100, 941.17
2026/08/07 13:53:37.494, 5, 104262, 100, 959.34
2026/08/07 13:53:37.494, 6, 104262, 99, 938.68
2026/08/07 13:53:37.494, 7, 104262, 100, 973.26
2026/08/07 13:53:37.994, 0, 103302, 100, 953.39
2026/08/07 13:53:37.994, 1, 104462, 100, 973.41
2026/08/07 13:53:37.994, 2, 104462, 100, 951.94
2026/08/07 13:53:37.994, 3, 104462, 100, 953.91
2026/08/07 13:53:37.994, 4, 103102, 100, 938.64
2026/08/07 13:53:37.994, 5, 104262, 100, 961.70
2026/08/07 13:53:37.994, 6, 104262, 100, 928.84
2026/08/07 13:53:37.994, 7, 104262, 100, 975.67
2026/08/07 13:53:38.494, 0, 103302, 100, 949.92
2026/08/07 13:53:38.495, 1, 104462, 100, 972.99
2026/08/07 13:53:38.495, 2, 104462, 100, 943.30
2026/08/07 13:53:38.495, 3, 104462, 100, 956.23
2026/08/07 13:53:38.495, 4, 103102, 100, 940.03
2026/08/07 13:53:38.495, 5, 104262, 100, 963.31
2026/08/07 13:53:38.495, 6, 104262, 100, 934.41
2026/08/07 13:53:38.495, 7, 104262, 100, 982.83
2026/08/07 13:53:38.995, 0, 103302, 100, 951.72
2026/08/07 13:53:38.995, 1, 104462, 100, 974.32
2026/08/07 13:53:38.995, 2, 104462, 100, 939.52
2026/08/07 13:53:38.995, 3, 104462, 100, 952.06
2026/08/07 13:53:38.995, 4, 103102, 100, 945.72
2026/08/07 13:53:38.995, 5, 104262, 100, 970.73
2026/08/07 13:53:38.995, 6, 104262, 100, 948.05
2026/08/07 13:53:38.995, 7, 104262, 100, 978.08
2026/08/07 13:53:39.495, 0, 103302, 100, 954.89
2026/08/07 13:53:39.495, 1, 104462, 100, 976.47
2026/08/07 13:53:39.495, 2, 104462, 100, 950.77
2026/08/07 13:53:39.495, 3, 104462, 100, 960.35
2026/08/07 13:53:39.495, 4, 103102, 100, 948.84
2026/08/07 13:53:39.495, 5, 104262, 100, 963.43
2026/08/07 13:53:39.495, 6, 104262, 100, 950.63
2026/08/07 13:53:39.495, 7, 104262, 100, 977.24
2026/08/07 13:53:39.995, 0, 103302, 100, 956.98
2026/08/07 13:53:39.995, 1, 104462, 100, 984.74
2026/08/07 13:53:39.995, 2, 104462, 100, 952.68
2026/08/07 13:53:39.995, 3, 104462, 100, 964.07
2026/08/07 13:53:39.995, 4, 103102, 100, 939.94
2026/08/07 13:53:39.995, 5, 104262, 100, 956.32
2026/08/07 13:53:39.995, 6, 104262, 100, 947.88
2026/08/07 13:53:39.995, 7, 104262, 100, 979.29
2026/08/07 13:53:40.495, 0, 103302, 100, 966.66
2026/08/07 13:53:40.497, 1, 104462, 100, 984.59
2026/08/07 13:53:40.497, 2, 104462, 100, 952.01
2026/08/07 13:53:40.497, 3, 104462, 100, 967.36
2026/08/07 13:53:40.497, 4, 103102, 100, 938.28
2026/08/07 13:53:40.498, 5, 104262, 100, 958.12
2026/08/07 13:53:40.498, 6, 104262, 100, 936.41
2026/08/07 13:53:40.498, 7, 104262, 100, 963.08
2026/08/07 13:53:40.998, 0, 103302, 100, 971.53
2026/08/07 13:53:40.998, 1, 104462, 100, 979.34
2026/08/07 13:53:40.998, 2, 104462, 100, 957.15
2026/08/07 13:53:40.998, 3, 104462, 100, 969.78
2026/08/07 13:53:40.998, 4, 103102, 100, 937.52
2026/08/07 13:53:40.998, 5, 104262, 100, 952.95
2026/08/07 13:53:40.998, 6, 104262, 100, 930.37
2026/08/07 13:53:40.998, 7, 104262, 100, 961.15
2026/08/07 13:53:41.498, 0, 103302, 100, 953.63
2026/08/07 13:53:41.498, 1, 104462, 100, 980.40
2026/08/07 13:53:41.498, 2, 104462, 100, 947.73
2026/08/07 13:53:41.498, 3, 104462, 100, 958.88
2026/08/07 13:53:41.498, 4, 103102, 100, 938.40
2026/08/07 13:53:41.498, 5, 104262, 100, 954.37
2026/08/07 13:53:41.498, 6, 104262, 100, 930.42
2026/08/07 13:53:41.498, 7, 104262, 100, 965.05
2026/08/07 13:53:41.998, 0, 103302, 100, 946.64
2026/08/07 13:53:41.998, 1, 104462, 100, 976.19
2026/08/07 13:53:41.998, 2, 104462, 100, 948.60
2026/08/07 13:53:41.998, 3, 104462, 100, 950.61
2026/08/07 13:53:41.998, 4, 103102, 100, 935.96
2026/08/07 13:53:41.998, 5, 104262, 100, 953.98
2026/08/07 13:53:41.998, 6, 104262, 99, 927.43
2026/08/07 13:53:41.998, 7, 104262, 100, 956.92
2026/08/07 13:53:42.498, 0, 103302, 100, 951.99
2026/08/07 13:53:42.498, 1, 104462, 100, 975.28
2026/08/07 13:53:42.498, 2, 104462, 100, 950.23
2026/08/07 13:53:42.498, 3, 104462, 100, 959.94
2026/08/07 13:53:42.498, 4, 103102, 100, 935.28
2026/08/07 13:53:42.498, 5, 104262, 100, 954.78
2026/08/07 13:53:42.498, 6, 104262, 100, 921.95
2026/08/07 13:53:42.498, 7, 104262, 100, 960.36
2026/08/07 13:53:42.999, 0, 103302, 100, 949.30
2026/08/07 13:53:42.999, 1, 104462, 100, 970.77
2026/08/07 13:53:42.999, 2, 104462, 100, 946.26
2026/08/07 13:53:42.999, 3, 104462, 100, 962.88
2026/08/07 13:53:42.999, 4, 103102, 100, 942.50
2026/08/07 13:53:42.999, 5, 104262, 100, 962.37
2026/08/07 13:53:42.999, 6, 104262, 100, 933.62
2026/08/07 13:53:42.999, 7, 104262, 100, 974.61
2026/08/07 13:53:43.499, 0, 103302, 100, 950.19
2026/08/07 13:53:43.499, 1, 104462, 100, 960.67
2026/08/07 13:53:43.499, 2, 104462, 100, 949.45
2026/08/07 13:53:43.499, 3, 104462, 100, 961.23
2026/08/07 13:53:43.499, 4, 103102, 100, 948.58
2026/08/07 13:53:43.499, 5, 104262, 100, 966.98
2026/08/07 13:53:43.499, 6, 104262, 100, 950.19
2026/08/07 13:53:43.499, 7, 104262, 100, 977.10
2026/08/07 13:53:43.999, 0, 103302, 100, 964.06
2026/08/07 13:53:43.999, 1, 104462, 100, 972.07
2026/08/07 13:53:43.999, 2, 104462, 100, 957.90
2026/08/07 13:53:43.999, 3, 104462, 100, 970.23
2026/08/07 13:53:43.999, 4, 103102, 100, 947.33
2026/08/07 13:53:43.999, 5, 104262, 100, 975.32
2026/08/07 13:53:44.000, 6, 104262, 100, 953.49
2026/08/07 13:53:44.000, 7, 104262, 100, 978.05
2026/08/07 13:53:44.500, 0, 103302, 100, 966.54
2026/08/07 13:53:44.500, 1, 104462, 100, 987.47
2026/08/07 13:53:44.500, 2, 104462, 100, 950.53
2026/08/07 13:53:44.500, 3, 104462, 100, 967.10
2026/08/07 13:53:44.500, 4, 103102, 100, 937.26
2026/08/07 13:53:44.500, 5, 104262, 100, 971.92
2026/08/07 13:53:44.500, 6, 104262, 100, 947.73
2026/08/07 13:53:44.500, 7, 104262, 100, 977.82
2026/08/07 13:53:45.000, 0, 103302, 100, 967.52
2026/08/07 13:53:45.000, 1, 104462, 100, 983.03
2026/08/07 13:53:45.000, 2, 104462, 100, 954.21
2026/08/07 13:53:45.000, 3, 104462, 100, 963.87
2026/08/07 13:53:45.000, 4, 103102, 100, 932.73
2026/08/07 13:53:45.000, 5, 104262, 100, 959.32
2026/08/07 13:53:45.000, 6, 104262, 100, 943.34
2026/08/07 13:53:45.000, 7, 104262, 100, 965.17
2026/08/07 13:53:45.500, 0, 103302, 100, 958.69
2026/08/07 13:53:45.500, 1, 104462, 100, 971.89
2026/08/07 13:53:45.500, 2, 104462, 100, 956.95
2026/08/07 13:53:45.500, 3, 104462, 100, 967.30
2026/08/07 13:53:45.500, 4, 103102, 100, 925.79
2026/08/07 13:53:45.500, 5, 104262, 100, 956.02
2026/08/07 13:53:45.500, 6, 104262, 100, 940.44
2026/08/07 13:53:45.500, 7, 104262, 100, 956.57
2026/08/07 13:53:46.000, 0, 103302, 100, 947.93
2026/08/07 13:53:46.000, 1, 104462, 100, 960.28
2026/08/07 13:53:46.000, 2, 104462, 100, 950.00
2026/08/07 13:53:46.000, 3, 104462, 100, 962.31
2026/08/07 13:53:46.000, 4, 103102, 100, 936.09
2026/08/07 13:53:46.000, 5, 104262, 100, 951.05
2026/08/07 13:53:46.000, 6, 104262, 100, 933.79
2026/08/07 13:53:46.000, 7, 104262, 100, 968.70
2026/08/07 13:53:46.500, 0, 103302, 100, 949.65
2026/08/07 13:53:46.500, 1, 104462, 100, 959.43
2026/08/07 13:53:46.500, 2, 104462, 100, 948.83
2026/08/07 13:53:46.500, 3, 104462, 100, 958.18
2026/08/07 13:53:46.500, 4, 103102, 100, 932.06
2026/08/07 13:53:46.500, 5, 104262, 100, 947.79
2026/08/07 13:53:46.500, 6, 104262, 100, 927.72
2026/08/07 13:53:46.500, 7, 104262, 100, 967.53
2026/08/07 13:53:47.000, 0, 103302, 100, 947.03
2026/08/07 13:53:47.001, 1, 104462, 100, 967.28
2026/08/07 13:53:47.001, 2, 104462, 100, 943.58
2026/08/07 13:53:47.001, 3, 104462, 100, 952.05
2026/08/07 13:53:47.001, 4, 103102, 100, 928.51
2026/08/07 13:53:47.001, 5, 104262, 100, 960.34
2026/08/07 13:53:47.001, 6, 104262, 100, 932.17
2026/08/07 13:53:47.001, 7, 104262, 100, 965.04
2026/08/07 13:53:47.501, 0, 103302, 100, 939.87
2026/08/07 13:53:47.501, 1, 104462, 100, 964.39
2026/08/07 13:53:47.501, 2, 104462, 100, 933.29
2026/08/07 13:53:47.501, 3, 104462, 100, 950.88
2026/08/07 13:53:47.501, 4, 103102, 100, 945.48
2026/08/07 13:53:47.501, 5, 104262, 100, 965.98
2026/08/07 13:53:47.501, 6, 104262, 100, 942.51
2026/08/07 13:53:47.501, 7, 104262, 100, 977.40
2026/08/07 13:53:48.001, 0, 103302, 100, 953.07
2026/08/07 13:53:48.001, 1, 104462, 100, 963.52
2026/08/07 13:53:48.001, 2, 104462, 100, 939.77
2026/08/07 13:53:48.001, 3, 104462, 100, 959.98
2026/08/07 13:53:48.001, 4, 103102, 100, 950.94
2026/08/07 13:53:48.001, 5, 104262, 100, 964.22
2026/08/07 13:53:48.001, 6, 104262, 100, 951.25
2026/08/07 13:53:48.001, 7, 104262, 100, 975.45
2026/08/07 13:53:48.501, 0, 103302, 100, 956.27
2026/08/07 13:53:48.501, 1, 104462, 100, 978.15
2026/08/07 13:53:48.501, 2, 104462, 100, 947.98
2026/08/07 13:53:48.501, 3, 104462, 100, 965.95
2026/08/07 13:53:48.501, 4, 103102, 100, 947.77
2026/08/07 13:53:48.501, 5, 104262, 100, 965.17
2026/08/07 13:53:48.501, 6, 104262, 100, 951.54
2026/08/07 13:53:48.501, 7, 104262, 100, 975.23
2026/08/07 13:53:49.001, 0, 103302, 100, 955.23
2026/08/07 13:53:49.001, 1, 104462, 100, 979.15
2026/08/07 13:53:49.002, 2, 104462, 100, 945.63
2026/08/07 13:53:49.002, 3, 104462, 100, 963.82
2026/08/07 13:53:49.002, 4, 103102, 100, 940.23
2026/08/07 13:53:49.002, 5, 104262, 100, 959.67
2026/08/07 13:53:49.002, 6, 104262, 100, 941.95
2026/08/07 13:53:49.002, 7, 104262, 100, 974.46
2026/08/07 13:53:49.502, 0, 103302, 100, 958.53
2026/08/07 13:53:49.502, 1, 104462, 100, 976.81
2026/08/07 13:53:49.502, 2, 104462, 100, 952.71
2026/08/07 13:53:49.502, 3, 104462, 100, 967.39
2026/08/07 13:53:49.502, 4, 103102, 100, 933.14
2026/08/07 13:53:49.502, 5, 104262, 100, 949.85
2026/08/07 13:53:49.502, 6, 104262, 100, 938.63
2026/08/07 13:53:49.502, 7, 104262, 100, 960.78
2026/08/07 13:53:50.002, 0, 103302, 100, 961.33
2026/08/07 13:53:50.002, 1, 104462, 100, 969.21
2026/08/07 13:53:50.002, 2, 104462, 100, 955.70
2026/08/07 13:53:50.002, 3, 104462, 100, 964.09
2026/08/07 13:53:50.002, 4, 103102, 100, 939.01
2026/08/07 13:53:50.002, 5, 104262, 100, 947.21
2026/08/07 13:53:50.002, 6, 104262, 100, 936.48
2026/08/07 13:53:50.002, 7, 104262, 100, 953.78
2026/08/07 13:53:50.502, 0, 103302, 100, 954.56
2026/08/07 13:53:50.502, 1, 104462, 100, 953.28
2026/08/07 13:53:50.502, 2, 104462, 100, 948.70
2026/08/07 13:53:50.502, 3, 104462, 100, 958.54
2026/08/07 13:53:50.502, 4, 103102, 100, 928.28
2026/08/07 13:53:50.502, 5, 104262, 100, 938.72
2026/08/07 13:53:50.502, 6, 104262, 100, 928.11
2026/08/07 13:53:50.502, 7, 104262, 100, 955.72
2026/08/07 13:53:51.002, 0, 103302, 100, 952.20
2026/08/07 13:53:51.002, 1, 104462, 100, 964.33
2026/08/07 13:53:51.002, 2, 104462, 100, 941.68
2026/08/07 13:53:51.002, 3, 104462, 100, 956.12
2026/08/07 13:53:51.002, 4, 103102, 100, 925.41
2026/08/07 13:53:51.002, 5, 104262, 100, 947.22
2026/08/07 13:53:51.002, 6, 104262, 100, 924.48
2026/08/07 13:53:51.002, 7, 104262, 100, 951.91
2026/08/07 13:53:51.502, 0, 103302, 100, 955.59
2026/08/07 13:53:51.502, 1, 104462, 100, 964.56
2026/08/07 13:53:51.503, 2, 104462, 100, 941.87
2026/08/07 13:53:51.503, 3, 104462, 100, 960.96
2026/08/07 13:53:51.503, 4, 103102, 100, 940.91
2026/08/07 13:53:51.503, 5, 104262, 100, 955.74
2026/08/07 13:53:51.503, 6, 104262, 100, 927.31
2026/08/07 13:53:51.503, 7, 104262, 100, 959.28
2026/08/07 13:53:52.003, 0, 103302, 99, 942.78
2026/08/07 13:53:52.003, 1, 104462, 99, 941.93
2026/08/07 13:53:52.003, 2, 104462, 100, 942.73
2026/08/07 13:53:52.003, 3, 104462, 99, 949.42
2026/08/07 13:53:52.003, 4, 103102, 100, 950.24
2026/08/07 13:53:52.003, 5, 104262, 100, 969.89
2026/08/07 13:53:52.003, 6, 104262, 100, 937.54
2026/08/07 13:53:52.003, 7, 104262, 100, 980.96
2026/08/07 13:53:52.503, 0, 103302, 100, 939.88
2026/08/07 13:53:52.503, 1, 104462, 100, 951.45
2026/08/07 13:53:52.503, 2, 104462, 100, 945.02
2026/08/07 13:53:52.503, 3, 104462, 100, 950.57
2026/08/07 13:53:52.503, 4, 103102, 100, 955.61
2026/08/07 13:53:52.503, 5, 104262, 100, 972.75
2026/08/07 13:53:52.503, 6, 104262, 100, 944.74
2026/08/07 13:53:52.503, 7, 104262, 100, 980.79
2026/08/07 13:53:53.003, 0, 103302, 100, 956.62
2026/08/07 13:53:53.003, 1, 104462, 100, 971.42
2026/08/07 13:53:53.003, 2, 104462, 100, 948.26
2026/08/07 13:53:53.003, 3, 104462, 100, 969.90
2026/08/07 13:53:53.003, 4, 103102, 100, 951.47
2026/08/07 13:53:53.003, 5, 104262, 100, 967.73
2026/08/07 13:53:53.003, 6, 104262, 100, 942.79
2026/08/07 13:53:53.003, 7, 104262, 100, 968.38
2026/08/07 13:53:53.503, 0, 103302, 100, 965.86
2026/08/07 13:53:53.503, 1, 104462, 100, 975.65
2026/08/07 13:53:53.503, 2, 104462, 100, 946.37
2026/08/07 13:53:53.503, 3, 104462, 100, 968.40
2026/08/07 13:53:53.503, 4, 103102, 100, 943.17
2026/08/07 13:53:53.503, 5, 104262, 100, 961.11
2026/08/07 13:53:53.503, 6, 104262, 100, 940.41
2026/08/07 13:53:53.503, 7, 104262, 100, 970.70
2026/08/07 13:53:54.003, 0, 103302, 100, 962.83
2026/08/07 13:53:54.005, 1, 104462, 100, 973.84
2026/08/07 13:53:54.006, 2, 104462, 100, 948.29
2026/08/07 13:53:54.006, 3, 104462, 100, 968.77
2026/08/07 13:53:54.006, 4, 103102, 100, 941.43
2026/08/07 13:53:54.009, 5, 104262, 100, 955.96
2026/08/07 13:53:54.010, 6, 104262, 100, 941.99
2026/08/07 13:53:54.014, 7, 104262, 100, 966.82
2026/08/07 13:53:54.514, 0, 103302, 100, 952.91
2026/08/07 13:53:54.514, 1, 104462, 100, 976.05
2026/08/07 13:53:54.514, 2, 104462, 100, 946.60
2026/08/07 13:53:54.514, 3, 104462, 100, 964.72
2026/08/07 13:53:54.514, 4, 103102, 100, 944.34
2026/08/07 13:53:54.514, 5, 104262, 100, 959.32
2026/08/07 13:53:54.514, 6, 104262, 100, 943.99
2026/08/07 13:53:54.514, 7, 104262, 100, 961.36
2026/08/07 13:53:55.014, 0, 103302, 100, 951.91
2026/08/07 13:53:55.015, 1, 104462, 100, 964.18
2026/08/07 13:53:55.015, 2, 104462, 100, 944.14
2026/08/07 13:53:55.015, 3, 104462, 100, 960.34
2026/08/07 13:53:55.015, 4, 103102, 100, 937.49
2026/08/07 13:53:55.015, 5, 104262, 100, 958.12
2026/08/07 13:53:55.015, 6, 104262, 100, 932.80
2026/08/07 13:53:55.015, 7, 104262, 100, 967.79
2026/08/07 13:53:55.515, 0, 103302, 100, 952.44
2026/08/07 13:53:55.515, 1, 104462, 100, 961.09
2026/08/07 13:53:55.515, 2, 104462, 100, 951.67
2026/08/07 13:53:55.515, 3, 104462, 100, 953.27
2026/08/07 13:53:55.515, 4, 103102, 100, 938.23
2026/08/07 13:53:55.515, 5, 104262, 100, 959.79
2026/08/07 13:53:55.515, 6, 104262, 100, 925.54
2026/08/07 13:53:55.515, 7, 104262, 100, 973.88
2026/08/07 13:53:56.015, 0, 103302, 100, 951.83
2026/08/07 13:53:56.015, 1, 104462, 100, 973.11
2026/08/07 13:53:56.015, 2, 104462, 100, 948.60
2026/08/07 13:53:56.015, 3, 104462, 100, 958.19
2026/08/07 13:53:56.015, 4, 103102, 100, 945.83
2026/08/07 13:53:56.015, 5, 104262, 100, 967.92
2026/08/07 13:53:56.015, 6, 104262, 100, 931.77
2026/08/07 13:53:56.015, 7, 104262, 100, 976.61
2026/08/07 13:53:56.515, 0, 103302, 99, 945.89
2026/08/07 13:53:56.515, 1, 104462, 99, 973.05
2026/08/07 13:53:56.515, 2, 104462, 100, 934.18
2026/08/07 13:53:56.515, 3, 104462, 99, 951.66
2026/08/07 13:53:56.515, 4, 103102, 100, 938.82
2026/08/07 13:53:56.515, 5, 104262, 100, 963.15
2026/08/07 13:53:56.515, 6, 104262, 100, 935.84
2026/08/07 13:53:56.515, 7, 104262, 100, 985.22
2026/08/07 13:53:57.015, 0, 103302, 100, 950.80
2026/08/07 13:53:57.015, 1, 104462, 100, 977.59
2026/08/07 13:53:57.015, 2, 104462, 100, 934.80
2026/08/07 13:53:57.015, 3, 104462, 100, 954.52
2026/08/07 13:53:57.015, 4, 103102, 100, 937.02
2026/08/07 13:53:57.015, 5, 104262, 100, 962.41
2026/08/07 13:53:57.015, 6, 104262, 100, 943.57
2026/08/07 13:53:57.015, 7, 104262, 100, 983.92
2026/08/07 13:53:57.515, 0, 103302, 100, 956.61
2026/08/07 13:53:57.515, 1, 104462, 100, 973.87
2026/08/07 13:53:57.515, 2, 104462, 100, 934.87
2026/08/07 13:53:57.515, 3, 104462, 100, 963.95
2026/08/07 13:53:57.515, 4, 103102, 100, 942.75
2026/08/07 13:53:57.515, 5, 104262, 100, 966.03
2026/08/07 13:53:57.515, 6, 104262, 100, 946.70
2026/08/07 13:53:57.515, 7, 104262, 100, 974.31
2026/08/07 13:53:58.016, 0, 103302, 100, 958.17
2026/08/07 13:53:58.016, 1, 104462, 100, 971.49
2026/08/07 13:53:58.016, 2, 104462, 100, 943.37
2026/08/07 13:53:58.016, 3, 104462, 100, 966.81
2026/08/07 13:53:58.016, 4, 103102, 100, 946.61
2026/08/07 13:53:58.016, 5, 104262, 100, 960.22
2026/08/07 13:53:58.016, 6, 104262, 100, 936.65
2026/08/07 13:53:58.016, 7, 104262, 100, 973.64
2026/08/07 13:53:58.516, 0, 103302, 100, 960.88
2026/08/07 13:53:58.516, 1, 104462, 100, 978.41
2026/08/07 13:53:58.516, 2, 104462, 100, 956.81
2026/08/07 13:53:58.516, 3, 104462, 100, 969.19
2026/08/07 13:53:58.516, 4, 103102, 100, 938.55
2026/08/07 13:53:58.516, 5, 104262, 100, 955.64
2026/08/07 13:53:58.516, 6, 104262, 100, 930.00
2026/08/07 13:53:58.516, 7, 104262, 100, 969.89
2026/08/07 13:53:59.016, 0, 103302, 100, 954.77
2026/08/07 13:53:59.016, 1, 104462, 100, 968.02
2026/08/07 13:53:59.016, 2, 104462, 100, 950.17
2026/08/07 13:53:59.016, 3, 104462, 100, 969.48
2026/08/07 13:53:59.016, 4, 103102, 100, 931.51
2026/08/07 13:53:59.016, 5, 104262, 100, 950.55
2026/08/07 13:53:59.016, 6, 104262, 100, 930.55
2026/08/07 13:53:59.016, 7, 104262, 100, 959.82
2026/08/07 13:53:59.516, 0, 103302, 100, 956.37
2026/08/07 13:53:59.516, 1, 104462, 100, 959.68
2026/08/07 13:53:59.516, 2, 104462, 100, 940.53
2026/08/07 13:53:59.516, 3, 104462, 100, 960.93
2026/08/07 13:53:59.516, 4, 103102, 100, 925.63
2026/08/07 13:53:59.516, 5, 104262, 100, 950.30
2026/08/07 13:53:59.516, 6, 104262, 100, 932.17
2026/08/07 13:53:59.516, 7, 104262, 100, 949.12
2026/08/07 13:54:00.016, 0, 103302, 100, 951.43
2026/08/07 13:54:00.016, 1, 104462, 100, 973.18
2026/08/07 13:54:00.016, 2, 104462, 100, 935.01
2026/08/07 13:54:00.016, 3, 104462, 100, 950.27
2026/08/07 13:54:00.016, 4, 103102, 100, 929.64
2026/08/07 13:54:00.016, 5, 104262, 100, 952.92
2026/08/07 13:54:00.016, 6, 104262, 100, 930.88
2026/08/07 13:54:00.016, 7, 104262, 100, 952.98
2026/08/07 13:54:00.516, 0, 103302, 100, 945.45
2026/08/07 13:54:00.516, 1, 104462, 100, 960.42
2026/08/07 13:54:00.516, 2, 104462, 100, 937.58
2026/08/07 13:54:00.517, 3, 104462, 100, 956.94
2026/08/07 13:54:00.517, 4, 103102, 100, 947.17
2026/08/07 13:54:00.517, 5, 104262, 100, 968.36
2026/08/07 13:54:00.517, 6, 104262, 100, 940.74
2026/08/07 13:54:00.517, 7, 104262, 100, 968.68
2026/08/07 13:54:01.017, 0, 103302, 100, 946.56
2026/08/07 13:54:01.017, 1, 104462, 100, 948.21
2026/08/07 13:54:01.017, 2, 104462, 100, 941.30
2026/08/07 13:54:01.017, 3, 104462, 100, 949.49
2026/08/07 13:54:01.017, 4, 103102, 100, 956.65
2026/08/07 13:54:01.017, 5, 104262, 100, 976.72
2026/08/07 13:54:01.017, 6, 104262, 100, 945.92
2026/08/07 13:54:01.017, 7, 104262, 100, 980.07
2026/08/07 13:54:01.517, 0, 103302, 100, 948.14
2026/08/07 13:54:01.517, 1, 104462, 100, 966.22
2026/08/07 13:54:01.517, 2, 104462, 100, 944.67
2026/08/07 13:54:01.517, 3, 104462, 100, 944.95
2026/08/07 13:54:01.517, 4, 103102, 100, 948.30
2026/08/07 13:54:01.517, 5, 104262, 100, 967.19
2026/08/07 13:54:01.517, 6, 104262, 100, 943.71
2026/08/07 13:54:01.517, 7, 104262, 100, 974.95
2026/08/07 13:54:02.017, 0, 103302, 100, 960.00
2026/08/07 13:54:02.017, 1, 104462, 100, 979.07
2026/08/07 13:54:02.017, 2, 104462, 100, 952.15
2026/08/07 13:54:02.017, 3, 104462, 100, 961.83
2026/08/07 13:54:02.017, 4, 103102, 100, 942.88
2026/08/07 13:54:02.017, 5, 104262, 100, 958.88
2026/08/07 13:54:02.017, 6, 104262, 100, 950.15
2026/08/07 13:54:02.017, 7, 104262, 100, 961.25
2026/08/07 13:54:02.517, 0, 103302, 100, 966.31
2026/08/07 13:54:02.517, 1, 104462, 100, 983.45
2026/08/07 13:54:02.517, 2, 104462, 100, 954.43
2026/08/07 13:54:02.517, 3, 104462, 100, 968.14
2026/08/07 13:54:02.517, 4, 103102, 100, 942.12
2026/08/07 13:54:02.517, 5, 104262, 100, 959.09
2026/08/07 13:54:02.517, 6, 104262, 100, 946.58
2026/08/07 13:54:02.517, 7, 104262, 100, 966.69
2026/08/07 13:54:03.017, 0, 103302, 100, 966.22
2026/08/07 13:54:03.017, 1, 104462, 100, 981.47
2026/08/07 13:54:03.017, 2, 104462, 100, 952.89
2026/08/07 13:54:03.017, 3, 104462, 100, 970.32
2026/08/07 13:54:03.017, 4, 103102, 100, 944.06
2026/08/07 13:54:03.017, 5, 104262, 100, 960.28
2026/08/07 13:54:03.017, 6, 104262, 100, 933.00
2026/08/07 13:54:03.017, 7, 104262, 100, 968.79
2026/08/07 13:54:03.518, 0, 103302, 100, 958.08
2026/08/07 13:54:03.518, 1, 104462, 100, 961.35
2026/08/07 13:54:03.518, 2, 104462, 100, 945.04
2026/08/07 13:54:03.518, 3, 104462, 100, 962.48
2026/08/07 13:54:03.518, 4, 103102, 100, 938.98
2026/08/07 13:54:03.518, 5, 104262, 100, 954.29
2026/08/07 13:54:03.518, 6, 104262, 100, 931.81
2026/08/07 13:54:03.518, 7, 104262, 100, 963.49
2026/08/07 13:54:04.018, 0, 103302, 100, 954.08
2026/08/07 13:54:04.018, 1, 104462, 100, 958.34
2026/08/07 13:54:04.018, 2, 104462, 100, 944.46
2026/08/07 13:54:04.018, 3, 104462, 100, 951.23
2026/08/07 13:54:04.018, 4, 103102, 100, 925.66
2026/08/07 13:54:04.018, 5, 104262, 100, 945.07
2026/08/07 13:54:04.018, 6, 104262, 100, 935.65
2026/08/07 13:54:04.018, 7, 104262, 99, 959.92
2026/08/07 13:54:04.518, 0, 103302, 100, 953.12
2026/08/07 13:54:04.518, 1, 104462, 100, 957.22
2026/08/07 13:54:04.518, 2, 104462, 100, 949.36
2026/08/07 13:54:04.518, 3, 104462, 100, 955.88
2026/08/07 13:54:04.518, 4, 103102, 100, 926.99
2026/08/07 13:54:04.518, 5, 104262, 100, 951.07
2026/08/07 13:54:04.518, 6, 104262, 100, 932.97
2026/08/07 13:54:04.518, 7, 104262, 100, 968.63
2026/08/07 13:54:05.018, 0, 103302, 100, 951.72
2026/08/07 13:54:05.018, 1, 104462, 100, 954.78
2026/08/07 13:54:05.018, 2, 104462, 100, 936.12
2026/08/07 13:54:05.018, 3, 104462, 100, 957.45
2026/08/07 13:54:05.018, 4, 103102, 100, 942.72
2026/08/07 13:54:05.018, 5, 104262, 100, 963.67
2026/08/07 13:54:05.018, 6, 104262, 100, 941.51
2026/08/07 13:54:05.018, 7, 104262, 100, 973.04
2026/08/07 13:54:05.518, 0, 103302, 100, 950.91
2026/08/07 13:54:05.518, 1, 104462, 100, 966.62
2026/08/07 13:54:05.518, 2, 104462, 100, 931.74
2026/08/07 13:54:05.518, 3, 104462, 100, 954.57
2026/08/07 13:54:05.518, 4, 103102, 100, 948.47
2026/08/07 13:54:05.518, 5, 104262, 100, 968.48
2026/08/07 13:54:05.518, 6, 104262, 100, 937.09
2026/08/07 13:54:05.518, 7, 104262, 100, 977.73
2026/08/07 13:54:06.018, 0, 103302, 100, 956.82
2026/08/07 13:54:06.018, 1, 104462, 100, 970.13
2026/08/07 13:54:06.018, 2, 104462, 100, 948.59
2026/08/07 13:54:06.018, 3, 104462, 100, 959.46
2026/08/07 13:54:06.018, 4, 103102, 100, 942.95
2026/08/07 13:54:06.018, 5, 104262, 100, 972.15
2026/08/07 13:54:06.018, 6, 104262, 100, 937.81
2026/08/07 13:54:06.019, 7, 104262, 100, 978.01
2026/08/07 13:54:06.519, 0, 103302, 100, 962.50
2026/08/07 13:54:06.519, 1, 104462, 100, 971.10
2026/08/07 13:54:06.519, 2, 104462, 100, 950.62
2026/08/07 13:54:06.519, 3, 104462, 100, 963.56
2026/08/07 13:54:06.519, 4, 103102, 100, 944.51
2026/08/07 13:54:06.519, 5, 104262, 100, 966.71
2026/08/07 13:54:06.519, 6, 104262, 100, 939.60
2026/08/07 13:54:06.519, 7, 104262, 100, 976.26
2026/08/07 13:54:07.019, 0, 103302, 100, 965.71
2026/08/07 13:54:07.022, 1, 104462, 100, 979.05
2026/08/07 13:54:07.023, 2, 104462, 100, 953.41
2026/08/07 13:54:07.023, 3, 104462, 100, 965.78
2026/08/07 13:54:07.023, 4, 103102, 100, 939.32
2026/08/07 13:54:07.023, 5, 104262, 100, 957.39
2026/08/07 13:54:07.023, 6, 104262, 100, 937.52
2026/08/07 13:54:07.023, 7, 104262, 100, 967.75
2026/08/07 13:54:07.523, 0, 103302, 100, 954.36
2026/08/07 13:54:07.523, 1, 104462, 100, 978.17
2026/08/07 13:54:07.523, 2, 104462, 100, 958.00
2026/08/07 13:54:07.523, 3, 104462, 100, 966.63
2026/08/07 13:54:07.523, 4, 103102, 100, 933.94
2026/08/07 13:54:07.523, 5, 104262, 100, 954.77
2026/08/07 13:54:07.523, 6, 104262, 100, 936.53
2026/08/07 13:54:07.523, 7, 104262, 100, 960.79
2026/08/07 13:54:08.023, 0, 103302, 100, 946.18
2026/08/07 13:54:08.023, 1, 104462, 100, 969.65
2026/08/07 13:54:08.023, 2, 104462, 100, 945.02
2026/08/07 13:54:08.023, 3, 104462, 100, 961.19
2026/08/07 13:54:08.023, 4, 103102, 100, 939.66
2026/08/07 13:54:08.023, 5, 104262, 100, 952.21
2026/08/07 13:54:08.023, 6, 104262, 100, 936.41
2026/08/07 13:54:08.023, 7, 104262, 100, 961.08
2026/08/07 13:54:08.523, 0, 103302, 100, 953.28
2026/08/07 13:54:08.523, 1, 104462, 100, 957.96
2026/08/07 13:54:08.523, 2, 104462, 100, 941.95
2026/08/07 13:54:08.523, 3, 104462, 100, 956.96
2026/08/07 13:54:08.523, 4, 103102, 100, 938.88
2026/08/07 13:54:08.523, 5, 104262, 100, 953.25
2026/08/07 13:54:08.523, 6, 104262, 100, 936.89
2026/08/07 13:54:08.523, 7, 104262, 100, 968.32
2026/08/07 13:54:09.023, 0, 103302, 100, 947.75
2026/08/07 13:54:09.024, 1, 104462, 100, 963.71
2026/08/07 13:54:09.024, 2, 104462, 100, 947.35
2026/08/07 13:54:09.024, 3, 104462, 100, 949.41
2026/08/07 13:54:09.024, 4, 103102, 100, 943.84
2026/08/07 13:54:09.024, 5, 104262, 100, 962.10
2026/08/07 13:54:09.024, 6, 104262, 100, 930.18
2026/08/07 13:54:09.024, 7, 104262, 100, 975.87
2026/08/07 13:54:09.524, 0, 103302, 100, 938.78
2026/08/07 13:54:09.524, 1, 104462, 100, 968.73
2026/08/07 13:54:09.525, 2, 104462, 100, 939.59
2026/08/07 13:54:09.526, 3, 104462, 100, 948.91
2026/08/07 13:54:09.527, 4, 103102, 100, 944.31
2026/08/07 13:54:09.528, 5, 104262, 100, 963.67
2026/08/07 13:54:09.528, 6, 104262, 100, 945.22
2026/08/07 13:54:09.529, 7, 104262, 100, 973.97
2026/08/07 13:54:10.030, 0, 103302, 100, 947.11
2026/08/07 13:54:10.030, 1, 104462, 100, 966.29
2026/08/07 13:54:10.030, 2, 104462, 100, 944.57
2026/08/07 13:54:10.030, 3, 104462, 100, 951.33
2026/08/07 13:54:10.030, 4, 103102, 100, 941.40
2026/08/07 13:54:10.030, 5, 104262, 100, 960.70
2026/08/07 13:54:10.030, 6, 104262, 100, 953.76
2026/08/07 13:54:10.030, 7, 104262, 100, 970.25
2026/08/07 13:54:10.530, 0, 103302, 100, 959.55
2026/08/07 13:54:10.530, 1, 104462, 100, 974.59
2026/08/07 13:54:10.530, 2, 104462, 100, 958.66
2026/08/07 13:54:10.530, 3, 104462, 100, 966.33
2026/08/07 13:54:10.530, 4, 103102, 100, 946.22
2026/08/07 13:54:10.530, 5, 104262, 100, 965.84
2026/08/07 13:54:10.530, 6, 104262, 100, 951.77
2026/08/07 13:54:10.530, 7, 104262, 100, 976.84
2026/08/07 13:54:11.030, 0, 103302, 100, 971.72
2026/08/07 13:54:11.030, 1, 104462, 100, 984.42
2026/08/07 13:54:11.030, 2, 104462, 100, 948.33
2026/08/07 13:54:11.030, 3, 104462, 100, 975.75
2026/08/07 13:54:11.031, 4, 103102, 100, 947.22
2026/08/07 13:54:11.031, 5, 104262, 100, 967.67
2026/08/07 13:54:11.031, 6, 104262, 100, 944.07
2026/08/07 13:54:11.031, 7, 104262, 100, 980.53
2026/08/07 13:54:11.531, 0, 103302, 100, 970.39
2026/08/07 13:54:11.531, 1, 104462, 100, 980.30
2026/08/07 13:54:11.531, 2, 104462, 100, 944.00
2026/08/07 13:54:11.531, 3, 104462, 100, 968.65
2026/08/07 13:54:11.531, 4, 103102, 100, 942.53
2026/08/07 13:54:11.531, 5, 104262, 100, 963.56
2026/08/07 13:54:11.531, 6, 104262, 100, 933.08
2026/08/07 13:54:11.531, 7, 104262, 100, 971.77
2026/08/07 13:54:12.031, 0, 103302, 100, 959.46
2026/08/07 13:54:12.031, 1, 104462, 100, 977.44
2026/08/07 13:54:12.031, 2, 104462, 100, 951.68
2026/08/07 13:54:12.031, 3, 104462, 100, 968.19
2026/08/07 13:54:12.031, 4, 103102, 100, 939.90
2026/08/07 13:54:12.031, 5, 104262, 100, 966.19
2026/08/07 13:54:12.031, 6, 104262, 100, 939.38
2026/08/07 13:54:12.031, 7, 104262, 100, 972.60
2026/08/07 13:54:12.531, 0, 103302, 100, 950.63
2026/08/07 13:54:12.531, 1, 104462, 100, 973.03
2026/08/07 13:54:12.531, 2, 104462, 100, 945.20
2026/08/07 13:54:12.531, 3, 104462, 100, 967.69
2026/08/07 13:54:12.531, 4, 103102, 100, 933.09
2026/08/07 13:54:12.531, 5, 104262, 100, 954.44
2026/08/07 13:54:12.531, 6, 104262, 100, 943.69
2026/08/07 13:54:12.531, 7, 104262, 100, 973.57
2026/08/07 13:54:13.031, 0, 103302, 100, 950.76
2026/08/07 13:54:13.031, 1, 104462, 100, 969.36
2026/08/07 13:54:13.031, 2, 104462, 100, 941.87
2026/08/07 13:54:13.031, 3, 104462, 100, 960.21
2026/08/07 13:54:13.031, 4, 103102, 100, 934.19
2026/08/07 13:54:13.031, 5, 104262, 100, 947.72
2026/08/07 13:54:13.031, 6, 104262, 100, 938.09
2026/08/07 13:54:13.031, 7, 104262, 100, 960.71
2026/08/07 13:54:13.531, 0, 103302, 100, 947.19
2026/08/07 13:54:13.531, 1, 104462, 100, 962.83
2026/08/07 13:54:13.531, 2, 104462, 100, 939.31
2026/08/07 13:54:13.531, 3, 104462, 100, 958.78
2026/08/07 13:54:13.531, 4, 103102, 100, 934.47
2026/08/07 13:54:13.531, 5, 104262, 100, 959.78
2026/08/07 13:54:13.531, 6, 104262, 100, 930.64
2026/08/07 13:54:13.531, 7, 104262, 100, 967.90
2026/08/07 13:54:14.032, 0, 103302, 100, 939.33
2026/08/07 13:54:14.032, 1, 104462, 99, 950.26
2026/08/07 13:54:14.032, 2, 104462, 99, 938.85
2026/08/07 13:54:14.032, 3, 104462, 99, 951.28
2026/08/07 13:54:14.032, 4, 103102, 100, 945.03
2026/08/07 13:54:14.032, 5, 104262, 100, 973.24
2026/08/07 13:54:14.032, 6, 104262, 100, 936.71
2026/08/07 13:54:14.032, 7, 104262, 100, 982.19
2026/08/07 13:54:14.532, 0, 103302, 100, 947.51
2026/08/07 13:54:14.532, 1, 104462, 100, 953.73
2026/08/07 13:54:14.532, 2, 104462, 100, 948.98
2026/08/07 13:54:14.532, 3, 104462, 100, 952.09
2026/08/07 13:54:14.532, 4, 103102, 100, 945.25
2026/08/07 13:54:14.532, 5, 104262, 100, 972.28
2026/08/07 13:54:14.532, 6, 104262, 100, 946.49
2026/08/07 13:54:14.532, 7, 104262, 100, 974.36
2026/08/07 13:54:15.032, 0, 103302, 100, 957.61
2026/08/07 13:54:15.032, 1, 104462, 100, 966.34
2026/08/07 13:54:15.032, 2, 104462, 100, 954.86
2026/08/07 13:54:15.032, 3, 104462, 100, 968.28
2026/08/07 13:54:15.032, 4, 103102, 100, 943.66
2026/08/07 13:54:15.032, 5, 104262, 100, 961.63
2026/08/07 13:54:15.032, 6, 104262, 100, 948.34
2026/08/07 13:54:15.032, 7, 104262, 100, 977.20
2026/08/07 13:54:15.532, 0, 103302, 100, 968.80
2026/08/07 13:54:15.532, 1, 104462, 100, 971.30
2026/08/07 13:54:15.532, 2, 104462, 100, 952.91
2026/08/07 13:54:15.532, 3, 104462, 100, 972.45
2026/08/07 13:54:15.532, 4, 103102, 100, 936.90
2026/08/07 13:54:15.532, 5, 104262, 100, 951.05
2026/08/07 13:54:15.532, 6, 104262, 100, 941.26
2026/08/07 13:54:15.532, 7, 104262, 100, 982.46
2026/08/07 13:54:16.032, 0, 103302, 100, 973.58
2026/08/07 13:54:16.032, 1, 104462, 100, 978.16
2026/08/07 13:54:16.032, 2, 104462, 100, 951.44
2026/08/07 13:54:16.032, 3, 104462, 100, 966.73
2026/08/07 13:54:16.032, 4, 103102, 100, 932.63
2026/08/07 13:54:16.032, 5, 104262, 100, 950.95
2026/08/07 13:54:16.032, 6, 104262, 100, 935.73
2026/08/07 13:54:16.032, 7, 104262, 100, 968.67
2026/08/07 13:54:16.532, 0, 103302, 100, 959.55
2026/08/07 13:54:16.532, 1, 104462, 100, 978.39
2026/08/07 13:54:16.532, 2, 104462, 100, 949.30
2026/08/07 13:54:16.532, 3, 104462, 100, 965.18
2026/08/07 13:54:16.532, 4, 103102, 100, 934.40
2026/08/07 13:54:16.532, 5, 104262, 100, 960.64
2026/08/07 13:54:16.533, 6, 104262, 100, 934.73
2026/08/07 13:54:16.533, 7, 104262, 100, 960.58
2026/08/07 13:54:17.033, 0, 103302, 100, 948.50
2026/08/07 13:54:17.033, 1, 104462, 100, 973.97
2026/08/07 13:54:17.033, 2, 104462, 100, 937.75
2026/08/07 13:54:17.033, 3, 104462, 100, 959.99
2026/08/07 13:54:17.033, 4, 103102, 100, 926.35
2026/08/07 13:54:17.033, 5, 104262, 100, 942.43
2026/08/07 13:54:17.033, 6, 104262, 100, 927.00
2026/08/07 13:54:17.033, 7, 104262, 100, 961.56
2026/08/07 13:54:17.533, 0, 103302, 100, 954.79
2026/08/07 13:54:17.533, 1, 104462, 100, 973.17
2026/08/07 13:54:17.534, 2, 104462, 100, 940.14
2026/08/07 13:54:17.535, 3, 104462, 100, 960.35
2026/08/07 13:54:17.535, 4, 103102, 100, 922.08
2026/08/07 13:54:17.536, 5, 104262, 100, 941.59
2026/08/07 13:54:17.537, 6, 104262, 100, 931.08
2026/08/07 13:54:17.538, 7, 104262, 100, 948.84
2026/08/07 13:54:18.039, 0, 103302, 100, 953.75
2026/08/07 13:54:18.039, 1, 104462, 100, 973.88
2026/08/07 13:54:18.039, 2, 104462, 100, 941.18
2026/08/07 13:54:18.039, 3, 104462, 100, 960.03
2026/08/07 13:54:18.039, 4, 103102, 100, 929.78
2026/08/07 13:54:18.039, 5, 104262, 100, 957.90
2026/08/07 13:54:18.039, 6, 104262, 100, 942.62
2026/08/07 13:54:18.039, 7, 104262, 100, 962.98
2026/08/07 13:54:18.539, 0, 103302, 100, 945.78
2026/08/07 13:54:18.539, 1, 104462, 100, 963.70
2026/08/07 13:54:18.539, 2, 104462, 99, 944.56
2026/08/07 13:54:18.539, 3, 104462, 100, 950.24
2026/08/07 13:54:18.539, 4, 103102, 100, 943.49
2026/08/07 13:54:18.539, 5, 104262, 100, 966.30
2026/08/07 13:54:18.539, 6, 104262, 100, 944.36
2026/08/07 13:54:18.539, 7, 104262, 100, 978.55
2026/08/07 13:54:19.039, 0, 103302, 100, 956.96
2026/08/07 13:54:19.039, 1, 104462, 100, 961.54
2026/08/07 13:54:19.039, 2, 104462, 100, 950.33
2026/08/07 13:54:19.039, 3, 104462, 100, 950.75
2026/08/07 13:54:19.039, 4, 103102, 100, 949.61
2026/08/07 13:54:19.039, 5, 104262, 100, 971.48
2026/08/07 13:54:19.039, 6, 104262, 100, 956.20
2026/08/07 13:54:19.039, 7, 104262, 100, 972.53
2026/08/07 13:54:19.539, 0, 103302, 100, 960.98
2026/08/07 13:54:19.540, 1, 104462, 100, 976.26
2026/08/07 13:54:19.540, 2, 104462, 100, 950.92
2026/08/07 13:54:19.541, 3, 104462, 100, 966.37
2026/08/07 13:54:19.542, 4, 103102, 100, 951.38
2026/08/07 13:54:19.543, 5, 104262, 100, 967.79
2026/08/07 13:54:19.544, 6, 104262, 100, 953.82
2026/08/07 13:54:19.545, 7, 104262, 100, 976.23
2026/08/07 13:54:20.046, 0, 103302, 100, 965.49
2026/08/07 13:54:20.047, 1, 104462, 100, 980.12
2026/08/07 13:54:20.048, 2, 104462, 100, 955.14
2026/08/07 13:54:20.048, 3, 104462, 100, 973.39
2026/08/07 13:54:20.051, 4, 103102, 100, 938.22
2026/08/07 13:54:20.051, 5, 104262, 100, 957.35
2026/08/07 13:54:20.054, 6, 104262, 100, 941.64
2026/08/07 13:54:20.055, 7, 104262, 100, 975.15
2026/08/07 13:54:20.558, 0, 103302, 100, 970.77
2026/08/07 13:54:20.558, 1, 104462, 100, 979.42
2026/08/07 13:54:20.558, 2, 104462, 100, 962.51
2026/08/07 13:54:20.558, 3, 104462, 100, 970.82
2026/08/07 13:54:20.558, 4, 103102, 100, 921.47
2026/08/07 13:54:20.558, 5, 104262, 100, 950.12
2026/08/07 13:54:20.558, 6, 104262, 100, 933.18
2026/08/07 13:54:20.558, 7, 104262, 100, 965.47
2026/08/07 13:54:21.058, 0, 103302, 100, 955.43
2026/08/07 13:54:21.058, 1, 104462, 100, 976.85
2026/08/07 13:54:21.058, 2, 104462, 100, 956.50
2026/08/07 13:54:21.058, 3, 104462, 100, 960.79
2026/08/07 13:54:21.058, 4, 103102, 100, 932.47
2026/08/07 13:54:21.058, 5, 104262, 100, 957.10
2026/08/07 13:54:21.058, 6, 104262, 100, 930.74
2026/08/07 13:54:21.058, 7, 104262, 100, 965.79
2026/08/07 13:54:21.558, 0, 103302, 100, 945.49
2026/08/07 13:54:21.558, 1, 104462, 100, 976.04
2026/08/07 13:54:21.558, 2, 104462, 100, 944.42
2026/08/07 13:54:21.558, 3, 104462, 100, 960.52
2026/08/07 13:54:21.558, 4, 103102, 100, 938.07
2026/08/07 13:54:21.558, 5, 104262, 100, 956.61
2026/08/07 13:54:21.558, 6, 104262, 100, 930.46
2026/08/07 13:54:21.558, 7, 104262, 99, 964.94
2026/08/07 13:54:22.058, 0, 103302, 100, 940.77
2026/08/07 13:54:22.058, 1, 104462, 100, 973.33
2026/08/07 13:54:22.058, 2, 104462, 100, 933.00
2026/08/07 13:54:22.058, 3, 104462, 100, 955.56
2026/08/07 13:54:22.058, 4, 103102, 100, 935.46
2026/08/07 13:54:22.058, 5, 104262, 100, 955.61
2026/08/07 13:54:22.058, 6, 104262, 100, 934.91
2026/08/07 13:54:22.058, 7, 104262, 100, 959.70
2026/08/07 13:54:22.559, 0, 103302, 100, 938.39
2026/08/07 13:54:22.559, 1, 104462, 100, 965.11
2026/08/07 13:54:22.559, 2, 104462, 100, 937.98
2026/08/07 13:54:22.559, 3, 104462, 100, 954.99
2026/08/07 13:54:22.559, 4, 103102, 100, 946.79
2026/08/07 13:54:22.559, 5, 104262, 100, 967.55
2026/08/07 13:54:22.559, 6, 104262, 100, 938.78
2026/08/07 13:54:22.559, 7, 104262, 100, 973.53
2026/08/07 13:54:23.059, 0, 103302, 100, 939.23
2026/08/07 13:54:23.059, 1, 104462, 100, 967.13
2026/08/07 13:54:23.059, 2, 104462, 100, 933.70
2026/08/07 13:54:23.059, 3, 104462, 100, 947.81
2026/08/07 13:54:23.059, 4, 103102, 100, 951.30
2026/08/07 13:54:23.059, 5, 104262, 100, 963.12
2026/08/07 13:54:23.059, 6, 104262, 100, 938.07
2026/08/07 13:54:23.059, 7, 104262, 100, 982.03
2026/08/07 13:54:23.559, 0, 103302, 100, 947.57
2026/08/07 13:54:23.559, 1, 104462, 100, 976.51
2026/08/07 13:54:23.559, 2, 104462, 100, 941.36
2026/08/07 13:54:23.559, 3, 104462, 100, 952.39
2026/08/07 13:54:23.559, 4, 103102, 100, 946.91
2026/08/07 13:54:23.559, 5, 104262, 100, 965.18
2026/08/07 13:54:23.559, 6, 104262, 100, 940.92
2026/08/07 13:54:23.559, 7, 104262, 100, 974.22
2026/08/07 13:54:24.059, 0, 103302, 100, 957.32
2026/08/07 13:54:24.059, 1, 104462, 100, 971.98
2026/08/07 13:54:24.059, 2, 104462, 100, 956.91
2026/08/07 13:54:24.059, 3, 104462, 100, 973.32
2026/08/07 13:54:24.059, 4, 103102, 100, 945.07
2026/08/07 13:54:24.059, 5, 104262, 100, 968.95
2026/08/07 13:54:24.059, 6, 104262, 100, 938.73
2026/08/07 13:54:24.059, 7, 104262, 100, 968.23
2026/08/07 13:54:24.559, 0, 103302, 100, 961.63
2026/08/07 13:54:24.559, 1, 104462, 100, 972.44
2026/08/07 13:54:24.559, 2, 104462, 100, 956.62
2026/08/07 13:54:24.559, 3, 104462, 100, 971.93
2026/08/07 13:54:24.559, 4, 103102, 100, 944.82
2026/08/07 13:54:24.559, 5, 104262, 100, 962.59
2026/08/07 13:54:24.559, 6, 104262, 100, 936.73
2026/08/07 13:54:24.559, 7, 104262, 100, 964.43
2026/08/07 13:54:25.059, 0, 103302, 100, 967.42
2026/08/07 13:54:25.059, 1, 104462, 100, 977.51
2026/08/07 13:54:25.059, 2, 104462, 100, 953.01
2026/08/07 13:54:25.059, 3, 104462, 100, 963.73
2026/08/07 13:54:25.059, 4, 103102, 100, 942.61
2026/08/07 13:54:25.059, 5, 104262, 100, 953.64
2026/08/07 13:54:25.059, 6, 104262, 100, 931.18
2026/08/07 13:54:25.059, 7, 104262, 100, 965.33
2026/08/07 13:54:25.560, 0, 103302, 100, 952.55
2026/08/07 13:54:25.560, 1, 104462, 100, 973.14
2026/08/07 13:54:25.560, 2, 104462, 100, 948.31
2026/08/07 13:54:25.560, 3, 104462, 100, 961.53
2026/08/07 13:54:25.560, 4, 103102, 100, 936.12
2026/08/07 13:54:25.560, 5, 104262, 100, 950.72
2026/08/07 13:54:25.560, 6, 104262, 100, 927.91
2026/08/07 13:54:25.560, 7, 104262, 100, 962.65
2026/08/07 13:54:26.060, 0, 103302, 100, 943.72
2026/08/07 13:54:26.060, 1, 104462, 100, 956.21
2026/08/07 13:54:26.060, 2, 104462, 100, 946.95
2026/08/07 13:54:26.060, 3, 104462, 100, 958.19
2026/08/07 13:54:26.060, 4, 103102, 100, 930.74
2026/08/07 13:54:26.060, 5, 104262, 100, 943.95
2026/08/07 13:54:26.060, 6, 104262, 100, 928.29
2026/08/07 13:54:26.060, 7, 104262, 99, 961.73
2026/08/07 13:54:26.560, 0, 103302, 100, 945.94
2026/08/07 13:54:26.560, 1, 104462, 100, 955.41
2026/08/07 13:54:26.560, 2, 104462, 100, 941.35
2026/08/07 13:54:26.560, 3, 104462, 100, 957.02
2026/08/07 13:54:26.560, 4, 103102, 100, 939.57
2026/08/07 13:54:26.560, 5, 104262, 100, 953.27
2026/08/07 13:54:26.560, 6, 104262, 100, 931.08
2026/08/07 13:54:26.560, 7, 104262, 100, 970.84
2026/08/07 13:54:27.060, 0, 103302, 100, 939.43
2026/08/07 13:54:27.060, 1, 104462, 100, 955.07
2026/08/07 13:54:27.060, 2, 104462, 100, 942.44
2026/08/07 13:54:27.060, 3, 104462, 100, 948.95
2026/08/07 13:54:27.060, 4, 103102, 100, 944.06
2026/08/07 13:54:27.060, 5, 104262, 100, 966.43
2026/08/07 13:54:27.060, 6, 104262, 100, 943.00
2026/08/07 13:54:27.060, 7, 104262, 100, 974.72
2026/08/07 13:54:27.560, 0, 103302, 100, 943.13
2026/08/07 13:54:27.560, 1, 104462, 100, 956.02
2026/08/07 13:54:27.560, 2, 104462, 100, 938.54
2026/08/07 13:54:27.560, 3, 104462, 100, 945.84
2026/08/07 13:54:27.560, 4, 103102, 100, 944.35
2026/08/07 13:54:27.560, 5, 104262, 100, 969.12
2026/08/07 13:54:27.560, 6, 104262, 100, 953.98
2026/08/07 13:54:27.560, 7, 104262, 100, 982.29
2026/08/07 13:54:28.060, 0, 103302, 100, 948.91
2026/08/07 13:54:28.060, 1, 104462, 100, 967.95
2026/08/07 13:54:28.060, 2, 104462, 100, 936.29
2026/08/07 13:54:28.060, 3, 104462, 100, 957.13
2026/08/07 13:54:28.060, 4, 103102, 100, 953.47
2026/08/07 13:54:28.060, 5, 104262, 100, 969.61
2026/08/07 13:54:28.060, 6, 104262, 100, 956.49
2026/08/07 13:54:28.060, 7, 104262, 100, 978.70
2026/08/07 13:54:28.560, 0, 103302, 100, 955.67
2026/08/07 13:54:28.561, 1, 104462, 100, 970.15
2026/08/07 13:54:28.561, 2, 104462, 100, 948.16
2026/08/07 13:54:28.561, 3, 104462, 100, 968.68
2026/08/07 13:54:28.561, 4, 103102, 100, 948.22
2026/08/07 13:54:28.561, 5, 104262, 100, 967.45
2026/08/07 13:54:28.561, 6, 104262, 100, 956.23
2026/08/07 13:54:28.561, 7, 104262, 100, 964.23
2026/08/07 13:54:29.061, 0, 103302, 100, 963.12
2026/08/07 13:54:29.061, 1, 104462, 100, 971.99
2026/08/07 13:54:29.061, 2, 104462, 100, 954.21
2026/08/07 13:54:29.061, 3, 104462, 100, 969.10
2026/08/07 13:54:29.061, 4, 103102, 100, 934.02
2026/08/07 13:54:29.061, 5, 104262, 100, 953.80
2026/08/07 13:54:29.061, 6, 104262, 100, 942.38
2026/08/07 13:54:29.061, 7, 104262, 100, 956.77
2026/08/07 13:54:29.561, 0, 103302, 100, 960.76
2026/08/07 13:54:29.561, 1, 104462, 100, 972.06
2026/08/07 13:54:29.561, 2, 104462, 100, 957.10
2026/08/07 13:54:29.561, 3, 104462, 100, 970.95
2026/08/07 13:54:29.561, 4, 103102, 100, 934.06
2026/08/07 13:54:29.561, 5, 104262, 100, 947.38
2026/08/07 13:54:29.561, 6, 104262, 100, 932.34
2026/08/07 13:54:29.561, 7, 104262, 100, 960.54
2026/08/07 13:54:30.061, 0, 103302, 100, 952.05
2026/08/07 13:54:30.061, 1, 104462, 100, 963.13
2026/08/07 13:54:30.061, 2, 104462, 100, 953.84
2026/08/07 13:54:30.061, 3, 104462, 100, 964.81
2026/08/07 13:54:30.061, 4, 103102, 100, 939.20
2026/08/07 13:54:30.061, 5, 104262, 100, 949.12
2026/08/07 13:54:30.061, 6, 104262, 100, 933.40
2026/08/07 13:54:30.061, 7, 104262, 100, 960.19
2026/08/07 13:54:30.561, 0, 103302, 100, 948.34
2026/08/07 13:54:30.561, 1, 104462, 100, 963.12
2026/08/07 13:54:30.561, 2, 104462, 100, 940.23
2026/08/07 13:54:30.561, 3, 104462, 100, 952.06
2026/08/07 13:54:30.561, 4, 103102, 99, 922.29
2026/08/07 13:54:30.561, 5, 104262, 99, 938.29
2026/08/07 13:54:30.561, 6, 104262, 100, 926.29
2026/08/07 13:54:30.561, 7, 104262, 100, 949.66
2026/08/07 13:54:31.061, 0, 103302, 100, 954.82
2026/08/07 13:54:31.061, 1, 104462, 100, 971.59
2026/08/07 13:54:31.061, 2, 104462, 100, 938.98
2026/08/07 13:54:31.061, 3, 104462, 100, 953.77
2026/08/07 13:54:31.061, 4, 103102, 100, 922.53
2026/08/07 13:54:31.061, 5, 104262, 100, 942.03
2026/08/07 13:54:31.061, 6, 104262, 100, 932.35
2026/08/07 13:54:31.061, 7, 104262, 100, 956.29
2026/08/07 13:54:31.561, 0, 103302, 100, 949.25
2026/08/07 13:54:31.561, 1, 104462, 100, 963.22
2026/08/07 13:54:31.562, 2, 104462, 100, 940.49
2026/08/07 13:54:31.562, 3, 104462, 100, 962.34
2026/08/07 13:54:31.562, 4, 103102, 100, 950.20
2026/08/07 13:54:31.562, 5, 104262, 100, 970.68
2026/08/07 13:54:31.562, 6, 104262, 100, 943.18
2026/08/07 13:54:31.562, 7, 104262, 100, 973.36
2026/08/07 13:54:32.062, 0, 103302, 100, 939.39
2026/08/07 13:54:32.062, 1, 104462, 100, 961.88
2026/08/07 13:54:32.062, 2, 104462, 100, 940.91
2026/08/07 13:54:32.062, 3, 104462, 100, 952.99
2026/08/07 13:54:32.062, 4, 103102, 100, 954.79
2026/08/07 13:54:32.062, 5, 104262, 100, 977.73
2026/08/07 13:54:32.062, 6, 104262, 100, 944.33
2026/08/07 13:54:32.062, 7, 104262, 100, 977.83
2026/08/07 13:54:32.562, 0, 103302, 100, 949.92
2026/08/07 13:54:32.562, 1, 104462, 100, 977.46
2026/08/07 13:54:32.562, 2, 104462, 100, 949.63
2026/08/07 13:54:32.562, 3, 104462, 100, 959.86
2026/08/07 13:54:32.562, 4, 103102, 100, 947.29
2026/08/07 13:54:32.562, 5, 104262, 100, 972.18
2026/08/07 13:54:32.562, 6, 104262, 100, 943.49
2026/08/07 13:54:32.562, 7, 104262, 100, 980.26
2026/08/07 13:54:33.062, 0, 103302, 100, 964.61
2026/08/07 13:54:33.063, 1, 104462, 100, 976.51
2026/08/07 13:54:33.064, 2, 104462, 100, 959.09
2026/08/07 13:54:33.066, 3, 104462, 100, 971.62
2026/08/07 13:54:33.067, 4, 103102, 100, 944.02
2026/08/07 13:54:33.068, 5, 104262, 100, 962.87
2026/08/07 13:54:33.069, 6, 104262, 100, 940.33
2026/08/07 13:54:33.070, 7, 104262, 100, 976.54
2026/08/07 13:54:33.571, 0, 103302, 100, 966.87
2026/08/07 13:54:33.571, 1, 104462, 100, 973.82
2026/08/07 13:54:33.571, 2, 104462, 100, 953.23
2026/08/07 13:54:33.571, 3, 104462, 100, 968.93
2026/08/07 13:54:33.571, 4, 103102, 100, 937.89
2026/08/07 13:54:33.571, 5, 104262, 100, 954.23
2026/08/07 13:54:33.571, 6, 104262, 100, 934.00
2026/08/07 13:54:33.571, 7, 104262, 100, 965.90
2026/08/07 13:54:34.071, 0, 103302, 100, 965.51
2026/08/07 13:54:34.071, 1, 104462, 100, 974.96
2026/08/07 13:54:34.071, 2, 104462, 100, 951.83
2026/08/07 13:54:34.071, 3, 104462, 100, 971.30
2026/08/07 13:54:34.071, 4, 103102, 100, 932.53
2026/08/07 13:54:34.072, 5, 104262, 100, 945.09
2026/08/07 13:54:34.072, 6, 104262, 100, 931.63
2026/08/07 13:54:34.072, 7, 104262, 100, 963.90
2026/08/07 13:54:34.572, 0, 103302, 100, 957.96
2026/08/07 13:54:34.572, 1, 104462, 100, 960.94
2026/08/07 13:54:34.572, 2, 104462, 100, 944.47
2026/08/07 13:54:34.572, 3, 104462, 100, 967.94
2026/08/07 13:54:34.572, 4, 103102, 100, 938.90
2026/08/07 13:54:34.572, 5, 104262, 100, 952.71
2026/08/07 13:54:34.572, 6, 104262, 100, 933.73
2026/08/07 13:54:34.572, 7, 104262, 100, 965.74
2026/08/07 13:54:35.072, 0, 103302, 100, 944.35
2026/08/07 13:54:35.072, 1, 104462, 100, 955.53
2026/08/07 13:54:35.072, 2, 104462, 100, 944.05
2026/08/07 13:54:35.072, 3, 104462, 100, 954.68
2026/08/07 13:54:35.072, 4, 103102, 100, 927.85
2026/08/07 13:54:35.072, 5, 104262, 100, 951.68
2026/08/07 13:54:35.072, 6, 104262, 100, 926.19
2026/08/07 13:54:35.072, 7, 104262, 100, 952.76
2026/08/07 13:54:35.572, 0, 103302, 100, 946.88
2026/08/07 13:54:35.572, 1, 104462, 100, 965.09
2026/08/07 13:54:35.572, 2, 104462, 100, 949.21
2026/08/07 13:54:35.572, 3, 104462, 100, 956.90
2026/08/07 13:54:35.572, 4, 103102, 100, 922.85
2026/08/07 13:54:35.572, 5, 104262, 100, 952.14
2026/08/07 13:54:35.572, 6, 104262, 100, 927.34
2026/08/07 13:54:35.572, 7, 104262, 100, 954.79
2026/08/07 13:54:36.072, 0, 103302, 100, 938.62
2026/08/07 13:54:36.073, 1, 104462, 100, 951.59
2026/08/07 13:54:36.073, 2, 104462, 100, 940.25
2026/08/07 13:54:36.073, 3, 104462, 99, 961.33
2026/08/07 13:54:36.073, 4, 103102, 100, 939.05
2026/08/07 13:54:36.073, 5, 104262, 100, 966.35
2026/08/07 13:54:36.073, 6, 104262, 100, 940.50
2026/08/07 13:54:36.073, 7, 104262, 100, 965.21
2026/08/07 13:54:36.573, 0, 103302, 100, 938.03
2026/08/07 13:54:36.573, 1, 104462, 100, 951.12
2026/08/07 13:54:36.573, 2, 104462, 100, 932.94
2026/08/07 13:54:36.573, 3, 104462, 100, 950.27
2026/08/07 13:54:36.573, 4, 103102, 100, 948.72
2026/08/07 13:54:36.573, 5, 104262, 100, 975.49
2026/08/07 13:54:36.573, 6, 104262, 100, 946.27
2026/08/07 13:54:36.573, 7, 104262, 100, 974.52
2026/08/07 13:54:37.073, 0, 103302, 100, 957.23
2026/08/07 13:54:37.073, 1, 104462, 100, 972.80
2026/08/07 13:54:37.073, 2, 104462, 100, 949.70
2026/08/07 13:54:37.073, 3, 104462, 100, 963.41
2026/08/07 13:54:37.073, 4, 103102, 100, 951.21
2026/08/07 13:54:37.073, 5, 104262, 100, 976.36
2026/08/07 13:54:37.073, 6, 104262, 100, 945.41
2026/08/07 13:54:37.073, 7, 104262, 100, 978.62
2026/08/07 13:54:37.573, 0, 103302, 100, 966.10
2026/08/07 13:54:37.573, 1, 104462, 100, 975.53
2026/08/07 13:54:37.573, 2, 104462, 100, 954.04
2026/08/07 13:54:37.573, 3, 104462, 100, 973.71
2026/08/07 13:54:37.573, 4, 103102, 100, 950.18
2026/08/07 13:54:37.573, 5, 104262, 100, 975.64
2026/08/07 13:54:37.573, 6, 104262, 100, 943.28
2026/08/07 13:54:37.573, 7, 104262, 100, 978.49
2026/08/07 13:54:38.073, 0, 103302, 100, 965.12
2026/08/07 13:54:38.073, 1, 104462, 100, 975.87
2026/08/07 13:54:38.073, 2, 104462, 100, 945.57
2026/08/07 13:54:38.073, 3, 104462, 100, 969.72
2026/08/07 13:54:38.073, 4, 103102, 100, 940.27
2026/08/07 13:54:38.073, 5, 104262, 100, 953.57
2026/08/07 13:54:38.073, 6, 104262, 100, 933.73
2026/08/07 13:54:38.073, 7, 104262, 100, 962.68
2026/08/07 13:54:38.573, 0, 103302, 100, 959.96
2026/08/07 13:54:38.573, 1, 104462, 100, 980.01
2026/08/07 13:54:38.574, 2, 104462, 100, 944.48
2026/08/07 13:54:38.574, 3, 104462, 100, 964.34
2026/08/07 13:54:38.574, 4, 103102, 100, 935.82
2026/08/07 13:54:38.574, 5, 104262, 100, 943.64
2026/08/07 13:54:38.574, 6, 104262, 100, 929.01
2026/08/07 13:54:38.574, 7, 104262, 100, 962.21
2026/08/07 13:54:39.074, 0, 103302, 100, 954.20
2026/08/07 13:54:39.074, 1, 104462, 100, 971.12
2026/08/07 13:54:39.074, 2, 104462, 100, 944.68
2026/08/07 13:54:39.074, 3, 104462, 100, 960.76
2026/08/07 13:54:39.074, 4, 103102, 100, 938.54
2026/08/07 13:54:39.074, 5, 104262, 100, 951.03
2026/08/07 13:54:39.074, 6, 104262, 100, 935.15
2026/08/07 13:54:39.075, 7, 104262, 100, 964.86
2026/08/07 13:54:39.576, 0, 103302, 100, 955.38
2026/08/07 13:54:39.576, 1, 104462, 100, 959.76
2026/08/07 13:54:39.576, 2, 104462, 100, 943.35
2026/08/07 13:54:39.576, 3, 104462, 100, 955.45
2026/08/07 13:54:39.576, 4, 103102, 100, 931.53
2026/08/07 13:54:39.576, 5, 104262, 100, 950.17
2026/08/07 13:54:39.576, 6, 104262, 100, 933.78
2026/08/07 13:54:39.576, 7, 104262, 100, 960.80
2026/08/07 13:54:40.077, 0, 103302, 100, 959.71
2026/08/07 13:54:40.077, 1, 104462, 100, 971.66
2026/08/07 13:54:40.077, 2, 104462, 100, 945.35
2026/08/07 13:54:40.077, 3, 104462, 100, 960.21
2026/08/07 13:54:40.077, 4, 103102, 100, 936.91
2026/08/07 13:54:40.077, 5, 104262, 100, 962.82
2026/08/07 13:54:40.077, 6, 104262, 100, 936.82
2026/08/07 13:54:40.077, 7, 104262, 100, 976.43
2026/08/07 13:54:40.577, 0, 103302, 99, 943.62
2026/08/07 13:54:40.577, 1, 104462, 100, 961.70
2026/08/07 13:54:40.577, 2, 104462, 100, 942.81
2026/08/07 13:54:40.577, 3, 104462, 99, 948.40
2026/08/07 13:54:40.577, 4, 103102, 100, 945.21
2026/08/07 13:54:40.577, 5, 104262, 100, 971.92
2026/08/07 13:54:40.577, 6, 104262, 100, 947.46
2026/08/07 13:54:40.577, 7, 104262, 100, 983.86
2026/08/07 13:54:41.077, 0, 103302, 100, 945.85
2026/08/07 13:54:41.077, 1, 104462, 100, 959.49
2026/08/07 13:54:41.077, 2, 104462, 100, 941.76
2026/08/07 13:54:41.077, 3, 104462, 100, 938.91
2026/08/07 13:54:41.077, 4, 103102, 100, 940.41
2026/08/07 13:54:41.077, 5, 104262, 100, 965.15
2026/08/07 13:54:41.077, 6, 104262, 100, 946.59
2026/08/07 13:54:41.077, 7, 104262, 100, 972.02
2026/08/07 13:54:41.577, 0, 103302, 100, 962.52
2026/08/07 13:54:41.577, 1, 104462, 100, 978.02
2026/08/07 13:54:41.577, 2, 104462, 100, 955.19
2026/08/07 13:54:41.577, 3, 104462, 100, 959.43
2026/08/07 13:54:41.577, 4, 103102, 100, 940.58
2026/08/07 13:54:41.577, 5, 104262, 100, 954.62
2026/08/07 13:54:41.577, 6, 104262, 100, 942.66
2026/08/07 13:54:41.577, 7, 104262, 100, 977.19
2026/08/07 13:54:42.077, 0, 103302, 100, 965.29
2026/08/07 13:54:42.077, 1, 104462, 100, 982.48
2026/08/07 13:54:42.077, 2, 104462, 100, 958.50
2026/08/07 13:54:42.077, 3, 104462, 100, 970.44
2026/08/07 13:54:42.077, 4, 103102, 100, 937.59
2026/08/07 13:54:42.077, 5, 104262, 100, 956.05
2026/08/07 13:54:42.077, 6, 104262, 100, 939.59
2026/08/07 13:54:42.077, 7, 104262, 100, 971.33
2026/08/07 13:54:42.577, 0, 103302, 100, 963.47
2026/08/07 13:54:42.577, 1, 104462, 100, 978.09
2026/08/07 13:54:42.577, 2, 104462, 100, 951.71
2026/08/07 13:54:42.577, 3, 104462, 100, 966.96
2026/08/07 13:54:42.577, 4, 103102, 100, 938.01
2026/08/07 13:54:42.577, 5, 104262, 100, 962.53
2026/08/07 13:54:42.577, 6, 104262, 100, 936.71
2026/08/07 13:54:42.577, 7, 104262, 100, 966.80
2026/08/07 13:54:43.077, 0, 103302, 100, 959.03
2026/08/07 13:54:43.078, 1, 104462, 100, 983.88
2026/08/07 13:54:43.078, 2, 104462, 100, 949.76
2026/08/07 13:54:43.078, 3, 104462, 100, 967.33
2026/08/07 13:54:43.078, 4, 103102, 100, 928.38
2026/08/07 13:54:43.078, 5, 104262, 100, 953.61
2026/08/07 13:54:43.078, 6, 104262, 100, 935.48
2026/08/07 13:54:43.078, 7, 104262, 100, 972.16
2026/08/07 13:54:43.578, 0, 103302, 100, 953.31
2026/08/07 13:54:43.578, 1, 104462, 100, 973.81
2026/08/07 13:54:43.578, 2, 104462, 100, 948.32
2026/08/07 13:54:43.582, 3, 104462, 100, 962.44
2026/08/07 13:54:43.586, 4, 103102, 100, 922.59
2026/08/07 13:54:43.590, 5, 104262, 100, 948.36
2026/08/07 13:54:43.590, 6, 104262, 100, 931.56
2026/08/07 13:54:43.591, 7, 104262, 100, 968.72
2026/08/07 13:54:44.091, 0, 103302, 100, 947.72
2026/08/07 13:54:44.091, 1, 104462, 100, 964.91
2026/08/07 13:54:44.091, 2, 104462, 100, 946.18
2026/08/07 13:54:44.091, 3, 104462, 100, 956.58
2026/08/07 13:54:44.091, 4, 103102, 100, 935.39
2026/08/07 13:54:44.091, 5, 104262, 100, 959.65
2026/08/07 13:54:44.091, 6, 104262, 100, 926.37
2026/08/07 13:54:44.091, 7, 104262, 100, 970.87
2026/08/07 13:54:44.591, 0, 103302, 100, 951.33
2026/08/07 13:54:44.591, 1, 104462, 100, 970.24
2026/08/07 13:54:44.591, 2, 104462, 100, 947.78
2026/08/07 13:54:44.591, 3, 104462, 100, 954.57
2026/08/07 13:54:44.591, 4, 103102, 100, 940.89
2026/08/07 13:54:44.591, 5, 104262, 100, 959.45
2026/08/07 13:54:44.591, 6, 104262, 100, 930.09
2026/08/07 13:54:44.591, 7, 104262, 100, 975.48
2026/08/07 13:54:45.091, 0, 103302, 99, 940.53
2026/08/07 13:54:45.091, 1, 104462, 100, 962.95
2026/08/07 13:54:45.091, 2, 104462, 100, 949.45
2026/08/07 13:54:45.091, 3, 104462, 100, 943.83
2026/08/07 13:54:45.091, 4, 103102, 100, 945.30
2026/08/07 13:54:45.091, 5, 104262, 100, 965.89
2026/08/07 13:54:45.091, 6, 104262, 100, 946.04
2026/08/07 13:54:45.091, 7, 104262, 100, 977.24
2026/08/07 13:54:45.591, 0, 103302, 100, 946.87
2026/08/07 13:54:45.591, 1, 104462, 100, 971.00
2026/08/07 13:54:45.591, 2, 104462, 100, 943.66
2026/08/07 13:54:45.591, 3, 104462, 100, 944.59
2026/08/07 13:54:45.591, 4, 103102, 100, 949.97
2026/08/07 13:54:45.591, 5, 104262, 100, 973.79
2026/08/07 13:54:45.591, 6, 104262, 100, 951.42
2026/08/07 13:54:45.591, 7, 104262, 100, 975.09
2026/08/07 13:54:46.091, 0, 103302, 100, 966.81
2026/08/07 13:54:46.091, 1, 104462, 100, 984.09
2026/08/07 13:54:46.091, 2, 104462, 100, 945.85
2026/08/07 13:54:46.091, 3, 104462, 100, 964.16
2026/08/07 13:54:46.091, 4, 103102, 100, 939.74
2026/08/07 13:54:46.091, 5, 104262, 100, 954.89
2026/08/07 13:54:46.091, 6, 104262, 100, 944.46
2026/08/07 13:54:46.091, 7, 104262, 100, 975.27
2026/08/07 13:54:46.591, 0, 103302, 100, 965.28
2026/08/07 13:54:46.591, 1, 104462, 100, 984.11
2026/08/07 13:54:46.591, 2, 104462, 100, 950.86
2026/08/07 13:54:46.591, 3, 104462, 100, 970.88
2026/08/07 13:54:46.591, 4, 103102, 100, 930.83
2026/08/07 13:54:46.591, 5, 104262, 100, 948.20
2026/08/07 13:54:46.591, 6, 104262, 100, 933.83
2026/08/07 13:54:46.591, 7, 104262, 100, 972.30
2026/08/07 13:54:47.092, 0, 103302, 100, 965.96
2026/08/07 13:54:47.092, 1, 104462, 100, 982.60
2026/08/07 13:54:47.092, 2, 104462, 100, 958.11
2026/08/07 13:54:47.092, 3, 104462, 100, 967.41
2026/08/07 13:54:47.092, 4, 103102, 100, 935.83
2026/08/07 13:54:47.092, 5, 104262, 100, 962.17
2026/08/07 13:54:47.092, 6, 104262, 100, 932.12
2026/08/07 13:54:47.092, 7, 104262, 100, 962.86
2026/08/07 13:54:47.592, 0, 103302, 100, 956.68
2026/08/07 13:54:47.592, 1, 104462, 100, 973.39
2026/08/07 13:54:47.592, 2, 104462, 100, 954.05
2026/08/07 13:54:47.592, 3, 104462, 100, 962.93
2026/08/07 13:54:47.592, 4, 103102, 100, 930.25
2026/08/07 13:54:47.592, 5, 104262, 100, 952.22
2026/08/07 13:54:47.592, 6, 104262, 100, 934.94
2026/08/07 13:54:47.592, 7, 104262, 100, 957.73
2026/08/07 13:54:48.092, 0, 103302, 100, 951.08
2026/08/07 13:54:48.092, 1, 104462, 100, 969.70
2026/08/07 13:54:48.092, 2, 104462, 100, 952.76
2026/08/07 13:54:48.092, 3, 104462, 100, 959.69
2026/08/07 13:54:48.092, 4, 103102, 99, 925.50
2026/08/07 13:54:48.092, 5, 104262, 99, 939.50
2026/08/07 13:54:48.092, 6, 104262, 100, 930.03
2026/08/07 13:54:48.092, 7, 104262, 100, 970.84
2026/08/07 13:54:48.592, 0, 103302, 100, 954.25
2026/08/07 13:54:48.592, 1, 104462, 100, 965.78
2026/08/07 13:54:48.592, 2, 104462, 100, 947.14
2026/08/07 13:54:48.592, 3, 104462, 100, 957.50
2026/08/07 13:54:48.592, 4, 103102, 100, 934.62
2026/08/07 13:54:48.592, 5, 104262, 100, 949.37
2026/08/07 13:54:48.592, 6, 104262, 100, 930.06
2026/08/07 13:54:48.592, 7, 104262, 100, 976.83
2026/08/07 13:54:49.093, 0, 103302, 100, 950.66
2026/08/07 13:54:49.093, 1, 104462, 100, 962.98
2026/08/07 13:54:49.093, 2, 104462, 100, 935.07
2026/08/07 13:54:49.093, 3, 104462, 100, 959.20
2026/08/07 13:54:49.093, 4, 103102, 100, 950.11
2026/08/07 13:54:49.093, 5, 104262, 100, 968.29
2026/08/07 13:54:49.093, 6, 104262, 100, 934.91
2026/08/07 13:54:49.093, 7, 104262, 100, 982.60
2026/08/07 13:54:49.593, 0, 103302, 100, 945.10
2026/08/07 13:54:49.593, 1, 104462, 100, 955.42
2026/08/07 13:54:49.593, 2, 104462, 100, 948.12
2026/08/07 13:54:49.593, 3, 104462, 100, 957.36
2026/08/07 13:54:49.593, 4, 103102, 100, 953.48
2026/08/07 13:54:49.593, 5, 104262, 100, 973.79
2026/08/07 13:54:49.593, 6, 104262, 100, 943.19
2026/08/07 13:54:49.593, 7, 104262, 100, 978.65
2026/08/07 13:54:50.093, 0, 103302, 100, 955.09
2026/08/07 13:54:50.093, 1, 104462, 100, 963.66
2026/08/07 13:54:50.093, 2, 104462, 100, 956.58
2026/08/07 13:54:50.093, 3, 104462, 100, 966.16
2026/08/07 13:54:50.093, 4, 103102, 100, 952.39
2026/08/07 13:54:50.093, 5, 104262, 100, 977.74
2026/08/07 13:54:50.093, 6, 104262, 100, 948.63
2026/08/07 13:54:50.093, 7, 104262, 100, 981.37
2026/08/07 13:54:50.593, 0, 103302, 100, 965.16
2026/08/07 13:54:50.593, 1, 104462, 100, 983.79
2026/08/07 13:54:50.593, 2, 104462, 100, 954.99
2026/08/07 13:54:50.593, 3, 104462, 100, 973.56
2026/08/07 13:54:50.593, 4, 103102, 100, 950.72
2026/08/07 13:54:50.593, 5, 104262, 100, 976.12
2026/08/07 13:54:50.593, 6, 104262, 100, 945.69
2026/08/07 13:54:50.593, 7, 104262, 100, 973.63
2026/08/07 13:54:51.094, 0, 103302, 100, 965.14
2026/08/07 13:54:51.096, 1, 104462, 100, 989.19
2026/08/07 13:54:51.096, 2, 104462, 100, 960.33
2026/08/07 13:54:51.096, 3, 104462, 100, 976.25
2026/08/07 13:54:51.096, 4, 103102, 100, 941.50
2026/08/07 13:54:51.096, 5, 104262, 100, 959.62
2026/08/07 13:54:51.096, 6, 104262, 100, 947.13
2026/08/07 13:54:51.096, 7, 104262, 100, 971.29
2026/08/07 13:54:51.596, 0, 103302, 100, 966.68
2026/08/07 13:54:51.596, 1, 104462, 100, 977.60
2026/08/07 13:54:51.596, 2, 104462, 100, 961.76
2026/08/07 13:54:51.596, 3, 104462, 100, 968.19
2026/08/07 13:54:51.596, 4, 103102, 100, 944.32
2026/08/07 13:54:51.596, 5, 104262, 100, 953.97
2026/08/07 13:54:51.596, 6, 104262, 100, 932.68
2026/08/07 13:54:51.596, 7, 104262, 100, 969.16
2026/08/07 13:54:52.096, 0, 103302, 100, 962.97
2026/08/07 13:54:52.096, 1, 104462, 100, 966.40
2026/08/07 13:54:52.096, 2, 104462, 100, 952.54
2026/08/07 13:54:52.096, 3, 104462, 100, 962.13
2026/08/07 13:54:52.096, 4, 103102, 100, 937.39
2026/08/07 13:54:52.096, 5, 104262, 100, 952.84
2026/08/07 13:54:52.096, 6, 104262, 100, 924.78
2026/08/07 13:54:52.096, 7, 104262, 100, 966.04
2026/08/07 13:54:52.597, 0, 103302, 100, 964.81
2026/08/07 13:54:52.597, 1, 104462, 100, 969.14
2026/08/07 13:54:52.597, 2, 104462, 100, 954.72
2026/08/07 13:54:52.597, 3, 104462, 100, 964.92
2026/08/07 13:54:52.597, 4, 103102, 99, 925.88
2026/08/07 13:54:52.597, 5, 104262, 99, 941.25
2026/08/07 13:54:52.597, 6, 104262, 100, 930.40
2026/08/07 13:54:52.597, 7, 104262, 100, 961.49
2026/08/07 13:54:53.097, 0, 103302, 100, 950.34
2026/08/07 13:54:53.097, 1, 104462, 100, 975.76
2026/08/07 13:54:53.097, 2, 104462, 100, 951.90
2026/08/07 13:54:53.097, 3, 104462, 100, 961.14
2026/08/07 13:54:53.097, 4, 103102, 100, 934.62
2026/08/07 13:54:53.097, 5, 104262, 100, 950.56
2026/08/07 13:54:53.097, 6, 104262, 100, 940.13
2026/08/07 13:54:53.097, 7, 104262, 100, 968.06
2026/08/07 13:54:53.597, 0, 103302, 100, 940.62
2026/08/07 13:54:53.597, 1, 104462, 100, 959.08
2026/08/07 13:54:53.597, 2, 104462, 100, 944.52
2026/08/07 13:54:53.597, 3, 104462, 100, 951.98
2026/08/07 13:54:53.597, 4, 103102, 100, 947.66
2026/08/07 13:54:53.597, 5, 104262, 100, 965.53
2026/08/07 13:54:53.597, 6, 104262, 100, 949.52
2026/08/07 13:54:53.597, 7, 104262, 100, 979.79
2026/08/07 13:54:54.097, 0, 103302, 100, 952.55
2026/08/07 13:54:54.097, 1, 104462, 100, 965.77
2026/08/07 13:54:54.097, 2, 104462, 100, 951.68
2026/08/07 13:54:54.097, 3, 104462, 100, 957.81
2026/08/07 13:54:54.097, 4, 103102, 100, 950.85
2026/08/07 13:54:54.097, 5, 104262, 100, 971.26
2026/08/07 13:54:54.097, 6, 104262, 100, 944.82
2026/08/07 13:54:54.097, 7, 104262, 100, 986.01
2026/08/07 13:54:54.597, 0, 103302, 100, 954.48
2026/08/07 13:54:54.597, 1, 104462, 100, 973.78
2026/08/07 13:54:54.597, 2, 104462, 100, 953.99
2026/08/07 13:54:54.597, 3, 104462, 100, 958.76
2026/08/07 13:54:54.597, 4, 103102, 100, 953.44
2026/08/07 13:54:54.597, 5, 104262, 100, 975.90
2026/08/07 13:54:54.597, 6, 104262, 100, 948.96
2026/08/07 13:54:54.597, 7, 104262, 100, 980.31
2026/08/07 13:54:55.097, 0, 103302, 100, 965.30
2026/08/07 13:54:55.097, 1, 104462, 100, 975.37
2026/08/07 13:54:55.097, 2, 104462, 100, 954.08
2026/08/07 13:54:55.097, 3, 104462, 100, 965.96
2026/08/07 13:54:55.097, 4, 103102, 100, 954.60
2026/08/07 13:54:55.097, 5, 104262, 100, 978.83
2026/08/07 13:54:55.097, 6, 104262, 100, 953.94
2026/08/07 13:54:55.097, 7, 104262, 100, 974.68
2026/08/07 13:54:55.597, 0, 103302, 100, 973.11
2026/08/07 13:54:55.597, 1, 104462, 100, 979.64
2026/08/07 13:54:55.598, 2, 104462, 100, 959.69
2026/08/07 13:54:55.598, 3, 104462, 100, 965.02
2026/08/07 13:54:55.598, 4, 103102, 100, 951.14
2026/08/07 13:54:55.598, 5, 104262, 100, 974.92
2026/08/07 13:54:55.598, 6, 104262, 100, 945.43
2026/08/07 13:54:55.598, 7, 104262, 100, 964.84
2026/08/07 13:54:56.098, 0, 103302, 100, 967.59
2026/08/07 13:54:56.098, 1, 104462, 100, 974.81
2026/08/07 13:54:56.098, 2, 104462, 100, 954.06
2026/08/07 13:54:56.098, 3, 104462, 100, 966.18
2026/08/07 13:54:56.098, 4, 103102, 100, 937.99
2026/08/07 13:54:56.098, 5, 104262, 100, 958.66
2026/08/07 13:54:56.098, 6, 104262, 100, 943.41
2026/08/07 13:54:56.098, 7, 104262, 100, 967.07
2026/08/07 13:54:56.598, 0, 103302, 100, 960.44
2026/08/07 13:54:56.598, 1, 104462, 100, 975.46
2026/08/07 13:54:56.602, 2, 104462, 100, 949.59
2026/08/07 13:54:56.602, 3, 104462, 100, 964.34
2026/08/07 13:54:56.602, 4, 103102, 100, 938.81
2026/08/07 13:54:56.602, 5, 104262, 100, 955.46
2026/08/07 13:54:56.602, 6, 104262, 100, 935.22
2026/08/07 13:54:56.602, 7, 104262, 100, 964.39
2026/08/07 13:54:57.103, 0, 103302, 100, 953.23
2026/08/07 13:54:57.103, 1, 104462, 100, 975.81
2026/08/07 13:54:57.103, 2, 104462, 100, 948.43
2026/08/07 13:54:57.103, 3, 104462, 100, 959.21
2026/08/07 13:54:57.103, 4, 103102, 100, 931.22
2026/08/07 13:54:57.103, 5, 104262, 100, 944.65
2026/08/07 13:54:57.103, 6, 104262, 100, 929.52
2026/08/07 13:54:57.103, 7, 104262, 100, 956.56
2026/08/07 13:54:57.603, 0, 103302, 100, 951.06
2026/08/07 13:54:57.603, 1, 104462, 100, 971.26
2026/08/07 13:54:57.603, 2, 104462, 100, 949.90
2026/08/07 13:54:57.603, 3, 104462, 100, 965.49
2026/08/07 13:54:57.603, 4, 103102, 100, 928.28
2026/08/07 13:54:57.603, 5, 104262, 100, 948.57
2026/08/07 13:54:57.603, 6, 104262, 100, 929.18
2026/08/07 13:54:57.603, 7, 104262, 100, 965.09
2026/08/07 13:54:58.103, 0, 103302, 100, 944.44
2026/08/07 13:54:58.103, 1, 104462, 100, 963.45
2026/08/07 13:54:58.103, 2, 104462, 100, 943.57
2026/08/07 13:54:58.103, 3, 104462, 100, 956.60
2026/08/07 13:54:58.103, 4, 103102, 100, 949.95
2026/08/07 13:54:58.103, 5, 104262, 100, 975.29
2026/08/07 13:54:58.103, 6, 104262, 100, 945.07
2026/08/07 13:54:58.103, 7, 104262, 100, 976.73
2026/08/07 13:54:58.603, 0, 103302, 100, 948.27
2026/08/07 13:54:58.603, 1, 104462, 100, 965.74
2026/08/07 13:54:58.603, 2, 104462, 100, 938.47
2026/08/07 13:54:58.603, 3, 104462, 100, 945.26
2026/08/07 13:54:58.603, 4, 103102, 100, 952.07
2026/08/07 13:54:58.603, 5, 104262, 100, 980.36
2026/08/07 13:54:58.603, 6, 104262, 100, 952.22
2026/08/07 13:54:58.603, 7, 104262, 100, 974.98
2026/08/07 13:54:59.103, 0, 103302, 100, 963.05
2026/08/07 13:54:59.103, 1, 104462, 100, 978.07
2026/08/07 13:54:59.103, 2, 104462, 100, 945.40
2026/08/07 13:54:59.103, 3, 104462, 100, 958.83
2026/08/07 13:54:59.103, 4, 103102, 100, 943.19
2026/08/07 13:54:59.104, 5, 104262, 100, 969.54
2026/08/07 13:54:59.104, 6, 104262, 100, 948.07
2026/08/07 13:54:59.104, 7, 104262, 100, 975.74
2026/08/07 13:54:59.604, 0, 103302, 100, 966.90
2026/08/07 13:54:59.604, 1, 104462, 100, 986.67
2026/08/07 13:54:59.604, 2, 104462, 100, 949.73
2026/08/07 13:54:59.604, 3, 104462, 100, 964.93
2026/08/07 13:54:59.604, 4, 103102, 100, 945.75
2026/08/07 13:54:59.604, 5, 104262, 100, 962.83
2026/08/07 13:54:59.604, 6, 104262, 100, 940.80
2026/08/07 13:54:59.604, 7, 104262, 100, 969.07
2026/08/07 13:55:00.104, 0, 103302, 100, 966.11
2026/08/07 13:55:00.104, 1, 104462, 100, 982.62
2026/08/07 13:55:00.104, 2, 104462, 100, 949.88
2026/08/07 13:55:00.104, 3, 104462, 100, 965.96
2026/08/07 13:55:00.104, 4, 103102, 100, 937.38
2026/08/07 13:55:00.104, 5, 104262, 100, 957.65
2026/08/07 13:55:00.104, 6, 104262, 100, 939.51
2026/08/07 13:55:00.104, 7, 104262, 100, 965.10
2026/08/07 13:55:00.604, 0, 103302, 100, 965.55
2026/08/07 13:55:00.604, 1, 104462, 100, 974.67
2026/08/07 13:55:00.604, 2, 104462, 100, 949.65
2026/08/07 13:55:00.604, 3, 104462, 100, 968.10
2026/08/07 13:55:00.604, 4, 103102, 100, 930.58
2026/08/07 13:55:00.604, 5, 104262, 100, 950.57
2026/08/07 13:55:00.604, 6, 104262, 100, 932.09
2026/08/07 13:55:00.604, 7, 104262, 100, 971.76
2026/08/07 13:55:01.104, 0, 103302, 100, 959.23
2026/08/07 13:55:01.104, 1, 104462, 100, 962.45
2026/08/07 13:55:01.104, 2, 104462, 100, 950.60
2026/08/07 13:55:01.104, 3, 104462, 100, 956.51
2026/08/07 13:55:01.104, 4, 103102, 100, 933.00
2026/08/07 13:55:01.104, 5, 104262, 100, 951.94
2026/08/07 13:55:01.104, 6, 104262, 100, 930.11
2026/08/07 13:55:01.104, 7, 104262, 99, 969.16
2026/08/07 13:55:01.604, 0, 103302, 100, 955.92
2026/08/07 13:55:01.604, 1, 104462, 100, 959.49
2026/08/07 13:55:01.604, 2, 104462, 100, 932.64
2026/08/07 13:55:01.604, 3, 104462, 100, 950.82
2026/08/07 13:55:01.604, 4, 103102, 100, 939.22
2026/08/07 13:55:01.604, 5, 104262, 100, 961.91
2026/08/07 13:55:01.604, 6, 104262, 100, 940.96
2026/08/07 13:55:01.604, 7, 104262, 100, 967.25
2026/08/07 13:55:02.104, 0, 103302, 100, 951.51
2026/08/07 13:55:02.104, 1, 104462, 100, 965.03
2026/08/07 13:55:02.104, 2, 104462, 100, 928.60
2026/08/07 13:55:02.104, 3, 104462, 100, 949.82
2026/08/07 13:55:02.104, 4, 103102, 100, 948.00
2026/08/07 13:55:02.104, 5, 104262, 100, 966.05
2026/08/07 13:55:02.104, 6, 104262, 100, 952.67
2026/08/07 13:55:02.105, 7, 104262, 100, 975.48
2026/08/07 13:55:02.605, 0, 103302, 99, 946.21
2026/08/07 13:55:02.605, 1, 104462, 99, 949.82
2026/08/07 13:55:02.605, 2, 104462, 100, 937.22
2026/08/07 13:55:02.605, 3, 104462, 100, 948.74
2026/08/07 13:55:02.605, 4, 103102, 100, 952.64
2026/08/07 13:55:02.605, 5, 104262, 100, 971.68
2026/08/07 13:55:02.605, 6, 104262, 100, 955.58
2026/08/07 13:55:02.605, 7, 104262, 100, 982.35
2026/08/07 13:55:03.105, 0, 103302, 100, 952.70
2026/08/07 13:55:03.108, 1, 104462, 100, 957.18
2026/08/07 13:55:03.109, 2, 104462, 100, 942.43
2026/08/07 13:55:03.112, 3, 104462, 100, 960.34
2026/08/07 13:55:03.112, 4, 103102, 100, 949.89
2026/08/07 13:55:03.116, 5, 104262, 100, 969.94
2026/08/07 13:55:03.116, 6, 104262, 100, 953.24
2026/08/07 13:55:03.120, 7, 104262, 100, 971.04
2026/08/07 13:55:03.620, 0, 103302, 100, 956.91
2026/08/07 13:55:03.620, 1, 104462, 100, 981.70
2026/08/07 13:55:03.620, 2, 104462, 100, 941.41
2026/08/07 13:55:03.620, 3, 104462, 100, 963.89
2026/08/07 13:55:03.620, 4, 103102, 100, 950.50
2026/08/07 13:55:03.620, 5, 104262, 100, 970.46
2026/08/07 13:55:03.620, 6, 104262, 100, 952.38
2026/08/07 13:55:03.620, 7, 104262, 100, 972.64
2026/08/07 13:55:04.120, 0, 103302, 100, 957.85
2026/08/07 13:55:04.121, 1, 104462, 100, 978.75
2026/08/07 13:55:04.122, 2, 104462, 100, 946.18
2026/08/07 13:55:04.123, 3, 104462, 100, 959.14
2026/08/07 13:55:04.124, 4, 103102, 100, 946.86
2026/08/07 13:55:04.125, 5, 104262, 100, 968.31
2026/08/07 13:55:04.126, 6, 104262, 100, 946.08
2026/08/07 13:55:04.126, 7, 104262, 100, 980.35
2026/08/07 13:55:04.626, 0, 103302, 100, 960.85
2026/08/07 13:55:04.626, 1, 104462, 100, 982.15
2026/08/07 13:55:04.626, 2, 104462, 100, 963.58
2026/08/07 13:55:04.626, 3, 104462, 100, 966.09
2026/08/07 13:55:04.626, 4, 103102, 100, 941.83
2026/08/07 13:55:04.626, 5, 104262, 100, 963.26
2026/08/07 13:55:04.626, 6, 104262, 100, 942.47
2026/08/07 13:55:04.626, 7, 104262, 100, 972.69
2026/08/07 13:55:05.126, 0, 103302, 100, 959.79
2026/08/07 13:55:05.126, 1, 104462, 100, 980.01
2026/08/07 13:55:05.126, 2, 104462, 100, 959.83
2026/08/07 13:55:05.126, 3, 104462, 100, 969.19
2026/08/07 13:55:05.126, 4, 103102, 100, 935.95
2026/08/07 13:55:05.126, 5, 104262, 100, 950.99
2026/08/07 13:55:05.126, 6, 104262, 100, 940.38
2026/08/07 13:55:05.126, 7, 104262, 100, 968.17
2026/08/07 13:55:05.626, 0, 103302, 100, 954.84
2026/08/07 13:55:05.626, 1, 104462, 100, 964.94
2026/08/07 13:55:05.626, 2, 104462, 100, 950.98
2026/08/07 13:55:05.626, 3, 104462, 100, 962.26
2026/08/07 13:55:05.626, 4, 103102, 99, 926.95
2026/08/07 13:55:05.626, 5, 104262, 100, 939.14
2026/08/07 13:55:05.626, 6, 104262, 100, 929.82
2026/08/07 13:55:05.626, 7, 104262, 99, 964.23
2026/08/07 13:55:06.126, 0, 103302, 100, 954.41
2026/08/07 13:55:06.126, 1, 104462, 100, 962.63
2026/08/07 13:55:06.126, 2, 104462, 100, 943.70
2026/08/07 13:55:06.126, 3, 104462, 100, 953.24
2026/08/07 13:55:06.126, 4, 103102, 100, 927.50
2026/08/07 13:55:06.126, 5, 104262, 100, 948.19
2026/08/07 13:55:06.126, 6, 104262, 100, 940.53
2026/08/07 13:55:06.126, 7, 104262, 100, 965.89
2026/08/07 13:55:06.626, 0, 103302, 100, 951.54
2026/08/07 13:55:06.626, 1, 104462, 100, 970.74
2026/08/07 13:55:06.626, 2, 104462, 100, 943.11
2026/08/07 13:55:06.626, 3, 104462, 100, 947.01
2026/08/07 13:55:06.626, 4, 103102, 100, 949.80
2026/08/07 13:55:06.626, 5, 104262, 100, 961.78
2026/08/07 13:55:06.626, 6, 104262, 100, 954.31
2026/08/07 13:55:06.626, 7, 104262, 100, 977.60
2026/08/07 13:55:07.127, 0, 103302, 99, 941.45
2026/08/07 13:55:07.127, 1, 104462, 99, 965.02
2026/08/07 13:55:07.127, 2, 104462, 100, 931.56
2026/08/07 13:55:07.127, 3, 104462, 100, 946.57
2026/08/07 13:55:07.127, 4, 103102, 100, 958.22
2026/08/07 13:55:07.127, 5, 104262, 100, 969.44
2026/08/07 13:55:07.127, 6, 104262, 100, 959.95
2026/08/07 13:55:07.127, 7, 104262, 100, 991.59
2026/08/07 13:55:07.627, 0, 103302, 100, 956.17
2026/08/07 13:55:07.627, 1, 104462, 100, 967.38
2026/08/07 13:55:07.627, 2, 104462, 100, 942.39
2026/08/07 13:55:07.627, 3, 104462, 100, 959.21
2026/08/07 13:55:07.627, 4, 103102, 100, 951.26
2026/08/07 13:55:07.627, 5, 104262, 100, 975.93
2026/08/07 13:55:07.627, 6, 104262, 100, 958.35
2026/08/07 13:55:07.627, 7, 104262, 100, 986.85
2026/08/07 13:55:08.127, 0, 103302, 100, 965.90
2026/08/07 13:55:08.127, 1, 104462, 100, 972.82
2026/08/07 13:55:08.127, 2, 104462, 100, 957.43
2026/08/07 13:55:08.127, 3, 104462, 100, 973.85
2026/08/07 13:55:08.127, 4, 103102, 100, 939.35
2026/08/07 13:55:08.127, 5, 104262, 100, 970.17
2026/08/07 13:55:08.127, 6, 104262, 100, 949.83
2026/08/07 13:55:08.127, 7, 104262, 100, 964.65
2026/08/07 13:55:08.627, 0, 103302, 100, 963.66
2026/08/07 13:55:08.627, 1, 104462, 100, 973.27
2026/08/07 13:55:08.627, 2, 104462, 100, 951.61
2026/08/07 13:55:08.627, 3, 104462, 100, 974.97
2026/08/07 13:55:08.627, 4, 103102, 100, 933.11
2026/08/07 13:55:08.627, 5, 104262, 100, 953.98
2026/08/07 13:55:08.627, 6, 104262, 100, 948.91
2026/08/07 13:55:08.627, 7, 104262, 100, 964.43
2026/08/07 13:55:09.127, 0, 103302, 100, 965.28
2026/08/07 13:55:09.128, 1, 104462, 100, 978.79
2026/08/07 13:55:09.129, 2, 104462, 100, 953.22
2026/08/07 13:55:09.132, 3, 104462, 100, 959.75
2026/08/07 13:55:09.132, 4, 103102, 100, 932.60
2026/08/07 13:55:09.135, 5, 104262, 100, 952.90
2026/08/07 13:55:09.136, 6, 104262, 100, 940.22
2026/08/07 13:55:09.139, 7, 104262, 100, 970.02
2026/08/07 13:55:09.639, 0, 103302, 100, 959.13
2026/08/07 13:55:09.639, 1, 104462, 100, 978.51
2026/08/07 13:55:09.639, 2, 104462, 100, 953.51
2026/08/07 13:55:09.639, 3, 104462, 100, 960.88
2026/08/07 13:55:09.639, 4, 103102, 100, 935.54
2026/08/07 13:55:09.639, 5, 104262, 100, 955.07
2026/08/07 13:55:09.639, 6, 104262, 100, 931.03
2026/08/07 13:55:09.639, 7, 104262, 100, 967.77
2026/08/07 13:55:10.140, 0, 103302, 100, 952.40
2026/08/07 13:55:10.140, 1, 104462, 100, 971.48
2026/08/07 13:55:10.140, 2, 104462, 100, 949.81
2026/08/07 13:55:10.140, 3, 104462, 100, 964.59
2026/08/07 13:55:10.140, 4, 103102, 100, 937.72
2026/08/07 13:55:10.140, 5, 104262, 100, 950.22
2026/08/07 13:55:10.140, 6, 104262, 100, 930.30
2026/08/07 13:55:10.140, 7, 104262, 100, 972.47
2026/08/07 13:55:10.640, 0, 103302, 100, 954.11
2026/08/07 13:55:10.640, 1, 104462, 100, 955.47
2026/08/07 13:55:10.640, 2, 104462, 100, 938.80
2026/08/07 13:55:10.640, 3, 104462, 100, 955.48
2026/08/07 13:55:10.640, 4, 103102, 100, 941.12
2026/08/07 13:55:10.640, 5, 104262, 100, 948.47
2026/08/07 13:55:10.640, 6, 104262, 100, 936.53
2026/08/07 13:55:10.640, 7, 104262, 100, 982.66
2026/08/07 13:55:11.140, 0, 103302, 100, 951.51
2026/08/07 13:55:11.140, 1, 104462, 100, 963.76
2026/08/07 13:55:11.140, 2, 104462, 100, 940.76
2026/08/07 13:55:11.140, 3, 104462, 100, 955.50
2026/08/07 13:55:11.140, 4, 103102, 100, 949.66
2026/08/07 13:55:11.140, 5, 104262, 100, 967.21
2026/08/07 13:55:11.140, 6, 104262, 100, 942.34
2026/08/07 13:55:11.140, 7, 104262, 100, 978.69
2026/08/07 13:55:11.640, 0, 103302, 100, 949.94
2026/08/07 13:55:11.645, 1, 104462, 100, 963.97
2026/08/07 13:55:11.646, 2, 104462, 100, 944.47
2026/08/07 13:55:11.647, 3, 104462, 100, 958.00
2026/08/07 13:55:11.647, 4, 103102, 100, 951.93
2026/08/07 13:55:11.647, 5, 104262, 100, 976.70
2026/08/07 13:55:11.652, 6, 104262, 100, 947.80
2026/08/07 13:55:11.652, 7, 104262, 100, 972.57
2026/08/07 13:55:12.152, 0, 103302, 100, 967.13
2026/08/07 13:55:12.152, 1, 104462, 100, 969.41
2026/08/07 13:55:12.152, 2, 104462, 100, 955.32
2026/08/07 13:55:12.152, 3, 104462, 100, 966.48
2026/08/07 13:55:12.152, 4, 103102, 100, 953.46
2026/08/07 13:55:12.152, 5, 104262, 100, 975.35
2026/08/07 13:55:12.152, 6, 104262, 100, 959.82
2026/08/07 13:55:12.152, 7, 104262, 100, 982.26
2026/08/07 13:55:12.652, 0, 103302, 100, 976.82
2026/08/07 13:55:12.652, 1, 104462, 100, 990.97
2026/08/07 13:55:12.652, 2, 104462, 100, 960.42
2026/08/07 13:55:12.652, 3, 104462, 100, 978.79
2026/08/07 13:55:12.652, 4, 103102, 100, 947.05
2026/08/07 13:55:12.652, 5, 104262, 100, 965.66
2026/08/07 13:55:12.652, 6, 104262, 100, 948.63
2026/08/07 13:55:12.652, 7, 104262, 100, 984.53
2026/08/07 13:55:13.152, 0, 103302, 100, 967.14
2026/08/07 13:55:13.152, 1, 104462, 100, 981.03
2026/08/07 13:55:13.152, 2, 104462, 100, 957.18
2026/08/07 13:55:13.152, 3, 104462, 100, 973.47
2026/08/07 13:55:13.152, 4, 103102, 100, 941.29
2026/08/07 13:55:13.152, 5, 104262, 100, 960.61
2026/08/07 13:55:13.152, 6, 104262, 100, 946.21
2026/08/07 13:55:13.152, 7, 104262, 100, 975.18
2026/08/07 13:55:13.652, 0, 103302, 100, 962.92
2026/08/07 13:55:13.652, 1, 104462, 100, 969.10
2026/08/07 13:55:13.652, 2, 104462, 100, 958.02
2026/08/07 13:55:13.652, 3, 104462, 100, 970.02
2026/08/07 13:55:13.652, 4, 103102, 100, 937.26
2026/08/07 13:55:13.652, 5, 104262, 100, 962.36
2026/08/07 13:55:13.652, 6, 104262, 100, 945.79
2026/08/07 13:55:13.652, 7, 104262, 100, 967.29
2026/08/07 13:55:14.152, 0, 103302, 100, 964.39
2026/08/07 13:55:14.152, 1, 104462, 100, 967.71
2026/08/07 13:55:14.153, 2, 104462, 100, 954.52
2026/08/07 13:55:14.153, 3, 104462, 100, 971.20
2026/08/07 13:55:14.153, 4, 103102, 100, 928.50
2026/08/07 13:55:14.153, 5, 104262, 100, 954.22
2026/08/07 13:55:14.153, 6, 104262, 100, 933.52
2026/08/07 13:55:14.153, 7, 104262, 100, 956.38
2026/08/07 13:55:14.653, 0, 103302, 100, 956.91
2026/08/07 13:55:14.653, 1, 104462, 100, 963.98
2026/08/07 13:55:14.654, 2, 104462, 100, 940.92
2026/08/07 13:55:14.654, 3, 104462, 100, 965.83
2026/08/07 13:55:14.654, 4, 103102, 100, 933.11
2026/08/07 13:55:14.654, 5, 104262, 100, 959.95
2026/08/07 13:55:14.654, 6, 104262, 100, 932.82
2026/08/07 13:55:14.655, 7, 104262, 100, 953.64
2026/08/07 13:55:15.156, 0, 103302, 100, 948.16
2026/08/07 13:55:15.156, 1, 104462, 100, 948.51
2026/08/07 13:55:15.156, 2, 104462, 100, 935.41
2026/08/07 13:55:15.156, 3, 104462, 100, 954.78
2026/08/07 13:55:15.156, 4, 103102, 100, 936.87
2026/08/07 13:55:15.156, 5, 104262, 100, 966.76
2026/08/07 13:55:15.156, 6, 104262, 100, 939.57
2026/08/07 13:55:15.156, 7, 104262, 100, 964.09
2026/08/07 13:55:15.656, 0, 103302, 100, 946.39
2026/08/07 13:55:15.656, 1, 104462, 100, 949.43
2026/08/07 13:55:15.657, 2, 104462, 100, 940.52
2026/08/07 13:55:15.657, 3, 104462, 100, 953.44
2026/08/07 13:55:15.657, 4, 103102, 100, 940.92
2026/08/07 13:55:15.657, 5, 104262, 100, 961.23
2026/08/07 13:55:15.657, 6, 104262, 100, 943.26
2026/08/07 13:55:15.657, 7, 104262, 100, 970.19
2026/08/07 13:55:16.157, 0, 103302, 100, 949.20
2026/08/07 13:55:16.158, 1, 104462, 100, 957.19
2026/08/07 13:55:16.158, 2, 104462, 100, 933.11
2026/08/07 13:55:16.162, 3, 104462, 100, 963.49
2026/08/07 13:55:16.162, 4, 103102, 100, 946.78
2026/08/07 13:55:16.166, 5, 104262, 100, 964.71
2026/08/07 13:55:16.166, 6, 104262, 100, 954.22
2026/08/07 13:55:16.170, 7, 104262, 100, 966.81
2026/08/07 13:55:16.670, 0, 103302, 100, 955.14
2026/08/07 13:55:16.670, 1, 104462, 100, 970.35
2026/08/07 13:55:16.670, 2, 104462, 100, 934.39
2026/08/07 13:55:16.671, 3, 104462, 100, 962.22
2026/08/07 13:55:16.671, 4, 103102, 100, 942.78
2026/08/07 13:55:16.671, 5, 104262, 100, 969.64
2026/08/07 13:55:16.671, 6, 104262, 100, 954.23
2026/08/07 13:55:16.671, 7, 104262, 100, 970.39
2026/08/07 13:55:17.171, 0, 103302, 100, 961.52
2026/08/07 13:55:17.171, 1, 104462, 100, 986.04
2026/08/07 13:55:17.172, 2, 104462, 100, 949.49
2026/08/07 13:55:17.173, 3, 104462, 100, 968.49
2026/08/07 13:55:17.174, 4, 103102, 100, 940.44
2026/08/07 13:55:17.174, 5, 104262, 100, 965.55
2026/08/07 13:55:17.175, 6, 104262, 100, 944.72
2026/08/07 13:55:17.176, 7, 104262, 100, 971.74
2026/08/07 13:55:17.677, 0, 103302, 100, 961.59
2026/08/07 13:55:17.677, 1, 104462, 100, 977.36
2026/08/07 13:55:17.677, 2, 104462, 100, 958.55
2026/08/07 13:55:17.677, 3, 104462, 100, 970.01
2026/08/07 13:55:17.677, 4, 103102, 100, 935.53
2026/08/07 13:55:17.677, 5, 104262, 100, 956.21
2026/08/07 13:55:17.677, 6, 104262, 100, 943.84
2026/08/07 13:55:17.677, 7, 104262, 100, 960.01
2026/08/07 13:55:18.177, 0, 103302, 100, 960.65
2026/08/07 13:55:18.177, 1, 104462, 100, 971.03
2026/08/07 13:55:18.177, 2, 104462, 100, 956.62
2026/08/07 13:55:18.177, 3, 104462, 100, 967.70
2026/08/07 13:55:18.177, 4, 103102, 100, 937.19
2026/08/07 13:55:18.177, 5, 104262, 100, 951.27
2026/08/07 13:55:18.177, 6, 104262, 100, 947.86
2026/08/07 13:55:18.177, 7, 104262, 100, 959.21
2026/08/07 13:55:18.677, 0, 103302, 100, 960.24
2026/08/07 13:55:18.677, 1, 104462, 100, 974.51
2026/08/07 13:55:18.677, 2, 104462, 100, 951.65
2026/08/07 13:55:18.677, 3, 104462, 100, 967.86
2026/08/07 13:55:18.677, 4, 103102, 100, 934.43
2026/08/07 13:55:18.677, 5, 104262, 100, 942.96
2026/08/07 13:55:18.677, 6, 104262, 100, 942.83
2026/08/07 13:55:18.677, 7, 104262, 100, 954.25
2026/08/07 13:55:19.177, 0, 103302, 100, 960.68
2026/08/07 13:55:19.177, 1, 104462, 100, 971.84
2026/08/07 13:55:19.177, 2, 104462, 100, 950.49
2026/08/07 13:55:19.177, 3, 104462, 100, 968.95
2026/08/07 13:55:19.177, 4, 103102, 100, 929.97
2026/08/07 13:55:19.177, 5, 104262, 100, 940.70
2026/08/07 13:55:19.177, 6, 104262, 100, 938.90
2026/08/07 13:55:19.178, 7, 104262, 100, 957.16
2026/08/07 13:55:19.678, 0, 103302, 100, 953.25
2026/08/07 13:55:19.678, 1, 104462, 100, 966.10
2026/08/07 13:55:19.678, 2, 104462, 100, 944.39
2026/08/07 13:55:19.678, 3, 104462, 100, 961.34
2026/08/07 13:55:19.678, 4, 103102, 100, 943.24
2026/08/07 13:55:19.678, 5, 104262, 100, 961.88
2026/08/07 13:55:19.678, 6, 104262, 100, 949.00
2026/08/07 13:55:19.678, 7, 104262, 100, 970.17
2026/08/07 13:55:20.178, 0, 103302, 100, 950.21
2026/08/07 13:55:20.178, 1, 104462, 100, 965.53
2026/08/07 13:55:20.178, 2, 104462, 100, 940.83
2026/08/07 13:55:20.178, 3, 104462, 100, 952.32
2026/08/07 13:55:20.178, 4, 103102, 100, 944.79
2026/08/07 13:55:20.178, 5, 104262, 100, 976.01
2026/08/07 13:55:20.178, 6, 104262, 100, 953.62
2026/08/07 13:55:20.178, 7, 104262, 100, 974.20
2026/08/07 13:55:20.678, 0, 103302, 100, 951.28
2026/08/07 13:55:20.678, 1, 104462, 100, 968.77
2026/08/07 13:55:20.678, 2, 104462, 100, 944.54
2026/08/07 13:55:20.678, 3, 104462, 100, 960.13
2026/08/07 13:55:20.678, 4, 103102, 100, 944.38
2026/08/07 13:55:20.678, 5, 104262, 100, 970.54
2026/08/07 13:55:20.678, 6, 104262, 100, 951.74
2026/08/07 13:55:20.678, 7, 104262, 100, 978.65
2026/08/07 13:55:21.178, 0, 103302, 100, 961.77
2026/08/07 13:55:21.178, 1, 104462, 100, 967.75
2026/08/07 13:55:21.178, 2, 104462, 100, 951.40
2026/08/07 13:55:21.178, 3, 104462, 100, 969.38
2026/08/07 13:55:21.178, 4, 103102, 100, 947.97
2026/08/07 13:55:21.178, 5, 104262, 100, 966.92
2026/08/07 13:55:21.178, 6, 104262, 100, 946.84
2026/08/07 13:55:21.178, 7, 104262, 100, 982.01
2026/08/07 13:55:21.678, 0, 103302, 100, 964.39
2026/08/07 13:55:21.678, 1, 104462, 100, 973.41
2026/08/07 13:55:21.678, 2, 104462, 100, 953.82
2026/08/07 13:55:21.678, 3, 104462, 100, 971.10
2026/08/07 13:55:21.678, 4, 103102, 100, 945.29
2026/08/07 13:55:21.678, 5, 104262, 100, 967.17
2026/08/07 13:55:21.678, 6, 104262, 100, 941.80
2026/08/07 13:55:21.678, 7, 104262, 100, 972.93
2026/08/07 13:55:22.178, 0, 103302, 100, 963.42
2026/08/07 13:55:22.181, 1, 104462, 100, 964.23
2026/08/07 13:55:22.181, 2, 104462, 100, 959.93
2026/08/07 13:55:22.181, 3, 104462, 100, 978.20
2026/08/07 13:55:22.182, 4, 103102, 100, 940.30
2026/08/07 13:55:22.182, 5, 104262, 100, 963.98
2026/08/07 13:55:22.182, 6, 104262, 100, 944.49
2026/08/07 13:55:22.182, 7, 104262, 100, 969.54
2026/08/07 13:55:22.682, 0, 103302, 100, 953.17
2026/08/07 13:55:22.682, 1, 104462, 100, 958.15
2026/08/07 13:55:22.682, 2, 104462, 100, 948.60
2026/08/07 13:55:22.682, 3, 104462, 100, 965.71
2026/08/07 13:55:22.682, 4, 103102, 100, 935.22
2026/08/07 13:55:22.682, 5, 104262, 100, 956.59
2026/08/07 13:55:22.682, 6, 104262, 100, 936.25
2026/08/07 13:55:22.682, 7, 104262, 100, 961.37
2026/08/07 13:55:23.182, 0, 103302, 100, 950.97
2026/08/07 13:55:23.182, 1, 104462, 100, 975.97
2026/08/07 13:55:23.182, 2, 104462, 100, 934.93
2026/08/07 13:55:23.182, 3, 104462, 100, 954.56
2026/08/07 13:55:23.182, 4, 103102, 100, 929.82
2026/08/07 13:55:23.182, 5, 104262, 100, 958.08
2026/08/07 13:55:23.182, 6, 104262, 100, 927.22
2026/08/07 13:55:23.182, 7, 104262, 99, 966.81
2026/08/07 13:55:23.682, 0, 103302, 100, 950.75
2026/08/07 13:55:23.682, 1, 104462, 100, 977.51
2026/08/07 13:55:23.682, 2, 104462, 100, 945.29
2026/08/07 13:55:23.682, 3, 104462, 100, 955.31
2026/08/07 13:55:23.682, 4, 103102, 100, 934.41
2026/08/07 13:55:23.682, 5, 104262, 100, 954.59
2026/08/07 13:55:23.682, 6, 104262, 100, 933.98
2026/08/07 13:55:23.682, 7, 104262, 100, 974.14
2026/08/07 13:55:24.182, 0, 103302, 100, 942.51
2026/08/07 13:55:24.182, 1, 104462, 100, 971.16
2026/08/07 13:55:24.182, 2, 104462, 100, 945.10
2026/08/07 13:55:24.182, 3, 104462, 100, 950.23
2026/08/07 13:55:24.182, 4, 103102, 100, 947.21
2026/08/07 13:55:24.182, 5, 104262, 100, 963.81
2026/08/07 13:55:24.182, 6, 104262, 100, 943.27
2026/08/07 13:55:24.182, 7, 104262, 100, 976.15
2026/08/07 13:55:24.682, 0, 103302, 100, 943.07
2026/08/07 13:55:24.685, 1, 104462, 99, 964.14
2026/08/07 13:55:24.686, 2, 104462, 99, 939.24
2026/08/07 13:55:24.686, 3, 104462, 100, 943.56
2026/08/07 13:55:24.686, 4, 103102, 100, 955.07
2026/08/07 13:55:24.687, 5, 104262, 100, 974.30
2026/08/07 13:55:24.687, 6, 104262, 100, 953.03
2026/08/07 13:55:24.687, 7, 104262, 100, 977.34
2026/08/07 13:55:25.187, 0, 103302, 100, 957.04
2026/08/07 13:55:25.188, 1, 104462, 100, 972.22
2026/08/07 13:55:25.188, 2, 104462, 100, 947.48
2026/08/07 13:55:25.188, 3, 104462, 100, 953.06
2026/08/07 13:55:25.188, 4, 103102, 100, 948.00
2026/08/07 13:55:25.188, 5, 104262, 100, 971.97
2026/08/07 13:55:25.188, 6, 104262, 100, 952.64
2026/08/07 13:55:25.188, 7, 104262, 100, 976.55
2026/08/07 13:55:25.688, 0, 103302, 100, 962.26
2026/08/07 13:55:25.688, 1, 104462, 100, 980.48
2026/08/07 13:55:25.688, 2, 104462, 100, 950.01
2026/08/07 13:55:25.688, 3, 104462, 100, 964.46
2026/08/07 13:55:25.688, 4, 103102, 100, 947.27
2026/08/07 13:55:25.688, 5, 104262, 100, 963.45
2026/08/07 13:55:25.688, 6, 104262, 100, 938.92
2026/08/07 13:55:25.688, 7, 104262, 100, 978.06
2026/08/07 13:55:26.188, 0, 103302, 100, 961.18
2026/08/07 13:55:26.188, 1, 104462, 100, 982.54
2026/08/07 13:55:26.188, 2, 104462, 100, 946.94
2026/08/07 13:55:26.188, 3, 104462, 100, 964.26
2026/08/07 13:55:26.188, 4, 103102, 100, 936.09
2026/08/07 13:55:26.188, 5, 104262, 100, 956.16
2026/08/07 13:55:26.188, 6, 104262, 100, 932.62
2026/08/07 13:55:26.188, 7, 104262, 100, 968.54
2026/08/07 13:55:26.688, 0, 103302, 100, 957.06
2026/08/07 13:55:26.688, 1, 104462, 100, 973.80
2026/08/07 13:55:26.688, 2, 104462, 100, 953.90
2026/08/07 13:55:26.688, 3, 104462, 100, 972.34
2026/08/07 13:55:26.688, 4, 103102, 100, 931.53
2026/08/07 13:55:26.688, 5, 104262, 100, 967.04
2026/08/07 13:55:26.688, 6, 104262, 100, 935.47
2026/08/07 13:55:26.688, 7, 104262, 100, 970.94
2026/08/07 13:55:27.188, 0, 103302, 100, 954.23
2026/08/07 13:55:27.188, 1, 104462, 100, 962.23
2026/08/07 13:55:27.188, 2, 104462, 100, 946.74
2026/08/07 13:55:27.188, 3, 104462, 100, 967.02
2026/08/07 13:55:27.188, 4, 103102, 100, 938.14
2026/08/07 13:55:27.188, 5, 104262, 100, 963.23
2026/08/07 13:55:27.188, 6, 104262, 100, 935.83
2026/08/07 13:55:27.188, 7, 104262, 100, 970.55
2026/08/07 13:55:27.688, 0, 103302, 100, 952.71
2026/08/07 13:55:27.688, 1, 104462, 100, 965.64
2026/08/07 13:55:27.688, 2, 104462, 100, 937.29
2026/08/07 13:55:27.688, 3, 104462, 100, 955.94
2026/08/07 13:55:27.688, 4, 103102, 100, 929.12
2026/08/07 13:55:27.688, 5, 104262, 100, 956.05
2026/08/07 13:55:27.688, 6, 104262, 100, 937.76
2026/08/07 13:55:27.688, 7, 104262, 99, 955.76
2026/08/07 13:55:28.189, 0, 103302, 100, 945.84
2026/08/07 13:55:28.189, 1, 104462, 100, 968.22
2026/08/07 13:55:28.189, 2, 104462, 100, 937.57
2026/08/07 13:55:28.189, 3, 104462, 100, 955.88
2026/08/07 13:55:28.189, 4, 103102, 100, 936.43
2026/08/07 13:55:28.189, 5, 104262, 100, 968.07
2026/08/07 13:55:28.189, 6, 104262, 100, 946.09
2026/08/07 13:55:28.189, 7, 104262, 100, 962.16
2026/08/07 13:55:28.689, 0, 103302, 100, 939.57
2026/08/07 13:55:28.689, 1, 104462, 100, 962.53
2026/08/07 13:55:28.689, 2, 104462, 100, 929.02
2026/08/07 13:55:28.689, 3, 104462, 100, 951.56
2026/08/07 13:55:28.689, 4, 103102, 100, 957.27
2026/08/07 13:55:28.689, 5, 104262, 100, 975.41
2026/08/07 13:55:28.689, 6, 104262, 100, 947.64
2026/08/07 13:55:28.689, 7, 104262, 100, 982.79
2026/08/07 13:55:29.189, 0, 103302, 100, 947.58
2026/08/07 13:55:29.189, 1, 104462, 99, 970.78
2026/08/07 13:55:29.189, 2, 104462, 99, 924.52
2026/08/07 13:55:29.194, 3, 104462, 100, 944.98
2026/08/07 13:55:29.194, 4, 103102, 100, 960.33
2026/08/07 13:55:29.194, 5, 104262, 100, 972.89
2026/08/07 13:55:29.194, 6, 104262, 100, 956.19
2026/08/07 13:55:29.194, 7, 104262, 100, 985.00
2026/08/07 13:55:29.694, 0, 103302, 100, 958.76
2026/08/07 13:55:29.694, 1, 104462, 100, 974.79
2026/08/07 13:55:29.694, 2, 104462, 100, 941.20
2026/08/07 13:55:29.694, 3, 104462, 100, 960.14
2026/08/07 13:55:29.694, 4, 103102, 100, 945.24
2026/08/07 13:55:29.694, 5, 104262, 100, 973.34
2026/08/07 13:55:29.694, 6, 104262, 100, 960.05
2026/08/07 13:55:29.694, 7, 104262, 100, 977.45
2026/08/07 13:55:30.194, 0, 103302, 100, 964.08
2026/08/07 13:55:30.194, 1, 104462, 100, 986.34
2026/08/07 13:55:30.194, 2, 104462, 100, 963.36
2026/08/07 13:55:30.194, 3, 104462, 100, 972.24
2026/08/07 13:55:30.194, 4, 103102, 100, 943.40
2026/08/07 13:55:30.194, 5, 104262, 100, 970.96
2026/08/07 13:55:30.195, 6, 104262, 100, 958.07
2026/08/07 13:55:30.195, 7, 104262, 100, 975.53
2026/08/07 13:55:30.695, 0, 103302, 100, 962.08
2026/08/07 13:55:30.695, 1, 104462, 100, 985.91
2026/08/07 13:55:30.695, 2, 104462, 100, 953.36
2026/08/07 13:55:30.695, 3, 104462, 100, 963.98
2026/08/07 13:55:30.695, 4, 103102, 100, 941.41
2026/08/07 13:55:30.695, 5, 104262, 100, 968.27
2026/08/07 13:55:30.695, 6, 104262, 100, 940.58
2026/08/07 13:55:30.695, 7, 104262, 100, 966.33
2026/08/07 13:55:31.195, 0, 103302, 100, 960.90
2026/08/07 13:55:31.195, 1, 104462, 100, 977.66
2026/08/07 13:55:31.195, 2, 104462, 100, 947.31
2026/08/07 13:55:31.195, 3, 104462, 100, 965.31
2026/08/07 13:55:31.195, 4, 103102, 100, 933.52
2026/08/07 13:55:31.195, 5, 104262, 100, 962.54
2026/08/07 13:55:31.195, 6, 104262, 100, 931.67
2026/08/07 13:55:31.195, 7, 104262, 100, 956.76
2026/08/07 13:55:31.695, 0, 103302, 100, 960.97
2026/08/07 13:55:31.695, 1, 104462, 100, 974.27
2026/08/07 13:55:31.695, 2, 104462, 100, 946.54
2026/08/07 13:55:31.695, 3, 104462, 100, 969.64
2026/08/07 13:55:31.695, 4, 103102, 100, 929.75
2026/08/07 13:55:31.695, 5, 104262, 100, 958.44
2026/08/07 13:55:31.695, 6, 104262, 100, 937.98
2026/08/07 13:55:31.695, 7, 104262, 100, 961.18
2026/08/07 13:55:32.195, 0, 103302, 100, 953.62
2026/08/07 13:55:32.195, 1, 104462, 100, 970.84
2026/08/07 13:55:32.195, 2, 104462, 100, 931.66
2026/08/07 13:55:32.195, 3, 104462, 100, 960.02
2026/08/07 13:55:32.195, 4, 103102, 100, 936.11
2026/08/07 13:55:32.195, 5, 104262, 100, 957.85
2026/08/07 13:55:32.195, 6, 104262, 100, 928.56
2026/08/07 13:55:32.195, 7, 104262, 100, 963.78
2026/08/07 13:55:32.695, 0, 103302, 100, 948.34
2026/08/07 13:55:32.695, 1, 104462, 100, 966.22
2026/08/07 13:55:32.695, 2, 104462, 100, 938.87
2026/08/07 13:55:32.696, 3, 104462, 100, 959.14
2026/08/07 13:55:32.696, 4, 103102, 100, 935.67
2026/08/07 13:55:32.696, 5, 104262, 100, 957.91
2026/08/07 13:55:32.696, 6, 104262, 100, 930.30
2026/08/07 13:55:32.696, 7, 104262, 100, 965.88
2026/08/07 13:55:33.196, 0, 103302, 100, 941.73
2026/08/07 13:55:33.196, 1, 104462, 100, 968.04
2026/08/07 13:55:33.196, 2, 104462, 100, 953.91
2026/08/07 13:55:33.196, 3, 104462, 100, 954.29
2026/08/07 13:55:33.196, 4, 103102, 100, 941.71
2026/08/07 13:55:33.196, 5, 104262, 100, 962.59
2026/08/07 13:55:33.196, 6, 104262, 100, 954.06
2026/08/07 13:55:33.196, 7, 104262, 100, 974.84
2026/08/07 13:55:33.696, 0, 103302, 100, 943.57
2026/08/07 13:55:33.696, 1, 104462, 100, 970.02
2026/08/07 13:55:33.696, 2, 104462, 100, 946.87
2026/08/07 13:55:33.696, 3, 104462, 100, 951.30
2026/08/07 13:55:33.696, 4, 103102, 100, 959.97
2026/08/07 13:55:33.696, 5, 104262, 100, 970.17
2026/08/07 13:55:33.696, 6, 104262, 100, 954.97
2026/08/07 13:55:33.696, 7, 104262, 100, 986.97
2026/08/07 13:55:34.196, 0, 103302, 100, 957.99
2026/08/07 13:55:34.196, 1, 104462, 100, 978.51
2026/08/07 13:55:34.196, 2, 104462, 100, 945.86
2026/08/07 13:55:34.196, 3, 104462, 100, 961.55
2026/08/07 13:55:34.196, 4, 103102, 100, 956.17
2026/08/07 13:55:34.196, 5, 104262, 100, 966.49
2026/08/07 13:55:34.196, 6, 104262, 100, 958.88
2026/08/07 13:55:34.196, 7, 104262, 100, 978.59
2026/08/07 13:55:34.696, 0, 103302, 100, 961.34
2026/08/07 13:55:34.696, 1, 104462, 100, 983.67
2026/08/07 13:55:34.696, 2, 104462, 100, 952.84
2026/08/07 13:55:34.696, 3, 104462, 100, 969.38
2026/08/07 13:55:34.696, 4, 103102, 100, 944.71
2026/08/07 13:55:34.696, 5, 104262, 100, 961.98
2026/08/07 13:55:34.696, 6, 104262, 100, 950.59
2026/08/07 13:55:34.696, 7, 104262, 100, 964.86
2026/08/07 13:55:35.197, 0, 103302, 100, 960.06
2026/08/07 13:55:35.197, 1, 104462, 100, 974.89
2026/08/07 13:55:35.198, 2, 104462, 100, 951.84
2026/08/07 13:55:35.199, 3, 104462, 100, 964.66
2026/08/07 13:55:35.200, 4, 103102, 100, 942.38
2026/08/07 13:55:35.201, 5, 104262, 100, 956.24
2026/08/07 13:55:35.202, 6, 104262, 100, 936.95
2026/08/07 13:55:35.203, 7, 104262, 100, 968.04
2026/08/07 13:55:35.704, 0, 103302, 100, 962.33
2026/08/07 13:55:35.704, 1, 104462, 100, 974.57
2026/08/07 13:55:35.705, 2, 104462, 100, 948.33
2026/08/07 13:55:35.708, 3, 104462, 100, 970.05
2026/08/07 13:55:35.709, 4, 103102, 100, 944.34
2026/08/07 13:55:35.712, 5, 104262, 100, 958.16
2026/08/07 13:55:35.712, 6, 104262, 100, 935.05
2026/08/07 13:55:35.716, 7, 104262, 100, 973.87
2026/08/07 13:55:36.217, 0, 103302, 100, 960.13
2026/08/07 13:55:36.217, 1, 104462, 100, 974.38
2026/08/07 13:55:36.217, 2, 104462, 100, 955.14
2026/08/07 13:55:36.217, 3, 104462, 100, 966.05
2026/08/07 13:55:36.217, 4, 103102, 100, 943.79
2026/08/07 13:55:36.217, 5, 104262, 100, 957.47
2026/08/07 13:55:36.217, 6, 104262, 100, 937.84
2026/08/07 13:55:36.217, 7, 104262, 100, 960.71
2026/08/07 13:55:36.717, 0, 103302, 100, 950.40
2026/08/07 13:55:36.717, 1, 104462, 100, 962.88
2026/08/07 13:55:36.717, 2, 104462, 100, 950.36
2026/08/07 13:55:36.717, 3, 104462, 100, 961.20
2026/08/07 13:55:36.717, 4, 103102, 100, 937.74
2026/08/07 13:55:36.717, 5, 104262, 100, 958.71
2026/08/07 13:55:36.717, 6, 104262, 100, 946.41
2026/08/07 13:55:36.717, 7, 104262, 100, 962.86
2026/08/07 13:55:37.217, 0, 103302, 100, 950.93
2026/08/07 13:55:37.217, 1, 104462, 100, 959.94
2026/08/07 13:55:37.217, 2, 104462, 100, 944.09
2026/08/07 13:55:37.217, 3, 104462, 100, 954.04
2026/08/07 13:55:37.217, 4, 103102, 100, 943.72
2026/08/07 13:55:37.217, 5, 104262, 100, 964.53
2026/08/07 13:55:37.217, 6, 104262, 100, 958.25
2026/08/07 13:55:37.217, 7, 104262, 100, 978.82
2026/08/07 13:55:37.717, 0, 103302, 100, 941.25
2026/08/07 13:55:37.719, 1, 104462, 100, 960.05
2026/08/07 13:55:37.719, 2, 104462, 100, 947.50
2026/08/07 13:55:37.719, 3, 104462, 100, 951.86
2026/08/07 13:55:37.719, 4, 103102, 100, 953.70
2026/08/07 13:55:37.719, 5, 104262, 100, 978.66
2026/08/07 13:55:37.719, 6, 104262, 100, 962.74
2026/08/07 13:55:37.720, 7, 104262, 100, 979.74
2026/08/07 13:55:38.220, 0, 103302, 100, 943.71
2026/08/07 13:55:38.220, 1, 104462, 100, 962.01
2026/08/07 13:55:38.220, 2, 104462, 100, 951.20
2026/08/07 13:55:38.220, 3, 104462, 100, 956.42
2026/08/07 13:55:38.220, 4, 103102, 100, 957.65
2026/08/07 13:55:38.220, 5, 104262, 100, 980.99
2026/08/07 13:55:38.220, 6, 104262, 100, 960.07
2026/08/07 13:55:38.220, 7, 104262, 100, 985.28
2026/08/07 13:55:38.720, 0, 103302, 100, 956.72
2026/08/07 13:55:38.720, 1, 104462, 100, 979.70
2026/08/07 13:55:38.720, 2, 104462, 100, 953.79
2026/08/07 13:55:38.720, 3, 104462, 100, 963.81
2026/08/07 13:55:38.720, 4, 103102, 100, 955.67
2026/08/07 13:55:38.720, 5, 104262, 100, 970.13
2026/08/07 13:55:38.720, 6, 104262, 100, 952.20
2026/08/07 13:55:38.720, 7, 104262, 100, 981.36
2026/08/07 13:55:39.220, 0, 103302, 100, 963.86
2026/08/07 13:55:39.220, 1, 104462, 100, 991.39
2026/08/07 13:55:39.220, 2, 104462, 100, 967.12
2026/08/07 13:55:39.220, 3, 104462, 100, 975.72
2026/08/07 13:55:39.220, 4, 103102, 100, 947.11
2026/08/07 13:55:39.220, 5, 104262, 100, 966.15
2026/08/07 13:55:39.220, 6, 104262, 100, 945.90
2026/08/07 13:55:39.220, 7, 104262, 100, 977.05
2026/08/07 13:55:39.721, 0, 103302, 100, 963.96
2026/08/07 13:55:39.721, 1, 104462, 100, 992.87
2026/08/07 13:55:39.721, 2, 104462, 100, 967.89
2026/08/07 13:55:39.721, 3, 104462, 100, 971.08
2026/08/07 13:55:39.721, 4, 103102, 100, 934.33
2026/08/07 13:55:39.721, 5, 104262, 100, 958.95
2026/08/07 13:55:39.721, 6, 104262, 100, 939.44
2026/08/07 13:55:39.721, 7, 104262, 100, 967.43
2026/08/07 13:55:40.221, 0, 103302, 100, 960.97
2026/08/07 13:55:40.221, 1, 104462, 100, 976.73
2026/08/07 13:55:40.221, 2, 104462, 100, 951.96
2026/08/07 13:55:40.221, 3, 104462, 100, 966.13
2026/08/07 13:55:40.221, 4, 103102, 100, 927.77
2026/08/07 13:55:40.221, 5, 104262, 100, 951.69
2026/08/07 13:55:40.221, 6, 104262, 100, 941.96
2026/08/07 13:55:40.221, 7, 104262, 100, 962.86
2026/08/07 13:55:40.721, 0, 103302, 100, 954.74
2026/08/07 13:55:40.721, 1, 104462, 100, 965.34
2026/08/07 13:55:40.721, 2, 104462, 100, 940.59
2026/08/07 13:55:40.721, 3, 104462, 100, 954.87
2026/08/07 13:55:40.721, 4, 103102, 100, 927.18
2026/08/07 13:55:40.721, 5, 104262, 100, 951.37
2026/08/07 13:55:40.721, 6, 104262, 99, 935.62
2026/08/07 13:55:40.721, 7, 104262, 98, 960.45
2026/08/07 13:55:41.221, 0, 103302, 100, 950.43
2026/08/07 13:55:41.221, 1, 104462, 100, 970.10
2026/08/07 13:55:41.221, 2, 104462, 100, 946.46
2026/08/07 13:55:41.221, 3, 104462, 100, 952.55
2026/08/07 13:55:41.221, 4, 103102, 100, 927.88
2026/08/07 13:55:41.221, 5, 104262, 100, 947.14
2026/08/07 13:55:41.221, 6, 104262, 100, 928.25
2026/08/07 13:55:41.221, 7, 104262, 100, 962.72
2026/08/07 13:55:41.721, 0, 103302, 100, 952.67
2026/08/07 13:55:41.722, 1, 104462, 100, 964.50
2026/08/07 13:55:41.722, 2, 104462, 100, 953.64
2026/08/07 13:55:41.722, 3, 104462, 100, 959.30
2026/08/07 13:55:41.722, 4, 103102, 100, 936.37
2026/08/07 13:55:41.722, 5, 104262, 100, 953.46
2026/08/07 13:55:41.722, 6, 104262, 100, 940.86
2026/08/07 13:55:41.722, 7, 104262, 100, 974.41
2026/08/07 13:55:42.222, 0, 103302, 100, 946.51
2026/08/07 13:55:42.224, 1, 104462, 99, 951.36
2026/08/07 13:55:42.224, 2, 104462, 99, 943.84
2026/08/07 13:55:42.224, 3, 104462, 100, 957.18
2026/08/07 13:55:42.224, 4, 103102, 100, 946.80
2026/08/07 13:55:42.225, 5, 104262, 100, 963.25
2026/08/07 13:55:42.225, 6, 104262, 100, 946.08
2026/08/07 13:55:42.225, 7, 104262, 100, 979.29
2026/08/07 13:55:42.725, 0, 103302, 100, 946.32
2026/08/07 13:55:42.725, 1, 104462, 100, 961.74
2026/08/07 13:55:42.725, 2, 104462, 100, 948.66
2026/08/07 13:55:42.725, 3, 104462, 100, 963.39
2026/08/07 13:55:42.725, 4, 103102, 100, 944.88
2026/08/07 13:55:42.725, 5, 104262, 100, 965.11
2026/08/07 13:55:42.725, 6, 104262, 100, 950.88
2026/08/07 13:55:42.725, 7, 104262, 100, 980.35
2026/08/07 13:55:43.225, 0, 103302, 100, 961.41
2026/08/07 13:55:43.225, 1, 104462, 100, 980.32
2026/08/07 13:55:43.225, 2, 104462, 100, 953.33
2026/08/07 13:55:43.225, 3, 104462, 100, 968.31
2026/08/07 13:55:43.225, 4, 103102, 100, 938.32
2026/08/07 13:55:43.225, 5, 104262, 100, 960.89
2026/08/07 13:55:43.225, 6, 104262, 100, 953.31
2026/08/07 13:55:43.225, 7, 104262, 100, 977.09
2026/08/07 13:55:43.725, 0, 103302, 100, 969.13
2026/08/07 13:55:43.725, 1, 104462, 100, 982.67
2026/08/07 13:55:43.725, 2, 104462, 100, 952.04
2026/08/07 13:55:43.725, 3, 104462, 100, 969.34
2026/08/07 13:55:43.725, 4, 103102, 100, 936.78
2026/08/07 13:55:43.725, 5, 104262, 100, 956.80
2026/08/07 13:55:43.725, 6, 104262, 100, 945.88
2026/08/07 13:55:43.725, 7, 104262, 100, 970.34
2026/08/07 13:55:44.225, 0, 103302, 100, 957.90
2026/08/07 13:55:44.225, 1, 104462, 100, 981.40
2026/08/07 13:55:44.225, 2, 104462, 100, 954.43
2026/08/07 13:55:44.225, 3, 104462, 100, 967.04
2026/08/07 13:55:44.225, 4, 103102, 100, 934.92
2026/08/07 13:55:44.225, 5, 104262, 100, 954.39
2026/08/07 13:55:44.225, 6, 104262, 100, 942.34
2026/08/07 13:55:44.225, 7, 104262, 100, 969.09
2026/08/07 13:55:44.726, 0, 103302, 100, 949.49
2026/08/07 13:55:44.726, 1, 104462, 100, 968.05
2026/08/07 13:55:44.726, 2, 104462, 100, 953.68
2026/08/07 13:55:44.726, 3, 104462, 100, 965.51
2026/08/07 13:55:44.726, 4, 103102, 100, 933.76
2026/08/07 13:55:44.726, 5, 104262, 100, 953.14
2026/08/07 13:55:44.726, 6, 104262, 100, 944.35
2026/08/07 13:55:44.726, 7, 104262, 100, 956.94
2026/08/07 13:55:45.226, 0, 103302, 100, 959.88
2026/08/07 13:55:45.226, 1, 104462, 100, 969.82
2026/08/07 13:55:45.226, 2, 104462, 100, 955.41
2026/08/07 13:55:45.226, 3, 104462, 100, 964.09
2026/08/07 13:55:45.226, 4, 103102, 100, 929.72
2026/08/07 13:55:45.226, 5, 104262, 100, 947.57
2026/08/07 13:55:45.226, 6, 104262, 100, 938.29
2026/08/07 13:55:45.226, 7, 104262, 99, 954.64
2026/08/07 13:55:45.726, 0, 103302, 100, 960.26
2026/08/07 13:55:45.727, 1, 104462, 100, 976.38
2026/08/07 13:55:45.727, 2, 104462, 100, 957.23
2026/08/07 13:55:45.728, 3, 104462, 100, 963.84
2026/08/07 13:55:45.729, 4, 103102, 100, 933.00
2026/08/07 13:55:45.730, 5, 104262, 100, 954.57
2026/08/07 13:55:45.730, 6, 104262, 100, 930.72
2026/08/07 13:55:45.731, 7, 104262, 100, 959.15
2026/08/07 13:55:46.232, 0, 103302, 100, 950.97
2026/08/07 13:55:46.232, 1, 104462, 100, 978.11
2026/08/07 13:55:46.232, 2, 104462, 100, 950.55
2026/08/07 13:55:46.232, 3, 104462, 100, 960.21
2026/08/07 13:55:46.232, 4, 103102, 100, 946.68
2026/08/07 13:55:46.232, 5, 104262, 100, 965.67
2026/08/07 13:55:46.232, 6, 104262, 100, 946.82
2026/08/07 13:55:46.232, 7, 104262, 100, 978.31
2026/08/07 13:55:46.732, 0, 103302, 100, 939.44
2026/08/07 13:55:46.732, 1, 104462, 99, 972.75
2026/08/07 13:55:46.732, 2, 104462, 99, 944.52
2026/08/07 13:55:46.732, 3, 104462, 100, 947.64
2026/08/07 13:55:46.732, 4, 103102, 100, 950.45
2026/08/07 13:55:46.732, 5, 104262, 100, 968.78
2026/08/07 13:55:46.732, 6, 104262, 100, 953.66
2026/08/07 13:55:46.732, 7, 104262, 100, 986.44
2026/08/07 13:55:47.233, 0, 103302, 100, 936.23
2026/08/07 13:55:47.233, 1, 104462, 100, 972.08
2026/08/07 13:55:47.233, 2, 104462, 100, 945.45
2026/08/07 13:55:47.233, 3, 104462, 100, 947.53
2026/08/07 13:55:47.233, 4, 103102, 100, 944.65
2026/08/07 13:55:47.233, 5, 104262, 100, 965.16
2026/08/07 13:55:47.233, 6, 104262, 100, 945.43
2026/08/07 13:55:47.233, 7, 104262, 100, 982.57
2026/08/07 13:55:47.733, 0, 103302, 100, 956.24
2026/08/07 13:55:47.733, 1, 104462, 100, 976.51
2026/08/07 13:55:47.733, 2, 104462, 100, 960.26
2026/08/07 13:55:47.733, 3, 104462, 100, 964.27
2026/08/07 13:55:47.733, 4, 103102, 100, 940.00
2026/08/07 13:55:47.733, 5, 104262, 100, 959.19
2026/08/07 13:55:47.733, 6, 104262, 100, 945.14
2026/08/07 13:55:47.733, 7, 104262, 100, 975.59
2026/08/07 13:55:48.233, 0, 103302, 100, 962.68
2026/08/07 13:55:48.233, 1, 104462, 100, 976.67
2026/08/07 13:55:48.234, 2, 104462, 100, 954.10
2026/08/07 13:55:48.235, 3, 104462, 100, 968.68
2026/08/07 13:55:48.236, 4, 103102, 100, 932.09
2026/08/07 13:55:48.237, 5, 104262, 100, 955.05
2026/08/07 13:55:48.238, 6, 104262, 100, 950.69
2026/08/07 13:55:48.238, 7, 104262, 100, 965.91
2026/08/07 13:55:48.739, 0, 103302, 100, 960.73
2026/08/07 13:55:48.742, 1, 104462, 100, 976.77
2026/08/07 13:55:48.746, 2, 104462, 100, 949.18
2026/08/07 13:55:48.747, 3, 104462, 100, 967.10
2026/08/07 13:55:48.750, 4, 103102, 100, 932.32
2026/08/07 13:55:48.751, 5, 104262, 100, 963.26
2026/08/07 13:55:48.755, 6, 104262, 100, 945.00
2026/08/07 13:55:48.755, 7, 104262, 100, 965.99
2026/08/07 13:55:49.259, 0, 103302, 100, 957.27
2026/08/07 13:55:49.259, 1, 104462, 100, 977.12
2026/08/07 13:55:49.259, 2, 104462, 100, 944.41
2026/08/07 13:55:49.259, 3, 104462, 100, 963.20
2026/08/07 13:55:49.259, 4, 103102, 100, 936.54
2026/08/07 13:55:49.259, 5, 104262, 100, 965.89
2026/08/07 13:55:49.259, 6, 104262, 100, 940.34
2026/08/07 13:55:49.259, 7, 104262, 100, 970.98
2026/08/07 13:55:49.759, 0, 103302, 100, 951.66
2026/08/07 13:55:49.759, 1, 104462, 100, 973.73
2026/08/07 13:55:49.759, 2, 104462, 100, 939.31
2026/08/07 13:55:49.759, 3, 104462, 100, 951.26
2026/08/07 13:55:49.759, 4, 103102, 100, 938.17
2026/08/07 13:55:49.759, 5, 104262, 100, 954.70
2026/08/07 13:55:49.759, 6, 104262, 100, 931.41
2026/08/07 13:55:49.759, 7, 104262, 100, 970.90
2026/08/07 13:55:50.260, 0, 103302, 100, 943.02
2026/08/07 13:55:50.260, 1, 104462, 100, 965.31
2026/08/07 13:55:50.260, 2, 104462, 100, 947.79
2026/08/07 13:55:50.260, 3, 104462, 100, 950.08
2026/08/07 13:55:50.260, 4, 103102, 100, 944.28
2026/08/07 13:55:50.260, 5, 104262, 100, 958.55
2026/08/07 13:55:50.260, 6, 104262, 100, 929.84
2026/08/07 13:55:50.260, 7, 104262, 100, 975.77
2026/08/07 13:55:50.760, 0, 103302, 100, 945.29
2026/08/07 13:55:50.763, 1, 104462, 100, 966.54
2026/08/07 13:55:50.764, 2, 104462, 100, 952.36
2026/08/07 13:55:50.768, 3, 104462, 100, 960.51
2026/08/07 13:55:50.769, 4, 103102, 100, 941.44
2026/08/07 13:55:50.773, 5, 104262, 100, 961.04
2026/08/07 13:55:50.774, 6, 104262, 100, 947.40
2026/08/07 13:55:50.778, 7, 104262, 100, 973.22
2026/08/07 13:55:51.278, 0, 103302, 100, 937.94
2026/08/07 13:55:51.279, 1, 104462, 100, 964.99
2026/08/07 13:55:51.279, 2, 104462, 100, 940.92
2026/08/07 13:55:51.279, 3, 104462, 100, 957.47
2026/08/07 13:55:51.279, 4, 103102, 100, 941.72
2026/08/07 13:55:51.279, 5, 104262, 100, 955.12
2026/08/07 13:55:51.279, 6, 104262, 100, 951.69
2026/08/07 13:55:51.279, 7, 104262, 100, 978.77
2026/08/07 13:55:51.779, 0, 103302, 100, 936.96
2026/08/07 13:55:51.779, 1, 104462, 100, 968.17
2026/08/07 13:55:51.779, 2, 104462, 100, 949.57
2026/08/07 13:55:51.779, 3, 104462, 100, 956.63
2026/08/07 13:55:51.779, 4, 103102, 100, 941.46
2026/08/07 13:55:51.779, 5, 104262, 100, 962.13
2026/08/07 13:55:51.779, 6, 104262, 100, 945.60
2026/08/07 13:55:51.779, 7, 104262, 100, 974.88
2026/08/07 13:55:52.279, 0, 103302, 100, 956.95
2026/08/07 13:55:52.279, 1, 104462, 100, 968.90
2026/08/07 13:55:52.279, 2, 104462, 100, 959.44
2026/08/07 13:55:52.279, 3, 104462, 100, 970.80
2026/08/07 13:55:52.279, 4, 103102, 100, 938.90
2026/08/07 13:55:52.279, 5, 104262, 100, 966.39
2026/08/07 13:55:52.279, 6, 104262, 100, 941.54
2026/08/07 13:55:52.279, 7, 104262, 100, 962.36
2026/08/07 13:55:52.779, 0, 103302, 100, 965.58
2026/08/07 13:55:52.779, 1, 104462, 100, 968.05
2026/08/07 13:55:52.779, 2, 104462, 100, 953.83
2026/08/07 13:55:52.779, 3, 104462, 100, 973.81
2026/08/07 13:55:52.779, 4, 103102, 100, 936.29
2026/08/07 13:55:52.779, 5, 104262, 100, 964.51
2026/08/07 13:55:52.779, 6, 104262, 100, 936.56
2026/08/07 13:55:52.779, 7, 104262, 100, 966.33
2026/08/07 13:55:53.279, 0, 103302, 100, 967.05
2026/08/07 13:55:53.279, 1, 104462, 100, 982.38
2026/08/07 13:55:53.279, 2, 104462, 100, 948.33
2026/08/07 13:55:53.279, 3, 104462, 100, 969.95
2026/08/07 13:55:53.279, 4, 103102, 100, 934.88
2026/08/07 13:55:53.279, 5, 104262, 100, 954.64
2026/08/07 13:55:53.279, 6, 104262, 100, 924.39
2026/08/07 13:55:53.279, 7, 104262, 100, 962.70
2026/08/07 13:55:53.779, 0, 103302, 100, 955.41
2026/08/07 13:55:53.779, 1, 104462, 100, 973.41
2026/08/07 13:55:53.779, 2, 104462, 100, 943.51
2026/08/07 13:55:53.780, 3, 104462, 100, 961.89
2026/08/07 13:55:53.780, 4, 103102, 100, 933.52
2026/08/07 13:55:53.780, 5, 104262, 100, 958.04
2026/08/07 13:55:53.780, 6, 104262, 100, 928.58
2026/08/07 13:55:53.780, 7, 104262, 100, 956.54
2026/08/07 13:55:54.280, 0, 103302, 100, 949.97
2026/08/07 13:55:54.280, 1, 104462, 100, 972.35
2026/08/07 13:55:54.280, 2, 104462, 100, 939.79
2026/08/07 13:55:54.280, 3, 104462, 100, 951.19
2026/08/07 13:55:54.280, 4, 103102, 100, 937.16
2026/08/07 13:55:54.280, 5, 104262, 100, 955.37
2026/08/07 13:55:54.280, 6, 104262, 100, 936.10
2026/08/07 13:55:54.280, 7, 104262, 100, 972.98
2026/08/07 13:55:54.780, 0, 103302, 100, 953.99
2026/08/07 13:55:54.780, 1, 104462, 100, 979.09
2026/08/07 13:55:54.780, 2, 104462, 100, 942.82
2026/08/07 13:55:54.780, 3, 104462, 100, 955.24
2026/08/07 13:55:54.780, 4, 103102, 100, 949.60
2026/08/07 13:55:54.780, 5, 104262, 100, 963.74
2026/08/07 13:55:54.780, 6, 104262, 100, 935.40
2026/08/07 13:55:54.780, 7, 104262, 100, 979.44
2026/08/07 13:55:55.280, 0, 103302, 100, 952.35
2026/08/07 13:55:55.280, 1, 104462, 100, 971.98
2026/08/07 13:55:55.280, 2, 104462, 100, 936.57
2026/08/07 13:55:55.280, 3, 104462, 100, 956.06
2026/08/07 13:55:55.280, 4, 103102, 100, 955.20
2026/08/07 13:55:55.280, 5, 104262, 100, 975.11
2026/08/07 13:55:55.280, 6, 104262, 100, 947.42
2026/08/07 13:55:55.280, 7, 104262, 100, 978.63
2026/08/07 13:55:55.780, 0, 103302, 100, 937.25
2026/08/07 13:55:55.780, 1, 104462, 100, 961.07
2026/08/07 13:55:55.780, 2, 104462, 100, 930.40
2026/08/07 13:55:55.781, 3, 104462, 100, 947.57
2026/08/07 13:55:55.781, 4, 103102, 100, 952.44
2026/08/07 13:55:55.781, 5, 104262, 100, 971.78
2026/08/07 13:55:55.781, 6, 104262, 100, 954.20
2026/08/07 13:55:55.781, 7, 104262, 100, 981.74
2026/08/07 13:55:56.281, 0, 103302, 100, 945.97
2026/08/07 13:55:56.281, 1, 104462, 100, 970.96
2026/08/07 13:55:56.281, 2, 104462, 100, 948.72
2026/08/07 13:55:56.281, 3, 104462, 100, 954.67
2026/08/07 13:55:56.281, 4, 103102, 100, 945.56
2026/08/07 13:55:56.281, 5, 104262, 100, 962.63
2026/08/07 13:55:56.281, 6, 104262, 100, 954.71
2026/08/07 13:55:56.281, 7, 104262, 100, 977.87
2026/08/07 13:55:56.781, 0, 103302, 100, 961.00
2026/08/07 13:55:56.781, 1, 104462, 100, 983.84
2026/08/07 13:55:56.781, 2, 104462, 100, 966.29
2026/08/07 13:55:56.781, 3, 104462, 100, 968.14
2026/08/07 13:55:56.781, 4, 103102, 100, 935.09
2026/08/07 13:55:56.781, 5, 104262, 100, 951.06
2026/08/07 13:55:56.781, 6, 104262, 100, 942.02
2026/08/07 13:55:56.781, 7, 104262, 100, 963.48
2026/08/07 13:55:57.281, 0, 103302, 100, 959.50
2026/08/07 13:55:57.281, 1, 104462, 100, 979.27
2026/08/07 13:55:57.281, 2, 104462, 100, 955.47
2026/08/07 13:55:57.281, 3, 104462, 100, 964.30
2026/08/07 13:55:57.281, 4, 103102, 100, 933.86
2026/08/07 13:55:57.281, 5, 104262, 100, 949.28
2026/08/07 13:55:57.281, 6, 104262, 100, 933.21
2026/08/07 13:55:57.281, 7, 104262, 100, 962.72
2026/08/07 13:55:57.781, 0, 103302, 100, 958.47
2026/08/07 13:55:57.781, 1, 104462, 100, 980.33
2026/08/07 13:55:57.781, 2, 104462, 100, 940.53
2026/08/07 13:55:57.781, 3, 104462, 100, 963.95
2026/08/07 13:55:57.781, 4, 103102, 100, 934.10
2026/08/07 13:55:57.781, 5, 104262, 100, 954.19
2026/08/07 13:55:57.781, 6, 104262, 100, 939.37
2026/08/07 13:55:57.781, 7, 104262, 100, 961.59
2026/08/07 13:55:58.281, 0, 103302, 100, 959.33
2026/08/07 13:55:58.281, 1, 104462, 100, 967.67
2026/08/07 13:55:58.281, 2, 104462, 100, 940.70
2026/08/07 13:55:58.281, 3, 104462, 100, 964.58
2026/08/07 13:55:58.281, 4, 103102, 100, 937.54
2026/08/07 13:55:58.281, 5, 104262, 100, 949.90
2026/08/07 13:55:58.281, 6, 104262, 100, 930.61
2026/08/07 13:55:58.281, 7, 104262, 100, 958.70
2026/08/07 13:55:58.781, 0, 103302, 100, 953.57
2026/08/07 13:55:58.782, 1, 104462, 100, 960.41
2026/08/07 13:55:58.782, 2, 104462, 100, 940.65
2026/08/07 13:55:58.782, 3, 104462, 100, 955.58
2026/08/07 13:55:58.782, 4, 103102, 100, 931.15
2026/08/07 13:55:58.782, 5, 104262, 100, 946.18
2026/08/07 13:55:58.782, 6, 104262, 100, 924.48
2026/08/07 13:55:58.782, 7, 104262, 100, 969.45
2026/08/07 13:55:59.282, 0, 103302, 100, 953.81
2026/08/07 13:55:59.282, 1, 104462, 100, 967.72
2026/08/07 13:55:59.282, 2, 104462, 100, 941.47
2026/08/07 13:55:59.282, 3, 104462, 100, 956.90
2026/08/07 13:55:59.282, 4, 103102, 100, 932.25
2026/08/07 13:55:59.282, 5, 104262, 100, 953.46
2026/08/07 13:55:59.282, 6, 104262, 100, 936.19
2026/08/07 13:55:59.282, 7, 104262, 100, 972.31
2026/08/07 13:55:59.782, 0, 103302, 100, 948.99
2026/08/07 13:55:59.782, 1, 104462, 100, 957.04
2026/08/07 13:55:59.782, 2, 104462, 100, 942.85
2026/08/07 13:55:59.782, 3, 104462, 100, 955.47
2026/08/07 13:55:59.782, 4, 103102, 100, 941.32
2026/08/07 13:55:59.782, 5, 104262, 100, 968.11
2026/08/07 13:55:59.782, 6, 104262, 100, 946.90
2026/08/07 13:55:59.782, 7, 104262, 100, 964.28
2026/08/07 13:56:00.282, 0, 103302, 100, 952.50
2026/08/07 13:56:00.282, 1, 104462, 100, 955.36
2026/08/07 13:56:00.282, 2, 104462, 100, 941.31
2026/08/07 13:56:00.282, 3, 104462, 100, 949.66
2026/08/07 13:56:00.282, 4, 103102, 100, 938.31
2026/08/07 13:56:00.282, 5, 104262, 100, 965.67
2026/08/07 13:56:00.282, 6, 104262, 100, 952.01
2026/08/07 13:56:00.282, 7, 104262, 100, 969.74
2026/08/07 13:56:00.782, 0, 103302, 100, 959.45
2026/08/07 13:56:00.782, 1, 104462, 100, 973.11
2026/08/07 13:56:00.782, 2, 104462, 100, 952.90
2026/08/07 13:56:00.782, 3, 104462, 100, 953.49
2026/08/07 13:56:00.782, 4, 103102, 100, 941.65
2026/08/07 13:56:00.782, 5, 104262, 100, 961.30
2026/08/07 13:56:00.782, 6, 104262, 100, 949.92
2026/08/07 13:56:00.782, 7, 104262, 100, 976.26
2026/08/07 13:56:01.282, 0, 103302, 100, 956.54
2026/08/07 13:56:01.282, 1, 104462, 100, 972.22
2026/08/07 13:56:01.283, 2, 104462, 100, 962.54
2026/08/07 13:56:01.283, 3, 104462, 100, 957.40
2026/08/07 13:56:01.283, 4, 103102, 100, 933.63
2026/08/07 13:56:01.283, 5, 104262, 100, 962.54
2026/08/07 13:56:01.283, 6, 104262, 100, 940.09
2026/08/07 13:56:01.283, 7, 104262, 100, 969.97
2026/08/07 13:56:01.783, 0, 103302, 100, 963.36
2026/08/07 13:56:01.785, 1, 104462, 100, 967.05
2026/08/07 13:56:01.785, 2, 104462, 100, 952.96
2026/08/07 13:56:01.785, 3, 104462, 100, 960.88
2026/08/07 13:56:01.785, 4, 103102, 100, 929.99
2026/08/07 13:56:01.785, 5, 104262, 100, 957.76
2026/08/07 13:56:01.785, 6, 104262, 100, 935.23
2026/08/07 13:56:01.785, 7, 104262, 100, 959.85
2026/08/07 13:56:02.285, 0, 103302, 100, 964.68
2026/08/07 13:56:02.285, 1, 104462, 100, 967.31
2026/08/07 13:56:02.285, 2, 104462, 100, 945.83
2026/08/07 13:56:02.285, 3, 104462, 100, 967.61
2026/08/07 13:56:02.285, 4, 103102, 100, 931.14
2026/08/07 13:56:02.285, 5, 104262, 100, 954.60
2026/08/07 13:56:02.285, 6, 104262, 100, 933.88
2026/08/07 13:56:02.285, 7, 104262, 100, 959.48
2026/08/07 13:56:02.786, 0, 103302, 100, 951.60
2026/08/07 13:56:02.786, 1, 104462, 100, 964.20
2026/08/07 13:56:02.786, 2, 104462, 100, 938.57
2026/08/07 13:56:02.786, 3, 104462, 100, 960.46
2026/08/07 13:56:02.786, 4, 103102, 100, 929.77
2026/08/07 13:56:02.786, 5, 104262, 99, 949.46
2026/08/07 13:56:02.786, 6, 104262, 100, 930.09
2026/08/07 13:56:02.786, 7, 104262, 99, 954.26
2026/08/07 13:56:03.286, 0, 103302, 100, 947.02
2026/08/07 13:56:03.286, 1, 104462, 100, 968.67
2026/08/07 13:56:03.286, 2, 104462, 100, 930.31
2026/08/07 13:56:03.286, 3, 104462, 100, 951.00
2026/08/07 13:56:03.286, 4, 103102, 100, 929.65
2026/08/07 13:56:03.286, 5, 104262, 100, 943.22
2026/08/07 13:56:03.286, 6, 104262, 100, 931.34
2026/08/07 13:56:03.286, 7, 104262, 100, 948.45
2026/08/07 13:56:03.786, 0, 103302, 100, 949.42
2026/08/07 13:56:03.786, 1, 104462, 100, 962.74
2026/08/07 13:56:03.787, 2, 104462, 100, 935.15
2026/08/07 13:56:03.787, 3, 104462, 100, 948.61
2026/08/07 13:56:03.787, 4, 103102, 100, 935.78
2026/08/07 13:56:03.787, 5, 104262, 100, 954.72
2026/08/07 13:56:03.788, 6, 104262, 100, 934.42
2026/08/07 13:56:03.788, 7, 104262, 100, 965.99
2026/08/07 13:56:04.289, 0, 103302, 99, 941.59
2026/08/07 13:56:04.289, 1, 104462, 100, 949.63
2026/08/07 13:56:04.289, 2, 104462, 99, 940.52
2026/08/07 13:56:04.289, 3, 104462, 99, 941.37
2026/08/07 13:56:04.289, 4, 103102, 100, 948.54
2026/08/07 13:56:04.289, 5, 104262, 100, 975.33
2026/08/07 13:56:04.289, 6, 104262, 100, 943.84
2026/08/07 13:56:04.289, 7, 104262, 100, 979.15
2026/08/07 13:56:04.789, 0, 103302, 100, 942.30
2026/08/07 13:56:04.789, 1, 104462, 100, 958.67
2026/08/07 13:56:04.789, 2, 104462, 100, 940.01
2026/08/07 13:56:04.789, 3, 104462, 100, 952.41
2026/08/07 13:56:04.789, 4, 103102, 100, 950.28
2026/08/07 13:56:04.789, 5, 104262, 100, 974.04
2026/08/07 13:56:04.789, 6, 104262, 100, 950.04
2026/08/07 13:56:04.789, 7, 104262, 100, 970.10
2026/08/07 13:56:05.289, 0, 103302, 100, 955.93
2026/08/07 13:56:05.289, 1, 104462, 100, 974.10
2026/08/07 13:56:05.289, 2, 104462, 100, 943.18
2026/08/07 13:56:05.289, 3, 104462, 100, 966.49
2026/08/07 13:56:05.289, 4, 103102, 100, 942.27
2026/08/07 13:56:05.289, 5, 104262, 100, 964.34
2026/08/07 13:56:05.289, 6, 104262, 100, 942.21
2026/08/07 13:56:05.289, 7, 104262, 100, 964.73
2026/08/07 13:56:05.789, 0, 103302, 100, 962.78
2026/08/07 13:56:05.790, 1, 104462, 100, 969.44
2026/08/07 13:56:05.790, 2, 104462, 100, 949.11
2026/08/07 13:56:05.790, 3, 104462, 100, 970.47
2026/08/07 13:56:05.790, 4, 103102, 100, 946.79
2026/08/07 13:56:05.790, 5, 104262, 100, 962.50
2026/08/07 13:56:05.790, 6, 104262, 100, 936.03
2026/08/07 13:56:05.790, 7, 104262, 100, 971.41
2026/08/07 13:56:06.290, 0, 103302, 100, 966.83
2026/08/07 13:56:06.292, 1, 104462, 100, 975.37
2026/08/07 13:56:06.292, 2, 104462, 100, 948.73
2026/08/07 13:56:06.296, 3, 104462, 100, 971.35
2026/08/07 13:56:06.297, 4, 103102, 100, 938.81
2026/08/07 13:56:06.300, 5, 104262, 100, 960.22
2026/08/07 13:56:06.301, 6, 104262, 100, 936.96
2026/08/07 13:56:06.305, 7, 104262, 100, 965.69
2026/08/07 13:56:06.805, 0, 103302, 100, 954.15
2026/08/07 13:56:06.805, 1, 104462, 100, 972.59
2026/08/07 13:56:06.805, 2, 104462, 100, 943.95
2026/08/07 13:56:06.805, 3, 104462, 100, 967.07
2026/08/07 13:56:06.805, 4, 103102, 100, 922.34
2026/08/07 13:56:06.805, 5, 104262, 100, 949.55
2026/08/07 13:56:06.805, 6, 104262, 100, 937.57
2026/08/07 13:56:06.805, 7, 104262, 100, 944.78
2026/08/07 13:56:07.305, 0, 103302, 100, 945.97
2026/08/07 13:56:07.305, 1, 104462, 100, 965.39
2026/08/07 13:56:07.305, 2, 104462, 100, 947.33
2026/08/07 13:56:07.305, 3, 104462, 100, 952.66
2026/08/07 13:56:07.305, 4, 103102, 100, 902.24
2026/08/07 13:56:07.305, 5, 104262, 100, 923.43
2026/08/07 13:56:07.305, 6, 104262, 100, 908.38
2026/08/07 13:56:07.305, 7, 104262, 98, 927.92
2026/08/07 13:56:07.806, 0, 103302, 100, 941.33
2026/08/07 13:56:07.806, 1, 104462, 100, 961.71
2026/08/07 13:56:07.806, 2, 104462, 100, 950.05
2026/08/07 13:56:07.806, 3, 104462, 100, 943.26
2026/08/07 13:56:07.806, 4, 103102, 100, 850.42
2026/08/07 13:56:07.806, 5, 104262, 100, 870.77
2026/08/07 13:56:07.806, 6, 104262, 100, 850.34
2026/08/07 13:56:07.806, 7, 104262, 100, 883.69
2026/08/07 13:56:08.306, 0, 103302, 100, 943.15
2026/08/07 13:56:08.307, 1, 104462, 100, 972.33
2026/08/07 13:56:08.307, 2, 104462, 100, 941.96
2026/08/07 13:56:08.311, 3, 104462, 100, 955.84
2026/08/07 13:56:08.311, 4, 103102, 100, 818.96
2026/08/07 13:56:08.315, 5, 104262, 100, 835.88
2026/08/07 13:56:08.315, 6, 104262, 100, 821.19
2026/08/07 13:56:08.319, 7, 104262, 100, 838.00
2026/08/07 13:56:08.820, 0, 103302, 100, 913.02
2026/08/07 13:56:08.827, 1, 104462, 100, 943.15
2026/08/07 13:56:08.827, 2, 104462, 100, 905.35
2026/08/07 13:56:08.827, 3, 104462, 100, 926.33
2026/08/07 13:56:08.827, 4, 103102, 0, 553.23
2026/08/07 13:56:08.827, 5, 104262, 0, 561.30
2026/08/07 13:56:08.827, 6, 104262, 0, 541.16
2026/08/07 13:56:08.827, 7, 104262, 0, 516.55
2026/08/07 13:56:09.328, 0, 103302, 100, 855.92
2026/08/07 13:56:09.328, 1, 104462, 100, 882.39
2026/08/07 13:56:09.328, 2, 104462, 100, 856.44
2026/08/07 13:56:09.328, 3, 104462, 100, 869.51
2026/08/07 13:56:09.328, 4, 103102, 0, 251.82
2026/08/07 13:56:09.328, 5, 104262, 0, 233.71
2026/08/07 13:56:09.328, 6, 104262, 0, 225.52
2026/08/07 13:56:09.328, 7, 104262, 0, 217.14
2026/08/07 13:56:09.828, 0, 103302, 100, 821.21
2026/08/07 13:56:09.828, 1, 104462, 100, 841.33
2026/08/07 13:56:09.828, 2, 104462, 100, 819.42
2026/08/07 13:56:09.828, 3, 104462, 100, 836.10
2026/08/07 13:56:09.828, 4, 103102, 0, 200.76
2026/08/07 13:56:09.828, 5, 104262, 0, 205.99
2026/08/07 13:56:09.828, 6, 104262, 0, 201.31
2026/08/07 13:56:09.828, 7, 104262, 0, 208.14
2026/08/07 13:56:10.328, 0, 103302, 0, 540.40
2026/08/07 13:56:10.328, 1, 104462, 0, 541.28
2026/08/07 13:56:10.329, 2, 104462, 0, 523.91
2026/08/07 13:56:10.329, 3, 104462, 0, 541.89
2026/08/07 13:56:10.329, 4, 103102, 0, 199.96
2026/08/07 13:56:10.329, 5, 104262, 0, 205.33
2026/08/07 13:56:10.329, 6, 104262, 0, 200.44
2026/08/07 13:56:10.329, 7, 104262, 0, 207.53
2026/08/07 13:56:10.829, 0, 103302, 0, 241.30
2026/08/07 13:56:10.829, 1, 104462, 0, 232.85
2026/08/07 13:56:10.829, 2, 104462, 0, 225.47
2026/08/07 13:56:10.829, 3, 104462, 0, 233.32
2026/08/07 13:56:10.829, 4, 103102, 0, 199.86
2026/08/07 13:56:10.829, 5, 104262, 0, 204.91
2026/08/07 13:56:10.829, 6, 104262, 0, 200.02
2026/08/07 13:56:10.829, 7, 104262, 0, 207.30
2026/08/07 13:56:11.329, 0, 103302, 0, 204.25
2026/08/07 13:56:11.330, 1, 104462, 0, 211.28
2026/08/07 13:56:11.330, 2, 104462, 0, 198.72
2026/08/07 13:56:11.331, 3, 104462, 0, 218.41
2026/08/07 13:56:11.331, 4, 103102, 0, 199.67
2026/08/07 13:56:11.332, 5, 104262, 0, 204.15
2026/08/07 13:56:11.333, 6, 104262, 0, 199.95
2026/08/07 13:56:11.333, 7, 104262, 0, 206.80
2026/08/07 13:56:11.834, 0, 103302, 0, 203.98
2026/08/07 13:56:11.834, 1, 104462, 0, 210.38
2026/08/07 13:56:11.834, 2, 104462, 0, 198.10
2026/08/07 13:56:11.834, 3, 104462, 0, 217.39
2026/08/07 13:56:11.834, 4, 102472, 0, 199.48
2026/08/07 13:56:11.834, 5, 103632, 0, 203.58
2026/08/07 13:56:11.834, 6, 103632, 0, 199.79
2026/08/07 13:56:11.834, 7, 103688, 0, 206.43
2026/08/07 13:56:12.335, 0, 103302, 0, 203.98
2026/08/07 13:56:12.335, 1, 104462, 0, 209.78
2026/08/07 13:56:12.335, 2, 104462, 0, 198.10
2026/08/07 13:56:12.335, 3, 104462, 0, 216.93
2026/08/07 13:56:12.335, 4, 101842, 0, 199.62
2026/08/07 13:56:12.335, 5, 103002, 1, 203.79
2026/08/07 13:56:12.335, 6, 103002, 1, 199.64
2026/08/07 13:56:12.335, 7, 103002, 0, 206.43
