2026/08/07 14:15:55.693, 0, 103114, 0, 202.21
2026/08/07 14:15:55.710, 1, 103110, 12, 205.96
2026/08/07 14:15:55.725, 2, 103110, 39, 196.25
2026/08/07 14:15:55.737, 3, 103110, 5, 212.78
2026/08/07 14:15:55.746, 4, 103100, 0, 198.00
2026/08/07 14:15:55.754, 5, 103096, 100, 201.42
2026/08/07 14:15:55.762, 6, 103096, 100, 198.20
2026/08/07 14:15:55.770, 7, 103096, 100, 203.91
2026/08/07 14:15:56.278, 0, 103114, 0, 202.05
2026/08/07 14:15:56.278, 1, 103110, 100, 205.92
2026/08/07 14:15:56.278, 2, 103110, 100, 196.28
2026/08/07 14:15:56.278, 3, 103110, 100, 212.89
2026/08/07 14:15:56.278, 4, 103100, 0, 197.93
2026/08/07 14:15:56.278, 5, 103096, 100, 201.51
2026/08/07 14:15:56.278, 6, 103096, 100, 198.04
2026/08/07 14:15:56.278, 7, 103096, 100, 203.91
2026/08/07 14:15:56.778, 0, 103114, 0, 201.71
2026/08/07 14:15:56.778, 1, 103110, 100, 205.88
2026/08/07 14:15:56.778, 2, 103110, 100, 196.28
2026/08/07 14:15:56.778, 3, 103110, 100, 212.96
2026/08/07 14:15:56.778, 4, 103100, 0, 198.12
2026/08/07 14:15:56.778, 5, 103096, 100, 201.69
2026/08/07 14:15:56.778, 6, 103096, 100, 198.39
2026/08/07 14:15:56.779, 7, 103096, 100, 204.15
2026/08/07 14:15:57.279, 0, 103114, 0, 201.94
2026/08/07 14:15:57.279, 1, 103110, 100, 206.03
2026/08/07 14:15:57.279, 2, 103110, 100, 196.63
2026/08/07 14:15:57.279, 3, 103110, 100, 213.12
2026/08/07 14:15:57.279, 4, 103100, 0, 198.08
2026/08/07 14:15:57.279, 5, 103096, 100, 201.65
2026/08/07 14:15:57.279, 6, 103096, 100, 198.36
2026/08/07 14:15:57.279, 7, 103096, 100, 204.13
2026/08/07 14:15:57.779, 0, 103114, 0, 202.01
2026/08/07 14:15:57.779, 1, 103110, 100, 206.04
2026/08/07 14:15:57.779, 2, 103110, 100, 196.63
2026/08/07 14:15:57.779, 3, 103110, 100, 212.74
2026/08/07 14:15:57.779, 4, 103100, 0, 197.89
2026/08/07 14:15:57.779, 5, 103096, 100, 201.43
2026/08/07 14:15:57.779, 6, 103096, 100, 197.98
2026/08/07 14:15:57.779, 7, 103096, 100, 203.85
2026/08/07 14:15:58.279, 0, 103114, 0, 201.52
2026/08/07 14:15:58.279, 1, 103110, 100, 205.73
2026/08/07 14:15:58.279, 2, 103110, 100, 196.25
2026/08/07 14:15:58.279, 3, 103110, 100, 212.09
2026/08/07 14:15:58.279, 4, 103100, 0, 197.85
2026/08/07 14:15:58.279, 5, 103096, 100, 201.05
2026/08/07 14:15:58.279, 6, 103096, 100, 197.94
2026/08/07 14:15:58.279, 7, 103096, 100, 204.00
2026/08/07 14:15:58.779, 0, 103114, 0, 201.03
2026/08/07 14:15:58.780, 1, 103110, 100, 205.69
2026/08/07 14:15:58.780, 2, 103110, 100, 196.36
2026/08/07 14:15:58.780, 3, 103110, 100, 212.00
2026/08/07 14:15:58.780, 4, 103100, 0, 200.66
2026/08/07 14:15:58.780, 5, 103096, 100, 203.34
2026/08/07 14:15:58.780, 6, 103096, 93, 221.19
2026/08/07 14:15:58.780, 7, 103096, 99, 244.88
2026/08/07 14:15:59.280, 0, 103114, 98, 344.46
2026/08/07 14:15:59.280, 1, 103110, 100, 354.43
2026/08/07 14:15:59.280, 2, 103110, 92, 295.01
2026/08/07 14:15:59.280, 3, 103110, 99, 315.33
2026/08/07 14:15:59.280, 4, 103100, 3, 381.53
2026/08/07 14:15:59.280, 5, 103096, 15, 381.84
2026/08/07 14:15:59.280, 6, 103096, 0, 380.74
2026/08/07 14:15:59.280, 7, 103096, 15, 391.38
2026/08/07 14:15:59.800, 0, 103114, 0, 385.35
2026/08/07 14:15:59.800, 1, 103110, 0, 389.82
2026/08/07 14:15:59.800, 2, 103110, 0, 376.83
2026/08/07 14:15:59.800, 3, 103110, 0, 388.32
2026/08/07 14:15:59.800, 4, 103100, 0, 377.75
2026/08/07 14:15:59.800, 5, 103096, 0, 379.82
2026/08/07 14:15:59.800, 6, 103096, 0, 370.24
2026/08/07 14:15:59.800, 7, 103096, 0, 364.77
2026/08/07 14:16:00.300, 0, 103114, 0, 253.60
2026/08/07 14:16:00.302, 1, 103110, 0, 241.13
2026/08/07 14:16:00.303, 2, 103110, 0, 212.25
2026/08/07 14:16:00.310, 3, 103110, 0, 236.13
2026/08/07 14:16:00.310, 4, 103100, 100, 315.54
2026/08/07 14:16:00.317, 5, 104260, 31, 201.53
2026/08/07 14:16:00.318, 6, 104260, 0, 209.39
2026/08/07 14:16:00.325, 7, 104260, 0, 265.99
2026/08/07 14:16:00.827, 0, 103114, 15, 202.44
2026/08/07 14:16:00.827, 1, 103110, 0, 206.13
2026/08/07 14:16:00.827, 2, 103110, 7, 196.55
2026/08/07 14:16:00.827, 3, 103110, 18, 212.65
2026/08/07 14:16:00.827, 4, 103100, 94, 543.24
2026/08/07 14:16:00.827, 5, 104260, 98, 570.96
2026/08/07 14:16:00.827, 6, 104260, 100, 508.73
2026/08/07 14:16:00.827, 7, 104260, 98, 538.09
2026/08/07 14:16:01.327, 0, 103114, 100, 428.72
2026/08/07 14:16:01.333, 1, 104274, 100, 413.52
2026/08/07 14:16:01.333, 2, 104274, 100, 423.24
2026/08/07 14:16:01.333, 3, 104274, 100, 437.17
2026/08/07 14:16:01.333, 4, 103100, 100, 770.41
2026/08/07 14:16:01.333, 5, 104260, 100, 883.15
2026/08/07 14:16:01.333, 6, 104260, 100, 834.11
2026/08/07 14:16:01.333, 7, 104260, 100, 818.53
2026/08/07 14:16:01.833, 0, 103114, 100, 739.68
2026/08/07 14:16:01.833, 1, 104274, 99, 757.36
2026/08/07 14:16:01.833, 2, 104274, 99, 761.10
2026/08/07 14:16:01.833, 3, 104274, 99, 772.64
2026/08/07 14:16:01.833, 4, 103100, 99, 869.50
2026/08/07 14:16:01.833, 5, 104260, 99, 879.75
2026/08/07 14:16:01.833, 6, 104260, 100, 869.54
2026/08/07 14:16:01.833, 7, 104260, 99, 892.31
2026/08/07 14:16:02.333, 0, 103114, 100, 852.66
2026/08/07 14:16:02.333, 1, 104274, 100, 899.39
2026/08/07 14:16:02.333, 2, 104274, 100, 865.95
2026/08/07 14:16:02.333, 3, 104274, 100, 886.32
2026/08/07 14:16:02.333, 4, 103100, 99, 873.32
2026/08/07 14:16:02.333, 5, 104260, 99, 879.93
2026/08/07 14:16:02.333, 6, 104260, 100, 869.87
2026/08/07 14:16:02.333, 7, 104260, 100, 896.78
2026/08/07 14:16:02.833, 0, 103114, 100, 883.70
2026/08/07 14:16:02.833, 1, 104274, 99, 893.10
2026/08/07 14:16:02.833, 2, 104274, 99, 884.26
2026/08/07 14:16:02.833, 3, 104274, 99, 889.68
2026/08/07 14:16:02.833, 4, 103100, 99, 869.86
2026/08/07 14:16:02.833, 5, 104260, 99, 883.90
2026/08/07 14:16:02.833, 6, 104260, 100, 878.99
2026/08/07 14:16:02.833, 7, 104260, 100, 897.75
2026/08/07 14:16:03.336, 0, 103114, 100, 886.38
2026/08/07 14:16:03.336, 1, 104274, 100, 878.30
2026/08/07 14:16:03.336, 2, 104274, 100, 864.90
2026/08/07 14:16:03.336, 3, 104274, 100, 882.58
2026/08/07 14:16:03.336, 4, 103100, 0, 611.24
2026/08/07 14:16:03.336, 5, 104260, 100, 626.69
2026/08/07 14:16:03.336, 6, 104260, 37, 671.02
2026/08/07 14:16:03.336, 7, 104260, 0, 676.83
2026/08/07 14:16:03.837, 0, 103114, 100, 789.01
2026/08/07 14:16:03.837, 1, 104274, 89, 790.19
2026/08/07 14:16:03.837, 2, 104274, 60, 750.56
2026/08/07 14:16:03.837, 3, 104274, 95, 773.74
2026/08/07 14:16:03.837, 4, 103100, 0, 305.54
2026/08/07 14:16:03.837, 5, 104260, 0, 296.02
2026/08/07 14:16:03.837, 6, 104260, 0, 329.55
2026/08/07 14:16:03.837, 7, 104260, 0, 341.95
2026/08/07 14:16:04.339, 0, 103114, 0, 445.60
2026/08/07 14:16:04.339, 1, 104274, 100, 459.70
2026/08/07 14:16:04.339, 2, 104274, 100, 426.20
2026/08/07 14:16:04.339, 3, 104274, 100, 445.17
2026/08/07 14:16:04.339, 4, 103100, 0, 215.53
2026/08/07 14:16:04.339, 5, 104260, 0, 204.58
2026/08/07 14:16:04.339, 6, 104260, 0, 201.46
2026/08/07 14:16:04.339, 7, 104260, 0, 207.73
2026/08/07 14:16:04.839, 0, 103114, 0, 202.99
2026/08/07 14:16:04.839, 1, 104274, 100, 208.42
2026/08/07 14:16:04.839, 2, 104274, 100, 197.76
2026/08/07 14:16:04.839, 3, 104274, 100, 214.91
2026/08/07 14:16:04.839, 4, 103100, 0, 198.04
2026/08/07 14:16:04.839, 5, 104260, 0, 201.73
2026/08/07 14:16:04.839, 6, 104260, 0, 198.08
2026/08/07 14:16:04.839, 7, 104260, 0, 204.18
2026/08/07 14:16:05.341, 0, 103114, 0, 202.21
2026/08/07 14:16:05.341, 1, 104274, 100, 207.36
2026/08/07 14:16:05.341, 2, 104274, 100, 196.89
2026/08/07 14:16:05.341, 3, 104274, 100, 213.43
2026/08/07 14:16:05.341, 4, 103100, 0, 207.66
2026/08/07 14:16:05.341, 5, 104260, 0, 201.54
2026/08/07 14:16:05.341, 6, 104260, 0, 198.09
2026/08/07 14:16:05.341, 7, 104260, 0, 203.91
2026/08/07 14:16:05.845, 0, 103114, 17, 221.65
2026/08/07 14:16:05.849, 1, 104274, 59, 209.27
2026/08/07 14:16:05.854, 2, 104274, 36, 199.01
2026/08/07 14:16:05.859, 3, 104274, 67, 215.48
2026/08/07 14:16:05.863, 4, 103100, 100, 255.90
2026/08/07 14:16:05.871, 5, 104260, 0, 256.81
2026/08/07 14:16:05.871, 6, 104260, 17, 269.98
2026/08/07 14:16:05.871, 7, 104260, 5, 291.86
2026/08/07 14:16:06.376, 0, 103114, 0, 221.60
2026/08/07 14:16:06.376, 1, 104274, 0, 208.44
2026/08/07 14:16:06.376, 2, 104274, 0, 198.72
2026/08/07 14:16:06.376, 3, 104274, 0, 214.94
2026/08/07 14:16:06.376, 4, 103100, 97, 593.76
2026/08/07 14:16:06.376, 5, 104260, 97, 608.67
2026/08/07 14:16:06.376, 6, 104260, 92, 604.17
2026/08/07 14:16:06.377, 7, 104260, 100, 654.90
2026/08/07 14:16:06.877, 0, 103114, 0, 202.02
2026/08/07 14:16:06.877, 1, 104274, 0, 205.64
2026/08/07 14:16:06.877, 2, 104274, 0, 196.25
2026/08/07 14:16:06.877, 3, 104274, 0, 211.95
2026/08/07 14:16:06.877, 4, 103100, 100, 888.73
2026/08/07 14:16:06.877, 5, 104260, 100, 899.66
2026/08/07 14:16:06.877, 6, 104260, 91, 878.58
2026/08/07 14:16:06.877, 7, 104260, 94, 924.55
2026/08/07 14:16:07.377, 0, 103114, 0, 219.01
2026/08/07 14:16:07.377, 1, 104274, 0, 236.87
2026/08/07 14:16:07.377, 2, 104274, 0, 196.44
2026/08/07 14:16:07.377, 3, 104274, 0, 220.93
2026/08/07 14:16:07.377, 4, 103100, 92, 896.25
2026/08/07 14:16:07.377, 5, 104260, 100, 907.20
2026/08/07 14:16:07.377, 6, 104260, 96, 894.94
2026/08/07 14:16:07.377, 7, 104260, 95, 935.30
2026/08/07 14:16:07.877, 0, 103114, 100, 584.86
2026/08/07 14:16:07.877, 1, 104274, 100, 603.04
2026/08/07 14:16:07.877, 2, 104274, 100, 531.00
2026/08/07 14:16:07.877, 3, 104274, 100, 549.89
2026/08/07 14:16:07.877, 4, 103100, 100, 923.81
2026/08/07 14:16:07.877, 5, 104260, 100, 932.63
2026/08/07 14:16:07.877, 6, 104260, 100, 923.34
2026/08/07 14:16:07.877, 7, 104260, 100, 954.88
2026/08/07 14:16:08.377, 0, 103114, 100, 945.30
2026/08/07 14:16:08.377, 1, 104274, 100, 949.44
2026/08/07 14:16:08.377, 2, 104274, 100, 903.53
2026/08/07 14:16:08.377, 3, 104274, 100, 909.61
2026/08/07 14:16:08.377, 4, 103100, 100, 944.23
2026/08/07 14:16:08.377, 5, 104260, 100, 961.28
2026/08/07 14:16:08.377, 6, 104260, 100, 947.80
2026/08/07 14:16:08.377, 7, 104260, 100, 962.93
2026/08/07 14:16:08.878, 0, 103114, 100, 961.25
2026/08/07 14:16:08.878, 1, 104274, 100, 964.11
2026/08/07 14:16:08.878, 2, 104274, 100, 947.84
2026/08/07 14:16:08.878, 3, 104274, 100, 958.02
2026/08/07 14:16:08.878, 4, 103100, 100, 937.92
2026/08/07 14:16:08.878, 5, 104260, 100, 959.88
2026/08/07 14:16:08.878, 6, 104260, 100, 942.23
2026/08/07 14:16:08.878, 7, 104260, 100, 966.02
2026/08/07 14:16:09.378, 0, 103114, 100, 961.16
2026/08/07 14:16:09.378, 1, 104274, 100, 966.31
2026/08/07 14:16:09.378, 2, 104274, 100, 951.46
2026/08/07 14:16:09.378, 3, 104274, 100, 953.22
2026/08/07 14:16:09.378, 4, 103100, 100, 935.56
2026/08/07 14:16:09.378, 5, 104260, 100, 954.67
2026/08/07 14:16:09.378, 6, 104260, 100, 931.31
2026/08/07 14:16:09.378, 7, 104260, 100, 958.44
2026/08/07 14:16:09.878, 0, 103114, 100, 953.60
2026/08/07 14:16:09.878, 1, 104274, 100, 968.80
2026/08/07 14:16:09.878, 2, 104274, 100, 948.86
2026/08/07 14:16:09.878, 3, 104274, 100, 954.81
2026/08/07 14:16:09.878, 4, 103100, 100, 939.72
2026/08/07 14:16:09.878, 5, 104260, 100, 955.62
2026/08/07 14:16:09.878, 6, 104260, 100, 934.32
2026/08/07 14:16:09.878, 7, 104260, 100, 956.03
2026/08/07 14:16:10.378, 0, 103114, 100, 943.38
2026/08/07 14:16:10.378, 1, 104274, 100, 961.78
2026/08/07 14:16:10.378, 2, 104274, 100, 946.39
2026/08/07 14:16:10.378, 3, 104274, 100, 946.94
2026/08/07 14:16:10.378, 4, 103100, 90, 899.09
2026/08/07 14:16:10.378, 5, 104260, 84, 909.67
2026/08/07 14:16:10.378, 6, 104260, 40, 865.44
2026/08/07 14:16:10.378, 7, 104260, 60, 880.26
2026/08/07 14:16:10.878, 0, 103114, 100, 940.18
2026/08/07 14:16:10.878, 1, 104274, 100, 957.18
2026/08/07 14:16:10.878, 2, 104274, 100, 943.26
2026/08/07 14:16:10.878, 3, 104274, 100, 941.90
2026/08/07 14:16:10.878, 4, 103100, 22, 543.55
2026/08/07 14:16:10.878, 5, 104260, 0, 546.64
2026/08/07 14:16:10.878, 6, 104260, 0, 501.43
2026/08/07 14:16:10.878, 7, 104260, 0, 508.27
2026/08/07 14:16:11.379, 0, 103114, 100, 935.55
2026/08/07 14:16:11.379, 1, 104274, 100, 948.01
2026/08/07 14:16:11.379, 2, 104274, 100, 933.44
2026/08/07 14:16:11.379, 3, 104274, 100, 944.69
2026/08/07 14:16:11.379, 4, 103100, 100, 212.77
2026/08/07 14:16:11.379, 5, 104260, 0, 215.59
2026/08/07 14:16:11.379, 6, 104260, 64, 210.86
2026/08/07 14:16:11.379, 7, 104260, 0, 220.60
2026/08/07 14:16:11.879, 0, 103114, 61, 874.42
2026/08/07 14:16:11.879, 1, 104274, 32, 884.89
2026/08/07 14:16:11.879, 2, 104274, 100, 922.36
2026/08/07 14:16:11.879, 3, 104274, 100, 918.40
2026/08/07 14:16:11.879, 4, 103100, 100, 320.99
2026/08/07 14:16:11.879, 5, 104260, 8, 332.31
2026/08/07 14:16:11.879, 6, 104260, 84, 342.80
2026/08/07 14:16:11.879, 7, 104260, 0, 375.56
2026/08/07 14:16:12.379, 0, 103114, 61, 584.64
2026/08/07 14:16:12.379, 1, 104274, 89, 582.90
2026/08/07 14:16:12.383, 2, 104274, 70, 626.33
2026/08/07 14:16:12.383, 3, 104274, 90, 629.34
2026/08/07 14:16:12.387, 4, 103100, 100, 689.75
2026/08/07 14:16:12.387, 5, 104260, 100, 695.48
2026/08/07 14:16:12.390, 6, 104260, 100, 702.45
2026/08/07 14:16:12.391, 7, 104260, 100, 748.14
2026/08/07 14:16:12.891, 0, 103114, 100, 510.08
2026/08/07 14:16:12.891, 1, 104274, 100, 514.98
2026/08/07 14:16:12.891, 2, 104274, 100, 525.52
2026/08/07 14:16:12.891, 3, 104274, 100, 483.90
2026/08/07 14:16:12.891, 4, 103100, 100, 939.96
2026/08/07 14:16:12.891, 5, 104260, 100, 964.57
2026/08/07 14:16:12.891, 6, 104260, 100, 935.13
2026/08/07 14:16:12.891, 7, 104260, 100, 969.46
2026/08/07 14:16:13.391, 0, 103114, 100, 806.24
2026/08/07 14:16:13.391, 1, 104274, 100, 835.48
2026/08/07 14:16:13.391, 2, 104274, 100, 836.93
2026/08/07 14:16:13.391, 3, 104274, 100, 776.42
2026/08/07 14:16:13.391, 4, 103100, 100, 937.62
2026/08/07 14:16:13.392, 5, 104260, 100, 967.79
2026/08/07 14:16:13.392, 6, 104260, 100, 944.49
2026/08/07 14:16:13.392, 7, 104260, 100, 972.81
2026/08/07 14:16:13.892, 0, 103114, 100, 950.11
2026/08/07 14:16:13.892, 1, 104274, 100, 966.55
2026/08/07 14:16:13.892, 2, 104274, 100, 943.46
2026/08/07 14:16:13.892, 3, 104274, 100, 956.94
2026/08/07 14:16:13.892, 4, 103100, 100, 946.60
2026/08/07 14:16:13.892, 5, 104260, 100, 968.51
2026/08/07 14:16:13.892, 6, 104260, 100, 948.74
2026/08/07 14:16:13.892, 7, 104260, 100, 974.26
2026/08/07 14:16:14.392, 0, 103114, 100, 945.97
2026/08/07 14:16:14.392, 1, 104274, 100, 970.88
2026/08/07 14:16:14.392, 2, 104274, 100, 949.53
2026/08/07 14:16:14.392, 3, 104274, 100, 954.36
2026/08/07 14:16:14.392, 4, 103100, 100, 944.91
2026/08/07 14:16:14.392, 5, 104260, 100, 964.86
2026/08/07 14:16:14.392, 6, 104260, 100, 943.50
2026/08/07 14:16:14.392, 7, 104260, 100, 969.88
2026/08/07 14:16:14.892, 0, 103114, 100, 944.77
2026/08/07 14:16:14.892, 1, 104274, 100, 967.55
2026/08/07 14:16:14.892, 2, 104274, 100, 953.47
2026/08/07 14:16:14.892, 3, 104274, 100, 950.43
2026/08/07 14:16:14.892, 4, 103100, 100, 938.60
2026/08/07 14:16:14.892, 5, 104260, 100, 961.05
2026/08/07 14:16:14.892, 6, 104260, 100, 936.91
2026/08/07 14:16:14.892, 7, 104260, 100, 959.33
2026/08/07 14:16:15.392, 0, 103114, 100, 946.50
2026/08/07 14:16:15.392, 1, 104274, 100, 959.74
2026/08/07 14:16:15.392, 2, 104274, 100, 942.72
2026/08/07 14:16:15.392, 3, 104274, 100, 947.75
2026/08/07 14:16:15.392, 4, 103100, 100, 938.86
2026/08/07 14:16:15.392, 5, 104260, 100, 963.27
2026/08/07 14:16:15.392, 6, 104260, 100, 944.34
2026/08/07 14:16:15.392, 7, 104260, 100, 960.67
2026/08/07 14:16:15.892, 0, 103114, 100, 942.23
2026/08/07 14:16:15.892, 1, 104274, 100, 955.31
2026/08/07 14:16:15.892, 2, 104274, 100, 937.92
2026/08/07 14:16:15.892, 3, 104274, 100, 951.27
2026/08/07 14:16:15.892, 4, 103100, 100, 932.67
2026/08/07 14:16:15.892, 5, 104260, 100, 953.86
2026/08/07 14:16:15.892, 6, 104260, 100, 942.02
2026/08/07 14:16:15.892, 7, 104260, 100, 962.21
2026/08/07 14:16:16.393, 0, 103114, 100, 943.77
2026/08/07 14:16:16.393, 1, 104274, 100, 957.90
2026/08/07 14:16:16.394, 2, 104274, 100, 943.69
2026/08/07 14:16:16.395, 3, 104274, 100, 948.76
2026/08/07 14:16:16.397, 4, 103100, 100, 925.94
2026/08/07 14:16:16.398, 5, 104260, 100, 952.14
2026/08/07 14:16:16.399, 6, 104260, 100, 937.46
2026/08/07 14:16:16.400, 7, 104260, 100, 964.57
2026/08/07 14:16:16.901, 0, 103114, 100, 948.70
2026/08/07 14:16:16.901, 1, 104274, 100, 953.66
2026/08/07 14:16:16.901, 2, 104274, 99, 938.88
2026/08/07 14:16:16.901, 3, 104274, 100, 940.79
2026/08/07 14:16:16.901, 4, 103100, 100, 932.78
2026/08/07 14:16:16.901, 5, 104260, 100, 961.16
2026/08/07 14:16:16.901, 6, 104260, 100, 943.18
2026/08/07 14:16:16.901, 7, 104260, 100, 979.86
2026/08/07 14:16:17.401, 0, 103114, 100, 946.75
2026/08/07 14:16:17.401, 1, 104274, 100, 948.09
2026/08/07 14:16:17.401, 2, 104274, 100, 939.92
2026/08/07 14:16:17.401, 3, 104274, 100, 953.93
2026/08/07 14:16:17.401, 4, 103100, 100, 938.81
2026/08/07 14:16:17.401, 5, 104260, 100, 965.72
2026/08/07 14:16:17.401, 6, 104260, 100, 943.79
2026/08/07 14:16:17.401, 7, 104260, 100, 982.81
2026/08/07 14:16:17.901, 0, 103114, 100, 949.46
2026/08/07 14:16:17.901, 1, 104274, 100, 957.72
2026/08/07 14:16:17.901, 2, 104274, 100, 946.31
2026/08/07 14:16:17.901, 3, 104274, 100, 956.52
2026/08/07 14:16:17.901, 4, 103100, 100, 942.21
2026/08/07 14:16:17.901, 5, 104260, 100, 966.32
2026/08/07 14:16:17.901, 6, 104260, 100, 949.16
2026/08/07 14:16:17.901, 7, 104260, 100, 978.64
2026/08/07 14:16:18.401, 0, 103114, 100, 956.11
2026/08/07 14:16:18.401, 1, 104274, 100, 967.44
2026/08/07 14:16:18.401, 2, 104274, 100, 955.43
2026/08/07 14:16:18.401, 3, 104274, 100, 961.79
2026/08/07 14:16:18.401, 4, 103100, 100, 952.69
2026/08/07 14:16:18.401, 5, 104260, 100, 966.01
2026/08/07 14:16:18.401, 6, 104260, 100, 949.89
2026/08/07 14:16:18.401, 7, 104260, 100, 973.96
2026/08/07 14:16:18.901, 0, 103114, 100, 959.03
2026/08/07 14:16:18.903, 1, 104274, 100, 972.17
2026/08/07 14:16:18.904, 2, 104274, 100, 956.53
2026/08/07 14:16:18.904, 3, 104274, 100, 961.62
2026/08/07 14:16:18.908, 4, 103100, 100, 941.60
2026/08/07 14:16:18.910, 5, 104260, 100, 961.35
2026/08/07 14:16:18.912, 6, 104260, 100, 945.03
2026/08/07 14:16:18.918, 7, 104260, 100, 969.58
2026/08/07 14:16:19.418, 0, 103114, 100, 960.99
2026/08/07 14:16:19.418, 1, 104274, 100, 973.22
2026/08/07 14:16:19.418, 2, 104274, 100, 946.54
2026/08/07 14:16:19.418, 3, 104274, 100, 958.43
2026/08/07 14:16:19.418, 4, 103100, 100, 934.31
2026/08/07 14:16:19.418, 5, 104260, 100, 958.24
2026/08/07 14:16:19.418, 6, 104260, 100, 940.77
2026/08/07 14:16:19.418, 7, 104260, 100, 972.83
2026/08/07 14:16:19.919, 0, 103114, 100, 951.71
2026/08/07 14:16:19.919, 1, 104274, 100, 968.27
2026/08/07 14:16:19.919, 2, 104274, 100, 943.11
2026/08/07 14:16:19.919, 3, 104274, 100, 953.11
2026/08/07 14:16:19.919, 4, 103100, 100, 936.29
2026/08/07 14:16:19.919, 5, 104260, 100, 951.74
2026/08/07 14:16:19.919, 6, 104260, 100, 942.71
2026/08/07 14:16:19.919, 7, 104260, 100, 964.61
2026/08/07 14:16:20.419, 0, 103114, 100, 938.49
2026/08/07 14:16:20.419, 1, 104274, 100, 959.78
2026/08/07 14:16:20.419, 2, 104274, 100, 946.46
2026/08/07 14:16:20.419, 3, 104274, 100, 948.50
2026/08/07 14:16:20.419, 4, 103100, 100, 940.31
2026/08/07 14:16:20.419, 5, 104260, 100, 951.14
2026/08/07 14:16:20.419, 6, 104260, 100, 943.09
2026/08/07 14:16:20.419, 7, 104260, 100, 959.55
2026/08/07 14:16:20.919, 0, 103114, 100, 944.98
2026/08/07 14:16:20.919, 1, 104274, 100, 958.30
2026/08/07 14:16:20.919, 2, 104274, 100, 936.33
2026/08/07 14:16:20.919, 3, 104274, 100, 952.32
2026/08/07 14:16:20.919, 4, 103100, 100, 940.69
2026/08/07 14:16:20.919, 5, 104260, 100, 962.57
2026/08/07 14:16:20.919, 6, 104260, 100, 934.07
2026/08/07 14:16:20.919, 7, 104260, 100, 964.40
2026/08/07 14:16:21.419, 0, 103114, 100, 944.16
2026/08/07 14:16:21.419, 1, 104274, 100, 962.44
2026/08/07 14:16:21.420, 2, 104274, 99, 935.97
2026/08/07 14:16:21.421, 3, 104274, 100, 951.21
2026/08/07 14:16:21.422, 4, 103100, 100, 939.07
2026/08/07 14:16:21.423, 5, 104260, 100, 967.69
2026/08/07 14:16:21.423, 6, 104260, 100, 930.31
2026/08/07 14:16:21.424, 7, 104260, 100, 970.40
2026/08/07 14:16:21.924, 0, 103114, 100, 941.61
2026/08/07 14:16:21.924, 1, 104274, 100, 963.35
2026/08/07 14:16:21.924, 2, 104274, 100, 945.03
2026/08/07 14:16:21.924, 3, 104274, 100, 949.53
2026/08/07 14:16:21.924, 4, 103100, 100, 935.63
2026/08/07 14:16:21.924, 5, 104260, 100, 967.87
2026/08/07 14:16:21.924, 6, 104260, 100, 935.84
2026/08/07 14:16:21.924, 7, 104260, 100, 973.87
2026/08/07 14:16:22.424, 0, 103114, 100, 950.97
2026/08/07 14:16:22.424, 1, 104274, 100, 966.73
2026/08/07 14:16:22.424, 2, 104274, 100, 951.04
2026/08/07 14:16:22.424, 3, 104274, 100, 963.55
2026/08/07 14:16:22.424, 4, 103100, 100, 940.60
2026/08/07 14:16:22.424, 5, 104260, 100, 971.25
2026/08/07 14:16:22.424, 6, 104260, 100, 943.72
2026/08/07 14:16:22.425, 7, 104260, 100, 977.73
2026/08/07 14:16:22.925, 0, 103114, 100, 953.90
2026/08/07 14:16:22.925, 1, 104274, 100, 976.20
2026/08/07 14:16:22.925, 2, 104274, 100, 962.39
2026/08/07 14:16:22.925, 3, 104274, 100, 973.39
2026/08/07 14:16:22.925, 4, 103100, 100, 940.91
2026/08/07 14:16:22.925, 5, 104260, 100, 968.46
2026/08/07 14:16:22.925, 6, 104260, 100, 947.46
2026/08/07 14:16:22.925, 7, 104260, 100, 979.08
2026/08/07 14:16:23.425, 0, 103114, 100, 959.52
2026/08/07 14:16:23.425, 1, 104274, 100, 973.46
2026/08/07 14:16:23.425, 2, 104274, 100, 955.65
2026/08/07 14:16:23.425, 3, 104274, 100, 970.14
2026/08/07 14:16:23.425, 4, 103100, 100, 939.92
2026/08/07 14:16:23.425, 5, 104260, 100, 956.98
2026/08/07 14:16:23.425, 6, 104260, 100, 946.17
2026/08/07 14:16:23.425, 7, 104260, 100, 977.13
2026/08/07 14:16:23.925, 0, 103114, 100, 961.96
2026/08/07 14:16:23.925, 1, 104274, 100, 969.58
2026/08/07 14:16:23.925, 2, 104274, 100, 945.70
2026/08/07 14:16:23.925, 3, 104274, 100, 962.89
2026/08/07 14:16:23.925, 4, 103100, 100, 934.82
2026/08/07 14:16:23.925, 5, 104260, 100, 956.07
2026/08/07 14:16:23.925, 6, 104260, 100, 933.90
2026/08/07 14:16:23.925, 7, 104260, 100, 969.72
2026/08/07 14:16:24.425, 0, 103114, 100, 945.27
2026/08/07 14:16:24.425, 1, 104274, 100, 965.07
2026/08/07 14:16:24.425, 2, 104274, 100, 942.43
2026/08/07 14:16:24.425, 3, 104274, 100, 959.02
2026/08/07 14:16:24.425, 4, 103100, 100, 935.75
2026/08/07 14:16:24.425, 5, 104260, 100, 954.53
2026/08/07 14:16:24.425, 6, 104260, 100, 934.14
2026/08/07 14:16:24.425, 7, 104260, 100, 959.73
2026/08/07 14:16:24.925, 0, 103114, 100, 942.80
2026/08/07 14:16:24.925, 1, 104274, 100, 954.00
2026/08/07 14:16:24.925, 2, 104274, 100, 937.24
2026/08/07 14:16:24.925, 3, 104274, 100, 955.97
2026/08/07 14:16:24.925, 4, 103100, 99, 930.81
2026/08/07 14:16:24.925, 5, 104260, 100, 952.08
2026/08/07 14:16:24.925, 6, 104260, 100, 940.30
2026/08/07 14:16:24.925, 7, 104260, 100, 964.02
2026/08/07 14:16:25.426, 0, 103114, 100, 957.09
2026/08/07 14:16:25.428, 1, 104274, 100, 958.61
2026/08/07 14:16:25.428, 2, 104274, 100, 935.77
2026/08/07 14:16:25.432, 3, 104274, 100, 955.49
2026/08/07 14:16:25.432, 4, 103100, 100, 932.10
2026/08/07 14:16:25.436, 5, 104260, 100, 965.92
2026/08/07 14:16:25.436, 6, 104260, 100, 935.74
2026/08/07 14:16:25.436, 7, 104260, 100, 959.22
2026/08/07 14:16:25.940, 0, 103114, 100, 946.53
2026/08/07 14:16:25.940, 1, 104274, 100, 964.73
2026/08/07 14:16:25.940, 2, 104274, 100, 942.00
2026/08/07 14:16:25.940, 3, 104274, 100, 954.27
2026/08/07 14:16:25.940, 4, 103100, 100, 945.16
2026/08/07 14:16:25.940, 5, 104260, 100, 979.38
2026/08/07 14:16:25.940, 6, 104260, 100, 944.50
2026/08/07 14:16:25.940, 7, 104260, 100, 961.85
2026/08/07 14:16:26.440, 0, 103114, 100, 948.77
2026/08/07 14:16:26.440, 1, 104274, 100, 970.83
2026/08/07 14:16:26.440, 2, 104274, 100, 948.70
2026/08/07 14:16:26.440, 3, 104274, 100, 952.26
2026/08/07 14:16:26.440, 4, 103100, 100, 939.94
2026/08/07 14:16:26.440, 5, 104260, 100, 979.22
2026/08/07 14:16:26.440, 6, 104260, 100, 948.34
2026/08/07 14:16:26.440, 7, 104260, 100, 975.25
2026/08/07 14:16:26.940, 0, 103114, 100, 961.80
2026/08/07 14:16:26.940, 1, 104274, 100, 974.47
2026/08/07 14:16:26.940, 2, 104274, 100, 954.23
2026/08/07 14:16:26.940, 3, 104274, 100, 964.12
2026/08/07 14:16:26.940, 4, 103100, 100, 941.33
2026/08/07 14:16:26.940, 5, 104260, 100, 971.12
2026/08/07 14:16:26.940, 6, 104260, 100, 956.92
2026/08/07 14:16:26.940, 7, 104260, 100, 983.35
2026/08/07 14:16:27.440, 0, 103114, 100, 966.66
2026/08/07 14:16:27.440, 1, 104274, 100, 975.27
2026/08/07 14:16:27.440, 2, 104274, 100, 958.46
2026/08/07 14:16:27.441, 3, 104274, 100, 971.53
2026/08/07 14:16:27.441, 4, 103100, 100, 946.14
2026/08/07 14:16:27.441, 5, 104260, 100, 967.75
2026/08/07 14:16:27.441, 6, 104260, 100, 953.30
2026/08/07 14:16:27.441, 7, 104260, 100, 976.53
2026/08/07 14:16:27.941, 0, 103114, 100, 969.81
2026/08/07 14:16:27.941, 1, 104274, 100, 971.12
2026/08/07 14:16:27.941, 2, 104274, 100, 956.42
2026/08/07 14:16:27.941, 3, 104274, 100, 967.33
2026/08/07 14:16:27.941, 4, 103100, 100, 933.59
2026/08/07 14:16:27.941, 5, 104260, 100, 962.16
2026/08/07 14:16:27.941, 6, 104260, 100, 949.27
2026/08/07 14:16:27.941, 7, 104260, 100, 964.74
2026/08/07 14:16:28.441, 0, 103114, 100, 959.36
2026/08/07 14:16:28.441, 1, 104274, 100, 968.20
2026/08/07 14:16:28.441, 2, 104274, 100, 941.98
2026/08/07 14:16:28.441, 3, 104274, 100, 962.12
2026/08/07 14:16:28.441, 4, 103100, 100, 934.87
2026/08/07 14:16:28.441, 5, 104260, 100, 962.27
2026/08/07 14:16:28.441, 6, 104260, 100, 945.65
2026/08/07 14:16:28.441, 7, 104260, 100, 969.66
2026/08/07 14:16:28.941, 0, 103114, 100, 947.62
2026/08/07 14:16:28.941, 1, 104274, 100, 959.25
2026/08/07 14:16:28.941, 2, 104274, 100, 939.79
2026/08/07 14:16:28.941, 3, 104274, 100, 954.72
2026/08/07 14:16:28.941, 4, 103100, 100, 945.82
2026/08/07 14:16:28.941, 5, 104260, 100, 962.47
2026/08/07 14:16:28.941, 6, 104260, 100, 932.34
2026/08/07 14:16:28.941, 7, 104260, 100, 968.78
2026/08/07 14:16:29.441, 0, 103114, 100, 946.71
2026/08/07 14:16:29.441, 1, 104274, 100, 957.53
2026/08/07 14:16:29.441, 2, 104274, 100, 944.49
2026/08/07 14:16:29.441, 3, 104274, 100, 955.33
2026/08/07 14:16:29.441, 4, 103100, 99, 927.90
2026/08/07 14:16:29.441, 5, 104260, 99, 950.43
2026/08/07 14:16:29.441, 6, 104260, 99, 931.19
2026/08/07 14:16:29.441, 7, 104260, 99, 970.79
2026/08/07 14:16:29.941, 0, 103114, 100, 943.30
2026/08/07 14:16:29.942, 1, 104274, 100, 958.25
2026/08/07 14:16:29.942, 2, 104274, 100, 939.76
2026/08/07 14:16:29.942, 3, 104274, 100, 951.69
2026/08/07 14:16:29.942, 4, 103100, 100, 930.48
2026/08/07 14:16:29.942, 5, 104260, 100, 957.26
2026/08/07 14:16:29.942, 6, 104260, 100, 936.74
2026/08/07 14:16:29.942, 7, 104260, 100, 967.73
2026/08/07 14:16:30.442, 0, 103114, 100, 935.23
2026/08/07 14:16:30.442, 1, 104274, 100, 957.92
2026/08/07 14:16:30.442, 2, 104274, 100, 940.16
2026/08/07 14:16:30.442, 3, 104274, 100, 952.12
2026/08/07 14:16:30.442, 4, 103100, 100, 947.11
2026/08/07 14:16:30.442, 5, 104260, 100, 977.19
2026/08/07 14:16:30.442, 6, 104260, 100, 941.98
2026/08/07 14:16:30.442, 7, 104260, 100, 970.68
2026/08/07 14:16:30.942, 0, 103114, 100, 945.13
2026/08/07 14:16:30.942, 1, 104274, 100, 966.35
2026/08/07 14:16:30.942, 2, 104274, 100, 939.85
2026/08/07 14:16:30.942, 3, 104274, 100, 962.64
2026/08/07 14:16:30.942, 4, 103100, 100, 948.77
2026/08/07 14:16:30.942, 5, 104260, 100, 974.56
2026/08/07 14:16:30.942, 6, 104260, 100, 957.24
2026/08/07 14:16:30.942, 7, 104260, 100, 980.65
2026/08/07 14:16:31.442, 0, 103114, 100, 957.36
2026/08/07 14:16:31.442, 1, 104274, 100, 976.55
2026/08/07 14:16:31.442, 2, 104274, 100, 940.31
2026/08/07 14:16:31.442, 3, 104274, 100, 965.98
2026/08/07 14:16:31.442, 4, 103100, 100, 951.10
2026/08/07 14:16:31.442, 5, 104260, 100, 974.66
2026/08/07 14:16:31.442, 6, 104260, 100, 959.02
2026/08/07 14:16:31.442, 7, 104260, 100, 980.31
2026/08/07 14:16:31.942, 0, 103114, 100, 950.54
2026/08/07 14:16:31.947, 1, 104274, 100, 974.05
2026/08/07 14:16:31.948, 2, 104274, 100, 945.93
2026/08/07 14:16:31.948, 3, 104274, 100, 964.88
2026/08/07 14:16:31.948, 4, 103100, 100, 945.96
2026/08/07 14:16:31.948, 5, 104260, 100, 968.94
2026/08/07 14:16:31.948, 6, 104260, 100, 948.25
2026/08/07 14:16:31.948, 7, 104260, 100, 967.27
2026/08/07 14:16:32.448, 0, 103114, 100, 961.16
2026/08/07 14:16:32.448, 1, 104274, 100, 978.50
2026/08/07 14:16:32.448, 2, 104274, 100, 955.41
2026/08/07 14:16:32.448, 3, 104274, 100, 970.24
2026/08/07 14:16:32.449, 4, 103100, 100, 936.18
2026/08/07 14:16:32.449, 5, 104260, 100, 967.06
2026/08/07 14:16:32.449, 6, 104260, 100, 936.59
2026/08/07 14:16:32.449, 7, 104260, 100, 962.59
2026/08/07 14:16:32.949, 0, 103114, 100, 964.11
2026/08/07 14:16:32.949, 1, 104274, 100, 966.73
2026/08/07 14:16:32.949, 2, 104274, 100, 955.92
2026/08/07 14:16:32.949, 3, 104274, 100, 962.57
2026/08/07 14:16:32.949, 4, 103100, 100, 928.49
2026/08/07 14:16:32.949, 5, 104260, 100, 970.50
2026/08/07 14:16:32.949, 6, 104260, 100, 932.83
2026/08/07 14:16:32.949, 7, 104260, 100, 963.51
2026/08/07 14:16:33.449, 0, 103114, 100, 946.42
2026/08/07 14:16:33.449, 1, 104274, 100, 955.25
2026/08/07 14:16:33.449, 2, 104274, 100, 944.27
2026/08/07 14:16:33.449, 3, 104274, 100, 945.20
2026/08/07 14:16:33.449, 4, 103100, 100, 932.56
2026/08/07 14:16:33.449, 5, 104260, 100, 961.36
2026/08/07 14:16:33.449, 6, 104260, 100, 937.79
2026/08/07 14:16:33.449, 7, 104260, 100, 961.31
2026/08/07 14:16:33.949, 0, 103114, 100, 941.92
2026/08/07 14:16:33.949, 1, 104274, 100, 965.11
2026/08/07 14:16:33.949, 2, 104274, 100, 945.64
2026/08/07 14:16:33.949, 3, 104274, 100, 946.45
2026/08/07 14:16:33.949, 4, 103100, 100, 936.79
2026/08/07 14:16:33.949, 5, 104260, 100, 953.84
2026/08/07 14:16:33.949, 6, 104260, 98, 935.03
2026/08/07 14:16:33.949, 7, 104260, 99, 960.10
2026/08/07 14:16:34.449, 0, 103114, 100, 939.37
2026/08/07 14:16:34.449, 1, 104274, 100, 957.24
2026/08/07 14:16:34.449, 2, 104274, 100, 941.90
2026/08/07 14:16:34.449, 3, 104274, 100, 948.72
2026/08/07 14:16:34.449, 4, 103100, 100, 935.99
2026/08/07 14:16:34.449, 5, 104260, 100, 963.30
2026/08/07 14:16:34.449, 6, 104260, 100, 933.93
2026/08/07 14:16:34.449, 7, 104260, 100, 961.95
2026/08/07 14:16:34.949, 0, 103114, 100, 937.36
2026/08/07 14:16:34.949, 1, 104274, 100, 958.81
2026/08/07 14:16:34.949, 2, 104274, 100, 936.99
2026/08/07 14:16:34.949, 3, 104274, 100, 949.13
2026/08/07 14:16:34.950, 4, 103100, 100, 949.40
2026/08/07 14:16:34.950, 5, 104260, 100, 965.05
2026/08/07 14:16:34.950, 6, 104260, 100, 935.66
2026/08/07 14:16:34.950, 7, 104260, 100, 967.70
2026/08/07 14:16:35.450, 0, 103114, 100, 944.87
2026/08/07 14:16:35.450, 1, 104274, 100, 973.11
2026/08/07 14:16:35.450, 2, 104274, 100, 943.47
2026/08/07 14:16:35.450, 3, 104274, 100, 958.95
2026/08/07 14:16:35.450, 4, 103100, 100, 955.20
2026/08/07 14:16:35.450, 5, 104260, 100, 972.06
2026/08/07 14:16:35.450, 6, 104260, 100, 938.66
2026/08/07 14:16:35.450, 7, 104260, 100, 976.89
2026/08/07 14:16:35.950, 0, 103114, 100, 959.58
2026/08/07 14:16:35.950, 1, 104274, 100, 979.25
2026/08/07 14:16:35.950, 2, 104274, 100, 950.94
2026/08/07 14:16:35.950, 3, 104274, 100, 968.78
2026/08/07 14:16:35.950, 4, 103100, 100, 947.57
2026/08/07 14:16:35.950, 5, 104260, 100, 978.58
2026/08/07 14:16:35.950, 6, 104260, 100, 945.58
2026/08/07 14:16:35.950, 7, 104260, 100, 977.80
2026/08/07 14:16:36.450, 0, 103114, 100, 969.98
2026/08/07 14:16:36.450, 1, 104274, 100, 980.63
2026/08/07 14:16:36.450, 2, 104274, 100, 950.01
2026/08/07 14:16:36.450, 3, 104274, 100, 968.41
2026/08/07 14:16:36.450, 4, 103100, 100, 945.64
2026/08/07 14:16:36.450, 5, 104260, 100, 959.36
2026/08/07 14:16:36.450, 6, 104260, 100, 947.25
2026/08/07 14:16:36.450, 7, 104260, 100, 973.01
2026/08/07 14:16:36.950, 0, 103114, 100, 957.42
2026/08/07 14:16:36.950, 1, 104274, 100, 975.72
2026/08/07 14:16:36.950, 2, 104274, 100, 944.99
2026/08/07 14:16:36.950, 3, 104274, 100, 963.41
2026/08/07 14:16:36.950, 4, 103100, 100, 946.07
2026/08/07 14:16:36.950, 5, 104260, 100, 950.42
2026/08/07 14:16:36.954, 6, 104260, 100, 935.51
2026/08/07 14:16:36.954, 7, 104260, 100, 965.45
2026/08/07 14:16:37.454, 0, 103114, 100, 944.72
2026/08/07 14:16:37.454, 1, 104274, 100, 970.52
2026/08/07 14:16:37.454, 2, 104274, 99, 949.94
2026/08/07 14:16:37.456, 3, 104274, 100, 962.50
2026/08/07 14:16:37.456, 4, 103100, 100, 947.30
2026/08/07 14:16:37.456, 5, 104260, 100, 962.62
2026/08/07 14:16:37.456, 6, 104260, 100, 930.10
2026/08/07 14:16:37.456, 7, 104260, 100, 966.61
2026/08/07 14:16:37.956, 0, 103114, 100, 949.47
2026/08/07 14:16:37.956, 1, 104274, 100, 963.47
2026/08/07 14:16:37.956, 2, 104274, 100, 953.19
2026/08/07 14:16:37.956, 3, 104274, 100, 965.85
2026/08/07 14:16:37.957, 4, 103100, 99, 943.25
2026/08/07 14:16:37.957, 5, 104260, 100, 960.25
2026/08/07 14:16:37.957, 6, 104260, 100, 932.75
2026/08/07 14:16:37.957, 7, 104260, 100, 971.23
2026/08/07 14:16:38.457, 0, 103114, 100, 948.14
2026/08/07 14:16:38.459, 1, 104274, 100, 965.30
2026/08/07 14:16:38.460, 2, 104274, 100, 941.84
2026/08/07 14:16:38.461, 3, 104274, 100, 962.94
2026/08/07 14:16:38.472, 4, 103100, 100, 937.91
2026/08/07 14:16:38.474, 5, 104260, 100, 958.84
2026/08/07 14:16:38.474, 6, 104260, 100, 933.69
2026/08/07 14:16:38.474, 7, 104260, 100, 958.10
2026/08/07 14:16:38.974, 0, 103114, 100, 951.84
2026/08/07 14:16:38.974, 1, 104274, 100, 969.51
2026/08/07 14:16:38.974, 2, 104274, 100, 944.52
2026/08/07 14:16:38.974, 3, 104274, 100, 955.94
2026/08/07 14:16:38.975, 4, 103100, 100, 939.10
2026/08/07 14:16:38.975, 5, 104260, 100, 960.51
2026/08/07 14:16:38.975, 6, 104260, 100, 933.24
2026/08/07 14:16:38.975, 7, 104260, 100, 965.41
2026/08/07 14:16:39.475, 0, 103114, 100, 958.11
2026/08/07 14:16:39.475, 1, 104274, 100, 974.87
2026/08/07 14:16:39.478, 2, 104274, 100, 950.71
2026/08/07 14:16:39.478, 3, 104274, 100, 961.16
2026/08/07 14:16:39.479, 4, 103100, 100, 951.04
2026/08/07 14:16:39.479, 5, 104260, 100, 965.11
2026/08/07 14:16:39.481, 6, 104260, 100, 950.27
2026/08/07 14:16:39.484, 7, 104260, 100, 980.55
2026/08/07 14:16:39.984, 0, 103114, 100, 961.82
2026/08/07 14:16:39.984, 1, 104274, 100, 980.86
2026/08/07 14:16:39.984, 2, 104274, 100, 948.08
2026/08/07 14:16:39.984, 3, 104274, 100, 960.36
2026/08/07 14:16:39.984, 4, 103100, 100, 954.88
2026/08/07 14:16:39.984, 5, 104260, 100, 976.44
2026/08/07 14:16:39.984, 6, 104260, 100, 955.86
2026/08/07 14:16:39.984, 7, 104260, 100, 975.99
2026/08/07 14:16:40.484, 0, 103114, 100, 962.54
2026/08/07 14:16:40.484, 1, 104274, 100, 984.81
2026/08/07 14:16:40.484, 2, 104274, 100, 953.65
2026/08/07 14:16:40.484, 3, 104274, 100, 965.77
2026/08/07 14:16:40.484, 4, 103100, 100, 956.40
2026/08/07 14:16:40.484, 5, 104260, 100, 975.29
2026/08/07 14:16:40.484, 6, 104260, 100, 955.16
2026/08/07 14:16:40.484, 7, 104260, 100, 973.00
2026/08/07 14:16:40.984, 0, 103114, 100, 968.12
2026/08/07 14:16:40.984, 1, 104274, 100, 980.77
2026/08/07 14:16:40.984, 2, 104274, 100, 962.92
2026/08/07 14:16:40.984, 3, 104274, 100, 973.14
2026/08/07 14:16:40.984, 4, 103100, 100, 946.64
2026/08/07 14:16:40.984, 5, 104260, 100, 961.29
2026/08/07 14:16:40.985, 6, 104260, 100, 954.99
2026/08/07 14:16:40.985, 7, 104260, 100, 976.53
2026/08/07 14:16:41.485, 0, 103114, 100, 958.33
2026/08/07 14:16:41.485, 1, 104274, 100, 984.91
2026/08/07 14:16:41.485, 2, 104274, 100, 963.79
2026/08/07 14:16:41.485, 3, 104274, 100, 972.06
2026/08/07 14:16:41.485, 4, 103100, 100, 939.77
2026/08/07 14:16:41.485, 5, 104260, 100, 953.52
2026/08/07 14:16:41.485, 6, 104260, 100, 948.45
2026/08/07 14:16:41.485, 7, 104260, 100, 973.61
2026/08/07 14:16:41.985, 0, 103114, 100, 956.86
2026/08/07 14:16:41.985, 1, 104274, 100, 983.18
2026/08/07 14:16:41.985, 2, 104274, 100, 951.10
2026/08/07 14:16:41.985, 3, 104274, 100, 968.10
2026/08/07 14:16:41.985, 4, 103100, 100, 940.33
2026/08/07 14:16:41.985, 5, 104260, 100, 953.41
2026/08/07 14:16:41.985, 6, 104260, 100, 947.42
2026/08/07 14:16:41.985, 7, 104260, 100, 969.95
2026/08/07 14:16:42.485, 0, 103114, 100, 956.33
2026/08/07 14:16:42.485, 1, 104274, 100, 972.69
2026/08/07 14:16:42.485, 2, 104274, 100, 943.05
2026/08/07 14:16:42.485, 3, 104274, 100, 964.00
2026/08/07 14:16:42.485, 4, 103100, 100, 931.04
2026/08/07 14:16:42.485, 5, 104260, 100, 955.00
2026/08/07 14:16:42.485, 6, 104260, 100, 938.55
2026/08/07 14:16:42.485, 7, 104260, 100, 964.56
2026/08/07 14:16:42.985, 0, 103114, 100, 956.17
2026/08/07 14:16:42.985, 1, 104274, 100, 965.91
2026/08/07 14:16:42.985, 2, 104274, 100, 946.53
2026/08/07 14:16:42.985, 3, 104274, 100, 970.55
2026/08/07 14:16:42.985, 4, 103100, 100, 934.51
2026/08/07 14:16:42.985, 5, 104260, 100, 958.42
2026/08/07 14:16:42.986, 6, 104260, 100, 927.65
2026/08/07 14:16:42.986, 7, 104260, 100, 964.33
2026/08/07 14:16:43.486, 0, 103114, 100, 948.66
2026/08/07 14:16:43.486, 1, 104274, 100, 961.57
2026/08/07 14:16:43.486, 2, 104274, 100, 943.29
2026/08/07 14:16:43.486, 3, 104274, 100, 956.92
2026/08/07 14:16:43.486, 4, 103100, 100, 950.80
2026/08/07 14:16:43.486, 5, 104260, 100, 962.55
2026/08/07 14:16:43.486, 6, 104260, 100, 943.14
2026/08/07 14:16:43.486, 7, 104260, 100, 973.58
2026/08/07 14:16:43.986, 0, 103114, 100, 947.24
2026/08/07 14:16:43.986, 1, 104274, 100, 971.71
2026/08/07 14:16:43.986, 2, 104274, 100, 936.93
2026/08/07 14:16:43.986, 3, 104274, 100, 953.00
2026/08/07 14:16:43.986, 4, 103100, 100, 953.61
2026/08/07 14:16:43.986, 5, 104260, 100, 968.71
2026/08/07 14:16:43.986, 6, 104260, 100, 954.95
2026/08/07 14:16:43.986, 7, 104260, 100, 978.85
2026/08/07 14:16:44.486, 0, 103114, 100, 954.79
2026/08/07 14:16:44.486, 1, 104274, 100, 980.64
2026/08/07 14:16:44.486, 2, 104274, 100, 944.56
2026/08/07 14:16:44.486, 3, 104274, 100, 970.87
2026/08/07 14:16:44.486, 4, 103100, 100, 951.87
2026/08/07 14:16:44.486, 5, 104260, 100, 962.54
2026/08/07 14:16:44.486, 6, 104260, 100, 952.93
2026/08/07 14:16:44.486, 7, 104260, 100, 970.34
2026/08/07 14:16:44.986, 0, 103114, 100, 960.52
2026/08/07 14:16:44.987, 1, 104274, 100, 978.45
2026/08/07 14:16:44.987, 2, 104274, 100, 955.71
2026/08/07 14:16:44.987, 3, 104274, 100, 970.42
2026/08/07 14:16:44.987, 4, 103100, 100, 944.97
2026/08/07 14:16:44.987, 5, 104260, 100, 958.27
2026/08/07 14:16:44.987, 6, 104260, 100, 955.45
2026/08/07 14:16:44.987, 7, 104260, 100, 965.88
2026/08/07 14:16:45.487, 0, 103114, 100, 968.72
2026/08/07 14:16:45.487, 1, 104274, 100, 973.55
2026/08/07 14:16:45.487, 2, 104274, 100, 954.88
2026/08/07 14:16:45.487, 3, 104274, 100, 962.37
2026/08/07 14:16:45.487, 4, 103100, 100, 936.57
2026/08/07 14:16:45.487, 5, 104260, 100, 965.46
2026/08/07 14:16:45.487, 6, 104260, 100, 943.74
2026/08/07 14:16:45.487, 7, 104260, 100, 967.59
2026/08/07 14:16:45.987, 0, 103114, 100, 966.67
2026/08/07 14:16:45.987, 1, 104274, 100, 977.38
2026/08/07 14:16:45.987, 2, 104274, 100, 956.44
2026/08/07 14:16:45.987, 3, 104274, 100, 960.38
2026/08/07 14:16:45.987, 4, 103100, 100, 938.29
2026/08/07 14:16:45.987, 5, 104260, 100, 962.27
2026/08/07 14:16:45.987, 6, 104260, 100, 930.41
2026/08/07 14:16:45.987, 7, 104260, 100, 967.03
2026/08/07 14:16:46.487, 0, 103114, 100, 951.00
2026/08/07 14:16:46.487, 1, 104274, 100, 977.23
2026/08/07 14:16:46.487, 2, 104274, 100, 957.31
2026/08/07 14:16:46.487, 3, 104274, 100, 961.66
2026/08/07 14:16:46.488, 4, 103100, 100, 938.10
2026/08/07 14:16:46.488, 5, 104260, 100, 962.32
2026/08/07 14:16:46.488, 6, 104260, 100, 928.38
2026/08/07 14:16:46.488, 7, 104260, 100, 955.25
2026/08/07 14:16:46.988, 0, 103114, 100, 947.63
2026/08/07 14:16:46.988, 1, 104274, 100, 972.88
2026/08/07 14:16:46.988, 2, 104274, 100, 951.05
2026/08/07 14:16:46.988, 3, 104274, 100, 956.78
2026/08/07 14:16:46.988, 4, 103100, 99, 931.97
2026/08/07 14:16:46.988, 5, 104260, 99, 965.57
2026/08/07 14:16:46.988, 6, 104260, 99, 919.33
2026/08/07 14:16:46.988, 7, 104260, 99, 949.66
2026/08/07 14:16:47.488, 0, 103114, 100, 952.45
2026/08/07 14:16:47.491, 1, 104274, 100, 963.33
2026/08/07 14:16:47.491, 2, 104274, 100, 942.64
2026/08/07 14:16:47.491, 3, 104274, 100, 947.69
2026/08/07 14:16:47.491, 4, 103100, 100, 936.99
2026/08/07 14:16:47.491, 5, 104260, 100, 967.39
2026/08/07 14:16:47.491, 6, 104260, 100, 924.62
2026/08/07 14:16:47.491, 7, 104260, 100, 968.89
2026/08/07 14:16:47.991, 0, 103114, 100, 946.14
2026/08/07 14:16:47.991, 1, 104274, 100, 955.82
2026/08/07 14:16:47.991, 2, 104274, 100, 941.24
2026/08/07 14:16:47.991, 3, 104274, 99, 952.80
2026/08/07 14:16:47.991, 4, 103100, 100, 945.10
2026/08/07 14:16:47.991, 5, 104260, 100, 976.99
2026/08/07 14:16:47.991, 6, 104260, 100, 944.21
2026/08/07 14:16:47.991, 7, 104260, 100, 982.02
2026/08/07 14:16:48.491, 0, 103114, 100, 948.36
2026/08/07 14:16:48.491, 1, 104274, 100, 969.72
2026/08/07 14:16:48.491, 2, 104274, 100, 941.12
2026/08/07 14:16:48.491, 3, 104274, 100, 957.01
2026/08/07 14:16:48.491, 4, 103100, 100, 948.51
2026/08/07 14:16:48.491, 5, 104260, 100, 972.84
2026/08/07 14:16:48.491, 6, 104260, 100, 947.74
2026/08/07 14:16:48.491, 7, 104260, 100, 985.06
2026/08/07 14:16:48.991, 0, 103114, 100, 957.63
2026/08/07 14:16:48.991, 1, 104274, 100, 973.96
2026/08/07 14:16:48.992, 2, 104274, 100, 940.23
2026/08/07 14:16:48.992, 3, 104274, 100, 961.65
2026/08/07 14:16:48.992, 4, 103100, 100, 954.08
2026/08/07 14:16:48.992, 5, 104260, 100, 964.99
2026/08/07 14:16:48.992, 6, 104260, 100, 945.53
2026/08/07 14:16:48.992, 7, 104260, 100, 985.56
2026/08/07 14:16:49.492, 0, 103114, 100, 965.22
2026/08/07 14:16:49.497, 1, 104274, 100, 971.44
2026/08/07 14:16:49.497, 2, 104274, 100, 944.43
2026/08/07 14:16:49.497, 3, 104274, 100, 969.05
2026/08/07 14:16:49.497, 4, 103100, 100, 952.98
2026/08/07 14:16:49.497, 5, 104260, 100, 968.92
2026/08/07 14:16:49.497, 6, 104260, 100, 944.86
2026/08/07 14:16:49.497, 7, 104260, 100, 983.76
2026/08/07 14:16:49.997, 0, 103114, 100, 956.29
2026/08/07 14:16:49.997, 1, 104274, 100, 973.97
2026/08/07 14:16:49.998, 2, 104274, 100, 940.84
2026/08/07 14:16:49.999, 3, 104274, 100, 970.75
2026/08/07 14:16:50.000, 4, 103100, 100, 936.13
2026/08/07 14:16:50.001, 5, 104260, 100, 963.39
2026/08/07 14:16:50.002, 6, 104260, 100, 941.57
2026/08/07 14:16:50.002, 7, 104260, 100, 971.58
2026/08/07 14:16:50.503, 0, 103114, 100, 950.10
2026/08/07 14:16:50.503, 1, 104274, 100, 977.10
2026/08/07 14:16:50.503, 2, 104274, 100, 943.16
2026/08/07 14:16:50.503, 3, 104274, 100, 971.80
2026/08/07 14:16:50.503, 4, 103100, 100, 923.89
2026/08/07 14:16:50.503, 5, 104260, 100, 950.34
2026/08/07 14:16:50.503, 6, 104260, 100, 931.47
2026/08/07 14:16:50.503, 7, 104260, 100, 966.68
2026/08/07 14:16:51.004, 0, 103114, 100, 960.09
2026/08/07 14:16:51.004, 1, 104274, 100, 972.62
2026/08/07 14:16:51.004, 2, 104274, 100, 944.04
2026/08/07 14:16:51.004, 3, 104274, 100, 963.05
2026/08/07 14:16:51.004, 4, 103100, 100, 938.04
2026/08/07 14:16:51.004, 5, 104260, 100, 950.85
2026/08/07 14:16:51.004, 6, 104260, 100, 930.78
2026/08/07 14:16:51.004, 7, 104260, 100, 967.74
2026/08/07 14:16:51.504, 0, 103114, 100, 954.59
2026/08/07 14:16:51.504, 1, 104274, 100, 971.03
2026/08/07 14:16:51.504, 2, 104274, 100, 939.94
2026/08/07 14:16:51.504, 3, 104274, 100, 958.32
2026/08/07 14:16:51.504, 4, 103100, 99, 933.26
2026/08/07 14:16:51.504, 5, 104260, 99, 948.67
2026/08/07 14:16:51.504, 6, 104260, 99, 943.05
2026/08/07 14:16:51.504, 7, 104260, 99, 962.64
2026/08/07 14:16:52.004, 0, 103114, 100, 946.70
2026/08/07 14:16:52.004, 1, 104274, 100, 968.65
2026/08/07 14:16:52.004, 2, 104274, 100, 931.98
2026/08/07 14:16:52.004, 3, 104274, 100, 959.66
2026/08/07 14:16:52.004, 4, 103100, 100, 931.45
2026/08/07 14:16:52.004, 5, 104260, 100, 954.28
2026/08/07 14:16:52.004, 6, 104260, 100, 942.46
2026/08/07 14:16:52.004, 7, 104260, 100, 964.13
2026/08/07 14:16:52.504, 0, 103114, 100, 944.91
2026/08/07 14:16:52.504, 1, 104274, 100, 968.33
2026/08/07 14:16:52.504, 2, 104274, 100, 939.82
2026/08/07 14:16:52.504, 3, 104274, 99, 952.67
2026/08/07 14:16:52.504, 4, 103100, 100, 942.12
2026/08/07 14:16:52.504, 5, 104260, 100, 975.03
2026/08/07 14:16:52.504, 6, 104260, 100, 937.82
2026/08/07 14:16:52.504, 7, 104260, 100, 973.22
2026/08/07 14:16:53.004, 0, 103114, 100, 957.21
2026/08/07 14:16:53.004, 1, 104274, 100, 973.39
2026/08/07 14:16:53.004, 2, 104274, 100, 945.46
2026/08/07 14:16:53.004, 3, 104274, 100, 953.84
2026/08/07 14:16:53.004, 4, 103100, 100, 950.28
2026/08/07 14:16:53.004, 5, 104260, 100, 977.26
2026/08/07 14:16:53.004, 6, 104260, 100, 944.95
2026/08/07 14:16:53.004, 7, 104260, 100, 983.57
2026/08/07 14:16:53.504, 0, 103114, 100, 967.07
2026/08/07 14:16:53.504, 1, 104274, 100, 983.92
2026/08/07 14:16:53.505, 2, 104274, 100, 941.74
2026/08/07 14:16:53.505, 3, 104274, 100, 970.72
2026/08/07 14:16:53.505, 4, 103100, 100, 953.19
2026/08/07 14:16:53.505, 5, 104260, 100, 973.37
2026/08/07 14:16:53.505, 6, 104260, 100, 944.67
2026/08/07 14:16:53.505, 7, 104260, 100, 981.70
2026/08/07 14:16:54.005, 0, 103114, 100, 968.47
2026/08/07 14:16:54.005, 1, 104274, 100, 990.02
2026/08/07 14:16:54.005, 2, 104274, 100, 950.74
2026/08/07 14:16:54.005, 3, 104274, 100, 973.51
2026/08/07 14:16:54.005, 4, 103100, 100, 948.33
2026/08/07 14:16:54.005, 5, 104260, 100, 964.93
2026/08/07 14:16:54.005, 6, 104260, 100, 937.67
2026/08/07 14:16:54.005, 7, 104260, 100, 969.08
2026/08/07 14:16:54.505, 0, 103114, 100, 960.89
2026/08/07 14:16:54.505, 1, 104274, 100, 985.42
2026/08/07 14:16:54.505, 2, 104274, 100, 948.65
2026/08/07 14:16:54.505, 3, 104274, 100, 970.70
2026/08/07 14:16:54.505, 4, 103100, 100, 946.94
2026/08/07 14:16:54.505, 5, 104260, 100, 958.76
2026/08/07 14:16:54.505, 6, 104260, 100, 938.86
2026/08/07 14:16:54.505, 7, 104260, 100, 965.06
2026/08/07 14:16:55.005, 0, 103114, 100, 950.83
2026/08/07 14:16:55.005, 1, 104274, 100, 973.36
2026/08/07 14:16:55.005, 2, 104274, 100, 943.60
2026/08/07 14:16:55.005, 3, 104274, 100, 964.92
2026/08/07 14:16:55.005, 4, 103100, 100, 946.27
2026/08/07 14:16:55.005, 5, 104260, 100, 951.10
2026/08/07 14:16:55.005, 6, 104260, 100, 943.11
2026/08/07 14:16:55.005, 7, 104260, 100, 966.83
2026/08/07 14:16:55.505, 0, 103114, 100, 952.59
2026/08/07 14:16:55.505, 1, 104274, 100, 969.91
2026/08/07 14:16:55.505, 2, 104274, 100, 939.23
2026/08/07 14:16:55.505, 3, 104274, 100, 958.88
2026/08/07 14:16:55.505, 4, 103100, 100, 939.90
2026/08/07 14:16:55.505, 5, 104260, 100, 949.26
2026/08/07 14:16:55.505, 6, 104260, 100, 942.23
2026/08/07 14:16:55.505, 7, 104260, 100, 967.14
2026/08/07 14:16:56.005, 0, 103114, 100, 952.66
2026/08/07 14:16:56.005, 1, 104274, 100, 970.82
2026/08/07 14:16:56.005, 2, 104274, 100, 934.84
2026/08/07 14:16:56.005, 3, 104274, 100, 963.34
2026/08/07 14:16:56.005, 4, 103100, 100, 935.19
2026/08/07 14:16:56.006, 5, 104260, 100, 956.02
2026/08/07 14:16:56.006, 6, 104260, 100, 943.20
2026/08/07 14:16:56.006, 7, 104260, 100, 963.83
2026/08/07 14:16:56.506, 0, 103114, 100, 949.56
2026/08/07 14:16:56.506, 1, 104274, 100, 954.58
2026/08/07 14:16:56.506, 2, 104274, 100, 944.68
2026/08/07 14:16:56.506, 3, 104274, 100, 963.20
2026/08/07 14:16:56.506, 4, 103100, 100, 944.88
2026/08/07 14:16:56.506, 5, 104260, 100, 955.65
2026/08/07 14:16:56.506, 6, 104260, 100, 948.27
2026/08/07 14:16:56.506, 7, 104260, 100, 971.02
2026/08/07 14:16:57.006, 0, 103114, 100, 951.12
2026/08/07 14:16:57.006, 1, 104274, 100, 954.29
2026/08/07 14:16:57.006, 2, 104274, 100, 935.47
2026/08/07 14:16:57.006, 3, 104274, 100, 956.68
2026/08/07 14:16:57.006, 4, 103100, 100, 947.59
2026/08/07 14:16:57.006, 5, 104260, 100, 964.96
2026/08/07 14:16:57.006, 6, 104260, 100, 947.38
2026/08/07 14:16:57.006, 7, 104260, 100, 973.55
2026/08/07 14:16:57.506, 0, 103114, 100, 947.93
2026/08/07 14:16:57.506, 1, 104274, 100, 977.21
2026/08/07 14:16:57.506, 2, 104274, 100, 934.99
2026/08/07 14:16:57.506, 3, 104274, 100, 961.12
2026/08/07 14:16:57.506, 4, 103100, 100, 949.63
2026/08/07 14:16:57.506, 5, 104260, 100, 972.40
2026/08/07 14:16:57.506, 6, 104260, 100, 956.46
2026/08/07 14:16:57.506, 7, 104260, 100, 975.63
2026/08/07 14:16:58.006, 0, 103114, 100, 953.75
2026/08/07 14:16:58.006, 1, 104274, 100, 984.34
2026/08/07 14:16:58.006, 2, 104274, 100, 953.20
2026/08/07 14:16:58.006, 3, 104274, 100, 969.12
2026/08/07 14:16:58.006, 4, 103100, 100, 948.86
2026/08/07 14:16:58.006, 5, 104260, 100, 964.30
2026/08/07 14:16:58.006, 6, 104260, 100, 958.50
2026/08/07 14:16:58.006, 7, 104260, 100, 976.17
2026/08/07 14:16:58.507, 0, 103114, 100, 960.28
2026/08/07 14:16:58.507, 1, 104274, 100, 984.05
2026/08/07 14:16:58.507, 2, 104274, 100, 957.08
2026/08/07 14:16:58.507, 3, 104274, 100, 963.44
2026/08/07 14:16:58.507, 4, 103100, 100, 941.28
2026/08/07 14:16:58.507, 5, 104260, 100, 959.45
2026/08/07 14:16:58.507, 6, 104260, 100, 941.73
2026/08/07 14:16:58.507, 7, 104260, 100, 968.18
2026/08/07 14:16:59.007, 0, 103114, 100, 964.14
2026/08/07 14:16:59.007, 1, 104274, 100, 978.81
2026/08/07 14:16:59.007, 2, 104274, 100, 952.30
2026/08/07 14:16:59.007, 3, 104274, 100, 963.89
2026/08/07 14:16:59.007, 4, 103100, 100, 937.67
2026/08/07 14:16:59.007, 5, 104260, 100, 962.27
2026/08/07 14:16:59.007, 6, 104260, 100, 937.25
2026/08/07 14:16:59.007, 7, 104260, 100, 960.84
2026/08/07 14:16:59.507, 0, 103114, 100, 951.86
2026/08/07 14:16:59.507, 1, 104274, 100, 966.77
2026/08/07 14:16:59.507, 2, 104274, 100, 940.96
2026/08/07 14:16:59.507, 3, 104274, 100, 959.05
2026/08/07 14:16:59.507, 4, 103100, 100, 941.10
2026/08/07 14:16:59.507, 5, 104260, 100, 967.11
2026/08/07 14:16:59.507, 6, 104260, 100, 941.42
2026/08/07 14:16:59.507, 7, 104260, 100, 970.43
2026/08/07 14:17:00.007, 0, 103114, 100, 939.98
2026/08/07 14:17:00.007, 1, 104274, 100, 966.08
2026/08/07 14:17:00.007, 2, 104274, 100, 934.75
2026/08/07 14:17:00.007, 3, 104274, 100, 950.62
2026/08/07 14:17:00.007, 4, 103100, 100, 939.11
2026/08/07 14:17:00.007, 5, 104260, 100, 958.72
2026/08/07 14:17:00.007, 6, 104260, 100, 944.74
2026/08/07 14:17:00.007, 7, 104260, 100, 977.32
2026/08/07 14:17:00.508, 0, 103114, 100, 952.43
2026/08/07 14:17:00.508, 1, 104274, 100, 970.47
2026/08/07 14:17:00.509, 2, 104274, 100, 941.63
2026/08/07 14:17:00.510, 3, 104274, 100, 950.27
2026/08/07 14:17:00.511, 4, 103100, 100, 926.45
2026/08/07 14:17:00.512, 5, 104260, 100, 958.36
2026/08/07 14:17:00.513, 6, 104260, 100, 941.79
2026/08/07 14:17:00.514, 7, 104260, 100, 970.02
2026/08/07 14:17:01.015, 0, 103114, 100, 945.33
2026/08/07 14:17:01.015, 1, 104274, 100, 960.71
2026/08/07 14:17:01.015, 2, 104274, 100, 938.10
2026/08/07 14:17:01.015, 3, 104274, 100, 956.06
2026/08/07 14:17:01.015, 4, 103100, 100, 933.71
2026/08/07 14:17:01.015, 5, 104260, 100, 960.92
2026/08/07 14:17:01.015, 6, 104260, 100, 939.67
2026/08/07 14:17:01.015, 7, 104260, 100, 968.00
2026/08/07 14:17:01.515, 0, 103114, 100, 935.74
2026/08/07 14:17:01.515, 1, 104274, 100, 963.09
2026/08/07 14:17:01.515, 2, 104274, 100, 944.12
2026/08/07 14:17:01.515, 3, 104274, 100, 957.01
2026/08/07 14:17:01.515, 4, 103100, 100, 954.71
2026/08/07 14:17:01.515, 5, 104260, 100, 974.10
2026/08/07 14:17:01.515, 6, 104260, 100, 950.84
2026/08/07 14:17:01.515, 7, 104260, 100, 978.49
2026/08/07 14:17:02.015, 0, 103114, 100, 946.45
2026/08/07 14:17:02.015, 1, 104274, 100, 969.22
2026/08/07 14:17:02.015, 2, 104274, 100, 956.66
2026/08/07 14:17:02.015, 3, 104274, 100, 958.32
2026/08/07 14:17:02.015, 4, 103100, 100, 953.11
2026/08/07 14:17:02.015, 5, 104260, 100, 976.74
2026/08/07 14:17:02.015, 6, 104260, 100, 958.01
2026/08/07 14:17:02.015, 7, 104260, 100, 976.65
2026/08/07 14:17:02.515, 0, 103114, 100, 961.18
2026/08/07 14:17:02.515, 1, 104274, 100, 973.39
2026/08/07 14:17:02.515, 2, 104274, 100, 960.64
2026/08/07 14:17:02.515, 3, 104274, 100, 961.46
2026/08/07 14:17:02.515, 4, 103100, 100, 951.24
2026/08/07 14:17:02.515, 5, 104260, 100, 966.89
2026/08/07 14:17:02.515, 6, 104260, 100, 947.22
2026/08/07 14:17:02.515, 7, 104260, 100, 969.34
2026/08/07 14:17:03.015, 0, 103114, 100, 966.34
2026/08/07 14:17:03.019, 1, 104274, 100, 975.26
2026/08/07 14:17:03.019, 2, 104274, 100, 955.09
2026/08/07 14:17:03.019, 3, 104274, 100, 967.66
2026/08/07 14:17:03.020, 4, 103100, 100, 945.66
2026/08/07 14:17:03.020, 5, 104260, 100, 954.63
2026/08/07 14:17:03.020, 6, 104260, 100, 942.22
2026/08/07 14:17:03.020, 7, 104260, 100, 973.05
2026/08/07 14:17:03.520, 0, 103114, 100, 961.26
2026/08/07 14:17:03.520, 1, 104274, 100, 971.73
2026/08/07 14:17:03.520, 2, 104274, 100, 951.10
2026/08/07 14:17:03.520, 3, 104274, 100, 970.38
2026/08/07 14:17:03.520, 4, 103100, 100, 934.14
2026/08/07 14:17:03.520, 5, 104260, 100, 949.80
2026/08/07 14:17:03.520, 6, 104260, 100, 935.12
2026/08/07 14:17:03.520, 7, 104260, 100, 968.98
2026/08/07 14:17:04.020, 0, 103114, 100, 957.20
2026/08/07 14:17:04.020, 1, 104274, 100, 964.34
2026/08/07 14:17:04.021, 2, 104274, 100, 948.72
2026/08/07 14:17:04.021, 3, 104274, 100, 962.44
2026/08/07 14:17:04.021, 4, 103100, 100, 929.33
2026/08/07 14:17:04.021, 5, 104260, 100, 958.49
2026/08/07 14:17:04.021, 6, 104260, 100, 929.90
2026/08/07 14:17:04.021, 7, 104260, 100, 967.16
2026/08/07 14:17:04.521, 0, 103114, 100, 954.87
2026/08/07 14:17:04.521, 1, 104274, 100, 961.71
2026/08/07 14:17:04.521, 2, 104274, 100, 942.78
2026/08/07 14:17:04.521, 3, 104274, 100, 958.25
2026/08/07 14:17:04.521, 4, 103100, 100, 931.82
2026/08/07 14:17:04.521, 5, 104260, 100, 958.57
2026/08/07 14:17:04.521, 6, 104260, 100, 928.93
2026/08/07 14:17:04.521, 7, 104260, 100, 964.75
2026/08/07 14:17:05.021, 0, 103114, 100, 947.14
2026/08/07 14:17:05.021, 1, 104274, 100, 959.15
2026/08/07 14:17:05.021, 2, 104274, 100, 937.97
2026/08/07 14:17:05.021, 3, 104274, 100, 963.36
2026/08/07 14:17:05.021, 4, 103100, 100, 940.28
2026/08/07 14:17:05.021, 5, 104260, 100, 956.08
2026/08/07 14:17:05.021, 6, 104260, 100, 927.63
2026/08/07 14:17:05.021, 7, 104260, 100, 960.71
2026/08/07 14:17:05.521, 0, 103114, 100, 934.93
2026/08/07 14:17:05.521, 1, 104274, 100, 949.10
2026/08/07 14:17:05.522, 2, 104274, 99, 938.00
2026/08/07 14:17:05.523, 3, 104274, 99, 960.35
2026/08/07 14:17:05.524, 4, 103100, 100, 937.90
2026/08/07 14:17:05.525, 5, 104260, 100, 970.77
2026/08/07 14:17:05.526, 6, 104260, 100, 941.05
2026/08/07 14:17:05.527, 7, 104260, 100, 980.03
2026/08/07 14:17:06.028, 0, 103114, 100, 939.37
2026/08/07 14:17:06.028, 1, 104274, 100, 952.80
2026/08/07 14:17:06.028, 2, 104274, 100, 939.38
2026/08/07 14:17:06.028, 3, 104274, 100, 960.16
2026/08/07 14:17:06.028, 4, 103100, 100, 944.65
2026/08/07 14:17:06.028, 5, 104260, 100, 977.05
2026/08/07 14:17:06.028, 6, 104260, 100, 951.66
2026/08/07 14:17:06.028, 7, 104260, 100, 990.24
2026/08/07 14:17:06.528, 0, 103114, 100, 951.90
2026/08/07 14:17:06.528, 1, 104274, 100, 973.26
2026/08/07 14:17:06.528, 2, 104274, 100, 942.79
2026/08/07 14:17:06.528, 3, 104274, 100, 967.71
2026/08/07 14:17:06.528, 4, 103100, 100, 949.25
2026/08/07 14:17:06.528, 5, 104260, 100, 976.85
2026/08/07 14:17:06.528, 6, 104260, 100, 948.57
2026/08/07 14:17:06.528, 7, 104260, 100, 977.29
2026/08/07 14:17:07.028, 0, 103114, 100, 960.27
2026/08/07 14:17:07.028, 1, 104274, 100, 982.43
2026/08/07 14:17:07.028, 2, 104274, 100, 952.53
2026/08/07 14:17:07.028, 3, 104274, 100, 970.34
2026/08/07 14:17:07.028, 4, 103100, 100, 946.87
2026/08/07 14:17:07.028, 5, 104260, 100, 969.39
2026/08/07 14:17:07.028, 6, 104260, 100, 942.97
2026/08/07 14:17:07.028, 7, 104260, 100, 970.36
2026/08/07 14:17:07.528, 0, 103114, 100, 963.62
2026/08/07 14:17:07.528, 1, 104274, 100, 978.74
2026/08/07 14:17:07.528, 2, 104274, 100, 954.36
2026/08/07 14:17:07.528, 3, 104274, 100, 967.73
2026/08/07 14:17:07.528, 4, 103100, 100, 936.22
2026/08/07 14:17:07.529, 5, 104260, 100, 953.91
2026/08/07 14:17:07.529, 6, 104260, 100, 943.63
2026/08/07 14:17:07.529, 7, 104260, 100, 972.62
2026/08/07 14:17:08.029, 0, 103114, 100, 955.91
2026/08/07 14:17:08.029, 1, 104274, 100, 975.03
2026/08/07 14:17:08.029, 2, 104274, 100, 948.14
2026/08/07 14:17:08.029, 3, 104274, 100, 959.01
2026/08/07 14:17:08.029, 4, 103100, 100, 928.31
2026/08/07 14:17:08.029, 5, 104260, 100, 957.48
2026/08/07 14:17:08.029, 6, 104260, 100, 940.95
2026/08/07 14:17:08.029, 7, 104260, 100, 970.92
2026/08/07 14:17:08.529, 0, 103114, 100, 956.29
2026/08/07 14:17:08.529, 1, 104274, 100, 972.31
2026/08/07 14:17:08.529, 2, 104274, 100, 944.51
2026/08/07 14:17:08.529, 3, 104274, 100, 956.25
2026/08/07 14:17:08.529, 4, 103100, 100, 936.12
2026/08/07 14:17:08.529, 5, 104260, 100, 964.12
2026/08/07 14:17:08.529, 6, 104260, 100, 935.58
2026/08/07 14:17:08.529, 7, 104260, 100, 966.57
2026/08/07 14:17:09.029, 0, 103114, 100, 955.71
2026/08/07 14:17:09.030, 1, 104274, 100, 975.83
2026/08/07 14:17:09.030, 2, 104274, 100, 944.40
2026/08/07 14:17:09.030, 3, 104274, 100, 958.42
2026/08/07 14:17:09.030, 4, 103100, 100, 932.21
2026/08/07 14:17:09.030, 5, 104260, 99, 955.33
2026/08/07 14:17:09.030, 6, 104260, 99, 931.34
2026/08/07 14:17:09.030, 7, 104260, 99, 966.02
2026/08/07 14:17:09.530, 0, 103114, 100, 950.25
2026/08/07 14:17:09.530, 1, 104274, 100, 969.91
2026/08/07 14:17:09.530, 2, 104274, 100, 947.56
2026/08/07 14:17:09.530, 3, 104274, 100, 958.90
2026/08/07 14:17:09.530, 4, 103100, 100, 925.89
2026/08/07 14:17:09.530, 5, 104260, 100, 955.94
2026/08/07 14:17:09.530, 6, 104260, 100, 936.20
2026/08/07 14:17:09.530, 7, 104260, 100, 973.07
2026/08/07 14:17:10.030, 0, 103114, 99, 944.30
2026/08/07 14:17:10.030, 1, 104274, 99, 952.38
2026/08/07 14:17:10.030, 2, 104274, 99, 938.74
2026/08/07 14:17:10.030, 3, 104274, 99, 955.51
2026/08/07 14:17:10.030, 4, 103100, 100, 931.11
2026/08/07 14:17:10.030, 5, 104260, 100, 972.61
2026/08/07 14:17:10.030, 6, 104260, 100, 948.55
2026/08/07 14:17:10.030, 7, 104260, 100, 974.42
2026/08/07 14:17:10.530, 0, 103114, 100, 943.18
2026/08/07 14:17:10.531, 1, 104274, 100, 963.31
2026/08/07 14:17:10.531, 2, 104274, 100, 937.42
2026/08/07 14:17:10.531, 3, 104274, 100, 957.37
2026/08/07 14:17:10.531, 4, 103100, 100, 942.80
2026/08/07 14:17:10.531, 5, 104260, 100, 977.75
2026/08/07 14:17:10.531, 6, 104260, 100, 950.99
2026/08/07 14:17:10.531, 7, 104260, 100, 976.70
2026/08/07 14:17:11.031, 0, 103114, 100, 953.34
2026/08/07 14:17:11.031, 1, 104274, 100, 978.85
2026/08/07 14:17:11.031, 2, 104274, 100, 952.06
2026/08/07 14:17:11.031, 3, 104274, 100, 958.44
2026/08/07 14:17:11.031, 4, 103100, 100, 948.74
2026/08/07 14:17:11.031, 5, 104260, 100, 974.04
2026/08/07 14:17:11.031, 6, 104260, 100, 955.41
2026/08/07 14:17:11.031, 7, 104260, 100, 981.30
2026/08/07 14:17:11.531, 0, 103114, 100, 957.44
2026/08/07 14:17:11.531, 1, 104274, 100, 983.42
2026/08/07 14:17:11.531, 2, 104274, 100, 956.12
2026/08/07 14:17:11.531, 3, 104274, 100, 957.80
2026/08/07 14:17:11.531, 4, 103100, 100, 948.04
2026/08/07 14:17:11.531, 5, 104260, 100, 967.37
2026/08/07 14:17:11.531, 6, 104260, 100, 949.53
2026/08/07 14:17:11.531, 7, 104260, 100, 975.17
2026/08/07 14:17:12.031, 0, 103114, 100, 961.29
2026/08/07 14:17:12.031, 1, 104274, 100, 983.71
2026/08/07 14:17:12.031, 2, 104274, 100, 952.96
2026/08/07 14:17:12.031, 3, 104274, 100, 963.74
2026/08/07 14:17:12.031, 4, 103100, 100, 944.81
2026/08/07 14:17:12.031, 5, 104260, 100, 957.08
2026/08/07 14:17:12.031, 6, 104260, 100, 941.54
2026/08/07 14:17:12.031, 7, 104260, 100, 975.22
2026/08/07 14:17:12.531, 0, 103114, 100, 960.32
2026/08/07 14:17:12.531, 1, 104274, 100, 968.97
2026/08/07 14:17:12.531, 2, 104274, 100, 940.34
2026/08/07 14:17:12.531, 3, 104274, 100, 967.62
2026/08/07 14:17:12.531, 4, 103100, 100, 927.43
2026/08/07 14:17:12.531, 5, 104260, 100, 965.36
2026/08/07 14:17:12.531, 6, 104260, 100, 941.55
2026/08/07 14:17:12.531, 7, 104260, 100, 964.49
2026/08/07 14:17:13.032, 0, 103114, 100, 950.41
2026/08/07 14:17:13.032, 1, 104274, 100, 968.85
2026/08/07 14:17:13.032, 2, 104274, 100, 930.39
2026/08/07 14:17:13.032, 3, 104274, 100, 959.80
2026/08/07 14:17:13.032, 4, 103100, 100, 928.17
2026/08/07 14:17:13.032, 5, 104260, 100, 966.02
2026/08/07 14:17:13.032, 6, 104260, 100, 942.68
2026/08/07 14:17:13.032, 7, 104260, 100, 962.22
2026/08/07 14:17:13.532, 0, 103114, 100, 946.62
2026/08/07 14:17:13.532, 1, 104274, 100, 971.26
2026/08/07 14:17:13.532, 2, 104274, 100, 940.54
2026/08/07 14:17:13.536, 3, 104274, 100, 956.97
2026/08/07 14:17:13.536, 4, 103100, 100, 929.88
2026/08/07 14:17:13.540, 5, 104260, 100, 941.53
2026/08/07 14:17:13.541, 6, 104260, 99, 942.17
2026/08/07 14:17:13.544, 7, 104260, 99, 970.64
2026/08/07 14:17:14.045, 0, 103114, 100, 946.53
2026/08/07 14:17:14.045, 1, 104274, 100, 967.06
2026/08/07 14:17:14.045, 2, 104274, 100, 939.64
2026/08/07 14:17:14.045, 3, 104274, 100, 957.76
2026/08/07 14:17:14.045, 4, 103100, 100, 940.84
2026/08/07 14:17:14.045, 5, 104260, 100, 956.40
2026/08/07 14:17:14.045, 6, 104260, 100, 938.07
2026/08/07 14:17:14.045, 7, 104260, 100, 961.47
2026/08/07 14:17:14.545, 0, 103114, 99, 945.49
2026/08/07 14:17:14.545, 1, 104274, 99, 970.12
2026/08/07 14:17:14.545, 2, 104274, 100, 941.01
2026/08/07 14:17:14.545, 3, 104274, 100, 950.80
2026/08/07 14:17:14.545, 4, 103100, 100, 952.33
2026/08/07 14:17:14.545, 5, 104260, 100, 970.82
2026/08/07 14:17:14.545, 6, 104260, 100, 942.40
2026/08/07 14:17:14.545, 7, 104260, 100, 968.04
2026/08/07 14:17:15.045, 0, 103114, 100, 949.15
2026/08/07 14:17:15.045, 1, 104274, 100, 976.74
2026/08/07 14:17:15.045, 2, 104274, 100, 953.58
2026/08/07 14:17:15.045, 3, 104274, 100, 956.57
2026/08/07 14:17:15.045, 4, 103100, 100, 949.25
2026/08/07 14:17:15.045, 5, 104260, 100, 967.46
2026/08/07 14:17:15.045, 6, 104260, 100, 942.86
2026/08/07 14:17:15.045, 7, 104260, 100, 978.58
2026/08/07 14:17:15.545, 0, 103114, 100, 960.57
2026/08/07 14:17:15.546, 1, 104274, 100, 982.27
2026/08/07 14:17:15.546, 2, 104274, 100, 956.41
2026/08/07 14:17:15.546, 3, 104274, 100, 966.77
2026/08/07 14:17:15.546, 4, 103100, 100, 943.51
2026/08/07 14:17:15.546, 5, 104260, 100, 967.55
2026/08/07 14:17:15.546, 6, 104260, 100, 951.90
2026/08/07 14:17:15.546, 7, 104260, 100, 979.16
2026/08/07 14:17:16.046, 0, 103114, 100, 964.76
2026/08/07 14:17:16.046, 1, 104274, 100, 983.23
2026/08/07 14:17:16.046, 2, 104274, 100, 953.34
2026/08/07 14:17:16.046, 3, 104274, 100, 964.07
2026/08/07 14:17:16.046, 4, 103100, 100, 939.62
2026/08/07 14:17:16.046, 5, 104260, 100, 966.02
2026/08/07 14:17:16.046, 6, 104260, 100, 942.12
2026/08/07 14:17:16.046, 7, 104260, 100, 975.46
2026/08/07 14:17:16.547, 0, 103114, 100, 972.41
2026/08/07 14:17:16.547, 1, 104274, 100, 975.01
2026/08/07 14:17:16.547, 2, 104274, 100, 957.73
2026/08/07 14:17:16.547, 3, 104274, 100, 966.25
2026/08/07 14:17:16.547, 4, 103100, 100, 937.73
2026/08/07 14:17:16.547, 5, 104260, 100, 963.05
2026/08/07 14:17:16.547, 6, 104260, 100, 932.58
2026/08/07 14:17:16.547, 7, 104260, 100, 969.66
2026/08/07 14:17:17.047, 0, 103114, 100, 959.56
2026/08/07 14:17:17.047, 1, 104274, 100, 969.30
2026/08/07 14:17:17.047, 2, 104274, 100, 951.48
2026/08/07 14:17:17.047, 3, 104274, 100, 962.39
2026/08/07 14:17:17.047, 4, 103100, 100, 935.91
2026/08/07 14:17:17.047, 5, 104260, 100, 954.56
2026/08/07 14:17:17.047, 6, 104260, 100, 938.28
2026/08/07 14:17:17.047, 7, 104260, 100, 964.95
2026/08/07 14:17:17.547, 0, 103114, 100, 945.24
2026/08/07 14:17:17.547, 1, 104274, 100, 961.94
2026/08/07 14:17:17.547, 2, 104274, 100, 944.92
2026/08/07 14:17:17.547, 3, 104274, 100, 951.44
2026/08/07 14:17:17.547, 4, 103100, 100, 937.36
2026/08/07 14:17:17.547, 5, 104260, 100, 958.22
2026/08/07 14:17:17.547, 6, 104260, 100, 925.65
2026/08/07 14:17:17.547, 7, 104260, 100, 953.64
2026/08/07 14:17:18.047, 0, 103114, 100, 947.64
2026/08/07 14:17:18.047, 1, 104274, 100, 958.67
2026/08/07 14:17:18.047, 2, 104274, 100, 943.77
2026/08/07 14:17:18.047, 3, 104274, 100, 955.67
2026/08/07 14:17:18.047, 4, 103100, 100, 933.11
2026/08/07 14:17:18.047, 5, 104260, 100, 954.89
2026/08/07 14:17:18.047, 6, 104260, 100, 924.12
2026/08/07 14:17:18.047, 7, 104260, 100, 961.49
2026/08/07 14:17:18.547, 0, 103114, 100, 951.20
2026/08/07 14:17:18.547, 1, 104274, 100, 958.95
2026/08/07 14:17:18.547, 2, 104274, 100, 945.65
2026/08/07 14:17:18.547, 3, 104274, 100, 965.27
2026/08/07 14:17:18.547, 4, 103100, 100, 936.49
2026/08/07 14:17:18.547, 5, 104260, 100, 957.76
2026/08/07 14:17:18.547, 6, 104260, 100, 943.24
2026/08/07 14:17:18.548, 7, 104260, 100, 976.15
2026/08/07 14:17:19.048, 0, 103116, 100, 944.92
2026/08/07 14:17:19.048, 1, 104276, 100, 962.97
2026/08/07 14:17:19.048, 2, 104276, 100, 943.59
2026/08/07 14:17:19.048, 3, 104276, 100, 953.72
2026/08/07 14:17:19.048, 4, 103100, 100, 942.16
2026/08/07 14:17:19.048, 5, 104260, 100, 972.15
2026/08/07 14:17:19.048, 6, 104260, 100, 956.27
2026/08/07 14:17:19.048, 7, 104260, 100, 980.02
2026/08/07 14:17:19.548, 0, 103116, 100, 941.99
2026/08/07 14:17:19.548, 1, 104276, 100, 968.81
2026/08/07 14:17:19.548, 2, 104276, 100, 950.03
2026/08/07 14:17:19.548, 3, 104276, 100, 955.28
2026/08/07 14:17:19.548, 4, 103100, 100, 941.41
2026/08/07 14:17:19.548, 5, 104260, 100, 972.91
2026/08/07 14:17:19.548, 6, 104260, 100, 960.13
2026/08/07 14:17:19.548, 7, 104260, 100, 984.19
2026/08/07 14:17:20.048, 0, 103116, 100, 957.85
2026/08/07 14:17:20.048, 1, 104276, 100, 975.49
2026/08/07 14:17:20.048, 2, 104276, 100, 950.83
2026/08/07 14:17:20.048, 3, 104276, 100, 970.85
2026/08/07 14:17:20.048, 4, 103100, 100, 942.24
2026/08/07 14:17:20.048, 5, 104260, 100, 970.55
2026/08/07 14:17:20.048, 6, 104260, 100, 959.90
2026/08/07 14:17:20.048, 7, 104260, 100, 976.40
2026/08/07 14:17:20.548, 0, 103116, 100, 959.12
2026/08/07 14:17:20.548, 1, 104276, 100, 973.98
2026/08/07 14:17:20.548, 2, 104276, 100, 949.06
2026/08/07 14:17:20.548, 3, 104276, 100, 964.80
2026/08/07 14:17:20.548, 4, 103100, 100, 944.89
2026/08/07 14:17:20.548, 5, 104260, 100, 968.19
2026/08/07 14:17:20.548, 6, 104260, 100, 947.87
2026/08/07 14:17:20.548, 7, 104260, 100, 965.50
2026/08/07 14:17:21.048, 0, 103116, 100, 954.49
2026/08/07 14:17:21.048, 1, 104276, 100, 970.52
2026/08/07 14:17:21.048, 2, 104276, 100, 954.82
2026/08/07 14:17:21.049, 3, 104276, 100, 963.69
2026/08/07 14:17:21.049, 4, 103100, 100, 944.70
2026/08/07 14:17:21.049, 5, 104260, 100, 966.98
2026/08/07 14:17:21.049, 6, 104260, 100, 942.03
2026/08/07 14:17:21.049, 7, 104260, 100, 969.27
2026/08/07 14:17:21.549, 0, 103116, 100, 956.93
2026/08/07 14:17:21.549, 1, 104276, 100, 970.60
2026/08/07 14:17:21.549, 2, 104276, 100, 953.55
2026/08/07 14:17:21.549, 3, 104276, 100, 968.69
2026/08/07 14:17:21.549, 4, 103100, 100, 937.00
2026/08/07 14:17:21.549, 5, 104260, 100, 957.80
2026/08/07 14:17:21.549, 6, 104260, 100, 945.09
2026/08/07 14:17:21.549, 7, 104260, 100, 966.24
2026/08/07 14:17:22.049, 0, 103116, 100, 960.13
2026/08/07 14:17:22.049, 1, 104276, 100, 968.17
2026/08/07 14:17:22.049, 2, 104276, 100, 944.66
2026/08/07 14:17:22.049, 3, 104276, 100, 958.90
2026/08/07 14:17:22.049, 4, 103100, 100, 940.68
2026/08/07 14:17:22.049, 5, 104260, 100, 951.00
2026/08/07 14:17:22.049, 6, 104260, 100, 941.45
2026/08/07 14:17:22.049, 7, 104260, 100, 962.08
2026/08/07 14:17:22.549, 0, 103116, 100, 953.96
2026/08/07 14:17:22.549, 1, 104276, 100, 971.91
2026/08/07 14:17:22.549, 2, 104276, 100, 939.04
2026/08/07 14:17:22.549, 3, 104276, 100, 950.16
2026/08/07 14:17:22.549, 4, 103100, 100, 950.85
2026/08/07 14:17:22.549, 5, 104260, 100, 956.98
2026/08/07 14:17:22.549, 6, 104260, 100, 930.88
2026/08/07 14:17:22.549, 7, 104260, 100, 966.30
2026/08/07 14:17:23.049, 0, 103116, 100, 941.06
2026/08/07 14:17:23.049, 1, 104276, 100, 964.92
2026/08/07 14:17:23.049, 2, 104276, 100, 944.78
2026/08/07 14:17:23.049, 3, 104276, 100, 954.29
2026/08/07 14:17:23.049, 4, 103100, 100, 949.73
2026/08/07 14:17:23.049, 5, 104260, 100, 967.15
2026/08/07 14:17:23.049, 6, 104260, 100, 936.98
2026/08/07 14:17:23.049, 7, 104260, 100, 969.18
2026/08/07 14:17:23.550, 0, 103116, 100, 943.72
2026/08/07 14:17:23.550, 1, 104276, 100, 949.40
2026/08/07 14:17:23.550, 2, 104276, 100, 936.32
2026/08/07 14:17:23.550, 3, 104276, 100, 956.87
2026/08/07 14:17:23.550, 4, 103100, 100, 944.43
2026/08/07 14:17:23.550, 5, 104260, 100, 973.70
2026/08/07 14:17:23.550, 6, 104260, 100, 947.59
2026/08/07 14:17:23.550, 7, 104260, 100, 973.99
2026/08/07 14:17:24.050, 0, 103116, 100, 949.34
2026/08/07 14:17:24.050, 1, 104276, 100, 961.97
2026/08/07 14:17:24.050, 2, 104276, 100, 935.81
2026/08/07 14:17:24.050, 3, 104276, 100, 971.49
2026/08/07 14:17:24.050, 4, 103100, 100, 945.75
2026/08/07 14:17:24.050, 5, 104260, 100, 968.87
2026/08/07 14:17:24.050, 6, 104260, 100, 951.53
2026/08/07 14:17:24.050, 7, 104260, 100, 984.56
2026/08/07 14:17:24.550, 0, 103116, 100, 949.62
2026/08/07 14:17:24.550, 1, 104276, 100, 974.98
2026/08/07 14:17:24.550, 2, 104276, 100, 949.55
2026/08/07 14:17:24.550, 3, 104276, 100, 969.11
2026/08/07 14:17:24.550, 4, 103100, 100, 944.32
2026/08/07 14:17:24.550, 5, 104260, 100, 965.34
2026/08/07 14:17:24.550, 6, 104260, 100, 949.30
2026/08/07 14:17:24.550, 7, 104260, 100, 981.19
2026/08/07 14:17:25.050, 0, 103116, 100, 954.82
2026/08/07 14:17:25.050, 1, 104276, 100, 976.82
2026/08/07 14:17:25.050, 2, 104276, 100, 955.27
2026/08/07 14:17:25.050, 3, 104276, 100, 967.30
2026/08/07 14:17:25.050, 4, 103100, 100, 945.24
2026/08/07 14:17:25.050, 5, 104260, 100, 961.21
2026/08/07 14:17:25.050, 6, 104260, 100, 948.40
2026/08/07 14:17:25.050, 7, 104260, 100, 974.91
2026/08/07 14:17:25.550, 0, 103116, 100, 959.30
2026/08/07 14:17:25.550, 1, 104276, 100, 977.57
2026/08/07 14:17:25.550, 2, 104276, 100, 963.31
2026/08/07 14:17:25.550, 3, 104276, 100, 965.45
2026/08/07 14:17:25.550, 4, 103100, 100, 938.02
2026/08/07 14:17:25.550, 5, 104260, 100, 962.75
2026/08/07 14:17:25.550, 6, 104260, 100, 939.74
2026/08/07 14:17:25.550, 7, 104260, 100, 964.60
2026/08/07 14:17:26.051, 0, 103116, 100, 960.00
2026/08/07 14:17:26.051, 1, 104276, 100, 971.97
2026/08/07 14:17:26.051, 2, 104276, 100, 959.81
2026/08/07 14:17:26.051, 3, 104276, 100, 958.37
2026/08/07 14:17:26.051, 4, 103100, 100, 935.98
2026/08/07 14:17:26.051, 5, 104260, 100, 962.94
2026/08/07 14:17:26.051, 6, 104260, 100, 934.77
2026/08/07 14:17:26.051, 7, 104260, 100, 967.10
2026/08/07 14:17:26.551, 0, 103116, 100, 959.34
2026/08/07 14:17:26.552, 1, 104276, 100, 970.34
2026/08/07 14:17:26.555, 2, 104276, 100, 947.22
2026/08/07 14:17:26.560, 3, 104276, 100, 954.38
2026/08/07 14:17:26.564, 4, 103100, 100, 934.25
2026/08/07 14:17:26.565, 5, 104260, 100, 957.01
2026/08/07 14:17:26.565, 6, 104260, 100, 933.93
2026/08/07 14:17:26.565, 7, 104260, 100, 958.24
2026/08/07 14:17:27.069, 0, 103116, 100, 946.52
2026/08/07 14:17:27.069, 1, 104276, 100, 975.78
2026/08/07 14:17:27.069, 2, 104276, 100, 943.69
2026/08/07 14:17:27.069, 3, 104276, 100, 957.70
2026/08/07 14:17:27.069, 4, 103100, 100, 939.23
2026/08/07 14:17:27.069, 5, 104260, 100, 957.80
2026/08/07 14:17:27.069, 6, 104260, 100, 938.11
2026/08/07 14:17:27.069, 7, 104260, 100, 957.89
2026/08/07 14:17:27.569, 0, 103116, 100, 941.98
2026/08/07 14:17:27.569, 1, 104276, 100, 971.53
2026/08/07 14:17:27.569, 2, 104276, 100, 942.32
2026/08/07 14:17:27.569, 3, 104276, 99, 958.12
2026/08/07 14:17:27.569, 4, 103100, 100, 949.28
2026/08/07 14:17:27.569, 5, 104260, 100, 968.21
2026/08/07 14:17:27.569, 6, 104260, 100, 949.20
2026/08/07 14:17:27.569, 7, 104260, 100, 977.45
2026/08/07 14:17:28.069, 0, 103116, 100, 950.39
2026/08/07 14:17:28.069, 1, 104276, 100, 968.52
2026/08/07 14:17:28.069, 2, 104276, 100, 944.67
2026/08/07 14:17:28.069, 3, 104276, 100, 959.13
2026/08/07 14:17:28.069, 4, 103100, 100, 952.80
2026/08/07 14:17:28.069, 5, 104260, 100, 973.82
2026/08/07 14:17:28.069, 6, 104260, 100, 952.27
2026/08/07 14:17:28.069, 7, 104260, 100, 980.01
2026/08/07 14:17:28.569, 0, 103116, 100, 956.94
2026/08/07 14:17:28.569, 1, 104276, 100, 974.65
2026/08/07 14:17:28.569, 2, 104276, 100, 952.11
2026/08/07 14:17:28.569, 3, 104276, 100, 969.36
2026/08/07 14:17:28.569, 4, 103100, 100, 949.18
2026/08/07 14:17:28.570, 5, 104260, 100, 972.09
2026/08/07 14:17:28.570, 6, 104260, 100, 953.38
2026/08/07 14:17:28.570, 7, 104260, 100, 975.03
2026/08/07 14:17:29.070, 0, 103116, 100, 966.96
2026/08/07 14:17:29.070, 1, 104276, 100, 968.87
2026/08/07 14:17:29.071, 2, 104276, 100, 947.17
2026/08/07 14:17:29.074, 3, 104276, 100, 976.10
2026/08/07 14:17:29.075, 4, 103100, 100, 950.79
2026/08/07 14:17:29.079, 5, 104260, 100, 977.26
2026/08/07 14:17:29.079, 6, 104260, 100, 955.55
2026/08/07 14:17:29.083, 7, 104260, 100, 979.14
2026/08/07 14:17:29.584, 0, 103116, 100, 963.41
2026/08/07 14:17:29.584, 1, 104276, 100, 974.16
2026/08/07 14:17:29.584, 2, 104276, 100, 948.29
2026/08/07 14:17:29.584, 3, 104276, 100, 967.66
2026/08/07 14:17:29.584, 4, 103100, 100, 944.80
2026/08/07 14:17:29.584, 5, 104260, 100, 961.25
2026/08/07 14:17:29.584, 6, 104260, 100, 945.86
2026/08/07 14:17:29.584, 7, 104260, 100, 965.89
2026/08/07 14:17:30.084, 0, 103116, 100, 960.72
2026/08/07 14:17:30.084, 1, 104276, 100, 982.65
2026/08/07 14:17:30.084, 2, 104276, 100, 949.33
2026/08/07 14:17:30.084, 3, 104276, 100, 960.46
2026/08/07 14:17:30.084, 4, 103100, 100, 934.92
2026/08/07 14:17:30.084, 5, 104260, 100, 957.90
2026/08/07 14:17:30.084, 6, 104260, 100, 929.08
2026/08/07 14:17:30.084, 7, 104260, 100, 957.61
2026/08/07 14:17:30.584, 0, 103116, 100, 950.21
2026/08/07 14:17:30.584, 1, 104276, 100, 974.27
2026/08/07 14:17:30.584, 2, 104276, 100, 956.48
2026/08/07 14:17:30.584, 3, 104276, 100, 956.62
2026/08/07 14:17:30.584, 4, 103100, 100, 941.73
2026/08/07 14:17:30.584, 5, 104260, 100, 958.75
2026/08/07 14:17:30.584, 6, 104260, 100, 927.03
2026/08/07 14:17:30.584, 7, 104260, 100, 959.39
2026/08/07 14:17:31.084, 0, 103116, 100, 945.65
2026/08/07 14:17:31.085, 1, 104276, 100, 967.81
2026/08/07 14:17:31.085, 2, 104276, 100, 950.24
2026/08/07 14:17:31.085, 3, 104276, 100, 959.44
2026/08/07 14:17:31.085, 4, 103100, 100, 937.11
2026/08/07 14:17:31.085, 5, 104260, 100, 953.53
2026/08/07 14:17:31.085, 6, 104260, 99, 944.99
2026/08/07 14:17:31.085, 7, 104260, 100, 958.90
2026/08/07 14:17:31.585, 0, 103116, 100, 946.45
2026/08/07 14:17:31.587, 1, 104276, 100, 971.39
2026/08/07 14:17:31.587, 2, 104276, 100, 939.46
2026/08/07 14:17:31.587, 3, 104276, 100, 958.77
2026/08/07 14:17:31.587, 4, 103100, 100, 938.31
2026/08/07 14:17:31.587, 5, 104260, 100, 958.97
2026/08/07 14:17:31.587, 6, 104260, 100, 948.86
2026/08/07 14:17:31.587, 7, 104260, 100, 965.83
2026/08/07 14:17:32.087, 0, 103116, 100, 939.13
2026/08/07 14:17:32.087, 1, 104276, 99, 954.46
2026/08/07 14:17:32.088, 2, 104276, 100, 941.93
2026/08/07 14:17:32.088, 3, 104276, 99, 960.87
2026/08/07 14:17:32.088, 4, 103100, 100, 948.08
2026/08/07 14:17:32.088, 5, 104260, 100, 970.36
2026/08/07 14:17:32.088, 6, 104260, 100, 948.76
2026/08/07 14:17:32.088, 7, 104260, 100, 969.75
2026/08/07 14:17:32.588, 0, 103116, 100, 938.73
2026/08/07 14:17:32.588, 1, 104276, 100, 951.56
2026/08/07 14:17:32.588, 2, 104276, 100, 942.33
2026/08/07 14:17:32.588, 3, 104276, 100, 964.37
2026/08/07 14:17:32.588, 4, 103100, 100, 943.84
2026/08/07 14:17:32.588, 5, 104260, 100, 970.46
2026/08/07 14:17:32.588, 6, 104260, 100, 948.33
2026/08/07 14:17:32.588, 7, 104260, 100, 971.64
2026/08/07 14:17:33.088, 0, 103116, 100, 953.85
2026/08/07 14:17:33.088, 1, 104276, 100, 975.90
2026/08/07 14:17:33.091, 2, 104276, 100, 940.41
2026/08/07 14:17:33.092, 3, 104276, 100, 971.70
2026/08/07 14:17:33.092, 4, 103100, 100, 942.55
2026/08/07 14:17:33.095, 5, 104260, 100, 968.52
2026/08/07 14:17:33.096, 6, 104260, 100, 951.72
2026/08/07 14:17:33.096, 7, 104260, 100, 978.27
2026/08/07 14:17:33.596, 0, 103116, 100, 964.74
2026/08/07 14:17:33.596, 1, 104276, 100, 978.62
2026/08/07 14:17:33.596, 2, 104276, 100, 944.13
2026/08/07 14:17:33.596, 3, 104276, 100, 964.77
2026/08/07 14:17:33.596, 4, 103100, 100, 942.87
2026/08/07 14:17:33.596, 5, 104260, 100, 958.95
2026/08/07 14:17:33.596, 6, 104260, 100, 950.53
2026/08/07 14:17:33.596, 7, 104260, 100, 978.49
2026/08/07 14:17:34.096, 0, 103116, 100, 961.62
2026/08/07 14:17:34.097, 1, 104276, 100, 974.13
2026/08/07 14:17:34.097, 2, 104276, 100, 947.12
2026/08/07 14:17:34.097, 3, 104276, 100, 962.32
2026/08/07 14:17:34.097, 4, 103100, 100, 933.58
2026/08/07 14:17:34.097, 5, 104260, 100, 954.07
2026/08/07 14:17:34.097, 6, 104260, 100, 948.70
2026/08/07 14:17:34.097, 7, 104260, 100, 972.51
2026/08/07 14:17:34.597, 0, 103116, 100, 953.99
2026/08/07 14:17:34.597, 1, 104276, 100, 980.18
2026/08/07 14:17:34.597, 2, 104276, 100, 954.70
2026/08/07 14:17:34.597, 3, 104276, 100, 970.83
2026/08/07 14:17:34.597, 4, 103100, 100, 937.97
2026/08/07 14:17:34.597, 5, 104260, 100, 955.03
2026/08/07 14:17:34.597, 6, 104260, 100, 955.10
2026/08/07 14:17:34.597, 7, 104260, 100, 970.12
2026/08/07 14:17:35.097, 0, 103116, 100, 947.90
2026/08/07 14:17:35.097, 1, 104276, 100, 966.04
2026/08/07 14:17:35.097, 2, 104276, 100, 947.28
2026/08/07 14:17:35.097, 3, 104276, 100, 961.76
2026/08/07 14:17:35.097, 4, 103100, 100, 943.73
2026/08/07 14:17:35.097, 5, 104260, 100, 960.74
2026/08/07 14:17:35.097, 6, 104260, 100, 948.24
2026/08/07 14:17:35.097, 7, 104260, 100, 964.57
2026/08/07 14:17:35.597, 0, 103116, 100, 946.74
2026/08/07 14:17:35.598, 1, 104276, 100, 960.74
2026/08/07 14:17:35.598, 2, 104276, 100, 939.20
2026/08/07 14:17:35.598, 3, 104276, 100, 952.02
2026/08/07 14:17:35.598, 4, 103102, 100, 926.94
2026/08/07 14:17:35.598, 5, 104262, 100, 952.97
2026/08/07 14:17:35.598, 6, 104262, 100, 946.55
2026/08/07 14:17:35.598, 7, 104262, 100, 964.40
2026/08/07 14:17:36.098, 0, 103116, 100, 944.76
2026/08/07 14:17:36.098, 1, 104276, 100, 961.63
2026/08/07 14:17:36.098, 2, 104276, 100, 949.26
2026/08/07 14:17:36.098, 3, 104276, 100, 955.49
2026/08/07 14:17:36.098, 4, 103102, 100, 930.38
2026/08/07 14:17:36.098, 5, 104262, 100, 960.01
2026/08/07 14:17:36.098, 6, 104262, 100, 955.49
2026/08/07 14:17:36.098, 7, 104262, 100, 975.52
2026/08/07 14:17:36.598, 0, 103116, 100, 935.52
2026/08/07 14:17:36.598, 1, 104276, 100, 951.87
2026/08/07 14:17:36.598, 2, 104276, 100, 939.57
2026/08/07 14:17:36.598, 3, 104276, 100, 959.71
2026/08/07 14:17:36.598, 4, 103102, 100, 946.27
2026/08/07 14:17:36.598, 5, 104262, 100, 968.65
2026/08/07 14:17:36.598, 6, 104262, 100, 952.71
2026/08/07 14:17:36.598, 7, 104262, 100, 981.56
2026/08/07 14:17:37.098, 0, 103116, 100, 944.54
2026/08/07 14:17:37.098, 1, 104276, 100, 957.81
2026/08/07 14:17:37.098, 2, 104276, 100, 930.43
2026/08/07 14:17:37.098, 3, 104276, 100, 960.34
2026/08/07 14:17:37.098, 4, 103102, 100, 941.39
2026/08/07 14:17:37.098, 5, 104262, 100, 970.00
2026/08/07 14:17:37.098, 6, 104262, 100, 946.01
2026/08/07 14:17:37.098, 7, 104262, 100, 980.94
2026/08/07 14:17:37.598, 0, 103116, 100, 959.54
2026/08/07 14:17:37.598, 1, 104276, 100, 973.18
2026/08/07 14:17:37.598, 2, 104276, 100, 947.69
2026/08/07 14:17:37.598, 3, 104276, 100, 964.48
2026/08/07 14:17:37.598, 4, 103102, 100, 947.06
2026/08/07 14:17:37.598, 5, 104262, 100, 975.47
2026/08/07 14:17:37.598, 6, 104262, 100, 953.15
2026/08/07 14:17:37.599, 7, 104262, 100, 984.61
2026/08/07 14:17:38.099, 0, 103116, 100, 952.24
2026/08/07 14:17:38.099, 1, 104276, 100, 975.08
2026/08/07 14:17:38.099, 2, 104276, 100, 954.55
2026/08/07 14:17:38.099, 3, 104276, 100, 967.00
2026/08/07 14:17:38.099, 4, 103102, 100, 952.24
2026/08/07 14:17:38.099, 5, 104262, 100, 976.22
2026/08/07 14:17:38.099, 6, 104262, 100, 949.64
2026/08/07 14:17:38.099, 7, 104262, 100, 975.35
2026/08/07 14:17:38.599, 0, 103116, 100, 954.48
2026/08/07 14:17:38.599, 1, 104276, 100, 974.22
2026/08/07 14:17:38.599, 2, 104276, 100, 951.94
2026/08/07 14:17:38.599, 3, 104276, 100, 965.60
2026/08/07 14:17:38.599, 4, 103102, 100, 940.16
2026/08/07 14:17:38.599, 5, 104262, 100, 969.98
2026/08/07 14:17:38.599, 6, 104262, 100, 942.52
2026/08/07 14:17:38.599, 7, 104262, 100, 967.84
2026/08/07 14:17:39.099, 0, 103116, 100, 948.85
2026/08/07 14:17:39.099, 1, 104276, 100, 972.72
2026/08/07 14:17:39.099, 2, 104276, 100, 949.86
2026/08/07 14:17:39.099, 3, 104276, 100, 964.23
2026/08/07 14:17:39.099, 4, 103102, 100, 932.30
2026/08/07 14:17:39.099, 5, 104262, 100, 948.48
2026/08/07 14:17:39.099, 6, 104262, 100, 939.78
2026/08/07 14:17:39.099, 7, 104262, 100, 970.24
2026/08/07 14:17:39.599, 0, 103116, 100, 947.51
2026/08/07 14:17:39.599, 1, 104276, 100, 958.88
2026/08/07 14:17:39.600, 2, 104276, 100, 948.04
2026/08/07 14:17:39.603, 3, 104276, 100, 959.47
2026/08/07 14:17:39.604, 4, 103102, 100, 936.59
2026/08/07 14:17:39.607, 5, 104262, 100, 941.83
2026/08/07 14:17:39.608, 6, 104262, 100, 934.33
2026/08/07 14:17:39.612, 7, 104262, 100, 960.82
2026/08/07 14:17:40.112, 0, 103116, 100, 951.38
2026/08/07 14:17:40.112, 1, 104276, 100, 955.89
2026/08/07 14:17:40.112, 2, 104276, 100, 939.02
2026/08/07 14:17:40.112, 3, 104276, 100, 951.37
2026/08/07 14:17:40.112, 4, 103102, 100, 929.33
2026/08/07 14:17:40.112, 5, 104262, 100, 945.21
2026/08/07 14:17:40.112, 6, 104262, 100, 940.47
2026/08/07 14:17:40.112, 7, 104262, 100, 956.55
2026/08/07 14:17:40.612, 0, 103116, 100, 945.58
2026/08/07 14:17:40.612, 1, 104276, 100, 969.48
2026/08/07 14:17:40.612, 2, 104276, 100, 936.27
2026/08/07 14:17:40.612, 3, 104276, 100, 952.37
2026/08/07 14:17:40.612, 4, 103102, 100, 932.06
2026/08/07 14:17:40.612, 5, 104262, 100, 962.42
2026/08/07 14:17:40.612, 6, 104262, 100, 956.45
2026/08/07 14:17:40.612, 7, 104262, 100, 973.24
2026/08/07 14:17:41.112, 0, 103116, 100, 945.29
2026/08/07 14:17:41.112, 1, 104276, 100, 967.68
2026/08/07 14:17:41.112, 2, 104276, 99, 939.12
2026/08/07 14:17:41.112, 3, 104276, 100, 946.68
2026/08/07 14:17:41.113, 4, 103102, 100, 946.90
2026/08/07 14:17:41.113, 5, 104262, 100, 983.25
2026/08/07 14:17:41.113, 6, 104262, 100, 957.76
2026/08/07 14:17:41.113, 7, 104262, 100, 987.05
2026/08/07 14:17:41.613, 0, 103116, 100, 951.44
2026/08/07 14:17:41.613, 1, 104276, 100, 975.31
2026/08/07 14:17:41.613, 2, 104276, 100, 944.58
2026/08/07 14:17:41.613, 3, 104276, 100, 954.35
2026/08/07 14:17:41.613, 4, 103102, 100, 942.84
2026/08/07 14:17:41.613, 5, 104262, 100, 977.08
2026/08/07 14:17:41.613, 6, 104262, 100, 954.00
2026/08/07 14:17:41.613, 7, 104262, 100, 975.86
2026/08/07 14:17:42.113, 0, 103116, 100, 955.70
2026/08/07 14:17:42.113, 1, 104276, 100, 985.70
2026/08/07 14:17:42.113, 2, 104276, 100, 946.18
2026/08/07 14:17:42.113, 3, 104276, 100, 966.12
2026/08/07 14:17:42.113, 4, 103102, 100, 940.78
2026/08/07 14:17:42.113, 5, 104262, 100, 963.90
2026/08/07 14:17:42.113, 6, 104262, 100, 951.53
2026/08/07 14:17:42.113, 7, 104262, 100, 972.53
2026/08/07 14:17:42.613, 0, 103116, 100, 961.14
2026/08/07 14:17:42.613, 1, 104276, 100, 980.52
2026/08/07 14:17:42.613, 2, 104276, 100, 951.55
2026/08/07 14:17:42.613, 3, 104276, 100, 966.22
2026/08/07 14:17:42.613, 4, 103102, 100, 938.85
2026/08/07 14:17:42.613, 5, 104262, 100, 960.80
2026/08/07 14:17:42.613, 6, 104262, 100, 946.10
2026/08/07 14:17:42.613, 7, 104262, 100, 970.23
2026/08/07 14:17:43.113, 0, 103116, 100, 964.58
2026/08/07 14:17:43.113, 1, 104276, 100, 980.23
2026/08/07 14:17:43.113, 2, 104276, 100, 951.35
2026/08/07 14:17:43.113, 3, 104276, 100, 965.32
2026/08/07 14:17:43.113, 4, 103102, 100, 945.51
2026/08/07 14:17:43.113, 5, 104262, 100, 955.59
2026/08/07 14:17:43.113, 6, 104262, 100, 936.78
2026/08/07 14:17:43.113, 7, 104262, 100, 957.13
2026/08/07 14:17:43.614, 0, 103116, 100, 959.97
2026/08/07 14:17:43.614, 1, 104276, 100, 977.83
2026/08/07 14:17:43.614, 2, 104276, 100, 943.11
2026/08/07 14:17:43.614, 3, 104276, 100, 962.24
2026/08/07 14:17:43.614, 4, 103102, 100, 944.00
2026/08/07 14:17:43.614, 5, 104262, 100, 954.67
2026/08/07 14:17:43.614, 6, 104262, 100, 944.45
2026/08/07 14:17:43.614, 7, 104262, 100, 967.44
2026/08/07 14:17:44.114, 0, 103116, 100, 948.73
2026/08/07 14:17:44.114, 1, 104276, 100, 973.41
2026/08/07 14:17:44.114, 2, 104276, 100, 936.81
2026/08/07 14:17:44.114, 3, 104276, 100, 961.72
2026/08/07 14:17:44.114, 4, 103102, 100, 941.20
2026/08/07 14:17:44.114, 5, 104262, 100, 960.39
2026/08/07 14:17:44.114, 6, 104262, 100, 944.46
2026/08/07 14:17:44.114, 7, 104262, 100, 973.90
2026/08/07 14:17:44.614, 0, 103116, 100, 943.90
2026/08/07 14:17:44.617, 1, 104276, 100, 966.56
2026/08/07 14:17:44.617, 2, 104276, 100, 935.70
2026/08/07 14:17:44.617, 3, 104276, 100, 957.41
2026/08/07 14:17:44.617, 4, 103102, 100, 936.44
2026/08/07 14:17:44.617, 5, 104262, 100, 955.10
2026/08/07 14:17:44.617, 6, 104262, 100, 938.34
2026/08/07 14:17:44.617, 7, 104262, 100, 961.46
2026/08/07 14:17:45.118, 0, 103116, 100, 945.43
2026/08/07 14:17:45.118, 1, 104276, 100, 955.29
2026/08/07 14:17:45.118, 2, 104276, 100, 936.96
2026/08/07 14:17:45.118, 3, 104276, 100, 958.51
2026/08/07 14:17:45.118, 4, 103102, 100, 934.06
2026/08/07 14:17:45.118, 5, 104262, 100, 956.49
2026/08/07 14:17:45.118, 6, 104262, 100, 950.67
2026/08/07 14:17:45.118, 7, 104262, 100, 974.12
2026/08/07 14:17:45.618, 0, 103116, 100, 943.16
2026/08/07 14:17:45.618, 1, 104276, 100, 959.92
2026/08/07 14:17:45.618, 2, 104276, 100, 937.34
2026/08/07 14:17:45.618, 3, 104276, 100, 957.83
2026/08/07 14:17:45.618, 4, 103102, 100, 946.66
2026/08/07 14:17:45.618, 5, 104262, 100, 971.44
2026/08/07 14:17:45.618, 6, 104262, 100, 955.59
2026/08/07 14:17:45.618, 7, 104262, 100, 980.57
2026/08/07 14:17:46.118, 0, 103116, 100, 948.74
2026/08/07 14:17:46.118, 1, 104276, 100, 975.32
2026/08/07 14:17:46.118, 2, 104276, 100, 943.28
2026/08/07 14:17:46.118, 3, 104276, 100, 968.32
2026/08/07 14:17:46.118, 4, 103102, 100, 954.91
2026/08/07 14:17:46.118, 5, 104262, 100, 971.72
2026/08/07 14:17:46.118, 6, 104262, 100, 956.06
2026/08/07 14:17:46.118, 7, 104262, 100, 980.90
2026/08/07 14:17:46.618, 0, 103116, 100, 960.13
2026/08/07 14:17:46.618, 1, 104276, 100, 980.38
2026/08/07 14:17:46.618, 2, 104276, 100, 953.45
2026/08/07 14:17:46.618, 3, 104276, 100, 971.59
2026/08/07 14:17:46.618, 4, 103102, 100, 947.48
2026/08/07 14:17:46.618, 5, 104262, 100, 968.34
2026/08/07 14:17:46.618, 6, 104262, 100, 950.78
2026/08/07 14:17:46.618, 7, 104262, 100, 981.70
2026/08/07 14:17:47.118, 0, 103116, 100, 957.75
2026/08/07 14:17:47.118, 1, 104276, 100, 975.55
2026/08/07 14:17:47.118, 2, 104276, 100, 952.18
2026/08/07 14:17:47.118, 3, 104276, 100, 963.03
2026/08/07 14:17:47.119, 4, 103102, 100, 941.31
2026/08/07 14:17:47.119, 5, 104262, 100, 962.70
2026/08/07 14:17:47.119, 6, 104262, 100, 946.89
2026/08/07 14:17:47.119, 7, 104262, 100, 975.17
2026/08/07 14:17:47.619, 0, 103116, 100, 957.17
2026/08/07 14:17:47.619, 1, 104276, 100, 969.97
2026/08/07 14:17:47.619, 2, 104276, 100, 945.22
2026/08/07 14:17:47.619, 3, 104276, 100, 961.32
2026/08/07 14:17:47.619, 4, 103102, 100, 938.46
2026/08/07 14:17:47.619, 5, 104262, 100, 963.94
2026/08/07 14:17:47.619, 6, 104262, 100, 944.41
2026/08/07 14:17:47.619, 7, 104262, 100, 970.97
2026/08/07 14:17:48.119, 0, 103116, 100, 952.68
2026/08/07 14:17:48.120, 1, 104276, 100, 974.52
2026/08/07 14:17:48.121, 2, 104276, 100, 938.26
2026/08/07 14:17:48.122, 3, 104276, 100, 964.33
2026/08/07 14:17:48.123, 4, 103102, 100, 934.91
2026/08/07 14:17:48.124, 5, 104262, 100, 960.63
2026/08/07 14:17:48.125, 6, 104262, 100, 948.72
2026/08/07 14:17:48.126, 7, 104262, 100, 974.29
2026/08/07 14:17:48.627, 0, 103116, 100, 951.08
2026/08/07 14:17:48.627, 1, 104276, 100, 975.84
2026/08/07 14:17:48.627, 2, 104276, 100, 943.00
2026/08/07 14:17:48.627, 3, 104276, 100, 964.23
2026/08/07 14:17:48.627, 4, 103102, 100, 929.63
2026/08/07 14:17:48.627, 5, 104262, 100, 953.11
2026/08/07 14:17:48.627, 6, 104262, 99, 943.16
2026/08/07 14:17:48.627, 7, 104262, 100, 966.36
2026/08/07 14:17:49.127, 0, 103116, 100, 948.10
2026/08/07 14:17:49.127, 1, 104276, 100, 967.31
2026/08/07 14:17:49.127, 2, 104276, 100, 950.97
2026/08/07 14:17:49.127, 3, 104276, 100, 960.38
2026/08/07 14:17:49.127, 4, 103102, 100, 933.22
2026/08/07 14:17:49.127, 5, 104262, 100, 950.94
2026/08/07 14:17:49.127, 6, 104262, 100, 937.04
2026/08/07 14:17:49.127, 7, 104262, 100, 959.20
2026/08/07 14:17:49.627, 0, 103116, 100, 943.59
2026/08/07 14:17:49.627, 1, 104276, 100, 962.72
2026/08/07 14:17:49.627, 2, 104276, 100, 940.01
2026/08/07 14:17:49.627, 3, 104276, 100, 958.15
2026/08/07 14:17:49.627, 4, 103102, 100, 946.53
2026/08/07 14:17:49.627, 5, 104262, 100, 955.08
2026/08/07 14:17:49.627, 6, 104262, 100, 941.56
2026/08/07 14:17:49.628, 7, 104262, 100, 968.26
2026/08/07 14:17:50.128, 0, 103116, 100, 945.49
2026/08/07 14:17:50.128, 1, 104276, 100, 962.77
2026/08/07 14:17:50.128, 2, 104276, 100, 930.40
2026/08/07 14:17:50.128, 3, 104276, 100, 956.44
2026/08/07 14:17:50.128, 4, 103102, 100, 953.84
2026/08/07 14:17:50.128, 5, 104262, 100, 970.57
2026/08/07 14:17:50.128, 6, 104262, 100, 946.06
2026/08/07 14:17:50.128, 7, 104262, 100, 964.72
2026/08/07 14:17:50.628, 0, 103116, 100, 957.80
2026/08/07 14:17:50.628, 1, 104276, 100, 978.26
2026/08/07 14:17:50.628, 2, 104276, 100, 947.44
2026/08/07 14:17:50.628, 3, 104276, 100, 965.52
2026/08/07 14:17:50.628, 4, 103102, 100, 955.91
2026/08/07 14:17:50.628, 5, 104262, 100, 973.04
2026/08/07 14:17:50.628, 6, 104262, 100, 952.11
2026/08/07 14:17:50.628, 7, 104262, 100, 975.00
2026/08/07 14:17:51.128, 0, 103116, 100, 965.42
2026/08/07 14:17:51.128, 1, 104276, 100, 981.53
2026/08/07 14:17:51.128, 2, 104276, 100, 962.26
2026/08/07 14:17:51.128, 3, 104276, 100, 973.55
2026/08/07 14:17:51.128, 4, 103102, 100, 944.48
2026/08/07 14:17:51.128, 5, 104262, 100, 973.48
2026/08/07 14:17:51.128, 6, 104262, 100, 948.49
2026/08/07 14:17:51.128, 7, 104262, 100, 975.14
2026/08/07 14:17:51.628, 0, 103116, 100, 962.24
2026/08/07 14:17:51.628, 1, 104276, 100, 977.04
2026/08/07 14:17:51.628, 2, 104276, 100, 962.57
2026/08/07 14:17:51.628, 3, 104276, 100, 970.18
2026/08/07 14:17:51.628, 4, 103102, 100, 938.88
2026/08/07 14:17:51.628, 5, 104262, 100, 966.19
2026/08/07 14:17:51.628, 6, 104262, 100, 946.44
2026/08/07 14:17:51.628, 7, 104262, 100, 973.17
2026/08/07 14:17:52.128, 0, 103116, 100, 964.50
2026/08/07 14:17:52.128, 1, 104276, 100, 986.38
2026/08/07 14:17:52.128, 2, 104276, 100, 954.16
2026/08/07 14:17:52.128, 3, 104276, 100, 963.45
2026/08/07 14:17:52.129, 4, 103102, 100, 937.50
2026/08/07 14:17:52.129, 5, 104262, 100, 959.99
2026/08/07 14:17:52.129, 6, 104262, 100, 945.00
2026/08/07 14:17:52.129, 7, 104262, 100, 971.70
2026/08/07 14:17:52.629, 0, 103116, 100, 963.24
2026/08/07 14:17:52.629, 1, 104276, 100, 985.32
2026/08/07 14:17:52.630, 2, 104276, 100, 957.41
2026/08/07 14:17:52.630, 3, 104276, 100, 960.74
2026/08/07 14:17:52.630, 4, 103102, 100, 938.04
2026/08/07 14:17:52.630, 5, 104262, 100, 957.53
2026/08/07 14:17:52.630, 6, 104262, 100, 941.81
2026/08/07 14:17:52.630, 7, 104262, 100, 973.47
2026/08/07 14:17:53.130, 0, 103116, 100, 949.70
2026/08/07 14:17:53.131, 1, 104276, 100, 968.10
2026/08/07 14:17:53.131, 2, 104276, 100, 950.49
2026/08/07 14:17:53.131, 3, 104276, 100, 957.66
2026/08/07 14:17:53.131, 4, 103102, 100, 939.11
2026/08/07 14:17:53.131, 5, 104262, 100, 957.91
2026/08/07 14:17:53.131, 6, 104262, 99, 938.91
2026/08/07 14:17:53.131, 7, 104262, 100, 969.91
2026/08/07 14:17:53.631, 0, 103116, 100, 947.57
2026/08/07 14:17:53.631, 1, 104276, 100, 961.30
2026/08/07 14:17:53.631, 2, 104276, 100, 939.44
2026/08/07 14:17:53.631, 3, 104276, 100, 960.11
2026/08/07 14:17:53.631, 4, 103102, 100, 934.93
2026/08/07 14:17:53.631, 5, 104262, 100, 962.51
2026/08/07 14:17:53.631, 6, 104262, 100, 933.51
2026/08/07 14:17:53.631, 7, 104262, 100, 963.62
2026/08/07 14:17:54.131, 0, 103116, 100, 942.71
2026/08/07 14:17:54.131, 1, 104276, 100, 966.53
2026/08/07 14:17:54.131, 2, 104276, 99, 934.38
2026/08/07 14:17:54.131, 3, 104276, 100, 962.51
2026/08/07 14:17:54.131, 4, 103102, 100, 933.30
2026/08/07 14:17:54.131, 5, 104262, 100, 967.62
2026/08/07 14:17:54.131, 6, 104262, 100, 944.89
2026/08/07 14:17:54.131, 7, 104262, 100, 969.66
2026/08/07 14:17:54.631, 0, 103116, 100, 948.49
2026/08/07 14:17:54.631, 1, 104276, 100, 964.70
2026/08/07 14:17:54.631, 2, 104276, 100, 939.90
2026/08/07 14:17:54.631, 3, 104276, 100, 951.55
2026/08/07 14:17:54.631, 4, 103102, 100, 936.75
2026/08/07 14:17:54.631, 5, 104262, 100, 958.83
2026/08/07 14:17:54.631, 6, 104262, 100, 955.47
2026/08/07 14:17:54.631, 7, 104262, 100, 975.91
2026/08/07 14:17:55.131, 0, 103116, 100, 962.39
2026/08/07 14:17:55.131, 1, 104276, 100, 975.18
2026/08/07 14:17:55.131, 2, 104276, 100, 951.94
2026/08/07 14:17:55.131, 3, 104276, 100, 958.64
2026/08/07 14:17:55.131, 4, 103102, 100, 941.66
2026/08/07 14:17:55.131, 5, 104262, 100, 959.52
2026/08/07 14:17:55.131, 6, 104262, 100, 948.92
2026/08/07 14:17:55.131, 7, 104262, 100, 972.43
2026/08/07 14:17:55.632, 0, 103116, 100, 968.77
2026/08/07 14:17:55.632, 1, 104276, 100, 987.55
2026/08/07 14:17:55.632, 2, 104276, 100, 959.20
2026/08/07 14:17:55.632, 3, 104276, 100, 973.55
2026/08/07 14:17:55.632, 4, 103102, 100, 945.10
2026/08/07 14:17:55.632, 5, 104262, 100, 963.65
2026/08/07 14:17:55.632, 6, 104262, 100, 942.12
2026/08/07 14:17:55.632, 7, 104262, 100, 964.55
2026/08/07 14:17:56.132, 0, 103116, 100, 953.21
2026/08/07 14:17:56.132, 1, 104276, 100, 981.52
2026/08/07 14:17:56.132, 2, 104276, 100, 952.69
2026/08/07 14:17:56.132, 3, 104276, 100, 969.54
2026/08/07 14:17:56.132, 4, 103102, 100, 944.66
2026/08/07 14:17:56.132, 5, 104262, 100, 962.02
2026/08/07 14:17:56.132, 6, 104262, 100, 945.93
2026/08/07 14:17:56.132, 7, 104262, 100, 971.56
2026/08/07 14:17:56.632, 0, 103116, 100, 947.01
2026/08/07 14:17:56.632, 1, 104276, 100, 968.95
2026/08/07 14:17:56.632, 2, 104276, 100, 944.13
2026/08/07 14:17:56.632, 3, 104276, 100, 966.32
2026/08/07 14:17:56.632, 4, 103102, 100, 939.53
2026/08/07 14:17:56.632, 5, 104262, 100, 961.34
2026/08/07 14:17:56.632, 6, 104262, 100, 938.60
2026/08/07 14:17:56.632, 7, 104262, 100, 976.24
2026/08/07 14:17:57.132, 0, 103116, 100, 956.51
2026/08/07 14:17:57.132, 1, 104276, 100, 966.78
2026/08/07 14:17:57.132, 2, 104276, 100, 948.30
2026/08/07 14:17:57.132, 3, 104276, 100, 958.14
2026/08/07 14:17:57.132, 4, 103102, 100, 929.65
2026/08/07 14:17:57.132, 5, 104262, 100, 957.79
2026/08/07 14:17:57.132, 6, 104262, 100, 931.33
2026/08/07 14:17:57.132, 7, 104262, 100, 966.32
2026/08/07 14:17:57.632, 0, 103116, 100, 951.91
2026/08/07 14:17:57.636, 1, 104276, 100, 967.99
2026/08/07 14:17:57.636, 2, 104276, 100, 945.70
2026/08/07 14:17:57.640, 3, 104276, 100, 960.49
2026/08/07 14:17:57.641, 4, 103102, 100, 925.53
2026/08/07 14:17:57.644, 5, 104262, 100, 951.04
2026/08/07 14:17:57.645, 6, 104262, 100, 937.96
2026/08/07 14:17:57.649, 7, 104262, 100, 962.99
2026/08/07 14:17:58.149, 0, 103116, 100, 949.37
2026/08/07 14:17:58.149, 1, 104276, 100, 966.87
2026/08/07 14:17:58.149, 2, 104276, 100, 930.32
2026/08/07 14:17:58.149, 3, 104276, 100, 963.45
2026/08/07 14:17:58.149, 4, 103102, 100, 930.93
2026/08/07 14:17:58.149, 5, 104262, 100, 967.92
2026/08/07 14:17:58.149, 6, 104262, 100, 939.02
2026/08/07 14:17:58.149, 7, 104262, 100, 966.98
2026/08/07 14:17:58.650, 0, 103116, 99, 942.02
2026/08/07 14:17:58.650, 1, 104276, 100, 965.38
2026/08/07 14:17:58.650, 2, 104276, 99, 940.10
2026/08/07 14:17:58.650, 3, 104276, 100, 954.74
2026/08/07 14:17:58.650, 4, 103102, 100, 942.61
2026/08/07 14:17:58.650, 5, 104262, 100, 976.75
2026/08/07 14:17:58.650, 6, 104262, 100, 942.54
2026/08/07 14:17:58.650, 7, 104262, 100, 977.20
2026/08/07 14:17:59.150, 0, 103116, 100, 947.85
2026/08/07 14:17:59.150, 1, 104276, 100, 961.15
2026/08/07 14:17:59.150, 2, 104276, 100, 945.11
2026/08/07 14:17:59.150, 3, 104276, 100, 962.23
2026/08/07 14:17:59.150, 4, 103102, 100, 942.41
2026/08/07 14:17:59.150, 5, 104262, 100, 972.85
2026/08/07 14:17:59.150, 6, 104262, 100, 954.47
2026/08/07 14:17:59.150, 7, 104262, 100, 982.70
2026/08/07 14:17:59.650, 0, 103116, 100, 963.68
2026/08/07 14:17:59.650, 1, 104276, 100, 973.20
2026/08/07 14:17:59.650, 2, 104276, 100, 946.82
2026/08/07 14:17:59.650, 3, 104276, 100, 971.75
2026/08/07 14:17:59.650, 4, 103102, 100, 946.63
2026/08/07 14:17:59.650, 5, 104262, 100, 975.99
2026/08/07 14:17:59.650, 6, 104262, 100, 957.02
2026/08/07 14:17:59.650, 7, 104262, 100, 972.20
2026/08/07 14:18:00.150, 0, 103116, 100, 964.26
2026/08/07 14:18:00.157, 1, 104276, 100, 976.49
2026/08/07 14:18:00.157, 2, 104276, 100, 958.02
2026/08/07 14:18:00.157, 3, 104276, 100, 974.79
2026/08/07 14:18:00.157, 4, 103102, 100, 947.67
2026/08/07 14:18:00.157, 5, 104262, 100, 973.87
2026/08/07 14:18:00.157, 6, 104262, 100, 947.56
2026/08/07 14:18:00.157, 7, 104262, 100, 959.70
2026/08/07 14:18:00.657, 0, 103116, 100, 963.16
2026/08/07 14:18:00.657, 1, 104276, 100, 969.91
2026/08/07 14:18:00.657, 2, 104276, 100, 958.34
2026/08/07 14:18:00.657, 3, 104276, 100, 978.86
2026/08/07 14:18:00.657, 4, 103102, 100, 943.04
2026/08/07 14:18:00.657, 5, 104262, 100, 964.97
2026/08/07 14:18:00.657, 6, 104262, 100, 939.94
2026/08/07 14:18:00.657, 7, 104262, 100, 959.87
2026/08/07 14:18:01.158, 0, 103116, 100, 962.61
2026/08/07 14:18:01.158, 1, 104276, 100, 970.36
2026/08/07 14:18:01.158, 2, 104276, 100, 947.96
2026/08/07 14:18:01.158, 3, 104276, 100, 969.40
2026/08/07 14:18:01.158, 4, 103102, 100, 933.97
2026/08/07 14:18:01.158, 5, 104262, 100, 949.51
2026/08/07 14:18:01.158, 6, 104262, 100, 936.91
2026/08/07 14:18:01.158, 7, 104262, 100, 967.58
2026/08/07 14:18:01.658, 0, 103116, 100, 955.42
2026/08/07 14:18:01.658, 1, 104276, 100, 974.79
2026/08/07 14:18:01.658, 2, 104276, 100, 948.37
2026/08/07 14:18:01.658, 3, 104276, 100, 962.18
2026/08/07 14:18:01.658, 4, 103102, 100, 930.93
2026/08/07 14:18:01.658, 5, 104262, 100, 947.53
2026/08/07 14:18:01.658, 6, 104262, 100, 938.31
2026/08/07 14:18:01.658, 7, 104262, 100, 959.28
2026/08/07 14:18:02.158, 0, 103116, 100, 955.53
2026/08/07 14:18:02.158, 1, 104276, 100, 968.74
2026/08/07 14:18:02.158, 2, 104276, 100, 951.90
2026/08/07 14:18:02.158, 3, 104276, 100, 963.88
2026/08/07 14:18:02.158, 4, 103102, 100, 936.39
2026/08/07 14:18:02.158, 5, 104262, 100, 954.92
2026/08/07 14:18:02.158, 6, 104262, 100, 932.96
2026/08/07 14:18:02.158, 7, 104262, 100, 956.31
2026/08/07 14:18:02.658, 0, 103116, 100, 951.90
2026/08/07 14:18:02.659, 1, 104276, 100, 961.28
2026/08/07 14:18:02.660, 2, 104276, 100, 930.15
2026/08/07 14:18:02.661, 3, 104276, 100, 953.28
2026/08/07 14:18:02.662, 4, 103102, 100, 946.85
2026/08/07 14:18:02.663, 5, 104262, 100, 957.36
2026/08/07 14:18:02.664, 6, 104262, 100, 940.51
2026/08/07 14:18:02.665, 7, 104262, 100, 966.67
2026/08/07 14:18:03.166, 0, 103116, 99, 935.55
2026/08/07 14:18:03.166, 1, 104276, 100, 955.76
2026/08/07 14:18:03.166, 2, 104276, 100, 926.45
2026/08/07 14:18:03.166, 3, 104276, 100, 948.53
2026/08/07 14:18:03.166, 4, 103102, 100, 949.06
2026/08/07 14:18:03.166, 5, 104262, 100, 966.19
2026/08/07 14:18:03.166, 6, 104262, 100, 952.69
2026/08/07 14:18:03.166, 7, 104262, 100, 969.50
2026/08/07 14:18:03.666, 0, 103116, 100, 941.09
2026/08/07 14:18:03.666, 1, 104276, 100, 961.05
2026/08/07 14:18:03.666, 2, 104276, 100, 942.77
2026/08/07 14:18:03.666, 3, 104276, 100, 960.72
2026/08/07 14:18:03.666, 4, 103102, 100, 942.99
2026/08/07 14:18:03.666, 5, 104262, 100, 967.76
2026/08/07 14:18:03.666, 6, 104262, 100, 955.04
2026/08/07 14:18:03.666, 7, 104262, 100, 975.52
2026/08/07 14:18:04.166, 0, 103116, 100, 959.94
2026/08/07 14:18:04.166, 1, 104276, 100, 978.89
2026/08/07 14:18:04.166, 2, 104276, 100, 949.84
2026/08/07 14:18:04.166, 3, 104276, 100, 965.65
2026/08/07 14:18:04.166, 4, 103102, 100, 943.96
2026/08/07 14:18:04.166, 5, 104262, 100, 964.99
2026/08/07 14:18:04.166, 6, 104262, 100, 955.86
2026/08/07 14:18:04.166, 7, 104262, 100, 980.29
2026/08/07 14:18:04.667, 0, 103116, 100, 950.86
2026/08/07 14:18:04.667, 1, 104276, 100, 977.47
2026/08/07 14:18:04.667, 2, 104276, 100, 958.49
2026/08/07 14:18:04.667, 3, 104276, 100, 969.06
2026/08/07 14:18:04.667, 4, 103102, 100, 937.03
2026/08/07 14:18:04.667, 5, 104262, 100, 962.05
2026/08/07 14:18:04.667, 6, 104262, 100, 948.00
2026/08/07 14:18:04.667, 7, 104262, 100, 974.44
2026/08/07 14:18:05.167, 0, 103116, 100, 954.55
2026/08/07 14:18:05.167, 1, 104276, 100, 975.97
2026/08/07 14:18:05.167, 2, 104276, 100, 963.19
2026/08/07 14:18:05.167, 3, 104276, 100, 974.38
2026/08/07 14:18:05.167, 4, 103102, 100, 938.53
2026/08/07 14:18:05.167, 5, 104262, 100, 961.66
2026/08/07 14:18:05.167, 6, 104262, 100, 947.76
2026/08/07 14:18:05.167, 7, 104262, 100, 965.91
2026/08/07 14:18:05.667, 0, 103116, 100, 963.96
2026/08/07 14:18:05.667, 1, 104276, 100, 970.17
2026/08/07 14:18:05.668, 2, 104276, 100, 947.31
2026/08/07 14:18:05.668, 3, 104276, 100, 961.76
2026/08/07 14:18:05.668, 4, 103102, 100, 943.69
2026/08/07 14:18:05.668, 5, 104262, 100, 954.23
2026/08/07 14:18:05.670, 6, 104262, 100, 945.78
2026/08/07 14:18:05.671, 7, 104262, 100, 966.95
2026/08/07 14:18:06.171, 0, 103116, 100, 954.40
2026/08/07 14:18:06.171, 1, 104276, 100, 961.75
2026/08/07 14:18:06.171, 2, 104276, 100, 935.28
2026/08/07 14:18:06.171, 3, 104276, 100, 950.95
2026/08/07 14:18:06.171, 4, 103102, 100, 948.86
2026/08/07 14:18:06.171, 5, 104262, 100, 952.26
2026/08/07 14:18:06.171, 6, 104262, 100, 938.90
2026/08/07 14:18:06.171, 7, 104262, 100, 960.68
2026/08/07 14:18:06.671, 0, 103116, 100, 954.06
2026/08/07 14:18:06.672, 1, 104276, 100, 960.02
2026/08/07 14:18:06.672, 2, 104276, 100, 943.90
2026/08/07 14:18:06.672, 3, 104276, 100, 951.34
2026/08/07 14:18:06.672, 4, 103102, 100, 945.36
2026/08/07 14:18:06.672, 5, 104262, 100, 958.82
2026/08/07 14:18:06.672, 6, 104262, 100, 938.43
2026/08/07 14:18:06.672, 7, 104262, 100, 966.51
2026/08/07 14:18:07.172, 0, 103116, 100, 947.53
2026/08/07 14:18:07.172, 1, 104276, 100, 962.42
2026/08/07 14:18:07.172, 2, 104276, 100, 932.59
2026/08/07 14:18:07.172, 3, 104276, 100, 948.87
2026/08/07 14:18:07.172, 4, 103102, 100, 940.16
2026/08/07 14:18:07.172, 5, 104262, 100, 961.62
2026/08/07 14:18:07.172, 6, 104262, 100, 942.03
2026/08/07 14:18:07.172, 7, 104262, 100, 976.13
2026/08/07 14:18:07.672, 0, 103116, 100, 935.08
2026/08/07 14:18:07.672, 1, 104276, 100, 967.67
2026/08/07 14:18:07.673, 2, 104276, 100, 926.23
2026/08/07 14:18:07.673, 3, 104276, 100, 948.45
2026/08/07 14:18:07.673, 4, 103102, 100, 943.75
2026/08/07 14:18:07.673, 5, 104262, 100, 968.52
2026/08/07 14:18:07.673, 6, 104262, 100, 944.61
2026/08/07 14:18:07.673, 7, 104262, 100, 985.35
2026/08/07 14:18:08.173, 0, 103116, 100, 942.49
2026/08/07 14:18:08.173, 1, 104276, 100, 966.98
2026/08/07 14:18:08.174, 2, 104276, 100, 930.92
2026/08/07 14:18:08.175, 3, 104276, 100, 949.46
2026/08/07 14:18:08.176, 4, 103102, 100, 947.16
2026/08/07 14:18:08.176, 5, 104262, 100, 965.74
2026/08/07 14:18:08.177, 6, 104262, 100, 942.66
2026/08/07 14:18:08.178, 7, 104262, 100, 981.13
2026/08/07 14:18:08.679, 0, 103116, 100, 957.99
2026/08/07 14:18:08.679, 1, 104276, 100, 975.31
2026/08/07 14:18:08.679, 2, 104276, 100, 951.06
2026/08/07 14:18:08.679, 3, 104276, 100, 962.10
2026/08/07 14:18:08.679, 4, 103102, 100, 942.73
2026/08/07 14:18:08.679, 5, 104262, 100, 964.01
2026/08/07 14:18:08.679, 6, 104262, 100, 948.40
2026/08/07 14:18:08.679, 7, 104262, 100, 980.23
2026/08/07 14:18:09.179, 0, 103116, 100, 960.61
2026/08/07 14:18:09.179, 1, 104276, 100, 970.82
2026/08/07 14:18:09.179, 2, 104276, 100, 959.08
2026/08/07 14:18:09.179, 3, 104276, 100, 971.73
2026/08/07 14:18:09.179, 4, 103102, 100, 939.79
2026/08/07 14:18:09.179, 5, 104262, 100, 968.60
2026/08/07 14:18:09.179, 6, 104262, 100, 935.78
2026/08/07 14:18:09.179, 7, 104262, 100, 967.21
2026/08/07 14:18:09.679, 0, 103116, 100, 958.33
2026/08/07 14:18:09.679, 1, 104276, 100, 963.47
2026/08/07 14:18:09.679, 2, 104276, 100, 948.21
2026/08/07 14:18:09.679, 3, 104276, 100, 972.87
2026/08/07 14:18:09.679, 4, 103102, 100, 940.89
2026/08/07 14:18:09.679, 5, 104262, 100, 960.42
2026/08/07 14:18:09.679, 6, 104262, 100, 924.92
2026/08/07 14:18:09.679, 7, 104262, 100, 955.55
2026/08/07 14:18:10.179, 0, 103116, 100, 952.01
2026/08/07 14:18:10.179, 1, 104276, 100, 977.40
2026/08/07 14:18:10.179, 2, 104276, 100, 937.64
2026/08/07 14:18:10.179, 3, 104276, 100, 961.24
2026/08/07 14:18:10.179, 4, 103102, 100, 939.44
2026/08/07 14:18:10.179, 5, 104262, 100, 944.06
2026/08/07 14:18:10.179, 6, 104262, 100, 936.27
2026/08/07 14:18:10.179, 7, 104262, 100, 967.37
2026/08/07 14:18:10.680, 0, 103116, 100, 949.28
2026/08/07 14:18:10.680, 1, 104276, 100, 976.22
2026/08/07 14:18:10.680, 2, 104276, 100, 943.29
2026/08/07 14:18:10.680, 3, 104276, 100, 956.74
2026/08/07 14:18:10.681, 4, 103102, 100, 935.23
2026/08/07 14:18:10.681, 5, 104262, 100, 940.62
2026/08/07 14:18:10.681, 6, 104262, 99, 925.95
2026/08/07 14:18:10.681, 7, 104262, 99, 961.23
2026/08/07 14:18:11.181, 0, 103116, 100, 953.74
2026/08/07 14:18:11.181, 1, 104276, 100, 960.48
2026/08/07 14:18:11.181, 2, 104276, 100, 937.95
2026/08/07 14:18:11.181, 3, 104276, 100, 961.40
2026/08/07 14:18:11.181, 4, 103102, 100, 931.71
2026/08/07 14:18:11.181, 5, 104262, 100, 959.60
2026/08/07 14:18:11.181, 6, 104262, 100, 920.34
2026/08/07 14:18:11.181, 7, 104262, 100, 960.31
2026/08/07 14:18:11.681, 0, 103116, 100, 949.77
2026/08/07 14:18:11.681, 1, 104276, 100, 962.68
2026/08/07 14:18:11.681, 2, 104276, 100, 928.67
2026/08/07 14:18:11.681, 3, 104276, 100, 955.88
2026/08/07 14:18:11.681, 4, 103102, 100, 937.78
2026/08/07 14:18:11.681, 5, 104262, 100, 970.29
2026/08/07 14:18:11.681, 6, 104262, 100, 935.54
2026/08/07 14:18:11.681, 7, 104262, 100, 967.73
2026/08/07 14:18:12.181, 0, 103116, 100, 940.77
2026/08/07 14:18:12.181, 1, 104276, 100, 976.32
2026/08/07 14:18:12.181, 2, 104276, 100, 938.75
2026/08/07 14:18:12.181, 3, 104276, 100, 944.04
2026/08/07 14:18:12.181, 4, 103102, 100, 951.21
2026/08/07 14:18:12.181, 5, 104262, 100, 972.21
2026/08/07 14:18:12.181, 6, 104262, 100, 950.58
2026/08/07 14:18:12.181, 7, 104262, 100, 976.64
2026/08/07 14:18:12.682, 0, 103116, 100, 947.21
2026/08/07 14:18:12.682, 1, 104276, 100, 979.38
2026/08/07 14:18:12.682, 2, 104276, 100, 943.41
2026/08/07 14:18:12.682, 3, 104276, 100, 949.79
2026/08/07 14:18:12.682, 4, 103102, 100, 946.44
2026/08/07 14:18:12.682, 5, 104262, 100, 975.25
2026/08/07 14:18:12.682, 6, 104262, 100, 951.44
2026/08/07 14:18:12.682, 7, 104262, 100, 978.66
2026/08/07 14:18:13.182, 0, 103116, 100, 956.99
2026/08/07 14:18:13.182, 1, 104276, 100, 974.45
2026/08/07 14:18:13.182, 2, 104276, 100, 953.53
2026/08/07 14:18:13.182, 3, 104276, 100, 965.88
2026/08/07 14:18:13.182, 4, 103102, 100, 937.61
2026/08/07 14:18:13.182, 5, 104262, 100, 967.86
2026/08/07 14:18:13.182, 6, 104262, 100, 942.87
2026/08/07 14:18:13.183, 7, 104262, 100, 977.71
2026/08/07 14:18:13.683, 0, 103116, 100, 962.36
2026/08/07 14:18:13.683, 1, 104276, 100, 979.11
2026/08/07 14:18:13.683, 2, 104276, 100, 956.12
2026/08/07 14:18:13.683, 3, 104276, 100, 969.74
2026/08/07 14:18:13.683, 4, 103102, 100, 939.34
2026/08/07 14:18:13.683, 5, 104262, 100, 958.47
2026/08/07 14:18:13.683, 6, 104262, 100, 935.84
2026/08/07 14:18:13.683, 7, 104262, 100, 974.21
2026/08/07 14:18:14.183, 0, 103116, 100, 963.76
2026/08/07 14:18:14.183, 1, 104276, 100, 977.34
2026/08/07 14:18:14.183, 2, 104276, 100, 947.26
2026/08/07 14:18:14.183, 3, 104276, 100, 954.34
2026/08/07 14:18:14.183, 4, 103102, 100, 936.96
2026/08/07 14:18:14.183, 5, 104262, 100, 955.24
2026/08/07 14:18:14.183, 6, 104262, 100, 930.10
2026/08/07 14:18:14.183, 7, 104262, 100, 964.40
2026/08/07 14:18:14.683, 0, 103116, 100, 950.59
2026/08/07 14:18:14.683, 1, 104276, 100, 971.83
2026/08/07 14:18:14.683, 2, 104276, 100, 936.34
2026/08/07 14:18:14.683, 3, 104276, 100, 950.57
2026/08/07 14:18:14.683, 4, 103102, 100, 933.87
2026/08/07 14:18:14.683, 5, 104262, 100, 954.50
2026/08/07 14:18:14.683, 6, 104262, 100, 930.22
2026/08/07 14:18:14.683, 7, 104262, 100, 963.30
2026/08/07 14:18:15.183, 0, 103116, 100, 939.29
2026/08/07 14:18:15.183, 1, 104276, 100, 961.99
2026/08/07 14:18:15.183, 2, 104276, 100, 932.02
2026/08/07 14:18:15.183, 3, 104276, 100, 950.78
2026/08/07 14:18:15.183, 4, 103102, 100, 933.42
2026/08/07 14:18:15.183, 5, 104262, 100, 944.12
2026/08/07 14:18:15.183, 6, 104262, 99, 929.67
2026/08/07 14:18:15.183, 7, 104262, 99, 961.45
2026/08/07 14:18:15.683, 0, 103116, 100, 944.91
2026/08/07 14:18:15.683, 1, 104276, 100, 956.31
2026/08/07 14:18:15.683, 2, 104276, 100, 932.91
2026/08/07 14:18:15.683, 3, 104276, 100, 941.32
2026/08/07 14:18:15.683, 4, 103102, 100, 941.85
2026/08/07 14:18:15.684, 5, 104262, 100, 948.37
2026/08/07 14:18:15.684, 6, 104262, 100, 937.31
2026/08/07 14:18:15.684, 7, 104262, 100, 965.11
2026/08/07 14:18:16.184, 0, 103116, 100, 943.89
2026/08/07 14:18:16.184, 1, 104276, 100, 960.47
2026/08/07 14:18:16.184, 2, 104276, 100, 948.53
2026/08/07 14:18:16.184, 3, 104276, 99, 941.43
2026/08/07 14:18:16.184, 4, 103102, 100, 946.70
2026/08/07 14:18:16.184, 5, 104262, 100, 965.10
2026/08/07 14:18:16.184, 6, 104262, 100, 941.34
2026/08/07 14:18:16.184, 7, 104262, 100, 971.49
2026/08/07 14:18:16.684, 0, 103116, 100, 942.04
2026/08/07 14:18:16.684, 1, 104276, 100, 959.96
2026/08/07 14:18:16.684, 2, 104276, 100, 946.97
2026/08/07 14:18:16.684, 3, 104276, 100, 949.78
2026/08/07 14:18:16.684, 4, 103102, 100, 946.42
2026/08/07 14:18:16.684, 5, 104262, 100, 968.45
2026/08/07 14:18:16.684, 6, 104262, 100, 941.90
2026/08/07 14:18:16.684, 7, 104262, 100, 971.16
2026/08/07 14:18:17.184, 0, 103116, 100, 949.42
2026/08/07 14:18:17.184, 1, 104276, 100, 971.68
2026/08/07 14:18:17.184, 2, 104276, 100, 943.15
2026/08/07 14:18:17.184, 3, 104276, 100, 948.81
2026/08/07 14:18:17.184, 4, 103102, 100, 950.22
2026/08/07 14:18:17.184, 5, 104262, 100, 968.41
2026/08/07 14:18:17.184, 6, 104262, 100, 948.89
2026/08/07 14:18:17.184, 7, 104262, 100, 977.16
2026/08/07 14:18:17.684, 0, 103116, 100, 955.63
2026/08/07 14:18:17.684, 1, 104276, 100, 974.33
2026/08/07 14:18:17.684, 2, 104276, 100, 952.82
2026/08/07 14:18:17.684, 3, 104276, 100, 952.14
2026/08/07 14:18:17.684, 4, 103102, 100, 944.19
2026/08/07 14:18:17.684, 5, 104262, 100, 963.03
2026/08/07 14:18:17.684, 6, 104262, 100, 945.85
2026/08/07 14:18:17.684, 7, 104262, 100, 977.49
2026/08/07 14:18:18.184, 0, 103116, 100, 960.68
2026/08/07 14:18:18.184, 1, 104276, 100, 970.50
2026/08/07 14:18:18.184, 2, 104276, 100, 946.75
2026/08/07 14:18:18.184, 3, 104276, 100, 955.68
2026/08/07 14:18:18.184, 4, 103102, 100, 935.73
2026/08/07 14:18:18.184, 5, 104262, 100, 953.20
2026/08/07 14:18:18.185, 6, 104262, 100, 941.98
2026/08/07 14:18:18.185, 7, 104262, 100, 978.14
2026/08/07 14:18:18.685, 0, 103116, 100, 958.05
2026/08/07 14:18:18.685, 1, 104276, 100, 970.91
2026/08/07 14:18:18.685, 2, 104276, 100, 938.97
2026/08/07 14:18:18.685, 3, 104276, 100, 962.01
2026/08/07 14:18:18.685, 4, 103102, 100, 937.06
2026/08/07 14:18:18.685, 5, 104262, 100, 955.48
2026/08/07 14:18:18.685, 6, 104262, 100, 944.18
2026/08/07 14:18:18.685, 7, 104262, 100, 973.72
2026/08/07 14:18:19.185, 0, 103116, 100, 954.89
2026/08/07 14:18:19.185, 1, 104276, 100, 973.19
2026/08/07 14:18:19.185, 2, 104276, 100, 942.67
2026/08/07 14:18:19.185, 3, 104276, 100, 967.09
2026/08/07 14:18:19.185, 4, 103102, 100, 936.08
2026/08/07 14:18:19.185, 5, 104262, 100, 954.41
2026/08/07 14:18:19.185, 6, 104262, 100, 936.31
2026/08/07 14:18:19.185, 7, 104262, 100, 958.80
2026/08/07 14:18:19.685, 0, 103116, 100, 948.89
2026/08/07 14:18:19.685, 1, 104276, 100, 978.58
2026/08/07 14:18:19.685, 2, 104276, 100, 952.56
2026/08/07 14:18:19.685, 3, 104276, 100, 962.44
2026/08/07 14:18:19.685, 4, 103102, 100, 935.04
2026/08/07 14:18:19.685, 5, 104262, 100, 943.80
2026/08/07 14:18:19.685, 6, 104262, 100, 929.53
2026/08/07 14:18:19.685, 7, 104262, 100, 956.99
2026/08/07 14:18:20.185, 0, 103116, 100, 948.31
2026/08/07 14:18:20.185, 1, 104276, 100, 971.57
2026/08/07 14:18:20.185, 2, 104276, 100, 937.52
2026/08/07 14:18:20.185, 3, 104276, 100, 953.12
2026/08/07 14:18:20.185, 4, 103102, 100, 941.53
2026/08/07 14:18:20.185, 5, 104262, 100, 954.23
2026/08/07 14:18:20.185, 6, 104262, 100, 940.98
2026/08/07 14:18:20.185, 7, 104262, 100, 969.84
2026/08/07 14:18:20.686, 0, 103116, 99, 939.65
2026/08/07 14:18:20.686, 1, 104276, 100, 960.78
2026/08/07 14:18:20.686, 2, 104276, 100, 930.27
2026/08/07 14:18:20.686, 3, 104276, 99, 952.06
2026/08/07 14:18:20.686, 4, 103102, 100, 943.54
2026/08/07 14:18:20.686, 5, 104262, 100, 972.43
2026/08/07 14:18:20.686, 6, 104262, 100, 954.36
2026/08/07 14:18:20.686, 7, 104262, 100, 983.47
2026/08/07 14:18:21.186, 0, 103116, 100, 940.68
2026/08/07 14:18:21.186, 1, 104276, 100, 963.64
2026/08/07 14:18:21.186, 2, 104276, 100, 946.27
2026/08/07 14:18:21.186, 3, 104276, 100, 949.69
2026/08/07 14:18:21.186, 4, 103102, 100, 941.62
2026/08/07 14:18:21.186, 5, 104262, 100, 968.30
2026/08/07 14:18:21.186, 6, 104262, 100, 948.26
2026/08/07 14:18:21.186, 7, 104262, 100, 975.95
2026/08/07 14:18:21.686, 0, 103116, 100, 949.01
2026/08/07 14:18:21.686, 1, 104276, 100, 974.55
2026/08/07 14:18:21.686, 2, 104276, 100, 953.48
2026/08/07 14:18:21.686, 3, 104276, 100, 957.56
2026/08/07 14:18:21.686, 4, 103102, 100, 941.20
2026/08/07 14:18:21.686, 5, 104262, 100, 962.42
2026/08/07 14:18:21.686, 6, 104262, 100, 945.35
2026/08/07 14:18:21.686, 7, 104262, 100, 974.14
2026/08/07 14:18:22.186, 0, 103116, 100, 956.59
2026/08/07 14:18:22.186, 1, 104276, 100, 980.22
2026/08/07 14:18:22.186, 2, 104276, 100, 962.76
2026/08/07 14:18:22.186, 3, 104276, 100, 968.46
2026/08/07 14:18:22.186, 4, 103102, 100, 940.26
2026/08/07 14:18:22.186, 5, 104262, 100, 962.37
2026/08/07 14:18:22.186, 6, 104262, 100, 950.26
2026/08/07 14:18:22.186, 7, 104262, 100, 974.56
2026/08/07 14:18:22.686, 0, 103116, 100, 963.93
2026/08/07 14:18:22.686, 1, 104276, 100, 972.44
2026/08/07 14:18:22.686, 2, 104276, 100, 954.17
2026/08/07 14:18:22.686, 3, 104276, 100, 968.85
2026/08/07 14:18:22.686, 4, 103102, 100, 935.04
2026/08/07 14:18:22.686, 5, 104262, 100, 962.64
2026/08/07 14:18:22.686, 6, 104262, 100, 945.09
2026/08/07 14:18:22.686, 7, 104262, 100, 961.52
2026/08/07 14:18:23.186, 0, 103116, 100, 957.69
2026/08/07 14:18:23.187, 1, 104276, 100, 971.77
2026/08/07 14:18:23.187, 2, 104276, 100, 942.38
2026/08/07 14:18:23.187, 3, 104276, 100, 962.34
2026/08/07 14:18:23.187, 4, 103102, 100, 936.70
2026/08/07 14:18:23.187, 5, 104262, 100, 966.33
2026/08/07 14:18:23.187, 6, 104262, 100, 936.35
2026/08/07 14:18:23.187, 7, 104262, 100, 957.82
2026/08/07 14:18:23.687, 0, 103116, 100, 946.77
2026/08/07 14:18:23.687, 1, 104276, 100, 975.77
2026/08/07 14:18:23.687, 2, 104276, 100, 945.13
2026/08/07 14:18:23.687, 3, 104276, 100, 963.54
2026/08/07 14:18:23.687, 4, 103102, 100, 936.82
2026/08/07 14:18:23.687, 5, 104262, 100, 966.06
2026/08/07 14:18:23.687, 6, 104262, 100, 933.64
2026/08/07 14:18:23.687, 7, 104262, 100, 959.85
2026/08/07 14:18:24.187, 0, 103116, 100, 946.92
2026/08/07 14:18:24.187, 1, 104276, 100, 959.04
2026/08/07 14:18:24.187, 2, 104276, 100, 932.58
2026/08/07 14:18:24.187, 3, 104276, 100, 958.17
2026/08/07 14:18:24.187, 4, 103102, 100, 927.64
2026/08/07 14:18:24.187, 5, 104262, 100, 949.74
2026/08/07 14:18:24.187, 6, 104262, 100, 937.10
2026/08/07 14:18:24.187, 7, 104262, 100, 965.83
2026/08/07 14:18:24.687, 0, 103116, 100, 946.99
2026/08/07 14:18:24.687, 1, 104276, 100, 959.08
2026/08/07 14:18:24.687, 2, 104276, 100, 927.07
2026/08/07 14:18:24.687, 3, 104276, 100, 956.30
2026/08/07 14:18:24.687, 4, 103102, 100, 928.39
2026/08/07 14:18:24.687, 5, 104262, 100, 950.85
2026/08/07 14:18:24.687, 6, 104262, 100, 936.21
2026/08/07 14:18:24.687, 7, 104262, 100, 965.70
2026/08/07 14:18:25.187, 0, 103116, 99, 933.17
2026/08/07 14:18:25.187, 1, 104276, 100, 962.18
2026/08/07 14:18:25.187, 2, 104276, 100, 939.91
2026/08/07 14:18:25.187, 3, 104276, 100, 950.82
2026/08/07 14:18:25.187, 4, 103102, 100, 942.29
2026/08/07 14:18:25.187, 5, 104262, 100, 972.98
2026/08/07 14:18:25.187, 6, 104262, 100, 942.33
2026/08/07 14:18:25.187, 7, 104262, 100, 968.66
2026/08/07 14:18:25.688, 0, 103116, 100, 939.95
2026/08/07 14:18:25.688, 1, 104276, 100, 954.01
2026/08/07 14:18:25.688, 2, 104276, 100, 942.72
2026/08/07 14:18:25.688, 3, 104276, 100, 946.52
2026/08/07 14:18:25.688, 4, 103102, 100, 944.94
2026/08/07 14:18:25.688, 5, 104262, 100, 980.61
2026/08/07 14:18:25.688, 6, 104262, 100, 950.66
2026/08/07 14:18:25.688, 7, 104262, 100, 967.06
2026/08/07 14:18:26.188, 0, 103116, 100, 959.94
2026/08/07 14:18:26.188, 1, 104276, 100, 968.69
2026/08/07 14:18:26.188, 2, 104276, 100, 947.62
2026/08/07 14:18:26.188, 3, 104276, 100, 967.42
2026/08/07 14:18:26.188, 4, 103102, 100, 942.96
2026/08/07 14:18:26.188, 5, 104262, 100, 965.66
2026/08/07 14:18:26.188, 6, 104262, 100, 949.99
2026/08/07 14:18:26.188, 7, 104262, 100, 966.92
2026/08/07 14:18:26.689, 0, 103116, 100, 958.92
2026/08/07 14:18:26.689, 1, 104276, 100, 977.37
2026/08/07 14:18:26.689, 2, 104276, 100, 950.58
2026/08/07 14:18:26.689, 3, 104276, 100, 972.20
2026/08/07 14:18:26.689, 4, 103102, 100, 943.14
2026/08/07 14:18:26.689, 5, 104262, 100, 957.66
2026/08/07 14:18:26.689, 6, 104262, 100, 947.71
2026/08/07 14:18:26.689, 7, 104262, 100, 973.03
2026/08/07 14:18:27.189, 0, 103116, 100, 963.16
2026/08/07 14:18:27.189, 1, 104276, 100, 978.23
2026/08/07 14:18:27.189, 2, 104276, 100, 944.27
2026/08/07 14:18:27.189, 3, 104276, 100, 964.68
2026/08/07 14:18:27.189, 4, 103102, 100, 940.04
2026/08/07 14:18:27.189, 5, 104262, 100, 961.13
2026/08/07 14:18:27.189, 6, 104262, 100, 941.91
2026/08/07 14:18:27.189, 7, 104262, 100, 974.85
2026/08/07 14:18:27.689, 0, 103116, 100, 961.09
2026/08/07 14:18:27.689, 1, 104276, 100, 965.64
2026/08/07 14:18:27.689, 2, 104276, 100, 949.00
2026/08/07 14:18:27.689, 3, 104276, 100, 949.09
2026/08/07 14:18:27.689, 4, 103102, 100, 935.74
2026/08/07 14:18:27.689, 5, 104262, 100, 956.88
2026/08/07 14:18:27.689, 6, 104262, 100, 939.76
2026/08/07 14:18:27.689, 7, 104262, 100, 956.36
2026/08/07 14:18:28.189, 0, 103116, 100, 954.80
2026/08/07 14:18:28.189, 1, 104276, 100, 961.33
2026/08/07 14:18:28.189, 2, 104276, 100, 944.58
2026/08/07 14:18:28.189, 3, 104276, 100, 947.11
2026/08/07 14:18:28.189, 4, 103102, 100, 928.10
2026/08/07 14:18:28.189, 5, 104262, 99, 947.62
2026/08/07 14:18:28.189, 6, 104262, 100, 930.73
2026/08/07 14:18:28.189, 7, 104262, 100, 936.39
2026/08/07 14:18:28.689, 0, 103116, 100, 943.82
2026/08/07 14:18:28.695, 1, 104276, 100, 955.09
2026/08/07 14:18:28.695, 2, 104276, 100, 943.58
2026/08/07 14:18:28.695, 3, 104276, 100, 954.85
2026/08/07 14:18:28.695, 4, 103102, 100, 920.51
2026/08/07 14:18:28.695, 5, 104262, 100, 949.41
2026/08/07 14:18:28.695, 6, 104262, 100, 938.61
2026/08/07 14:18:28.695, 7, 104262, 100, 960.26
2026/08/07 14:18:29.195, 0, 103116, 100, 955.53
2026/08/07 14:18:29.195, 1, 104276, 100, 956.80
2026/08/07 14:18:29.195, 2, 104276, 100, 943.41
2026/08/07 14:18:29.195, 3, 104276, 100, 950.80
2026/08/07 14:18:29.195, 4, 103102, 100, 928.70
2026/08/07 14:18:29.195, 5, 104262, 100, 967.02
2026/08/07 14:18:29.195, 6, 104262, 100, 949.42
2026/08/07 14:18:29.195, 7, 104262, 100, 975.30
2026/08/07 14:18:29.695, 0, 103116, 100, 952.10
2026/08/07 14:18:29.695, 1, 104276, 100, 959.33
2026/08/07 14:18:29.695, 2, 104276, 100, 943.10
2026/08/07 14:18:29.695, 3, 104276, 100, 946.87
2026/08/07 14:18:29.695, 4, 103102, 100, 944.99
2026/08/07 14:18:29.695, 5, 104262, 100, 977.97
2026/08/07 14:18:29.695, 6, 104262, 100, 955.83
2026/08/07 14:18:29.695, 7, 104262, 100, 975.59
2026/08/07 14:18:30.195, 0, 103116, 100, 950.75
2026/08/07 14:18:30.196, 1, 104276, 100, 960.73
2026/08/07 14:18:30.196, 2, 104276, 100, 943.11
2026/08/07 14:18:30.196, 3, 104276, 100, 953.27
2026/08/07 14:18:30.196, 4, 103102, 100, 951.08
2026/08/07 14:18:30.196, 5, 104262, 100, 973.33
2026/08/07 14:18:30.196, 6, 104262, 100, 958.08
2026/08/07 14:18:30.196, 7, 104262, 100, 976.57
2026/08/07 14:18:30.696, 0, 103116, 100, 964.29
2026/08/07 14:18:30.696, 1, 104276, 100, 973.12
2026/08/07 14:18:30.696, 2, 104276, 100, 942.16
2026/08/07 14:18:30.696, 3, 104276, 100, 971.70
2026/08/07 14:18:30.696, 4, 103102, 100, 948.09
2026/08/07 14:18:30.696, 5, 104262, 100, 968.01
2026/08/07 14:18:30.696, 6, 104262, 100, 946.35
2026/08/07 14:18:30.696, 7, 104262, 100, 966.40
2026/08/07 14:18:31.196, 0, 103116, 100, 964.60
2026/08/07 14:18:31.197, 1, 104276, 100, 979.42
2026/08/07 14:18:31.198, 2, 104276, 100, 951.43
2026/08/07 14:18:31.200, 3, 104276, 100, 973.71
2026/08/07 14:18:31.201, 4, 103102, 100, 947.28
2026/08/07 14:18:31.202, 5, 104262, 100, 958.84
2026/08/07 14:18:31.204, 6, 104262, 100, 941.78
2026/08/07 14:18:31.205, 7, 104262, 100, 962.44
2026/08/07 14:18:31.706, 0, 103116, 100, 960.97
2026/08/07 14:18:31.706, 1, 104276, 100, 972.57
2026/08/07 14:18:31.706, 2, 104276, 100, 956.41
2026/08/07 14:18:31.706, 3, 104276, 100, 968.73
2026/08/07 14:18:31.706, 4, 103102, 100, 938.56
2026/08/07 14:18:31.706, 5, 104262, 100, 953.38
2026/08/07 14:18:31.706, 6, 104262, 100, 943.60
2026/08/07 14:18:31.706, 7, 104262, 100, 969.57
2026/08/07 14:18:32.206, 0, 103116, 100, 960.75
2026/08/07 14:18:32.206, 1, 104276, 100, 964.60
2026/08/07 14:18:32.206, 2, 104276, 100, 955.77
2026/08/07 14:18:32.206, 3, 104276, 100, 968.45
2026/08/07 14:18:32.206, 4, 103102, 100, 934.12
2026/08/07 14:18:32.206, 5, 104262, 100, 950.57
2026/08/07 14:18:32.206, 6, 104262, 100, 944.93
2026/08/07 14:18:32.206, 7, 104262, 100, 972.01
2026/08/07 14:18:32.706, 0, 103116, 100, 947.25
2026/08/07 14:18:32.706, 1, 104276, 100, 966.06
2026/08/07 14:18:32.706, 2, 104276, 100, 947.29
2026/08/07 14:18:32.706, 3, 104276, 100, 963.81
2026/08/07 14:18:32.706, 4, 103102, 100, 941.31
2026/08/07 14:18:32.706, 5, 104262, 99, 955.61
2026/08/07 14:18:32.706, 6, 104262, 100, 934.08
2026/08/07 14:18:32.706, 7, 104262, 99, 966.54
2026/08/07 14:18:33.206, 0, 103116, 100, 940.58
2026/08/07 14:18:33.206, 1, 104276, 100, 968.84
2026/08/07 14:18:33.206, 2, 104276, 100, 939.48
2026/08/07 14:18:33.206, 3, 104276, 100, 954.39
2026/08/07 14:18:33.206, 4, 103102, 100, 941.43
2026/08/07 14:18:33.206, 5, 104262, 100, 966.52
2026/08/07 14:18:33.206, 6, 104262, 100, 935.64
2026/08/07 14:18:33.206, 7, 104262, 100, 959.65
2026/08/07 14:18:33.706, 0, 103116, 100, 947.54
2026/08/07 14:18:33.706, 1, 104276, 100, 956.50
2026/08/07 14:18:33.707, 2, 104276, 100, 940.33
2026/08/07 14:18:33.707, 3, 104276, 100, 951.21
2026/08/07 14:18:33.707, 4, 103102, 100, 937.21
2026/08/07 14:18:33.707, 5, 104262, 100, 971.46
2026/08/07 14:18:33.707, 6, 104262, 100, 941.63
2026/08/07 14:18:33.707, 7, 104262, 100, 960.59
2026/08/07 14:18:34.208, 0, 103116, 100, 945.07
2026/08/07 14:18:34.208, 1, 104276, 100, 943.75
2026/08/07 14:18:34.208, 2, 104276, 100, 936.82
2026/08/07 14:18:34.208, 3, 104276, 100, 959.03
2026/08/07 14:18:34.208, 4, 103102, 100, 944.44
2026/08/07 14:18:34.208, 5, 104262, 100, 977.29
2026/08/07 14:18:34.208, 6, 104262, 100, 947.78
2026/08/07 14:18:34.208, 7, 104262, 100, 969.44
2026/08/07 14:18:34.708, 0, 103116, 100, 950.76
2026/08/07 14:18:34.708, 1, 104276, 100, 956.68
2026/08/07 14:18:34.708, 2, 104276, 100, 940.77
2026/08/07 14:18:34.708, 3, 104276, 100, 963.65
2026/08/07 14:18:34.708, 4, 103102, 100, 946.23
2026/08/07 14:18:34.708, 5, 104262, 100, 978.67
2026/08/07 14:18:34.708, 6, 104262, 100, 949.03
2026/08/07 14:18:34.708, 7, 104262, 100, 975.10
2026/08/07 14:18:35.208, 0, 103116, 100, 957.03
2026/08/07 14:18:35.208, 1, 104276, 100, 977.04
2026/08/07 14:18:35.208, 2, 104276, 100, 946.53
2026/08/07 14:18:35.208, 3, 104276, 100, 969.60
2026/08/07 14:18:35.208, 4, 103102, 100, 936.45
2026/08/07 14:18:35.208, 5, 104262, 100, 967.84
2026/08/07 14:18:35.208, 6, 104262, 100, 955.87
2026/08/07 14:18:35.208, 7, 104262, 100, 975.74
2026/08/07 14:18:35.708, 0, 103116, 100, 957.55
2026/08/07 14:18:35.708, 1, 104276, 100, 979.87
2026/08/07 14:18:35.708, 2, 104276, 100, 952.19
2026/08/07 14:18:35.708, 3, 104276, 100, 966.30
2026/08/07 14:18:35.708, 4, 103102, 100, 934.72
2026/08/07 14:18:35.708, 5, 104262, 100, 958.94
2026/08/07 14:18:35.708, 6, 104262, 100, 940.01
2026/08/07 14:18:35.708, 7, 104262, 100, 967.58
2026/08/07 14:18:36.208, 0, 103116, 100, 958.17
2026/08/07 14:18:36.208, 1, 104276, 100, 964.53
2026/08/07 14:18:36.208, 2, 104276, 100, 952.65
2026/08/07 14:18:36.208, 3, 104276, 100, 960.63
2026/08/07 14:18:36.208, 4, 103102, 100, 941.19
2026/08/07 14:18:36.208, 5, 104262, 100, 955.87
2026/08/07 14:18:36.209, 6, 104262, 100, 929.39
2026/08/07 14:18:36.209, 7, 104262, 100, 954.53
2026/08/07 14:18:36.709, 0, 103116, 100, 948.08
2026/08/07 14:18:36.709, 1, 104276, 100, 965.75
2026/08/07 14:18:36.709, 2, 104276, 100, 944.37
2026/08/07 14:18:36.709, 3, 104276, 100, 963.36
2026/08/07 14:18:36.709, 4, 103102, 100, 933.70
2026/08/07 14:18:36.709, 5, 104262, 100, 945.85
2026/08/07 14:18:36.709, 6, 104262, 100, 937.42
2026/08/07 14:18:36.709, 7, 104262, 100, 955.24
2026/08/07 14:18:37.209, 0, 103116, 100, 948.13
2026/08/07 14:18:37.209, 1, 104276, 100, 968.52
2026/08/07 14:18:37.209, 2, 104276, 100, 938.47
2026/08/07 14:18:37.209, 3, 104276, 100, 958.13
2026/08/07 14:18:37.209, 4, 103102, 100, 920.52
2026/08/07 14:18:37.209, 5, 104262, 100, 946.83
2026/08/07 14:18:37.209, 6, 104262, 100, 937.71
2026/08/07 14:18:37.209, 7, 104262, 99, 963.32
2026/08/07 14:18:37.709, 0, 103116, 100, 955.49
2026/08/07 14:18:37.709, 1, 104276, 100, 961.44
2026/08/07 14:18:37.709, 2, 104276, 100, 932.08
2026/08/07 14:18:37.709, 3, 104276, 100, 945.53
2026/08/07 14:18:37.709, 4, 103102, 100, 925.98
2026/08/07 14:18:37.709, 5, 104262, 100, 960.36
2026/08/07 14:18:37.709, 6, 104262, 100, 942.10
2026/08/07 14:18:37.709, 7, 104262, 100, 974.75
2026/08/07 14:18:38.209, 0, 103116, 99, 946.33
2026/08/07 14:18:38.209, 1, 104276, 100, 959.28
2026/08/07 14:18:38.209, 2, 104276, 100, 943.61
2026/08/07 14:18:38.209, 3, 104276, 100, 940.71
2026/08/07 14:18:38.209, 4, 103102, 100, 935.64
2026/08/07 14:18:38.209, 5, 104262, 100, 969.36
2026/08/07 14:18:38.209, 6, 104262, 100, 950.33
2026/08/07 14:18:38.209, 7, 104262, 100, 976.72
2026/08/07 14:18:38.709, 0, 103116, 100, 941.46
2026/08/07 14:18:38.709, 1, 104276, 100, 956.69
2026/08/07 14:18:38.709, 2, 104276, 100, 942.42
2026/08/07 14:18:38.709, 3, 104276, 100, 955.17
2026/08/07 14:18:38.709, 4, 103102, 100, 947.55
2026/08/07 14:18:38.709, 5, 104262, 100, 974.68
2026/08/07 14:18:38.709, 6, 104262, 100, 953.38
2026/08/07 14:18:38.709, 7, 104262, 100, 975.57
2026/08/07 14:18:39.210, 0, 103116, 100, 952.60
2026/08/07 14:18:39.210, 1, 104276, 100, 966.30
2026/08/07 14:18:39.210, 2, 104276, 100, 940.48
2026/08/07 14:18:39.210, 3, 104276, 100, 953.49
2026/08/07 14:18:39.210, 4, 103102, 100, 954.14
2026/08/07 14:18:39.210, 5, 104262, 100, 968.45
2026/08/07 14:18:39.210, 6, 104262, 100, 950.96
2026/08/07 14:18:39.210, 7, 104262, 100, 973.34
2026/08/07 14:18:39.710, 0, 103116, 100, 964.65
2026/08/07 14:18:39.710, 1, 104276, 100, 974.15
2026/08/07 14:18:39.710, 2, 104276, 100, 950.22
2026/08/07 14:18:39.710, 3, 104276, 100, 957.72
2026/08/07 14:18:39.710, 4, 103102, 100, 950.98
2026/08/07 14:18:39.710, 5, 104262, 100, 961.68
2026/08/07 14:18:39.710, 6, 104262, 100, 948.05
2026/08/07 14:18:39.710, 7, 104262, 100, 969.94
2026/08/07 14:18:40.210, 0, 103116, 100, 967.77
2026/08/07 14:18:40.210, 1, 104276, 100, 968.50
2026/08/07 14:18:40.210, 2, 104276, 100, 952.66
2026/08/07 14:18:40.210, 3, 104276, 100, 964.85
2026/08/07 14:18:40.210, 4, 103102, 100, 942.34
2026/08/07 14:18:40.210, 5, 104262, 100, 958.82
2026/08/07 14:18:40.210, 6, 104262, 100, 944.38
2026/08/07 14:18:40.210, 7, 104262, 100, 962.85
2026/08/07 14:18:40.710, 0, 103116, 100, 960.55
2026/08/07 14:18:40.710, 1, 104276, 100, 961.54
2026/08/07 14:18:40.710, 2, 104276, 100, 948.08
2026/08/07 14:18:40.710, 3, 104276, 100, 957.51
2026/08/07 14:18:40.710, 4, 103102, 100, 945.48
2026/08/07 14:18:40.710, 5, 104262, 100, 951.73
2026/08/07 14:18:40.710, 6, 104262, 100, 937.39
2026/08/07 14:18:40.710, 7, 104262, 100, 954.65
2026/08/07 14:18:41.210, 0, 103116, 100, 958.29
2026/08/07 14:18:41.210, 1, 104276, 100, 969.07
2026/08/07 14:18:41.210, 2, 104276, 100, 945.39
2026/08/07 14:18:41.210, 3, 104276, 100, 955.68
2026/08/07 14:18:41.210, 4, 103102, 100, 938.07
2026/08/07 14:18:41.210, 5, 104262, 100, 948.58
2026/08/07 14:18:41.210, 6, 104262, 100, 932.66
2026/08/07 14:18:41.210, 7, 104262, 100, 956.79
2026/08/07 14:18:41.711, 0, 103116, 100, 954.68
2026/08/07 14:18:41.713, 1, 104276, 100, 971.19
2026/08/07 14:18:41.713, 2, 104276, 100, 949.28
2026/08/07 14:18:41.713, 3, 104276, 100, 960.62
2026/08/07 14:18:41.713, 4, 103102, 100, 924.93
2026/08/07 14:18:41.713, 5, 104262, 100, 951.80
2026/08/07 14:18:41.713, 6, 104262, 100, 943.57
2026/08/07 14:18:41.713, 7, 104262, 100, 958.19
2026/08/07 14:18:42.214, 0, 103116, 100, 947.65
2026/08/07 14:18:42.214, 1, 104276, 100, 951.50
2026/08/07 14:18:42.214, 2, 104276, 100, 950.39
2026/08/07 14:18:42.214, 3, 104276, 100, 952.86
2026/08/07 14:18:42.214, 4, 103102, 100, 928.52
2026/08/07 14:18:42.214, 5, 104262, 100, 966.63
2026/08/07 14:18:42.214, 6, 104262, 100, 945.47
2026/08/07 14:18:42.214, 7, 104262, 100, 963.64
2026/08/07 14:18:42.714, 0, 103116, 99, 940.21
2026/08/07 14:18:42.714, 1, 104276, 99, 952.67
2026/08/07 14:18:42.714, 2, 104276, 100, 938.54
2026/08/07 14:18:42.714, 3, 104276, 100, 952.62
2026/08/07 14:18:42.714, 4, 103102, 100, 945.58
2026/08/07 14:18:42.714, 5, 104262, 100, 972.33
2026/08/07 14:18:42.714, 6, 104262, 100, 952.09
2026/08/07 14:18:42.714, 7, 104262, 100, 972.42
2026/08/07 14:18:43.214, 0, 103116, 100, 946.23
2026/08/07 14:18:43.214, 1, 104276, 100, 965.52
2026/08/07 14:18:43.214, 2, 104276, 100, 930.02
2026/08/07 14:18:43.214, 3, 104276, 100, 944.09
2026/08/07 14:18:43.214, 4, 103102, 100, 947.47
2026/08/07 14:18:43.214, 5, 104262, 100, 969.03
2026/08/07 14:18:43.214, 6, 104262, 100, 954.70
2026/08/07 14:18:43.214, 7, 104262, 100, 979.65
2026/08/07 14:18:43.714, 0, 103116, 100, 957.92
2026/08/07 14:18:43.714, 1, 104276, 100, 965.04
2026/08/07 14:18:43.714, 2, 104276, 100, 942.54
2026/08/07 14:18:43.714, 3, 104276, 100, 947.66
2026/08/07 14:18:43.714, 4, 103102, 100, 952.16
2026/08/07 14:18:43.714, 5, 104262, 100, 963.53
2026/08/07 14:18:43.714, 6, 104262, 100, 949.81
2026/08/07 14:18:43.714, 7, 104262, 100, 978.72
2026/08/07 14:18:44.214, 0, 103116, 100, 959.21
2026/08/07 14:18:44.214, 1, 104276, 100, 974.14
2026/08/07 14:18:44.214, 2, 104276, 100, 954.76
2026/08/07 14:18:44.215, 3, 104276, 100, 967.26
2026/08/07 14:18:44.215, 4, 103102, 100, 943.29
2026/08/07 14:18:44.215, 5, 104262, 100, 959.76
2026/08/07 14:18:44.215, 6, 104262, 100, 942.42
2026/08/07 14:18:44.215, 7, 104262, 100, 963.36
2026/08/07 14:18:44.715, 0, 103116, 100, 962.93
2026/08/07 14:18:44.715, 1, 104276, 100, 972.94
2026/08/07 14:18:44.715, 2, 104276, 100, 950.66
2026/08/07 14:18:44.715, 3, 104276, 100, 970.85
2026/08/07 14:18:44.715, 4, 103102, 100, 935.52
2026/08/07 14:18:44.715, 5, 104262, 100, 954.82
2026/08/07 14:18:44.715, 6, 104262, 100, 935.82
2026/08/07 14:18:44.715, 7, 104262, 100, 958.07
2026/08/07 14:18:45.215, 0, 103116, 100, 964.57
2026/08/07 14:18:45.215, 1, 104276, 100, 971.95
2026/08/07 14:18:45.215, 2, 104276, 100, 949.51
2026/08/07 14:18:45.215, 3, 104276, 100, 962.05
2026/08/07 14:18:45.215, 4, 103102, 100, 942.41
2026/08/07 14:18:45.215, 5, 104262, 100, 952.50
2026/08/07 14:18:45.215, 6, 104262, 100, 941.58
2026/08/07 14:18:45.215, 7, 104262, 100, 959.82
2026/08/07 14:18:45.715, 0, 103116, 100, 958.99
2026/08/07 14:18:45.715, 1, 104276, 100, 973.11
2026/08/07 14:18:45.715, 2, 104276, 100, 944.24
2026/08/07 14:18:45.715, 3, 104276, 100, 955.68
2026/08/07 14:18:45.715, 4, 103102, 100, 940.03
2026/08/07 14:18:45.715, 5, 104262, 100, 957.42
2026/08/07 14:18:45.715, 6, 104262, 100, 933.71
2026/08/07 14:18:45.715, 7, 104262, 100, 957.51
2026/08/07 14:18:46.215, 0, 103116, 100, 952.87
2026/08/07 14:18:46.215, 1, 104276, 100, 960.23
2026/08/07 14:18:46.215, 2, 104276, 100, 939.18
2026/08/07 14:18:46.215, 3, 104276, 100, 955.02
2026/08/07 14:18:46.215, 4, 103102, 100, 928.83
2026/08/07 14:18:46.215, 5, 104262, 100, 961.13
2026/08/07 14:18:46.215, 6, 104262, 100, 933.37
2026/08/07 14:18:46.215, 7, 104262, 100, 962.67
2026/08/07 14:18:46.715, 0, 103116, 100, 946.82
2026/08/07 14:18:46.715, 1, 104276, 100, 951.71
2026/08/07 14:18:46.715, 2, 104276, 100, 938.02
2026/08/07 14:18:46.715, 3, 104276, 100, 957.66
2026/08/07 14:18:46.715, 4, 103102, 100, 932.53
2026/08/07 14:18:46.715, 5, 104262, 100, 965.76
2026/08/07 14:18:46.715, 6, 104262, 100, 949.89
2026/08/07 14:18:46.715, 7, 104262, 100, 973.76
2026/08/07 14:18:47.216, 0, 103116, 100, 940.79
2026/08/07 14:18:47.216, 1, 104276, 99, 961.47
2026/08/07 14:18:47.216, 2, 104276, 98, 940.83
2026/08/07 14:18:47.216, 3, 104276, 100, 950.78
2026/08/07 14:18:47.216, 4, 103102, 100, 944.72
2026/08/07 14:18:47.216, 5, 104262, 100, 971.42
2026/08/07 14:18:47.216, 6, 104262, 100, 952.21
2026/08/07 14:18:47.216, 7, 104262, 100, 970.63
2026/08/07 14:18:47.716, 0, 103116, 100, 952.50
2026/08/07 14:18:47.716, 1, 104276, 100, 967.54
2026/08/07 14:18:47.716, 2, 104276, 100, 945.32
2026/08/07 14:18:47.716, 3, 104276, 100, 945.31
2026/08/07 14:18:47.716, 4, 103102, 100, 937.86
2026/08/07 14:18:47.716, 5, 104262, 100, 966.80
2026/08/07 14:18:47.716, 6, 104262, 100, 953.19
2026/08/07 14:18:47.716, 7, 104262, 100, 971.30
2026/08/07 14:18:48.216, 0, 103116, 100, 962.42
2026/08/07 14:18:48.216, 1, 104276, 100, 967.96
2026/08/07 14:18:48.216, 2, 104276, 100, 950.55
2026/08/07 14:18:48.216, 3, 104276, 100, 951.22
2026/08/07 14:18:48.216, 4, 103102, 100, 940.12
2026/08/07 14:18:48.216, 5, 104262, 100, 965.94
2026/08/07 14:18:48.216, 6, 104262, 100, 954.05
2026/08/07 14:18:48.216, 7, 104262, 100, 973.78
2026/08/07 14:18:48.716, 0, 103116, 100, 958.97
2026/08/07 14:18:48.716, 1, 104276, 100, 976.41
2026/08/07 14:18:48.716, 2, 104276, 100, 957.42
2026/08/07 14:18:48.716, 3, 104276, 100, 957.53
2026/08/07 14:18:48.716, 4, 103102, 100, 946.70
2026/08/07 14:18:48.716, 5, 104262, 100, 967.16
2026/08/07 14:18:48.716, 6, 104262, 100, 945.09
2026/08/07 14:18:48.716, 7, 104262, 100, 968.72
2026/08/07 14:18:49.216, 0, 103116, 100, 961.93
2026/08/07 14:18:49.216, 1, 104276, 100, 972.11
2026/08/07 14:18:49.216, 2, 104276, 100, 951.03
2026/08/07 14:18:49.216, 3, 104276, 100, 961.96
2026/08/07 14:18:49.216, 4, 103102, 100, 940.18
2026/08/07 14:18:49.216, 5, 104262, 100, 960.28
2026/08/07 14:18:49.216, 6, 104262, 100, 940.93
2026/08/07 14:18:49.216, 7, 104262, 100, 962.35
2026/08/07 14:18:49.716, 0, 103116, 100, 952.22
2026/08/07 14:18:49.716, 1, 104276, 100, 968.31
2026/08/07 14:18:49.716, 2, 104276, 100, 942.60
2026/08/07 14:18:49.716, 3, 104276, 100, 959.17
2026/08/07 14:18:49.716, 4, 103102, 100, 930.76
2026/08/07 14:18:49.716, 5, 104262, 100, 949.01
2026/08/07 14:18:49.716, 6, 104262, 100, 926.60
2026/08/07 14:18:49.717, 7, 104262, 100, 949.67
2026/08/07 14:18:50.217, 0, 103116, 100, 954.13
2026/08/07 14:18:50.217, 1, 104276, 100, 975.98
2026/08/07 14:18:50.217, 2, 104276, 100, 944.98
2026/08/07 14:18:50.217, 3, 104276, 100, 958.13
2026/08/07 14:18:50.217, 4, 103102, 100, 935.52
2026/08/07 14:18:50.217, 5, 104262, 99, 940.21
2026/08/07 14:18:50.217, 6, 104262, 100, 922.94
2026/08/07 14:18:50.217, 7, 104262, 99, 954.13
2026/08/07 14:18:50.717, 0, 103116, 100, 962.97
2026/08/07 14:18:50.717, 1, 104276, 100, 977.39
2026/08/07 14:18:50.717, 2, 104276, 100, 948.89
2026/08/07 14:18:50.717, 3, 104276, 100, 962.13
2026/08/07 14:18:50.717, 4, 103102, 100, 930.54
2026/08/07 14:18:50.717, 5, 104262, 100, 946.20
2026/08/07 14:18:50.717, 6, 104262, 100, 936.84
2026/08/07 14:18:50.717, 7, 104262, 100, 964.18
2026/08/07 14:18:51.217, 0, 103116, 100, 953.77
2026/08/07 14:18:51.217, 1, 104276, 100, 958.86
2026/08/07 14:18:51.217, 2, 104276, 100, 941.05
2026/08/07 14:18:51.217, 3, 104276, 100, 956.38
2026/08/07 14:18:51.217, 4, 103102, 100, 933.54
2026/08/07 14:18:51.217, 5, 104262, 100, 966.39
2026/08/07 14:18:51.217, 6, 104262, 100, 940.67
2026/08/07 14:18:51.217, 7, 104262, 100, 960.26
2026/08/07 14:18:51.717, 0, 103116, 100, 934.21
2026/08/07 14:18:51.717, 1, 104276, 100, 940.87
2026/08/07 14:18:51.717, 2, 104276, 99, 930.02
2026/08/07 14:18:51.717, 3, 104276, 100, 942.92
2026/08/07 14:18:51.717, 4, 103102, 100, 944.56
2026/08/07 14:18:51.717, 5, 104262, 100, 975.03
2026/08/07 14:18:51.717, 6, 104262, 100, 942.01
2026/08/07 14:18:51.717, 7, 104262, 100, 967.81
2026/08/07 14:18:52.217, 0, 103116, 100, 940.96
2026/08/07 14:18:52.217, 1, 104276, 100, 954.90
2026/08/07 14:18:52.217, 2, 104276, 100, 937.50
2026/08/07 14:18:52.217, 3, 104276, 100, 949.98
2026/08/07 14:18:52.217, 4, 103102, 100, 942.93
2026/08/07 14:18:52.217, 5, 104262, 100, 964.00
2026/08/07 14:18:52.217, 6, 104262, 100, 942.70
2026/08/07 14:18:52.217, 7, 104262, 100, 964.09
2026/08/07 14:18:52.718, 0, 103116, 100, 966.75
2026/08/07 14:18:52.718, 1, 104276, 100, 970.00
2026/08/07 14:18:52.718, 2, 104276, 100, 944.76
2026/08/07 14:18:52.718, 3, 104276, 100, 963.05
2026/08/07 14:18:52.718, 4, 103102, 100, 944.28
2026/08/07 14:18:52.718, 5, 104262, 100, 959.50
2026/08/07 14:18:52.718, 6, 104262, 100, 940.55
2026/08/07 14:18:52.718, 7, 104262, 100, 958.25
2026/08/07 14:18:53.218, 0, 103116, 100, 964.01
2026/08/07 14:18:53.218, 1, 104276, 100, 970.77
2026/08/07 14:18:53.219, 2, 104276, 100, 950.12
2026/08/07 14:18:53.219, 3, 104276, 100, 969.85
2026/08/07 14:18:53.219, 4, 103102, 100, 947.03
2026/08/07 14:18:53.219, 5, 104262, 100, 967.41
2026/08/07 14:18:53.219, 6, 104262, 100, 944.97
2026/08/07 14:18:53.219, 7, 104262, 100, 968.02
2026/08/07 14:18:53.719, 0, 103116, 100, 952.74
2026/08/07 14:18:53.719, 1, 104276, 100, 966.23
2026/08/07 14:18:53.719, 2, 104276, 100, 947.20
2026/08/07 14:18:53.719, 3, 104276, 100, 972.00
2026/08/07 14:18:53.719, 4, 103102, 100, 942.31
2026/08/07 14:18:53.719, 5, 104262, 100, 964.15
2026/08/07 14:18:53.719, 6, 104262, 100, 943.03
2026/08/07 14:18:53.719, 7, 104262, 100, 969.13
2026/08/07 14:18:54.219, 0, 103116, 100, 954.57
2026/08/07 14:18:54.219, 1, 104276, 100, 965.15
2026/08/07 14:18:54.219, 2, 104276, 100, 938.81
2026/08/07 14:18:54.219, 3, 104276, 100, 967.70
2026/08/07 14:18:54.219, 4, 103102, 100, 931.37
2026/08/07 14:18:54.219, 5, 104262, 100, 952.27
2026/08/07 14:18:54.219, 6, 104262, 100, 944.01
2026/08/07 14:18:54.219, 7, 104262, 100, 967.72
2026/08/07 14:18:54.719, 0, 103116, 100, 954.56
2026/08/07 14:18:54.719, 1, 104276, 100, 968.67
2026/08/07 14:18:54.719, 2, 104276, 100, 949.39
2026/08/07 14:18:54.719, 3, 104276, 100, 953.94
2026/08/07 14:18:54.719, 4, 103102, 100, 931.82
2026/08/07 14:18:54.719, 5, 104262, 99, 944.99
2026/08/07 14:18:54.719, 6, 104262, 100, 933.38
2026/08/07 14:18:54.719, 7, 104262, 99, 960.95
2026/08/07 14:18:55.219, 0, 103116, 100, 942.33
2026/08/07 14:18:55.219, 1, 104276, 100, 955.19
2026/08/07 14:18:55.219, 2, 104276, 100, 952.60
2026/08/07 14:18:55.219, 3, 104276, 100, 949.93
2026/08/07 14:18:55.219, 4, 103102, 100, 935.16
2026/08/07 14:18:55.219, 5, 104262, 100, 946.36
2026/08/07 14:18:55.219, 6, 104262, 100, 928.01
2026/08/07 14:18:55.219, 7, 104262, 100, 957.18
2026/08/07 14:18:55.719, 0, 103116, 100, 947.21
2026/08/07 14:18:55.719, 1, 104276, 100, 947.97
2026/08/07 14:18:55.719, 2, 104276, 100, 946.27
2026/08/07 14:18:55.719, 3, 104276, 100, 959.13
2026/08/07 14:18:55.719, 4, 103102, 100, 945.87
2026/08/07 14:18:55.719, 5, 104262, 100, 966.35
2026/08/07 14:18:55.720, 6, 104262, 100, 944.83
2026/08/07 14:18:55.720, 7, 104262, 100, 973.07
2026/08/07 14:18:56.220, 0, 103116, 100, 953.16
2026/08/07 14:18:56.220, 1, 104276, 100, 958.66
2026/08/07 14:18:56.220, 2, 104276, 100, 948.56
2026/08/07 14:18:56.220, 3, 104276, 100, 952.71
2026/08/07 14:18:56.220, 4, 103102, 100, 951.47
2026/08/07 14:18:56.220, 5, 104262, 100, 969.39
2026/08/07 14:18:56.220, 6, 104262, 100, 949.89
2026/08/07 14:18:56.220, 7, 104262, 100, 976.09
2026/08/07 14:18:56.720, 0, 103116, 100, 953.21
2026/08/07 14:18:56.720, 1, 104276, 100, 962.60
2026/08/07 14:18:56.720, 2, 104276, 100, 951.41
2026/08/07 14:18:56.720, 3, 104276, 100, 942.71
2026/08/07 14:18:56.720, 4, 103102, 100, 950.01
2026/08/07 14:18:56.720, 5, 104262, 100, 966.64
2026/08/07 14:18:56.720, 6, 104262, 100, 951.98
2026/08/07 14:18:56.720, 7, 104262, 100, 974.63
2026/08/07 14:18:57.220, 0, 103116, 100, 966.34
2026/08/07 14:18:57.225, 1, 104276, 100, 970.44
2026/08/07 14:18:57.226, 2, 104276, 100, 949.79
2026/08/07 14:18:57.226, 3, 104276, 100, 956.03
2026/08/07 14:18:57.226, 4, 103102, 100, 944.67
2026/08/07 14:18:57.226, 5, 104262, 100, 969.41
2026/08/07 14:18:57.226, 6, 104262, 100, 950.70
2026/08/07 14:18:57.226, 7, 104262, 100, 973.29
2026/08/07 14:18:57.726, 0, 103116, 100, 964.06
2026/08/07 14:18:57.726, 1, 104276, 100, 976.78
2026/08/07 14:18:57.726, 2, 104276, 100, 959.05
2026/08/07 14:18:57.726, 3, 104276, 100, 969.27
2026/08/07 14:18:57.726, 4, 103102, 100, 948.00
2026/08/07 14:18:57.726, 5, 104262, 100, 953.39
2026/08/07 14:18:57.726, 6, 104262, 100, 940.28
2026/08/07 14:18:57.726, 7, 104262, 100, 962.54
2026/08/07 14:18:58.226, 0, 103116, 100, 955.57
2026/08/07 14:18:58.226, 1, 104276, 100, 977.88
2026/08/07 14:18:58.226, 2, 104276, 100, 956.63
2026/08/07 14:18:58.226, 3, 104276, 100, 966.63
2026/08/07 14:18:58.226, 4, 103102, 100, 943.23
2026/08/07 14:18:58.226, 5, 104262, 100, 939.71
2026/08/07 14:18:58.226, 6, 104262, 100, 935.01
2026/08/07 14:18:58.226, 7, 104262, 100, 961.35
2026/08/07 14:18:58.726, 0, 103116, 100, 947.63
2026/08/07 14:18:58.726, 1, 104276, 100, 973.78
2026/08/07 14:18:58.726, 2, 104276, 100, 937.59
2026/08/07 14:18:58.726, 3, 104276, 100, 960.29
2026/08/07 14:18:58.726, 4, 103102, 100, 931.89
2026/08/07 14:18:58.726, 5, 104262, 100, 943.43
2026/08/07 14:18:58.726, 6, 104262, 100, 932.01
2026/08/07 14:18:58.726, 7, 104262, 100, 966.53
2026/08/07 14:18:59.226, 0, 103116, 100, 951.26
2026/08/07 14:18:59.226, 1, 104276, 100, 966.87
2026/08/07 14:18:59.226, 2, 104276, 100, 938.96
2026/08/07 14:18:59.226, 3, 104276, 100, 958.21
2026/08/07 14:18:59.226, 4, 103102, 100, 923.64
2026/08/07 14:18:59.226, 5, 104262, 100, 955.71
2026/08/07 14:18:59.226, 6, 104262, 100, 922.47
2026/08/07 14:18:59.226, 7, 104262, 100, 959.52
2026/08/07 14:18:59.727, 0, 103116, 100, 948.20
2026/08/07 14:18:59.727, 1, 104276, 100, 958.10
2026/08/07 14:18:59.734, 2, 104276, 100, 944.89
2026/08/07 14:18:59.734, 3, 104276, 100, 954.96
2026/08/07 14:18:59.734, 4, 103102, 100, 930.08
2026/08/07 14:18:59.734, 5, 104262, 100, 967.87
2026/08/07 14:18:59.735, 6, 104262, 100, 931.09
2026/08/07 14:18:59.735, 7, 104262, 100, 968.57
2026/08/07 14:19:00.235, 0, 103116, 100, 940.62
2026/08/07 14:19:00.235, 1, 104276, 100, 952.50
2026/08/07 14:19:00.235, 2, 104276, 100, 942.96
2026/08/07 14:19:00.235, 3, 104276, 100, 955.66
2026/08/07 14:19:00.235, 4, 103102, 100, 942.90
2026/08/07 14:19:00.235, 5, 104262, 100, 970.10
2026/08/07 14:19:00.235, 6, 104262, 100, 949.87
2026/08/07 14:19:00.235, 7, 104262, 100, 985.97
2026/08/07 14:19:00.735, 0, 103116, 100, 940.49
2026/08/07 14:19:00.735, 1, 104276, 100, 956.86
2026/08/07 14:19:00.735, 2, 104276, 100, 943.96
2026/08/07 14:19:00.735, 3, 104276, 100, 946.75
2026/08/07 14:19:00.735, 4, 103102, 100, 945.07
2026/08/07 14:19:00.735, 5, 104262, 100, 963.50
2026/08/07 14:19:00.735, 6, 104262, 100, 953.81
2026/08/07 14:19:00.735, 7, 104262, 100, 980.23
2026/08/07 14:19:01.235, 0, 103116, 100, 950.75
2026/08/07 14:19:01.236, 1, 104276, 100, 959.59
2026/08/07 14:19:01.236, 2, 104276, 100, 947.19
2026/08/07 14:19:01.236, 3, 104276, 100, 946.23
2026/08/07 14:19:01.236, 4, 103102, 100, 945.35
2026/08/07 14:19:01.236, 5, 104262, 100, 957.33
2026/08/07 14:19:01.236, 6, 104262, 100, 948.18
2026/08/07 14:19:01.236, 7, 104262, 100, 968.86
2026/08/07 14:19:01.736, 0, 103116, 100, 962.52
2026/08/07 14:19:01.736, 1, 104276, 100, 971.81
2026/08/07 14:19:01.736, 2, 104276, 100, 942.51
2026/08/07 14:19:01.736, 3, 104276, 100, 955.55
2026/08/07 14:19:01.736, 4, 103102, 100, 939.01
2026/08/07 14:19:01.736, 5, 104262, 100, 962.55
2026/08/07 14:19:01.736, 6, 104262, 100, 945.54
2026/08/07 14:19:01.736, 7, 104262, 100, 967.86
2026/08/07 14:19:02.236, 0, 103116, 100, 953.38
2026/08/07 14:19:02.236, 1, 104276, 100, 972.09
2026/08/07 14:19:02.236, 2, 104276, 100, 945.09
2026/08/07 14:19:02.236, 3, 104276, 100, 962.44
2026/08/07 14:19:02.236, 4, 103102, 100, 935.41
2026/08/07 14:19:02.236, 5, 104262, 100, 965.81
2026/08/07 14:19:02.236, 6, 104262, 100, 946.35
2026/08/07 14:19:02.236, 7, 104262, 100, 973.12
2026/08/07 14:19:02.736, 0, 103116, 100, 953.63
2026/08/07 14:19:02.736, 1, 104276, 100, 970.79
2026/08/07 14:19:02.736, 2, 104276, 100, 940.76
2026/08/07 14:19:02.736, 3, 104276, 100, 955.94
2026/08/07 14:19:02.736, 4, 103102, 100, 937.22
2026/08/07 14:19:02.736, 5, 104262, 100, 970.76
2026/08/07 14:19:02.736, 6, 104262, 100, 942.95
2026/08/07 14:19:02.736, 7, 104262, 100, 972.45
2026/08/07 14:19:03.237, 0, 103116, 100, 959.28
2026/08/07 14:19:03.237, 1, 104276, 100, 962.11
2026/08/07 14:19:03.237, 2, 104276, 100, 939.19
2026/08/07 14:19:03.237, 3, 104276, 100, 954.63
2026/08/07 14:19:03.237, 4, 103102, 100, 924.52
2026/08/07 14:19:03.237, 5, 104262, 100, 960.30
2026/08/07 14:19:03.237, 6, 104262, 100, 939.83
2026/08/07 14:19:03.237, 7, 104262, 100, 957.40
2026/08/07 14:19:03.737, 0, 103116, 100, 950.98
2026/08/07 14:19:03.737, 1, 104276, 100, 958.45
2026/08/07 14:19:03.737, 2, 104276, 100, 948.55
2026/08/07 14:19:03.737, 3, 104276, 100, 959.51
2026/08/07 14:19:03.737, 4, 103102, 100, 918.18
2026/08/07 14:19:03.737, 5, 104262, 100, 953.57
2026/08/07 14:19:03.737, 6, 104262, 100, 937.92
2026/08/07 14:19:03.737, 7, 104262, 100, 956.03
2026/08/07 14:19:04.237, 0, 103116, 100, 936.41
2026/08/07 14:19:04.239, 1, 104276, 100, 961.05
2026/08/07 14:19:04.239, 2, 104276, 100, 947.08
2026/08/07 14:19:04.242, 3, 104276, 100, 956.00
2026/08/07 14:19:04.243, 4, 103102, 100, 933.46
2026/08/07 14:19:04.243, 5, 104262, 100, 958.56
2026/08/07 14:19:04.243, 6, 104262, 100, 936.49
2026/08/07 14:19:04.243, 7, 104262, 100, 960.78
2026/08/07 14:19:04.743, 0, 103116, 100, 943.34
2026/08/07 14:19:04.743, 1, 104276, 100, 956.30
2026/08/07 14:19:04.743, 2, 104276, 100, 941.02
2026/08/07 14:19:04.743, 3, 104276, 100, 947.41
2026/08/07 14:19:04.743, 4, 103102, 100, 943.81
2026/08/07 14:19:04.743, 5, 104262, 100, 962.39
2026/08/07 14:19:04.743, 6, 104262, 100, 946.29
2026/08/07 14:19:04.743, 7, 104262, 100, 965.35
2026/08/07 14:19:05.244, 0, 103116, 100, 947.25
2026/08/07 14:19:05.244, 1, 104276, 100, 965.87
2026/08/07 14:19:05.244, 2, 104276, 100, 953.05
2026/08/07 14:19:05.244, 3, 104276, 100, 944.89
2026/08/07 14:19:05.244, 4, 103102, 100, 934.43
2026/08/07 14:19:05.244, 5, 104262, 100, 961.18
2026/08/07 14:19:05.244, 6, 104262, 100, 954.89
2026/08/07 14:19:05.244, 7, 104262, 100, 970.77
2026/08/07 14:19:05.744, 0, 103116, 100, 951.44
2026/08/07 14:19:05.744, 1, 104276, 100, 971.10
2026/08/07 14:19:05.744, 2, 104276, 100, 958.24
2026/08/07 14:19:05.744, 3, 104276, 100, 956.45
2026/08/07 14:19:05.744, 4, 103102, 100, 939.35
2026/08/07 14:19:05.744, 5, 104262, 100, 965.45
2026/08/07 14:19:05.744, 6, 104262, 100, 955.61
2026/08/07 14:19:05.744, 7, 104262, 100, 969.86
2026/08/07 14:19:06.244, 0, 103116, 100, 962.28
2026/08/07 14:19:06.244, 1, 104276, 100, 976.19
2026/08/07 14:19:06.244, 2, 104276, 100, 952.72
2026/08/07 14:19:06.244, 3, 104276, 100, 961.67
2026/08/07 14:19:06.244, 4, 103102, 100, 943.18
2026/08/07 14:19:06.244, 5, 104262, 100, 963.29
2026/08/07 14:19:06.244, 6, 104262, 100, 946.21
2026/08/07 14:19:06.244, 7, 104262, 100, 968.79
2026/08/07 14:19:06.744, 0, 103116, 100, 959.52
2026/08/07 14:19:06.744, 1, 104276, 100, 980.73
2026/08/07 14:19:06.744, 2, 104276, 100, 950.19
2026/08/07 14:19:06.744, 3, 104276, 100, 964.98
2026/08/07 14:19:06.744, 4, 103102, 100, 943.74
2026/08/07 14:19:06.744, 5, 104262, 100, 948.87
2026/08/07 14:19:06.744, 6, 104262, 100, 939.10
2026/08/07 14:19:06.744, 7, 104262, 100, 967.17
2026/08/07 14:19:07.244, 0, 103116, 100, 957.87
2026/08/07 14:19:07.244, 1, 104276, 100, 971.99
2026/08/07 14:19:07.244, 2, 104276, 100, 943.63
2026/08/07 14:19:07.244, 3, 104276, 100, 969.56
2026/08/07 14:19:07.244, 4, 103102, 100, 942.44
2026/08/07 14:19:07.245, 5, 104262, 100, 947.15
2026/08/07 14:19:07.245, 6, 104262, 100, 941.23
2026/08/07 14:19:07.245, 7, 104262, 100, 968.36
2026/08/07 14:19:07.745, 0, 103116, 100, 951.18
2026/08/07 14:19:07.745, 1, 104276, 100, 965.22
2026/08/07 14:19:07.745, 2, 104276, 100, 943.22
2026/08/07 14:19:07.745, 3, 104276, 100, 959.73
2026/08/07 14:19:07.745, 4, 103102, 100, 930.66
2026/08/07 14:19:07.745, 5, 104262, 100, 947.77
2026/08/07 14:19:07.745, 6, 104262, 100, 939.40
2026/08/07 14:19:07.745, 7, 104262, 100, 962.69
2026/08/07 14:19:08.245, 0, 103116, 100, 947.86
2026/08/07 14:19:08.245, 1, 104276, 100, 961.39
2026/08/07 14:19:08.245, 2, 104276, 100, 939.19
2026/08/07 14:19:08.245, 3, 104276, 100, 949.65
2026/08/07 14:19:08.245, 4, 103102, 100, 930.50
2026/08/07 14:19:08.245, 5, 104262, 100, 943.47
2026/08/07 14:19:08.245, 6, 104262, 100, 923.23
2026/08/07 14:19:08.245, 7, 104262, 100, 952.55
2026/08/07 14:19:08.745, 0, 103116, 100, 944.41
2026/08/07 14:19:08.745, 1, 104276, 100, 960.70
2026/08/07 14:19:08.745, 2, 104276, 100, 934.45
2026/08/07 14:19:08.745, 3, 104276, 100, 950.63
2026/08/07 14:19:08.745, 4, 103102, 100, 940.86
2026/08/07 14:19:08.745, 5, 104262, 100, 955.85
2026/08/07 14:19:08.745, 6, 104262, 100, 923.90
2026/08/07 14:19:08.745, 7, 104262, 100, 956.46
2026/08/07 14:19:09.245, 0, 103116, 100, 939.51
2026/08/07 14:19:09.245, 1, 104276, 100, 959.14
2026/08/07 14:19:09.245, 2, 104276, 100, 928.82
2026/08/07 14:19:09.245, 3, 104276, 99, 952.47
2026/08/07 14:19:09.245, 4, 103102, 100, 943.02
2026/08/07 14:19:09.245, 5, 104262, 100, 973.10
2026/08/07 14:19:09.245, 6, 104262, 100, 942.66
2026/08/07 14:19:09.245, 7, 104262, 100, 979.27
2026/08/07 14:19:09.745, 0, 103116, 100, 942.90
2026/08/07 14:19:09.745, 1, 104276, 100, 958.34
2026/08/07 14:19:09.745, 2, 104276, 100, 940.85
2026/08/07 14:19:09.745, 3, 104276, 100, 945.02
2026/08/07 14:19:09.745, 4, 103102, 100, 945.66
2026/08/07 14:19:09.745, 5, 104262, 100, 968.74
2026/08/07 14:19:09.745, 6, 104262, 100, 947.25
2026/08/07 14:19:09.745, 7, 104262, 100, 985.81
2026/08/07 14:19:10.245, 0, 103116, 100, 949.19
2026/08/07 14:19:10.249, 1, 104276, 100, 971.09
2026/08/07 14:19:10.250, 2, 104276, 100, 948.95
2026/08/07 14:19:10.254, 3, 104276, 100, 951.37
2026/08/07 14:19:10.254, 4, 103102, 100, 946.49
2026/08/07 14:19:10.258, 5, 104262, 100, 968.02
2026/08/07 14:19:10.259, 6, 104262, 100, 946.53
2026/08/07 14:19:10.262, 7, 104262, 100, 974.87
2026/08/07 14:19:10.763, 0, 103116, 100, 954.71
2026/08/07 14:19:10.763, 1, 104276, 100, 970.19
2026/08/07 14:19:10.763, 2, 104276, 100, 954.79
2026/08/07 14:19:10.763, 3, 104276, 100, 966.05
2026/08/07 14:19:10.763, 4, 103102, 100, 948.34
2026/08/07 14:19:10.763, 5, 104262, 100, 958.10
2026/08/07 14:19:10.763, 6, 104262, 100, 939.62
2026/08/07 14:19:10.763, 7, 104262, 100, 962.89
2026/08/07 14:19:11.263, 0, 103116, 100, 953.14
2026/08/07 14:19:11.263, 1, 104276, 100, 973.65
2026/08/07 14:19:11.263, 2, 104276, 100, 950.97
2026/08/07 14:19:11.263, 3, 104276, 100, 969.08
2026/08/07 14:19:11.263, 4, 103102, 100, 939.24
2026/08/07 14:19:11.263, 5, 104262, 100, 947.74
2026/08/07 14:19:11.263, 6, 104262, 100, 936.59
2026/08/07 14:19:11.263, 7, 104262, 100, 961.78
2026/08/07 14:19:11.763, 0, 103116, 100, 946.22
2026/08/07 14:19:11.763, 1, 104276, 100, 967.59
2026/08/07 14:19:11.763, 2, 104276, 100, 943.88
2026/08/07 14:19:11.763, 3, 104276, 100, 962.26
2026/08/07 14:19:11.763, 4, 103102, 100, 941.04
2026/08/07 14:19:11.763, 5, 104262, 100, 961.06
2026/08/07 14:19:11.763, 6, 104262, 100, 937.00
2026/08/07 14:19:11.763, 7, 104262, 100, 966.56
2026/08/07 14:19:12.263, 0, 103116, 100, 947.84
2026/08/07 14:19:12.263, 1, 104276, 100, 956.37
2026/08/07 14:19:12.263, 2, 104276, 100, 939.20
2026/08/07 14:19:12.263, 3, 104276, 100, 953.28
2026/08/07 14:19:12.263, 4, 103102, 100, 925.42
2026/08/07 14:19:12.263, 5, 104262, 99, 964.49
2026/08/07 14:19:12.263, 6, 104262, 99, 934.55
2026/08/07 14:19:12.263, 7, 104262, 99, 956.28
2026/08/07 14:19:12.764, 0, 103116, 100, 950.83
2026/08/07 14:19:12.766, 1, 104276, 100, 965.86
2026/08/07 14:19:12.772, 2, 104276, 100, 936.30
2026/08/07 14:19:12.773, 3, 104276, 100, 948.02
2026/08/07 14:19:12.773, 4, 103102, 100, 920.22
2026/08/07 14:19:12.773, 5, 104262, 100, 953.53
2026/08/07 14:19:12.773, 6, 104262, 100, 928.89
2026/08/07 14:19:12.773, 7, 104262, 100, 952.36
2026/08/07 14:19:13.273, 0, 103116, 100, 944.75
2026/08/07 14:19:13.273, 1, 104276, 100, 959.30
2026/08/07 14:19:13.273, 2, 104276, 100, 927.55
2026/08/07 14:19:13.273, 3, 104276, 100, 950.93
2026/08/07 14:19:13.273, 4, 103102, 100, 938.29
2026/08/07 14:19:13.273, 5, 104262, 100, 962.53
2026/08/07 14:19:13.273, 6, 104262, 100, 934.08
2026/08/07 14:19:13.273, 7, 104262, 100, 960.84
2026/08/07 14:19:13.773, 0, 103116, 99, 945.30
2026/08/07 14:19:13.773, 1, 104276, 100, 951.84
2026/08/07 14:19:13.773, 2, 104276, 100, 922.14
2026/08/07 14:19:13.773, 3, 104276, 100, 955.63
2026/08/07 14:19:13.773, 4, 103102, 100, 951.35
2026/08/07 14:19:13.773, 5, 104262, 100, 970.04
2026/08/07 14:19:13.773, 6, 104262, 100, 952.41
2026/08/07 14:19:13.773, 7, 104262, 100, 975.62
2026/08/07 14:19:14.273, 0, 103116, 100, 947.06
2026/08/07 14:19:14.273, 1, 104276, 100, 963.34
2026/08/07 14:19:14.273, 2, 104276, 100, 936.53
2026/08/07 14:19:14.273, 3, 104276, 100, 962.29
2026/08/07 14:19:14.273, 4, 103102, 100, 948.12
2026/08/07 14:19:14.273, 5, 104262, 100, 971.81
2026/08/07 14:19:14.273, 6, 104262, 100, 950.12
2026/08/07 14:19:14.273, 7, 104262, 100, 970.18
2026/08/07 14:19:14.773, 0, 103116, 100, 957.31
2026/08/07 14:19:14.774, 1, 104276, 100, 963.05
2026/08/07 14:19:14.774, 2, 104276, 100, 950.36
2026/08/07 14:19:14.774, 3, 104276, 100, 966.78
2026/08/07 14:19:14.774, 4, 103102, 100, 950.49
2026/08/07 14:19:14.774, 5, 104262, 100, 968.55
2026/08/07 14:19:14.774, 6, 104262, 100, 943.06
2026/08/07 14:19:14.774, 7, 104262, 100, 966.56
2026/08/07 14:19:15.274, 0, 103116, 100, 965.13
2026/08/07 14:19:15.274, 1, 104276, 100, 961.41
2026/08/07 14:19:15.274, 2, 104276, 100, 949.28
2026/08/07 14:19:15.274, 3, 104276, 100, 966.97
2026/08/07 14:19:15.274, 4, 103102, 100, 941.22
2026/08/07 14:19:15.274, 5, 104262, 100, 962.03
2026/08/07 14:19:15.274, 6, 104262, 100, 944.23
2026/08/07 14:19:15.274, 7, 104262, 100, 969.65
2026/08/07 14:19:15.774, 0, 103116, 100, 964.99
2026/08/07 14:19:15.774, 1, 104276, 100, 967.80
2026/08/07 14:19:15.774, 2, 104276, 100, 954.23
2026/08/07 14:19:15.774, 3, 104276, 100, 973.34
2026/08/07 14:19:15.774, 4, 103102, 100, 933.90
2026/08/07 14:19:15.774, 5, 104262, 100, 958.85
2026/08/07 14:19:15.774, 6, 104262, 100, 941.33
2026/08/07 14:19:15.774, 7, 104262, 100, 963.15
2026/08/07 14:19:16.274, 0, 103116, 100, 959.30
2026/08/07 14:19:16.274, 1, 104276, 100, 963.67
2026/08/07 14:19:16.274, 2, 104276, 100, 945.48
2026/08/07 14:19:16.274, 3, 104276, 100, 971.37
2026/08/07 14:19:16.274, 4, 103102, 100, 938.47
2026/08/07 14:19:16.274, 5, 104262, 100, 954.37
2026/08/07 14:19:16.274, 6, 104262, 100, 930.82
2026/08/07 14:19:16.274, 7, 104262, 100, 957.69
2026/08/07 14:19:16.774, 0, 103116, 100, 957.78
2026/08/07 14:19:16.774, 1, 104276, 100, 962.85
2026/08/07 14:19:16.774, 2, 104276, 100, 936.67
2026/08/07 14:19:16.774, 3, 104276, 100, 964.47
2026/08/07 14:19:16.774, 4, 103102, 100, 925.18
2026/08/07 14:19:16.774, 5, 104262, 100, 950.09
2026/08/07 14:19:16.774, 6, 104262, 99, 924.92
2026/08/07 14:19:16.774, 7, 104262, 99, 963.93
2026/08/07 14:19:17.274, 0, 103116, 100, 943.33
2026/08/07 14:19:17.276, 1, 104276, 100, 968.70
2026/08/07 14:19:17.276, 2, 104276, 100, 940.51
2026/08/07 14:19:17.276, 3, 104276, 100, 952.86
2026/08/07 14:19:17.276, 4, 103102, 100, 920.84
2026/08/07 14:19:17.276, 5, 104262, 100, 951.68
2026/08/07 14:19:17.276, 6, 104262, 100, 931.42
2026/08/07 14:19:17.276, 7, 104262, 100, 971.47
2026/08/07 14:19:17.776, 0, 103116, 100, 934.03
2026/08/07 14:19:17.776, 1, 104276, 100, 960.99
2026/08/07 14:19:17.776, 2, 104276, 100, 934.99
2026/08/07 14:19:17.776, 3, 104276, 100, 951.17
2026/08/07 14:19:17.776, 4, 103102, 100, 939.88
2026/08/07 14:19:17.776, 5, 104262, 100, 968.40
2026/08/07 14:19:17.776, 6, 104262, 100, 936.40
2026/08/07 14:19:17.776, 7, 104262, 100, 975.92
2026/08/07 14:19:18.277, 0, 103116, 100, 938.90
2026/08/07 14:19:18.277, 1, 104276, 100, 956.21
2026/08/07 14:19:18.278, 2, 104276, 100, 930.91
2026/08/07 14:19:18.278, 3, 104276, 100, 950.54
2026/08/07 14:19:18.278, 4, 103102, 100, 945.25
2026/08/07 14:19:18.278, 5, 104262, 100, 971.93
2026/08/07 14:19:18.278, 6, 104262, 100, 950.19
2026/08/07 14:19:18.278, 7, 104262, 100, 968.89
2026/08/07 14:19:18.778, 0, 103116, 100, 943.60
2026/08/07 14:19:18.778, 1, 104276, 100, 959.97
2026/08/07 14:19:18.778, 2, 104276, 100, 945.01
2026/08/07 14:19:18.778, 3, 104276, 100, 958.05
2026/08/07 14:19:18.778, 4, 103102, 100, 941.50
2026/08/07 14:19:18.778, 5, 104262, 100, 971.25
2026/08/07 14:19:18.778, 6, 104262, 100, 963.42
2026/08/07 14:19:18.778, 7, 104262, 100, 976.44
2026/08/07 14:19:19.278, 0, 103116, 100, 950.98
2026/08/07 14:19:19.278, 1, 104276, 100, 967.25
2026/08/07 14:19:19.278, 2, 104276, 100, 955.90
2026/08/07 14:19:19.278, 3, 104276, 100, 965.26
2026/08/07 14:19:19.278, 4, 103102, 100, 941.58
2026/08/07 14:19:19.278, 5, 104262, 100, 961.08
2026/08/07 14:19:19.278, 6, 104262, 100, 948.39
2026/08/07 14:19:19.278, 7, 104262, 100, 974.14
2026/08/07 14:19:19.778, 0, 103116, 100, 953.30
2026/08/07 14:19:19.778, 1, 104276, 100, 975.25
2026/08/07 14:19:19.778, 2, 104276, 100, 945.54
2026/08/07 14:19:19.778, 3, 104276, 100, 965.30
2026/08/07 14:19:19.778, 4, 103102, 100, 940.30
2026/08/07 14:19:19.778, 5, 104262, 100, 955.40
2026/08/07 14:19:19.778, 6, 104262, 100, 934.14
2026/08/07 14:19:19.778, 7, 104262, 100, 967.42
2026/08/07 14:19:20.278, 0, 103116, 100, 954.74
2026/08/07 14:19:20.278, 1, 104276, 100, 977.45
2026/08/07 14:19:20.278, 2, 104276, 100, 939.17
2026/08/07 14:19:20.279, 3, 104276, 100, 965.37
2026/08/07 14:19:20.279, 4, 103102, 100, 927.89
2026/08/07 14:19:20.279, 5, 104262, 100, 955.23
2026/08/07 14:19:20.279, 6, 104262, 100, 936.89
2026/08/07 14:19:20.279, 7, 104262, 100, 968.81
2026/08/07 14:19:20.779, 0, 103116, 100, 948.72
2026/08/07 14:19:20.779, 1, 104276, 100, 975.67
2026/08/07 14:19:20.780, 2, 104276, 100, 937.81
2026/08/07 14:19:20.780, 3, 104276, 100, 956.53
2026/08/07 14:19:20.781, 4, 103102, 100, 928.01
2026/08/07 14:19:20.782, 5, 104262, 100, 949.99
2026/08/07 14:19:20.783, 6, 104262, 100, 937.11
2026/08/07 14:19:20.784, 7, 104262, 100, 964.71
2026/08/07 14:19:21.285, 0, 103116, 100, 947.28
2026/08/07 14:19:21.285, 1, 104276, 100, 971.97
2026/08/07 14:19:21.285, 2, 104276, 100, 939.52
2026/08/07 14:19:21.285, 3, 104276, 100, 954.25
2026/08/07 14:19:21.285, 4, 103102, 100, 927.28
2026/08/07 14:19:21.285, 5, 104262, 100, 949.72
2026/08/07 14:19:21.285, 6, 104262, 100, 933.30
2026/08/07 14:19:21.285, 7, 104262, 100, 962.91
2026/08/07 14:19:21.785, 0, 103116, 100, 950.40
2026/08/07 14:19:21.785, 1, 104276, 100, 973.08
2026/08/07 14:19:21.785, 2, 104276, 100, 939.65
2026/08/07 14:19:21.785, 3, 104276, 100, 957.80
2026/08/07 14:19:21.785, 4, 103102, 100, 930.53
2026/08/07 14:19:21.785, 5, 104262, 100, 963.17
2026/08/07 14:19:21.785, 6, 104262, 100, 942.42
2026/08/07 14:19:21.785, 7, 104262, 100, 970.39
2026/08/07 14:19:22.285, 0, 103116, 100, 942.46
2026/08/07 14:19:22.285, 1, 104276, 100, 965.39
2026/08/07 14:19:22.285, 2, 104276, 100, 932.31
2026/08/07 14:19:22.285, 3, 104276, 100, 955.15
2026/08/07 14:19:22.285, 4, 103102, 100, 937.08
2026/08/07 14:19:22.285, 5, 104262, 100, 962.35
2026/08/07 14:19:22.285, 6, 104262, 100, 943.10
2026/08/07 14:19:22.285, 7, 104262, 100, 976.79
2026/08/07 14:19:22.785, 0, 103116, 100, 934.26
2026/08/07 14:19:22.785, 1, 104276, 100, 963.52
2026/08/07 14:19:22.785, 2, 104276, 100, 936.91
2026/08/07 14:19:22.785, 3, 104276, 100, 945.59
2026/08/07 14:19:22.785, 4, 103102, 100, 942.25
2026/08/07 14:19:22.785, 5, 104262, 100, 957.72
2026/08/07 14:19:22.785, 6, 104262, 100, 944.62
2026/08/07 14:19:22.785, 7, 104262, 100, 975.85
2026/08/07 14:19:23.285, 0, 103116, 100, 945.14
2026/08/07 14:19:23.285, 1, 104276, 100, 974.77
2026/08/07 14:19:23.285, 2, 104276, 100, 953.48
2026/08/07 14:19:23.285, 3, 104276, 100, 954.22
2026/08/07 14:19:23.285, 4, 103102, 100, 939.68
2026/08/07 14:19:23.285, 5, 104262, 100, 965.33
2026/08/07 14:19:23.285, 6, 104262, 100, 948.98
2026/08/07 14:19:23.286, 7, 104262, 100, 978.19
2026/08/07 14:19:23.786, 0, 103116, 100, 964.80
2026/08/07 14:19:23.786, 1, 104276, 100, 980.34
2026/08/07 14:19:23.786, 2, 104276, 100, 957.77
2026/08/07 14:19:23.786, 3, 104276, 100, 966.56
2026/08/07 14:19:23.786, 4, 103102, 100, 940.11
2026/08/07 14:19:23.786, 5, 104262, 100, 963.87
2026/08/07 14:19:23.786, 6, 104262, 100, 949.30
2026/08/07 14:19:23.786, 7, 104262, 100, 979.83
2026/08/07 14:19:24.286, 0, 103116, 100, 967.85
2026/08/07 14:19:24.286, 1, 104276, 100, 971.48
2026/08/07 14:19:24.286, 2, 104276, 100, 950.97
2026/08/07 14:19:24.286, 3, 104276, 100, 963.16
2026/08/07 14:19:24.286, 4, 103102, 100, 939.39
2026/08/07 14:19:24.286, 5, 104262, 100, 961.85
2026/08/07 14:19:24.286, 6, 104262, 100, 944.20
2026/08/07 14:19:24.286, 7, 104262, 100, 971.70
2026/08/07 14:19:24.786, 0, 103116, 100, 963.89
2026/08/07 14:19:24.786, 1, 104276, 100, 974.02
2026/08/07 14:19:24.786, 2, 104276, 100, 954.77
2026/08/07 14:19:24.786, 3, 104276, 100, 968.21
2026/08/07 14:19:24.786, 4, 103102, 100, 939.00
2026/08/07 14:19:24.786, 5, 104262, 100, 961.77
2026/08/07 14:19:24.786, 6, 104262, 100, 936.97
2026/08/07 14:19:24.786, 7, 104262, 100, 958.54
2026/08/07 14:19:25.286, 0, 103116, 100, 958.20
2026/08/07 14:19:25.286, 1, 104276, 100, 968.60
2026/08/07 14:19:25.286, 2, 104276, 100, 951.29
2026/08/07 14:19:25.286, 3, 104276, 100, 963.14
2026/08/07 14:19:25.286, 4, 103102, 100, 932.66
2026/08/07 14:19:25.286, 5, 104262, 100, 951.57
2026/08/07 14:19:25.286, 6, 104262, 100, 935.94
2026/08/07 14:19:25.287, 7, 104262, 100, 957.23
2026/08/07 14:19:25.787, 0, 103116, 100, 957.93
2026/08/07 14:19:25.787, 1, 104276, 100, 960.86
2026/08/07 14:19:25.791, 2, 104276, 100, 936.92
2026/08/07 14:19:25.791, 3, 104276, 100, 954.55
2026/08/07 14:19:25.795, 4, 103102, 100, 933.82
2026/08/07 14:19:25.795, 5, 104262, 100, 947.76
2026/08/07 14:19:25.799, 6, 104262, 100, 931.24
2026/08/07 14:19:25.799, 7, 104262, 100, 955.17
2026/08/07 14:19:26.303, 0, 103116, 100, 949.32
2026/08/07 14:19:26.303, 1, 104276, 100, 964.11
2026/08/07 14:19:26.303, 2, 104276, 100, 940.14
2026/08/07 14:19:26.303, 3, 104276, 100, 955.24
2026/08/07 14:19:26.303, 4, 103102, 100, 938.02
2026/08/07 14:19:26.303, 5, 104262, 100, 957.24
2026/08/07 14:19:26.303, 6, 104262, 100, 926.03
2026/08/07 14:19:26.303, 7, 104262, 100, 951.23
2026/08/07 14:19:26.803, 0, 103116, 100, 944.27
2026/08/07 14:19:26.803, 1, 104276, 100, 968.41
2026/08/07 14:19:26.803, 2, 104276, 99, 947.74
2026/08/07 14:19:26.803, 3, 104276, 100, 955.23
2026/08/07 14:19:26.803, 4, 103102, 100, 939.06
2026/08/07 14:19:26.803, 5, 104262, 100, 959.33
2026/08/07 14:19:26.803, 6, 104262, 100, 930.31
2026/08/07 14:19:26.803, 7, 104262, 100, 965.58
2026/08/07 14:19:27.303, 0, 103116, 100, 944.16
2026/08/07 14:19:27.303, 1, 104276, 100, 959.60
2026/08/07 14:19:27.303, 2, 104276, 100, 939.84
2026/08/07 14:19:27.303, 3, 104276, 100, 949.49
2026/08/07 14:19:27.303, 4, 103102, 100, 936.60
2026/08/07 14:19:27.303, 5, 104262, 100, 964.73
2026/08/07 14:19:27.303, 6, 104262, 100, 936.45
2026/08/07 14:19:27.303, 7, 104262, 100, 972.54
2026/08/07 14:19:27.803, 0, 103116, 100, 946.80
2026/08/07 14:19:27.803, 1, 104276, 100, 970.02
2026/08/07 14:19:27.803, 2, 104276, 100, 941.53
2026/08/07 14:19:27.803, 3, 104276, 100, 955.40
2026/08/07 14:19:27.803, 4, 103102, 100, 934.47
2026/08/07 14:19:27.803, 5, 104262, 100, 965.79
2026/08/07 14:19:27.803, 6, 104262, 100, 944.45
2026/08/07 14:19:27.803, 7, 104262, 100, 981.37
2026/08/07 14:19:28.304, 0, 103116, 100, 952.44
2026/08/07 14:19:28.304, 1, 104276, 100, 977.72
2026/08/07 14:19:28.304, 2, 104276, 100, 949.94
2026/08/07 14:19:28.304, 3, 104276, 100, 961.85
2026/08/07 14:19:28.304, 4, 103102, 100, 933.61
2026/08/07 14:19:28.304, 5, 104262, 100, 960.53
2026/08/07 14:19:28.304, 6, 104262, 100, 947.55
2026/08/07 14:19:28.304, 7, 104262, 100, 974.45
2026/08/07 14:19:28.804, 0, 103116, 100, 956.49
2026/08/07 14:19:28.804, 1, 104276, 100, 969.03
2026/08/07 14:19:28.804, 2, 104276, 100, 947.24
2026/08/07 14:19:28.804, 3, 104276, 100, 958.94
2026/08/07 14:19:28.804, 4, 103102, 100, 943.89
2026/08/07 14:19:28.804, 5, 104262, 100, 958.70
2026/08/07 14:19:28.804, 6, 104262, 100, 940.08
2026/08/07 14:19:28.804, 7, 104262, 100, 959.89
2026/08/07 14:19:29.304, 0, 103116, 100, 960.19
2026/08/07 14:19:29.304, 1, 104276, 100, 961.10
2026/08/07 14:19:29.304, 2, 104276, 100, 941.69
2026/08/07 14:19:29.304, 3, 104276, 100, 959.18
2026/08/07 14:19:29.304, 4, 103102, 100, 944.67
2026/08/07 14:19:29.304, 5, 104262, 100, 960.03
2026/08/07 14:19:29.304, 6, 104262, 100, 938.67
2026/08/07 14:19:29.304, 7, 104262, 100, 964.70
2026/08/07 14:19:29.804, 0, 103116, 100, 957.65
2026/08/07 14:19:29.804, 1, 104276, 100, 958.79
2026/08/07 14:19:29.804, 2, 104276, 100, 942.55
2026/08/07 14:19:29.804, 3, 104276, 100, 966.51
2026/08/07 14:19:29.804, 4, 103102, 100, 930.02
2026/08/07 14:19:29.804, 5, 104262, 100, 949.40
2026/08/07 14:19:29.804, 6, 104262, 100, 933.02
2026/08/07 14:19:29.804, 7, 104262, 100, 960.67
2026/08/07 14:19:30.304, 0, 103116, 100, 952.80
2026/08/07 14:19:30.307, 1, 104276, 100, 967.03
2026/08/07 14:19:30.310, 2, 104276, 100, 939.19
2026/08/07 14:19:30.311, 3, 104276, 100, 960.41
2026/08/07 14:19:30.315, 4, 103102, 100, 929.28
2026/08/07 14:19:30.315, 5, 104262, 100, 947.00
2026/08/07 14:19:30.318, 6, 104262, 100, 936.35
2026/08/07 14:19:30.319, 7, 104262, 100, 957.83
2026/08/07 14:19:30.819, 0, 103116, 100, 948.30
2026/08/07 14:19:30.819, 1, 104276, 100, 970.50
2026/08/07 14:19:30.819, 2, 104276, 100, 938.85
2026/08/07 14:19:30.819, 3, 104276, 100, 951.10
2026/08/07 14:19:30.819, 4, 103102, 100, 927.01
2026/08/07 14:19:30.819, 5, 104262, 100, 964.77
2026/08/07 14:19:30.819, 6, 104262, 100, 946.83
2026/08/07 14:19:30.819, 7, 104262, 100, 964.44
2026/08/07 14:19:31.319, 0, 103116, 99, 939.55
2026/08/07 14:19:31.319, 1, 104276, 99, 963.97
2026/08/07 14:19:31.319, 2, 104276, 99, 940.62
2026/08/07 14:19:31.319, 3, 104276, 100, 950.17
2026/08/07 14:19:31.319, 4, 103102, 100, 937.95
2026/08/07 14:19:31.319, 5, 104262, 100, 970.94
2026/08/07 14:19:31.319, 6, 104262, 100, 948.93
2026/08/07 14:19:31.319, 7, 104262, 100, 964.74
2026/08/07 14:19:31.819, 0, 103116, 100, 939.35
2026/08/07 14:19:31.819, 1, 104276, 100, 962.22
2026/08/07 14:19:31.819, 2, 104276, 100, 949.78
2026/08/07 14:19:31.819, 3, 104276, 100, 950.84
2026/08/07 14:19:31.819, 4, 103102, 100, 949.20
2026/08/07 14:19:31.819, 5, 104262, 100, 968.95
2026/08/07 14:19:31.819, 6, 104262, 100, 949.51
2026/08/07 14:19:31.819, 7, 104262, 100, 973.48
2026/08/07 14:19:32.319, 0, 103116, 100, 950.45
2026/08/07 14:19:32.319, 1, 104276, 100, 969.13
2026/08/07 14:19:32.319, 2, 104276, 100, 953.47
2026/08/07 14:19:32.319, 3, 104276, 100, 966.51
2026/08/07 14:19:32.319, 4, 103102, 100, 945.29
2026/08/07 14:19:32.319, 5, 104262, 100, 963.96
2026/08/07 14:19:32.319, 6, 104262, 100, 947.76
2026/08/07 14:19:32.319, 7, 104262, 100, 976.19
2026/08/07 14:19:32.819, 0, 103116, 100, 951.49
2026/08/07 14:19:32.820, 1, 104276, 100, 970.22
2026/08/07 14:19:32.820, 2, 104276, 100, 952.11
2026/08/07 14:19:32.820, 3, 104276, 100, 970.78
2026/08/07 14:19:32.820, 4, 103102, 100, 938.16
2026/08/07 14:19:32.820, 5, 104262, 100, 955.78
2026/08/07 14:19:32.820, 6, 104262, 100, 946.40
2026/08/07 14:19:32.820, 7, 104262, 100, 972.73
2026/08/07 14:19:33.320, 0, 103116, 100, 955.38
2026/08/07 14:19:33.320, 1, 104276, 100, 978.08
2026/08/07 14:19:33.320, 2, 104276, 100, 946.57
2026/08/07 14:19:33.320, 3, 104276, 100, 964.08
2026/08/07 14:19:33.320, 4, 103102, 100, 934.87
2026/08/07 14:19:33.320, 5, 104262, 100, 957.95
2026/08/07 14:19:33.320, 6, 104262, 100, 939.95
2026/08/07 14:19:33.320, 7, 104262, 100, 974.26
2026/08/07 14:19:33.820, 0, 103116, 100, 956.21
2026/08/07 14:19:33.820, 1, 104276, 100, 976.50
2026/08/07 14:19:33.820, 2, 104276, 100, 952.00
2026/08/07 14:19:33.820, 3, 104276, 100, 960.34
2026/08/07 14:19:33.820, 4, 103102, 100, 935.51
2026/08/07 14:19:33.820, 5, 104262, 100, 960.08
2026/08/07 14:19:33.820, 6, 104262, 100, 935.53
2026/08/07 14:19:33.820, 7, 104262, 100, 966.83
2026/08/07 14:19:34.320, 0, 103116, 100, 956.57
2026/08/07 14:19:34.320, 1, 104276, 100, 973.37
2026/08/07 14:19:34.320, 2, 104276, 100, 954.89
2026/08/07 14:19:34.320, 3, 104276, 100, 952.13
2026/08/07 14:19:34.320, 4, 103102, 100, 936.43
2026/08/07 14:19:34.320, 5, 104262, 100, 954.29
2026/08/07 14:19:34.320, 6, 104262, 99, 933.95
2026/08/07 14:19:34.320, 7, 104262, 99, 964.65
2026/08/07 14:19:34.820, 0, 103116, 100, 949.66
2026/08/07 14:19:34.820, 1, 104276, 100, 968.93
2026/08/07 14:19:34.820, 2, 104276, 100, 937.89
2026/08/07 14:19:34.820, 3, 104276, 100, 950.40
2026/08/07 14:19:34.820, 4, 103102, 100, 931.19
2026/08/07 14:19:34.820, 5, 104262, 100, 955.10
2026/08/07 14:19:34.820, 6, 104262, 100, 929.92
2026/08/07 14:19:34.820, 7, 104262, 100, 963.57
2026/08/07 14:19:35.320, 0, 103116, 100, 948.48
2026/08/07 14:19:35.320, 1, 104276, 100, 960.24
2026/08/07 14:19:35.321, 2, 104276, 100, 927.89
2026/08/07 14:19:35.321, 3, 104276, 100, 950.27
2026/08/07 14:19:35.321, 4, 103102, 100, 938.76
2026/08/07 14:19:35.321, 5, 104262, 100, 963.77
2026/08/07 14:19:35.321, 6, 104262, 100, 937.26
2026/08/07 14:19:35.321, 7, 104262, 100, 968.79
2026/08/07 14:19:35.821, 0, 103116, 100, 944.81
2026/08/07 14:19:35.821, 1, 104276, 99, 945.18
2026/08/07 14:19:35.821, 2, 104276, 100, 942.64
2026/08/07 14:19:35.821, 3, 104276, 100, 942.71
2026/08/07 14:19:35.821, 4, 103102, 100, 940.27
2026/08/07 14:19:35.821, 5, 104262, 100, 961.43
2026/08/07 14:19:35.821, 6, 104262, 100, 947.25
2026/08/07 14:19:35.821, 7, 104262, 100, 975.18
2026/08/07 14:19:36.321, 0, 103116, 100, 945.32
2026/08/07 14:19:36.321, 1, 104276, 100, 955.34
2026/08/07 14:19:36.321, 2, 104276, 100, 939.57
2026/08/07 14:19:36.321, 3, 104276, 100, 947.69
2026/08/07 14:19:36.321, 4, 103102, 100, 940.62
2026/08/07 14:19:36.321, 5, 104262, 100, 956.83
2026/08/07 14:19:36.321, 6, 104262, 100, 949.28
2026/08/07 14:19:36.321, 7, 104262, 100, 975.43
2026/08/07 14:19:36.821, 0, 103116, 100, 956.40
2026/08/07 14:19:36.823, 1, 104276, 100, 971.67
2026/08/07 14:19:36.826, 2, 104276, 100, 943.66
2026/08/07 14:19:36.827, 3, 104276, 100, 968.20
2026/08/07 14:19:36.830, 4, 103102, 100, 946.86
2026/08/07 14:19:36.831, 5, 104262, 100, 961.16
2026/08/07 14:19:36.834, 6, 104262, 100, 949.21
2026/08/07 14:19:36.835, 7, 104262, 100, 974.04
2026/08/07 14:19:37.338, 0, 103116, 100, 959.35
2026/08/07 14:19:37.338, 1, 104276, 100, 973.42
2026/08/07 14:19:37.338, 2, 104276, 100, 960.52
2026/08/07 14:19:37.338, 3, 104276, 100, 975.43
2026/08/07 14:19:37.338, 4, 103102, 100, 944.30
2026/08/07 14:19:37.338, 5, 104262, 100, 966.14
2026/08/07 14:19:37.338, 6, 104262, 100, 947.10
2026/08/07 14:19:37.338, 7, 104262, 100, 965.64
2026/08/07 14:19:37.838, 0, 103116, 100, 963.34
2026/08/07 14:19:37.838, 1, 104276, 100, 975.41
2026/08/07 14:19:37.838, 2, 104276, 100, 957.08
2026/08/07 14:19:37.838, 3, 104276, 100, 972.82
2026/08/07 14:19:37.838, 4, 103102, 100, 938.46
2026/08/07 14:19:37.838, 5, 104262, 100, 960.75
2026/08/07 14:19:37.838, 6, 104262, 100, 938.12
2026/08/07 14:19:37.838, 7, 104262, 100, 960.86
2026/08/07 14:19:38.339, 0, 103116, 100, 961.90
2026/08/07 14:19:38.339, 1, 104276, 100, 964.61
2026/08/07 14:19:38.339, 2, 104276, 100, 943.27
2026/08/07 14:19:38.339, 3, 104276, 100, 962.46
2026/08/07 14:19:38.339, 4, 103102, 100, 939.77
2026/08/07 14:19:38.339, 5, 104262, 100, 953.55
2026/08/07 14:19:38.339, 6, 104262, 100, 931.34
2026/08/07 14:19:38.339, 7, 104262, 100, 958.04
2026/08/07 14:19:38.839, 0, 103116, 100, 950.72
2026/08/07 14:19:38.841, 1, 104276, 100, 962.67
2026/08/07 14:19:38.841, 2, 104276, 100, 938.17
2026/08/07 14:19:38.845, 3, 104276, 100, 957.49
2026/08/07 14:19:38.846, 4, 103102, 100, 929.29
2026/08/07 14:19:38.846, 5, 104262, 100, 940.64
2026/08/07 14:19:38.846, 6, 104262, 100, 926.25
2026/08/07 14:19:38.846, 7, 104262, 100, 948.67
2026/08/07 14:19:39.346, 0, 103116, 100, 947.85
2026/08/07 14:19:39.346, 1, 104276, 100, 963.15
2026/08/07 14:19:39.346, 2, 104276, 100, 939.99
2026/08/07 14:19:39.346, 3, 104276, 100, 958.30
2026/08/07 14:19:39.346, 4, 103102, 100, 936.45
2026/08/07 14:19:39.346, 5, 104262, 100, 942.84
2026/08/07 14:19:39.346, 6, 104262, 100, 928.66
2026/08/07 14:19:39.346, 7, 104262, 100, 959.95
2026/08/07 14:19:39.846, 0, 103116, 100, 952.29
2026/08/07 14:19:39.846, 1, 104276, 100, 960.79
2026/08/07 14:19:39.846, 2, 104276, 100, 932.34
2026/08/07 14:19:39.846, 3, 104276, 100, 959.49
2026/08/07 14:19:39.846, 4, 103102, 100, 941.86
2026/08/07 14:19:39.846, 5, 104262, 100, 964.44
2026/08/07 14:19:39.846, 6, 104262, 100, 937.48
2026/08/07 14:19:39.846, 7, 104262, 100, 980.10
2026/08/07 14:19:40.346, 0, 103116, 100, 945.68
2026/08/07 14:19:40.346, 1, 104276, 100, 956.49
2026/08/07 14:19:40.346, 2, 104276, 100, 931.40
2026/08/07 14:19:40.346, 3, 104276, 100, 954.20
2026/08/07 14:19:40.346, 4, 103102, 100, 935.15
2026/08/07 14:19:40.346, 5, 104262, 100, 968.30
2026/08/07 14:19:40.346, 6, 104262, 100, 938.67
2026/08/07 14:19:40.346, 7, 104262, 100, 971.39
2026/08/07 14:19:40.846, 0, 103116, 100, 953.74
2026/08/07 14:19:40.846, 1, 104276, 100, 957.78
2026/08/07 14:19:40.846, 2, 104276, 100, 937.86
2026/08/07 14:19:40.846, 3, 104276, 100, 949.52
2026/08/07 14:19:40.846, 4, 103102, 100, 934.58
2026/08/07 14:19:40.846, 5, 104262, 100, 955.70
2026/08/07 14:19:40.846, 6, 104262, 100, 939.97
2026/08/07 14:19:40.846, 7, 104262, 100, 966.70
2026/08/07 14:19:41.347, 0, 103116, 100, 965.20
2026/08/07 14:19:41.347, 1, 104276, 100, 965.28
2026/08/07 14:19:41.347, 2, 104276, 100, 946.21
2026/08/07 14:19:41.347, 3, 104276, 100, 961.65
2026/08/07 14:19:41.347, 4, 103102, 100, 935.95
2026/08/07 14:19:41.347, 5, 104262, 100, 955.34
2026/08/07 14:19:41.347, 6, 104262, 100, 941.28
2026/08/07 14:19:41.347, 7, 104262, 100, 971.19
2026/08/07 14:19:41.847, 0, 103116, 100, 964.43
2026/08/07 14:19:41.847, 1, 104276, 100, 976.32
2026/08/07 14:19:41.847, 2, 104276, 100, 951.65
2026/08/07 14:19:41.847, 3, 104276, 100, 962.58
2026/08/07 14:19:41.847, 4, 103102, 100, 933.05
2026/08/07 14:19:41.847, 5, 104262, 100, 951.63
2026/08/07 14:19:41.847, 6, 104262, 100, 939.83
2026/08/07 14:19:41.847, 7, 104262, 100, 969.37
2026/08/07 14:19:42.347, 0, 103116, 100, 960.67
2026/08/07 14:19:42.347, 1, 104276, 100, 973.74
2026/08/07 14:19:42.347, 2, 104276, 100, 954.82
2026/08/07 14:19:42.347, 3, 104276, 100, 961.54
2026/08/07 14:19:42.347, 4, 103102, 100, 929.38
2026/08/07 14:19:42.347, 5, 104262, 100, 951.26
2026/08/07 14:19:42.347, 6, 104262, 100, 935.91
2026/08/07 14:19:42.347, 7, 104262, 100, 967.22
2026/08/07 14:19:42.847, 0, 103116, 100, 953.84
2026/08/07 14:19:42.847, 1, 104276, 100, 969.65
2026/08/07 14:19:42.847, 2, 104276, 100, 933.78
2026/08/07 14:19:42.847, 3, 104276, 100, 960.30
2026/08/07 14:19:42.847, 4, 103102, 100, 939.26
2026/08/07 14:19:42.847, 5, 104262, 100, 959.55
2026/08/07 14:19:42.847, 6, 104262, 100, 932.26
2026/08/07 14:19:42.847, 7, 104262, 100, 965.29
2026/08/07 14:19:43.347, 0, 103116, 100, 946.40
2026/08/07 14:19:43.349, 1, 104276, 100, 967.65
2026/08/07 14:19:43.350, 2, 104276, 100, 932.31
2026/08/07 14:19:43.350, 3, 104276, 100, 954.95
2026/08/07 14:19:43.350, 4, 103102, 100, 904.01
2026/08/07 14:19:43.353, 5, 104262, 100, 918.99
2026/08/07 14:19:43.354, 6, 104262, 100, 893.40
2026/08/07 14:19:43.357, 7, 104262, 100, 925.41
2026/08/07 14:19:43.858, 0, 103116, 100, 950.60
2026/08/07 14:19:43.858, 1, 104276, 100, 955.87
2026/08/07 14:19:43.858, 2, 104276, 100, 947.15
2026/08/07 14:19:43.858, 3, 104276, 100, 955.43
2026/08/07 14:19:43.858, 4, 103102, 100, 843.36
2026/08/07 14:19:43.858, 5, 104262, 100, 862.12
2026/08/07 14:19:43.858, 6, 104262, 100, 842.31
2026/08/07 14:19:43.858, 7, 104262, 100, 867.70
2026/08/07 14:19:44.358, 0, 103116, 100, 955.00
2026/08/07 14:19:44.358, 1, 104276, 100, 954.09
2026/08/07 14:19:44.358, 2, 104276, 100, 941.60
2026/08/07 14:19:44.358, 3, 104276, 100, 952.04
2026/08/07 14:19:44.358, 4, 103102, 100, 814.50
2026/08/07 14:19:44.358, 5, 104262, 100, 831.68
2026/08/07 14:19:44.358, 6, 104262, 100, 812.41
2026/08/07 14:19:44.358, 7, 104262, 100, 814.31
2026/08/07 14:19:44.858, 0, 103116, 100, 896.21
2026/08/07 14:19:44.858, 1, 104276, 100, 916.08
2026/08/07 14:19:44.858, 2, 104276, 100, 890.70
2026/08/07 14:19:44.858, 3, 104276, 100, 910.02
2026/08/07 14:19:44.858, 4, 103102, 0, 521.51
2026/08/07 14:19:44.858, 5, 104262, 0, 530.60
2026/08/07 14:19:44.858, 6, 104262, 0, 512.87
2026/08/07 14:19:44.858, 7, 104262, 0, 503.11
2026/08/07 14:19:45.358, 0, 103116, 100, 833.70
2026/08/07 14:19:45.359, 1, 104276, 100, 860.98
2026/08/07 14:19:45.359, 2, 104276, 100, 834.89
2026/08/07 14:19:45.359, 3, 104276, 100, 857.50
2026/08/07 14:19:45.359, 4, 103102, 0, 225.62
2026/08/07 14:19:45.359, 5, 104262, 0, 229.00
2026/08/07 14:19:45.359, 6, 104262, 0, 204.71
2026/08/07 14:19:45.359, 7, 104262, 0, 209.07
2026/08/07 14:19:45.859, 0, 103116, 0, 732.07
2026/08/07 14:19:45.859, 1, 104276, 100, 713.68
2026/08/07 14:19:45.859, 2, 104276, 16, 753.99
2026/08/07 14:19:45.859, 3, 104276, 45, 762.95
2026/08/07 14:19:45.859, 4, 103102, 0, 200.09
2026/08/07 14:19:45.859, 5, 104262, 0, 204.12
2026/08/07 14:19:45.859, 6, 104262, 0, 200.17
2026/08/07 14:19:45.859, 7, 104262, 0, 206.95
2026/08/07 14:19:46.359, 0, 103116, 0, 427.78
2026/08/07 14:19:46.359, 1, 104276, 0, 395.65
2026/08/07 14:19:46.359, 2, 104276, 0, 446.98
2026/08/07 14:19:46.359, 3, 104276, 0, 460.95
2026/08/07 14:19:46.359, 4, 103102, 0, 199.83
2026/08/07 14:19:46.359, 5, 104262, 0, 203.62
2026/08/07 14:19:46.359, 6, 104262, 0, 199.83
2026/08/07 14:19:46.359, 7, 104262, 0, 206.01
2026/08/07 14:19:46.859, 0, 103116, 0, 204.55
2026/08/07 14:19:46.859, 1, 104276, 0, 209.95
2026/08/07 14:19:46.859, 2, 104276, 0, 199.04
2026/08/07 14:19:46.859, 3, 104276, 0, 217.24
2026/08/07 14:19:46.859, 4, 103102, 0, 199.79
2026/08/07 14:19:46.859, 5, 104262, 0, 203.35
2026/08/07 14:19:46.859, 6, 104262, 0, 199.64
2026/08/07 14:19:46.859, 7, 104262, 0, 205.60
2026/08/07 14:19:47.360, 0, 103116, 0, 203.71
2026/08/07 14:19:47.360, 1, 104276, 0, 208.76
2026/08/07 14:19:47.360, 2, 104276, 0, 198.13
2026/08/07 14:19:47.360, 3, 104276, 0, 215.87
2026/08/07 14:19:47.360, 4, 103102, 0, 199.32
2026/08/07 14:19:47.360, 5, 104262, 0, 202.67
2026/08/07 14:19:47.360, 6, 104262, 0, 199.07
2026/08/07 14:19:47.360, 7, 104262, 0, 205.56
2026/08/07 14:19:47.860, 0, 103116, 0, 203.23
2026/08/07 14:19:47.860, 1, 104276, 0, 207.92
2026/08/07 14:19:47.860, 2, 104276, 0, 198.12
2026/08/07 14:19:47.860, 3, 104276, 0, 215.27
2026/08/07 14:19:47.860, 4, 102472, 0, 198.72
2026/08/07 14:19:47.860, 5, 103696, 0, 202.41
2026/08/07 14:19:47.860, 6, 103878, 0, 198.80
2026/08/07 14:19:47.860, 7, 103952, 0, 205.48
