2026/08/07 14:04:16.017, 0, 103100, 0, 200.30
2026/08/07 14:04:16.036, 1, 103096, 51, 203.75
2026/08/07 14:04:16.051, 2, 103096, 77, 194.93
2026/08/07 14:04:16.065, 3, 103096, 44, 209.40
2026/08/07 14:04:16.077, 4, 103110, 0, 196.53
2026/08/07 14:04:16.088, 5, 103106, 0, 198.55
2026/08/07 14:04:16.098, 6, 103106, 0, 197.06
2026/08/07 14:04:16.109, 7, 103106, 0, 202.01
2026/08/07 14:04:16.626, 0, 103100, 0, 200.30
2026/08/07 14:04:16.626, 1, 103096, 100, 203.71
2026/08/07 14:04:16.626, 2, 103096, 100, 195.55
2026/08/07 14:04:16.626, 3, 103096, 100, 209.51
2026/08/07 14:04:16.626, 4, 103110, 0, 196.64
2026/08/07 14:04:16.626, 5, 103106, 100, 199.13
2026/08/07 14:04:16.626, 6, 103106, 100, 197.48
2026/08/07 14:04:16.626, 7, 103106, 100, 202.25
2026/08/07 14:04:17.126, 0, 103100, 0, 200.26
2026/08/07 14:04:17.127, 1, 103096, 100, 203.75
2026/08/07 14:04:17.127, 2, 103096, 100, 195.70
2026/08/07 14:04:17.127, 3, 103096, 100, 209.55
2026/08/07 14:04:17.127, 4, 103110, 0, 196.34
2026/08/07 14:04:17.127, 5, 103106, 100, 199.48
2026/08/07 14:04:17.127, 6, 103106, 100, 197.55
2026/08/07 14:04:17.127, 7, 103106, 100, 202.21
2026/08/07 14:04:17.627, 0, 103100, 0, 200.65
2026/08/07 14:04:17.627, 1, 103096, 100, 204.01
2026/08/07 14:04:17.627, 2, 103096, 100, 196.01
2026/08/07 14:04:17.627, 3, 103096, 100, 209.66
2026/08/07 14:04:17.627, 4, 103110, 0, 196.69
2026/08/07 14:04:17.627, 5, 103106, 100, 199.72
2026/08/07 14:04:17.627, 6, 103106, 100, 197.94
2026/08/07 14:04:17.627, 7, 103106, 100, 202.54
2026/08/07 14:04:18.127, 0, 103100, 0, 200.64
2026/08/07 14:04:18.128, 1, 103096, 100, 204.01
2026/08/07 14:04:18.128, 2, 103096, 100, 196.06
2026/08/07 14:04:18.128, 3, 103096, 100, 209.62
2026/08/07 14:04:18.128, 4, 103110, 0, 196.64
2026/08/07 14:04:18.128, 5, 103106, 100, 199.72
2026/08/07 14:04:18.128, 6, 103106, 100, 197.98
2026/08/07 14:04:18.128, 7, 103106, 100, 202.60
2026/08/07 14:04:18.628, 0, 103100, 0, 200.26
2026/08/07 14:04:18.628, 1, 103096, 100, 203.75
2026/08/07 14:04:18.628, 2, 103096, 100, 195.98
2026/08/07 14:04:18.628, 3, 103096, 100, 209.40
2026/08/07 14:04:18.628, 4, 103110, 0, 196.26
2026/08/07 14:04:18.628, 5, 103106, 100, 199.56
2026/08/07 14:04:18.628, 6, 103106, 100, 197.64
2026/08/07 14:04:18.628, 7, 103106, 100, 202.15
2026/08/07 14:04:19.128, 0, 103100, 0, 200.26
2026/08/07 14:04:19.128, 1, 103096, 100, 203.75
2026/08/07 14:04:19.128, 2, 103096, 100, 195.82
2026/08/07 14:04:19.128, 3, 103096, 100, 209.43
2026/08/07 14:04:19.128, 4, 103110, 0, 196.23
2026/08/07 14:04:19.128, 5, 103106, 100, 199.40
2026/08/07 14:04:19.128, 6, 103106, 100, 197.37
2026/08/07 14:04:19.128, 7, 103106, 100, 202.14
2026/08/07 14:04:19.628, 0, 103100, 81, 376.60
2026/08/07 14:04:19.629, 1, 103096, 68, 384.59
2026/08/07 14:04:19.629, 2, 103096, 41, 380.95
2026/08/07 14:04:19.629, 3, 103096, 66, 387.46
2026/08/07 14:04:19.629, 4, 103110, 86, 297.91
2026/08/07 14:04:19.629, 5, 103106, 90, 297.67
2026/08/07 14:04:19.629, 6, 103106, 97, 299.20
2026/08/07 14:04:19.629, 7, 103106, 100, 250.18
2026/08/07 14:04:20.129, 0, 103100, 0, 382.20
2026/08/07 14:04:20.129, 1, 103096, 0, 386.07
2026/08/07 14:04:20.129, 2, 103096, 0, 381.78
2026/08/07 14:04:20.129, 3, 103096, 0, 385.20
2026/08/07 14:04:20.129, 4, 103110, 0, 374.21
2026/08/07 14:04:20.129, 5, 103106, 0, 377.00
2026/08/07 14:04:20.129, 6, 103106, 0, 371.41
2026/08/07 14:04:20.129, 7, 103106, 0, 383.02
2026/08/07 14:04:20.629, 0, 103100, 10, 203.00
2026/08/07 14:04:20.629, 1, 103096, 0, 206.23
2026/08/07 14:04:20.629, 2, 103096, 0, 197.07
2026/08/07 14:04:20.629, 3, 103096, 12, 211.22
2026/08/07 14:04:20.629, 4, 103110, 0, 288.19
2026/08/07 14:04:20.629, 5, 103106, 0, 278.84
2026/08/07 14:04:20.629, 6, 103106, 0, 282.91
2026/08/07 14:04:20.629, 7, 103106, 0, 348.93
2026/08/07 14:04:21.130, 0, 103100, 100, 420.31
2026/08/07 14:04:21.130, 1, 104260, 100, 431.17
2026/08/07 14:04:21.130, 2, 104260, 100, 413.92
2026/08/07 14:04:21.130, 3, 104260, 100, 430.91
2026/08/07 14:04:21.130, 4, 103110, 0, 198.09
2026/08/07 14:04:21.130, 5, 103106, 0, 199.75
2026/08/07 14:04:21.130, 6, 103106, 0, 197.76
2026/08/07 14:04:21.130, 7, 103106, 8, 202.74
2026/08/07 14:04:21.630, 0, 103100, 99, 728.69
2026/08/07 14:04:21.630, 1, 104260, 99, 756.03
2026/08/07 14:04:21.630, 2, 104260, 100, 732.54
2026/08/07 14:04:21.630, 3, 104260, 99, 764.80
2026/08/07 14:04:21.630, 4, 103110, 100, 413.67
2026/08/07 14:04:21.630, 5, 104270, 100, 380.02
2026/08/07 14:04:21.630, 6, 104270, 100, 412.02
2026/08/07 14:04:21.630, 7, 104270, 88, 360.67
2026/08/07 14:04:22.130, 0, 103100, 100, 850.56
2026/08/07 14:04:22.130, 1, 104260, 100, 860.38
2026/08/07 14:04:22.130, 2, 104260, 100, 869.36
2026/08/07 14:04:22.130, 3, 104260, 100, 881.13
2026/08/07 14:04:22.130, 4, 103110, 100, 707.61
2026/08/07 14:04:22.130, 5, 104270, 100, 720.85
2026/08/07 14:04:22.130, 6, 104270, 99, 702.31
2026/08/07 14:04:22.130, 7, 104270, 100, 669.28
2026/08/07 14:04:22.630, 0, 103100, 99, 879.55
2026/08/07 14:04:22.630, 1, 104260, 100, 890.11
2026/08/07 14:04:22.630, 2, 104260, 100, 877.64
2026/08/07 14:04:22.630, 3, 104260, 99, 889.51
2026/08/07 14:04:22.631, 4, 103110, 100, 824.90
2026/08/07 14:04:22.631, 5, 104270, 100, 881.34
2026/08/07 14:04:22.631, 6, 104270, 100, 826.24
2026/08/07 14:04:22.631, 7, 104270, 99, 857.96
2026/08/07 14:04:23.131, 0, 103100, 100, 880.42
2026/08/07 14:04:23.131, 1, 104260, 100, 887.38
2026/08/07 14:04:23.131, 2, 104260, 100, 873.81
2026/08/07 14:04:23.131, 3, 104260, 100, 888.39
2026/08/07 14:04:23.131, 4, 103110, 100, 868.72
2026/08/07 14:04:23.131, 5, 104270, 100, 882.22
2026/08/07 14:04:23.131, 6, 104270, 99, 860.35
2026/08/07 14:04:23.131, 7, 104270, 100, 894.45
2026/08/07 14:04:23.631, 0, 103100, 16, 800.03
2026/08/07 14:04:23.633, 1, 104260, 0, 781.03
2026/08/07 14:04:23.634, 2, 104260, 0, 764.45
2026/08/07 14:04:23.635, 3, 104260, 1, 773.95
2026/08/07 14:04:23.640, 4, 103110, 100, 871.05
2026/08/07 14:04:23.642, 5, 104270, 100, 878.24
2026/08/07 14:04:23.642, 6, 104270, 100, 860.65
2026/08/07 14:04:23.648, 7, 104270, 100, 894.71
2026/08/07 14:04:24.149, 0, 103100, 0, 407.45
2026/08/07 14:04:24.149, 1, 104260, 100, 445.29
2026/08/07 14:04:24.149, 2, 104260, 94, 436.77
2026/08/07 14:04:24.149, 3, 104260, 100, 447.99
2026/08/07 14:04:24.149, 4, 103110, 100, 795.29
2026/08/07 14:04:24.149, 5, 104270, 100, 801.52
2026/08/07 14:04:24.149, 6, 104270, 84, 785.44
2026/08/07 14:04:24.149, 7, 104270, 100, 799.89
2026/08/07 14:04:24.649, 0, 103100, 0, 220.30
2026/08/07 14:04:24.649, 1, 104260, 0, 209.38
2026/08/07 14:04:24.649, 2, 104260, 0, 199.93
2026/08/07 14:04:24.649, 3, 104260, 0, 215.29
2026/08/07 14:04:24.649, 4, 103110, 0, 463.57
2026/08/07 14:04:24.649, 5, 104270, 100, 469.46
2026/08/07 14:04:24.649, 6, 104270, 100, 460.87
2026/08/07 14:04:24.649, 7, 104270, 100, 456.60
2026/08/07 14:04:25.152, 0, 103100, 0, 202.21
2026/08/07 14:04:25.152, 1, 104260, 0, 205.71
2026/08/07 14:04:25.152, 2, 104260, 0, 196.40
2026/08/07 14:04:25.152, 3, 104260, 0, 211.37
2026/08/07 14:04:25.152, 4, 103110, 0, 198.95
2026/08/07 14:04:25.152, 5, 104270, 100, 202.38
2026/08/07 14:04:25.152, 6, 104270, 100, 199.44
2026/08/07 14:04:25.152, 7, 104270, 100, 205.01
2026/08/07 14:04:25.652, 0, 103100, 0, 202.06
2026/08/07 14:04:25.652, 1, 104260, 0, 205.68
2026/08/07 14:04:25.652, 2, 104260, 0, 196.25
2026/08/07 14:04:25.652, 3, 104260, 0, 211.14
2026/08/07 14:04:25.652, 4, 103110, 0, 198.09
2026/08/07 14:04:25.652, 5, 104270, 100, 201.05
2026/08/07 14:04:25.652, 6, 104270, 100, 198.32
2026/08/07 14:04:25.652, 7, 104270, 100, 204.07
2026/08/07 14:04:26.152, 0, 103100, 17, 222.52
2026/08/07 14:04:26.152, 1, 104260, 0, 207.50
2026/08/07 14:04:26.152, 2, 104260, 0, 200.44
2026/08/07 14:04:26.152, 3, 104260, 0, 231.02
2026/08/07 14:04:26.152, 4, 103110, 22, 216.51
2026/08/07 14:04:26.152, 5, 104270, 51, 203.36
2026/08/07 14:04:26.152, 6, 104270, 22, 200.69
2026/08/07 14:04:26.152, 7, 104270, 48, 206.24
2026/08/07 14:04:26.652, 0, 103100, 84, 445.42
2026/08/07 14:04:26.652, 1, 104260, 96, 414.61
2026/08/07 14:04:26.652, 2, 104260, 97, 403.89
2026/08/07 14:04:26.652, 3, 104260, 94, 414.01
2026/08/07 14:04:26.652, 4, 103110, 0, 216.15
2026/08/07 14:04:26.652, 5, 104270, 0, 203.07
2026/08/07 14:04:26.652, 6, 104270, 0, 200.46
2026/08/07 14:04:26.652, 7, 104270, 0, 206.24
2026/08/07 14:04:27.153, 0, 103100, 99, 769.15
2026/08/07 14:04:27.153, 1, 104260, 91, 752.07
2026/08/07 14:04:27.153, 2, 104260, 86, 718.63
2026/08/07 14:04:27.153, 3, 104260, 99, 731.41
2026/08/07 14:04:27.153, 4, 103110, 0, 197.93
2026/08/07 14:04:27.153, 5, 104270, 0, 199.87
2026/08/07 14:04:27.153, 6, 104270, 0, 197.63
2026/08/07 14:04:27.153, 7, 104270, 0, 203.69
2026/08/07 14:04:27.653, 0, 103100, 100, 889.76
2026/08/07 14:04:27.653, 1, 104260, 95, 880.84
2026/08/07 14:04:27.653, 2, 104260, 100, 840.41
2026/08/07 14:04:27.653, 3, 104260, 98, 896.78
2026/08/07 14:04:27.653, 4, 103110, 0, 211.39
2026/08/07 14:04:27.653, 5, 104270, 0, 201.79
2026/08/07 14:04:27.653, 6, 104270, 10, 212.98
2026/08/07 14:04:27.653, 7, 104270, 0, 204.13
2026/08/07 14:04:28.153, 0, 103100, 100, 925.98
2026/08/07 14:04:28.153, 1, 104260, 100, 906.47
2026/08/07 14:04:28.154, 2, 104260, 100, 888.41
2026/08/07 14:04:28.154, 3, 104260, 100, 924.82
2026/08/07 14:04:28.154, 4, 103110, 100, 539.35
2026/08/07 14:04:28.154, 5, 104270, 100, 542.70
2026/08/07 14:04:28.154, 6, 104270, 100, 543.92
2026/08/07 14:04:28.154, 7, 104270, 100, 562.66
2026/08/07 14:04:28.654, 0, 103100, 100, 959.92
2026/08/07 14:04:28.654, 1, 104260, 100, 954.31
2026/08/07 14:04:28.654, 2, 104260, 100, 942.53
2026/08/07 14:04:28.654, 3, 104260, 100, 950.96
2026/08/07 14:04:28.654, 4, 103110, 100, 891.56
2026/08/07 14:04:28.654, 5, 104270, 100, 917.93
2026/08/07 14:04:28.654, 6, 104270, 100, 893.49
2026/08/07 14:04:28.654, 7, 104270, 100, 948.20
2026/08/07 14:04:29.154, 0, 103100, 100, 947.04
2026/08/07 14:04:29.154, 1, 104260, 100, 956.97
2026/08/07 14:04:29.154, 2, 104260, 100, 950.33
2026/08/07 14:04:29.154, 3, 104260, 100, 955.86
2026/08/07 14:04:29.154, 4, 103110, 100, 939.68
2026/08/07 14:04:29.154, 5, 104270, 100, 953.94
2026/08/07 14:04:29.154, 6, 104270, 100, 935.40
2026/08/07 14:04:29.154, 7, 104270, 100, 960.81
2026/08/07 14:04:29.654, 0, 103100, 100, 937.92
2026/08/07 14:04:29.654, 1, 104260, 100, 945.10
2026/08/07 14:04:29.654, 2, 104260, 100, 943.30
2026/08/07 14:04:29.654, 3, 104260, 100, 953.31
2026/08/07 14:04:29.654, 4, 103110, 100, 941.48
2026/08/07 14:04:29.654, 5, 104270, 100, 961.53
2026/08/07 14:04:29.654, 6, 104270, 100, 942.11
2026/08/07 14:04:29.654, 7, 104270, 100, 971.99
2026/08/07 14:04:30.154, 0, 103100, 100, 938.98
2026/08/07 14:04:30.154, 1, 104260, 100, 957.01
2026/08/07 14:04:30.154, 2, 104260, 100, 940.12
2026/08/07 14:04:30.154, 3, 104260, 100, 942.80
2026/08/07 14:04:30.154, 4, 103110, 100, 941.53
2026/08/07 14:04:30.154, 5, 104270, 100, 951.08
2026/08/07 14:04:30.154, 6, 104270, 100, 932.93
2026/08/07 14:04:30.154, 7, 104270, 100, 976.05
2026/08/07 14:04:30.655, 0, 103100, 100, 947.43
2026/08/07 14:04:30.655, 1, 104260, 100, 951.73
2026/08/07 14:04:30.655, 2, 104260, 100, 944.84
2026/08/07 14:04:30.655, 3, 104260, 100, 947.96
2026/08/07 14:04:30.655, 4, 103110, 100, 938.11
2026/08/07 14:04:30.655, 5, 104270, 100, 949.23
2026/08/07 14:04:30.655, 6, 104270, 100, 927.49
2026/08/07 14:04:30.655, 7, 104270, 100, 969.31
2026/08/07 14:04:31.155, 0, 103100, 0, 759.36
2026/08/07 14:04:31.155, 1, 104260, 42, 798.15
2026/08/07 14:04:31.155, 2, 104260, 17, 795.79
2026/08/07 14:04:31.155, 3, 104260, 47, 798.50
2026/08/07 14:04:31.155, 4, 103110, 100, 934.21
2026/08/07 14:04:31.155, 5, 104270, 100, 950.30
2026/08/07 14:04:31.155, 6, 104270, 100, 932.15
2026/08/07 14:04:31.155, 7, 104270, 100, 962.56
2026/08/07 14:04:31.655, 0, 103100, 100, 400.66
2026/08/07 14:04:31.656, 1, 104260, 0, 445.47
2026/08/07 14:04:31.657, 2, 104260, 0, 435.53
2026/08/07 14:04:31.661, 3, 104260, 0, 445.87
2026/08/07 14:04:31.661, 4, 103110, 100, 931.36
2026/08/07 14:04:31.665, 5, 104270, 100, 945.85
2026/08/07 14:04:31.666, 6, 104270, 100, 936.24
2026/08/07 14:04:31.670, 7, 104270, 100, 958.00
2026/08/07 14:04:32.171, 0, 103100, 100, 219.37
2026/08/07 14:04:32.171, 1, 104260, 0, 213.68
2026/08/07 14:04:32.171, 2, 104260, 0, 203.53
2026/08/07 14:04:32.171, 3, 104260, 68, 223.89
2026/08/07 14:04:32.171, 4, 103110, 100, 897.65
2026/08/07 14:04:32.171, 5, 104270, 100, 908.76
2026/08/07 14:04:32.171, 6, 104270, 100, 903.22
2026/08/07 14:04:32.171, 7, 104270, 100, 911.88
2026/08/07 14:04:32.671, 0, 103100, 100, 275.63
2026/08/07 14:04:32.671, 1, 104260, 0, 278.11
2026/08/07 14:04:32.671, 2, 104260, 0, 266.59
2026/08/07 14:04:32.671, 3, 104260, 100, 290.10
2026/08/07 14:04:32.671, 4, 103110, 100, 557.78
2026/08/07 14:04:32.671, 5, 104270, 0, 554.26
2026/08/07 14:04:32.671, 6, 104270, 0, 542.39
2026/08/07 14:04:32.671, 7, 104270, 0, 552.30
2026/08/07 14:04:33.171, 0, 103100, 100, 556.72
2026/08/07 14:04:33.171, 1, 104260, 100, 587.51
2026/08/07 14:04:33.171, 2, 104260, 100, 501.76
2026/08/07 14:04:33.171, 3, 104260, 100, 519.22
2026/08/07 14:04:33.171, 4, 103110, 100, 215.41
2026/08/07 14:04:33.171, 5, 104270, 0, 214.22
2026/08/07 14:04:33.171, 6, 104270, 0, 210.77
2026/08/07 14:04:33.171, 7, 104270, 0, 212.87
2026/08/07 14:04:33.671, 0, 103100, 100, 866.17
2026/08/07 14:04:33.671, 1, 104260, 100, 886.46
2026/08/07 14:04:33.671, 2, 104260, 100, 820.83
2026/08/07 14:04:33.671, 3, 104260, 100, 819.14
2026/08/07 14:04:33.671, 4, 103110, 100, 280.69
2026/08/07 14:04:33.671, 5, 104270, 100, 288.43
2026/08/07 14:04:33.671, 6, 104270, 100, 286.55
2026/08/07 14:04:33.671, 7, 104270, 0, 300.18
2026/08/07 14:04:34.171, 0, 103100, 100, 958.75
2026/08/07 14:04:34.171, 1, 104260, 100, 972.82
2026/08/07 14:04:34.171, 2, 104260, 100, 960.38
2026/08/07 14:04:34.171, 3, 104260, 100, 962.79
2026/08/07 14:04:34.171, 4, 103110, 100, 642.65
2026/08/07 14:04:34.171, 5, 104270, 100, 648.23
2026/08/07 14:04:34.171, 6, 104270, 100, 642.78
2026/08/07 14:04:34.171, 7, 104270, 100, 669.59
2026/08/07 14:04:34.672, 0, 103100, 100, 961.91
2026/08/07 14:04:34.675, 1, 104260, 100, 974.35
2026/08/07 14:04:34.675, 2, 104260, 100, 957.42
2026/08/07 14:04:34.675, 3, 104260, 100, 967.76
2026/08/07 14:04:34.675, 4, 103110, 100, 926.98
2026/08/07 14:04:34.676, 5, 104270, 100, 940.65
2026/08/07 14:04:34.676, 6, 104270, 100, 924.76
2026/08/07 14:04:34.676, 7, 104270, 100, 964.96
2026/08/07 14:04:35.176, 0, 103100, 100, 963.61
2026/08/07 14:04:35.176, 1, 104260, 100, 962.26
2026/08/07 14:04:35.176, 2, 104260, 100, 949.38
2026/08/07 14:04:35.176, 3, 104260, 100, 963.65
2026/08/07 14:04:35.176, 4, 103110, 100, 944.20
2026/08/07 14:04:35.176, 5, 104270, 100, 964.21
2026/08/07 14:04:35.176, 6, 104270, 100, 943.56
2026/08/07 14:04:35.176, 7, 104270, 100, 970.42
2026/08/07 14:04:35.676, 0, 103100, 100, 956.27
2026/08/07 14:04:35.676, 1, 104260, 100, 961.57
2026/08/07 14:04:35.676, 2, 104260, 100, 949.96
2026/08/07 14:04:35.676, 3, 104260, 100, 962.41
2026/08/07 14:04:35.676, 4, 103110, 100, 943.51
2026/08/07 14:04:35.676, 5, 104270, 100, 965.88
2026/08/07 14:04:35.676, 6, 104270, 100, 940.02
2026/08/07 14:04:35.676, 7, 104270, 100, 967.86
2026/08/07 14:04:36.176, 0, 103100, 100, 950.33
2026/08/07 14:04:36.176, 1, 104260, 100, 959.74
2026/08/07 14:04:36.176, 2, 104260, 100, 942.39
2026/08/07 14:04:36.176, 3, 104260, 100, 951.33
2026/08/07 14:04:36.176, 4, 103110, 100, 942.02
2026/08/07 14:04:36.176, 5, 104270, 100, 962.82
2026/08/07 14:04:36.176, 6, 104270, 100, 933.98
2026/08/07 14:04:36.176, 7, 104270, 100, 972.45
2026/08/07 14:04:36.676, 0, 103100, 100, 947.88
2026/08/07 14:04:36.677, 1, 104260, 100, 961.76
2026/08/07 14:04:36.678, 2, 104260, 100, 943.86
2026/08/07 14:04:36.679, 3, 104260, 100, 948.95
2026/08/07 14:04:36.680, 4, 103110, 100, 937.76
2026/08/07 14:04:36.681, 5, 104270, 100, 956.35
2026/08/07 14:04:36.682, 6, 104270, 100, 932.19
2026/08/07 14:04:36.682, 7, 104270, 100, 960.84
2026/08/07 14:04:37.183, 0, 103100, 99, 936.52
2026/08/07 14:04:37.183, 1, 104260, 99, 960.54
2026/08/07 14:04:37.184, 2, 104260, 100, 947.71
2026/08/07 14:04:37.184, 3, 104260, 100, 954.72
2026/08/07 14:04:37.184, 4, 103110, 100, 933.57
2026/08/07 14:04:37.184, 5, 104270, 100, 956.50
2026/08/07 14:04:37.184, 6, 104270, 100, 936.21
2026/08/07 14:04:37.184, 7, 104270, 100, 958.25
2026/08/07 14:04:37.684, 0, 103100, 100, 939.67
2026/08/07 14:04:37.684, 1, 104260, 100, 962.16
2026/08/07 14:04:37.684, 2, 104260, 100, 941.50
2026/08/07 14:04:37.684, 3, 104260, 100, 954.47
2026/08/07 14:04:37.684, 4, 103110, 100, 935.25
2026/08/07 14:04:37.684, 5, 104270, 100, 947.88
2026/08/07 14:04:37.684, 6, 104270, 100, 936.91
2026/08/07 14:04:37.684, 7, 104270, 100, 963.32
2026/08/07 14:04:38.184, 0, 103100, 100, 956.04
2026/08/07 14:04:38.184, 1, 104260, 100, 974.53
2026/08/07 14:04:38.184, 2, 104260, 100, 944.70
2026/08/07 14:04:38.184, 3, 104260, 100, 956.53
2026/08/07 14:04:38.184, 4, 103110, 99, 938.36
2026/08/07 14:04:38.184, 5, 104270, 99, 942.11
2026/08/07 14:04:38.184, 6, 104270, 100, 927.56
2026/08/07 14:04:38.184, 7, 104270, 100, 964.14
2026/08/07 14:04:38.684, 0, 103100, 100, 961.46
2026/08/07 14:04:38.684, 1, 104260, 100, 975.81
2026/08/07 14:04:38.684, 2, 104260, 100, 950.51
2026/08/07 14:04:38.684, 3, 104260, 100, 964.39
2026/08/07 14:04:38.684, 4, 103110, 100, 938.97
2026/08/07 14:04:38.684, 5, 104270, 100, 948.34
2026/08/07 14:04:38.684, 6, 104270, 100, 932.34
2026/08/07 14:04:38.684, 7, 104270, 100, 963.60
2026/08/07 14:04:39.184, 0, 103100, 100, 962.10
2026/08/07 14:04:39.184, 1, 104260, 100, 970.41
2026/08/07 14:04:39.184, 2, 104260, 100, 954.31
2026/08/07 14:04:39.184, 3, 104260, 100, 958.34
2026/08/07 14:04:39.184, 4, 103110, 100, 943.33
2026/08/07 14:04:39.184, 5, 104270, 100, 953.13
2026/08/07 14:04:39.184, 6, 104270, 100, 947.77
2026/08/07 14:04:39.184, 7, 104270, 100, 975.17
2026/08/07 14:04:39.685, 0, 103100, 100, 959.48
2026/08/07 14:04:39.685, 1, 104260, 100, 964.93
2026/08/07 14:04:39.685, 2, 104260, 100, 949.07
2026/08/07 14:04:39.686, 3, 104260, 100, 961.16
2026/08/07 14:04:39.686, 4, 103110, 100, 945.62
2026/08/07 14:04:39.687, 5, 104270, 100, 960.53
2026/08/07 14:04:39.687, 6, 104270, 100, 944.08
2026/08/07 14:04:39.687, 7, 104270, 100, 969.34
2026/08/07 14:04:40.188, 0, 103100, 100, 958.49
2026/08/07 14:04:40.188, 1, 104260, 100, 970.87
2026/08/07 14:04:40.188, 2, 104260, 100, 944.96
2026/08/07 14:04:40.188, 3, 104260, 100, 966.71
2026/08/07 14:04:40.188, 4, 103110, 100, 940.20
2026/08/07 14:04:40.188, 5, 104270, 100, 965.54
2026/08/07 14:04:40.188, 6, 104270, 100, 939.86
2026/08/07 14:04:40.188, 7, 104270, 100, 967.11
2026/08/07 14:04:40.688, 0, 103100, 100, 949.55
2026/08/07 14:04:40.688, 1, 104260, 100, 978.39
2026/08/07 14:04:40.688, 2, 104260, 100, 941.53
2026/08/07 14:04:40.688, 3, 104260, 100, 960.81
2026/08/07 14:04:40.688, 4, 103110, 100, 942.72
2026/08/07 14:04:40.688, 5, 104270, 100, 959.12
2026/08/07 14:04:40.688, 6, 104270, 100, 938.12
2026/08/07 14:04:40.688, 7, 104270, 100, 966.32
2026/08/07 14:04:41.188, 0, 103100, 100, 947.39
2026/08/07 14:04:41.188, 1, 104260, 100, 961.48
2026/08/07 14:04:41.188, 2, 104260, 100, 930.20
2026/08/07 14:04:41.188, 3, 104260, 100, 953.08
2026/08/07 14:04:41.188, 4, 103110, 100, 945.81
2026/08/07 14:04:41.188, 5, 104270, 100, 954.57
2026/08/07 14:04:41.188, 6, 104270, 100, 931.80
2026/08/07 14:04:41.188, 7, 104270, 100, 964.50
2026/08/07 14:04:41.688, 0, 103100, 99, 950.19
2026/08/07 14:04:41.689, 1, 104260, 99, 950.33
2026/08/07 14:04:41.689, 2, 104260, 99, 929.46
2026/08/07 14:04:41.689, 3, 104260, 99, 953.46
2026/08/07 14:04:41.689, 4, 103110, 100, 941.27
2026/08/07 14:04:41.689, 5, 104270, 100, 950.21
2026/08/07 14:04:41.689, 6, 104270, 100, 934.81
2026/08/07 14:04:41.689, 7, 104270, 100, 962.09
2026/08/07 14:04:42.189, 0, 103100, 100, 956.49
2026/08/07 14:04:42.189, 1, 104260, 100, 961.32
2026/08/07 14:04:42.189, 2, 104260, 100, 945.28
2026/08/07 14:04:42.189, 3, 104260, 100, 966.55
2026/08/07 14:04:42.189, 4, 103110, 100, 935.89
2026/08/07 14:04:42.189, 5, 104270, 100, 945.09
2026/08/07 14:04:42.189, 6, 104270, 100, 930.34
2026/08/07 14:04:42.189, 7, 104270, 100, 953.19
2026/08/07 14:04:42.689, 0, 103100, 100, 965.47
2026/08/07 14:04:42.689, 1, 104260, 100, 968.26
2026/08/07 14:04:42.689, 2, 104260, 100, 957.73
2026/08/07 14:04:42.689, 3, 104260, 100, 974.90
2026/08/07 14:04:42.689, 4, 103110, 100, 925.90
2026/08/07 14:04:42.689, 5, 104270, 100, 943.63
2026/08/07 14:04:42.689, 6, 104270, 100, 933.83
2026/08/07 14:04:42.689, 7, 104270, 100, 954.25
2026/08/07 14:04:43.189, 0, 103100, 100, 966.34
2026/08/07 14:04:43.189, 1, 104260, 100, 970.53
2026/08/07 14:04:43.189, 2, 104260, 100, 963.49
2026/08/07 14:04:43.189, 3, 104260, 100, 973.42
2026/08/07 14:04:43.189, 4, 103110, 100, 930.19
2026/08/07 14:04:43.189, 5, 104270, 100, 956.12
2026/08/07 14:04:43.189, 6, 104270, 100, 939.29
2026/08/07 14:04:43.189, 7, 104270, 100, 968.36
2026/08/07 14:04:43.689, 0, 103100, 100, 964.43
2026/08/07 14:04:43.689, 1, 104260, 100, 980.73
2026/08/07 14:04:43.689, 2, 104260, 100, 967.90
2026/08/07 14:04:43.689, 3, 104260, 100, 978.86
2026/08/07 14:04:43.689, 4, 103110, 100, 940.57
2026/08/07 14:04:43.689, 5, 104270, 100, 965.60
2026/08/07 14:04:43.689, 6, 104270, 100, 940.75
2026/08/07 14:04:43.689, 7, 104270, 100, 973.68
2026/08/07 14:04:44.190, 0, 103100, 100, 955.12
2026/08/07 14:04:44.190, 1, 104260, 100, 963.40
2026/08/07 14:04:44.190, 2, 104260, 100, 947.19
2026/08/07 14:04:44.190, 3, 104260, 100, 970.78
2026/08/07 14:04:44.190, 4, 103110, 100, 949.42
2026/08/07 14:04:44.190, 5, 104270, 100, 969.50
2026/08/07 14:04:44.190, 6, 104270, 100, 944.33
2026/08/07 14:04:44.190, 7, 104270, 100, 975.07
2026/08/07 14:04:44.690, 0, 103100, 100, 955.23
2026/08/07 14:04:44.690, 1, 104260, 100, 958.48
2026/08/07 14:04:44.690, 2, 104260, 100, 943.26
2026/08/07 14:04:44.690, 3, 104260, 100, 957.90
2026/08/07 14:04:44.690, 4, 103110, 100, 950.19
2026/08/07 14:04:44.690, 5, 104270, 100, 971.33
2026/08/07 14:04:44.690, 6, 104270, 100, 948.34
2026/08/07 14:04:44.690, 7, 104270, 100, 969.72
2026/08/07 14:04:45.190, 0, 103100, 100, 949.97
2026/08/07 14:04:45.190, 1, 104260, 100, 972.12
2026/08/07 14:04:45.190, 2, 104260, 100, 952.22
2026/08/07 14:04:45.190, 3, 104260, 100, 961.27
2026/08/07 14:04:45.190, 4, 103110, 100, 936.95
2026/08/07 14:04:45.190, 5, 104270, 100, 956.71
2026/08/07 14:04:45.190, 6, 104270, 100, 942.85
2026/08/07 14:04:45.190, 7, 104270, 100, 963.52
2026/08/07 14:04:45.690, 0, 103100, 100, 943.83
2026/08/07 14:04:45.690, 1, 104260, 100, 963.57
2026/08/07 14:04:45.690, 2, 104260, 100, 950.88
2026/08/07 14:04:45.690, 3, 104260, 100, 962.28
2026/08/07 14:04:45.690, 4, 103110, 100, 932.08
2026/08/07 14:04:45.690, 5, 104270, 100, 949.09
2026/08/07 14:04:45.690, 6, 104270, 100, 938.70
2026/08/07 14:04:45.690, 7, 104270, 100, 962.10
2026/08/07 14:04:46.190, 0, 103100, 100, 955.56
2026/08/07 14:04:46.191, 1, 104260, 100, 962.20
2026/08/07 14:04:46.191, 2, 104260, 100, 947.68
2026/08/07 14:04:46.191, 3, 104260, 100, 950.41
2026/08/07 14:04:46.191, 4, 103110, 100, 941.92
2026/08/07 14:04:46.191, 5, 104270, 100, 956.06
2026/08/07 14:04:46.191, 6, 104270, 100, 940.10
2026/08/07 14:04:46.191, 7, 104270, 100, 958.62
2026/08/07 14:04:46.691, 0, 103100, 100, 959.11
2026/08/07 14:04:46.691, 1, 104260, 100, 980.45
2026/08/07 14:04:46.691, 2, 104260, 100, 949.20
2026/08/07 14:04:46.691, 3, 104260, 100, 960.60
2026/08/07 14:04:46.691, 4, 103110, 100, 939.60
2026/08/07 14:04:46.691, 5, 104270, 100, 960.05
2026/08/07 14:04:46.691, 6, 104270, 100, 937.71
2026/08/07 14:04:46.691, 7, 104270, 100, 960.09
2026/08/07 14:04:47.191, 0, 103100, 100, 967.53
2026/08/07 14:04:47.191, 1, 104260, 100, 986.41
2026/08/07 14:04:47.192, 2, 104260, 100, 955.59
2026/08/07 14:04:47.192, 3, 104260, 100, 970.02
2026/08/07 14:04:47.192, 4, 103110, 100, 930.37
2026/08/07 14:04:47.192, 5, 104270, 100, 956.23
2026/08/07 14:04:47.192, 6, 104270, 100, 932.57
2026/08/07 14:04:47.192, 7, 104270, 100, 963.28
2026/08/07 14:04:47.692, 0, 103100, 100, 968.74
2026/08/07 14:04:47.692, 1, 104260, 100, 984.56
2026/08/07 14:04:47.692, 2, 104260, 100, 959.10
2026/08/07 14:04:47.692, 3, 104260, 100, 968.69
2026/08/07 14:04:47.692, 4, 103110, 100, 939.25
2026/08/07 14:04:47.692, 5, 104270, 100, 957.97
2026/08/07 14:04:47.692, 6, 104270, 100, 934.05
2026/08/07 14:04:47.692, 7, 104270, 100, 964.60
2026/08/07 14:04:48.193, 0, 103100, 100, 959.74
2026/08/07 14:04:48.193, 1, 104260, 100, 986.08
2026/08/07 14:04:48.193, 2, 104260, 100, 954.28
2026/08/07 14:04:48.193, 3, 104260, 100, 966.28
2026/08/07 14:04:48.193, 4, 103110, 100, 947.44
2026/08/07 14:04:48.193, 5, 104270, 100, 962.61
2026/08/07 14:04:48.193, 6, 104270, 100, 941.45
2026/08/07 14:04:48.193, 7, 104270, 100, 979.15
2026/08/07 14:04:48.693, 0, 103100, 100, 955.38
2026/08/07 14:04:48.693, 1, 104260, 100, 970.68
2026/08/07 14:04:48.693, 2, 104260, 100, 952.84
2026/08/07 14:04:48.693, 3, 104260, 100, 956.50
2026/08/07 14:04:48.693, 4, 103110, 100, 949.24
2026/08/07 14:04:48.693, 5, 104270, 100, 968.28
2026/08/07 14:04:48.693, 6, 104270, 100, 943.86
2026/08/07 14:04:48.693, 7, 104270, 100, 984.01
2026/08/07 14:04:49.193, 0, 103100, 100, 957.20
2026/08/07 14:04:49.193, 1, 104260, 100, 958.87
2026/08/07 14:04:49.193, 2, 104260, 100, 943.87
2026/08/07 14:04:49.193, 3, 104260, 100, 950.74
2026/08/07 14:04:49.193, 4, 103110, 100, 948.35
2026/08/07 14:04:49.193, 5, 104270, 100, 969.04
2026/08/07 14:04:49.193, 6, 104270, 100, 942.81
2026/08/07 14:04:49.193, 7, 104270, 100, 974.24
2026/08/07 14:04:49.693, 0, 103100, 100, 949.31
2026/08/07 14:04:49.696, 1, 104260, 100, 964.61
2026/08/07 14:04:49.697, 2, 104260, 100, 942.98
2026/08/07 14:04:49.697, 3, 104260, 100, 958.30
2026/08/07 14:04:49.697, 4, 103110, 100, 946.33
2026/08/07 14:04:49.697, 5, 104270, 100, 962.76
2026/08/07 14:04:49.697, 6, 104270, 100, 940.95
2026/08/07 14:04:49.697, 7, 104270, 100, 968.62
2026/08/07 14:04:50.197, 0, 103100, 100, 942.09
2026/08/07 14:04:50.197, 1, 104260, 100, 963.53
2026/08/07 14:04:50.197, 2, 104260, 100, 947.36
2026/08/07 14:04:50.197, 3, 104260, 100, 956.51
2026/08/07 14:04:50.197, 4, 103110, 100, 934.94
2026/08/07 14:04:50.197, 5, 104270, 100, 953.09
2026/08/07 14:04:50.197, 6, 104270, 100, 945.22
2026/08/07 14:04:50.197, 7, 104270, 100, 970.42
2026/08/07 14:04:50.697, 0, 103100, 100, 950.73
2026/08/07 14:04:50.697, 1, 104260, 100, 962.54
2026/08/07 14:04:50.697, 2, 104260, 100, 945.84
2026/08/07 14:04:50.697, 3, 104260, 100, 959.95
2026/08/07 14:04:50.697, 4, 103110, 100, 939.65
2026/08/07 14:04:50.697, 5, 104270, 100, 957.88
2026/08/07 14:04:50.697, 6, 104270, 100, 946.24
2026/08/07 14:04:50.697, 7, 104270, 100, 959.22
2026/08/07 14:04:51.197, 0, 103100, 100, 956.26
2026/08/07 14:04:51.197, 1, 104260, 100, 971.59
2026/08/07 14:04:51.197, 2, 104260, 100, 949.46
2026/08/07 14:04:51.197, 3, 104260, 100, 967.30
2026/08/07 14:04:51.197, 4, 103110, 100, 931.92
2026/08/07 14:04:51.197, 5, 104270, 100, 956.43
2026/08/07 14:04:51.197, 6, 104270, 100, 939.29
2026/08/07 14:04:51.197, 7, 104270, 100, 950.26
2026/08/07 14:04:51.697, 0, 103100, 100, 957.31
2026/08/07 14:04:51.697, 1, 104260, 100, 978.84
2026/08/07 14:04:51.697, 2, 104260, 100, 954.47
2026/08/07 14:04:51.697, 3, 104260, 100, 973.34
2026/08/07 14:04:51.697, 4, 103110, 100, 930.40
2026/08/07 14:04:51.697, 5, 104270, 100, 949.80
2026/08/07 14:04:51.697, 6, 104270, 100, 936.80
2026/08/07 14:04:51.697, 7, 104270, 100, 959.60
2026/08/07 14:04:52.198, 0, 103100, 100, 956.12
2026/08/07 14:04:52.201, 1, 104260, 100, 978.54
2026/08/07 14:04:52.202, 2, 104260, 100, 951.73
2026/08/07 14:04:52.206, 3, 104260, 100, 966.36
2026/08/07 14:04:52.206, 4, 103110, 100, 946.91
2026/08/07 14:04:52.210, 5, 104270, 100, 961.80
2026/08/07 14:04:52.211, 6, 104270, 100, 945.49
2026/08/07 14:04:52.215, 7, 104270, 100, 965.30
2026/08/07 14:04:52.715, 0, 103100, 100, 960.90
2026/08/07 14:04:52.715, 1, 104260, 100, 975.74
2026/08/07 14:04:52.715, 2, 104260, 100, 948.41
2026/08/07 14:04:52.715, 3, 104260, 100, 958.73
2026/08/07 14:04:52.715, 4, 103110, 100, 951.16
2026/08/07 14:04:52.715, 5, 104270, 100, 976.99
2026/08/07 14:04:52.715, 6, 104270, 100, 955.21
2026/08/07 14:04:52.715, 7, 104270, 100, 979.55
2026/08/07 14:04:53.216, 0, 103100, 100, 958.91
2026/08/07 14:04:53.216, 1, 104260, 100, 968.05
2026/08/07 14:04:53.216, 2, 104260, 100, 950.97
2026/08/07 14:04:53.216, 3, 104260, 100, 962.15
2026/08/07 14:04:53.216, 4, 103110, 100, 947.43
2026/08/07 14:04:53.216, 5, 104270, 100, 980.82
2026/08/07 14:04:53.216, 6, 104270, 100, 959.42
2026/08/07 14:04:53.216, 7, 104270, 100, 983.52
2026/08/07 14:04:53.716, 0, 103100, 100, 955.94
2026/08/07 14:04:53.716, 1, 104260, 100, 970.84
2026/08/07 14:04:53.716, 2, 104260, 100, 949.73
2026/08/07 14:04:53.716, 3, 104260, 100, 962.10
2026/08/07 14:04:53.716, 4, 103110, 100, 940.03
2026/08/07 14:04:53.716, 5, 104270, 100, 965.67
2026/08/07 14:04:53.716, 6, 104270, 100, 952.71
2026/08/07 14:04:53.716, 7, 104270, 100, 970.91
2026/08/07 14:04:54.216, 0, 103100, 100, 950.95
2026/08/07 14:04:54.216, 1, 104260, 100, 975.80
2026/08/07 14:04:54.216, 2, 104260, 100, 949.22
2026/08/07 14:04:54.216, 3, 104260, 100, 958.25
2026/08/07 14:04:54.216, 4, 103110, 100, 939.11
2026/08/07 14:04:54.216, 5, 104270, 100, 957.41
2026/08/07 14:04:54.216, 6, 104270, 100, 949.70
2026/08/07 14:04:54.216, 7, 104270, 100, 966.08
2026/08/07 14:04:54.716, 0, 103100, 100, 939.06
2026/08/07 14:04:54.716, 1, 104260, 100, 964.49
2026/08/07 14:04:54.716, 2, 104260, 100, 935.57
2026/08/07 14:04:54.716, 3, 104260, 100, 955.41
2026/08/07 14:04:54.716, 4, 103110, 100, 941.14
2026/08/07 14:04:54.716, 5, 104270, 100, 957.06
2026/08/07 14:04:54.716, 6, 104270, 100, 939.40
2026/08/07 14:04:54.716, 7, 104270, 100, 964.62
2026/08/07 14:04:55.216, 0, 103100, 100, 941.37
2026/08/07 14:04:55.216, 1, 104260, 100, 958.46
2026/08/07 14:04:55.216, 2, 104260, 100, 935.63
2026/08/07 14:04:55.216, 3, 104260, 100, 959.15
2026/08/07 14:04:55.216, 4, 103110, 100, 939.74
2026/08/07 14:04:55.216, 5, 104270, 100, 949.49
2026/08/07 14:04:55.216, 6, 104270, 100, 929.27
2026/08/07 14:04:55.216, 7, 104270, 100, 966.55
2026/08/07 14:04:55.717, 0, 103100, 100, 950.31
2026/08/07 14:04:55.717, 1, 104260, 100, 978.51
2026/08/07 14:04:55.717, 2, 104260, 100, 953.65
2026/08/07 14:04:55.717, 3, 104260, 100, 962.12
2026/08/07 14:04:55.717, 4, 103110, 99, 935.28
2026/08/07 14:04:55.717, 5, 104270, 99, 952.10
2026/08/07 14:04:55.717, 6, 104270, 100, 929.42
2026/08/07 14:04:55.717, 7, 104270, 100, 962.35
2026/08/07 14:04:56.217, 0, 103100, 100, 958.46
2026/08/07 14:04:56.217, 1, 104260, 100, 985.79
2026/08/07 14:04:56.217, 2, 104260, 100, 960.20
2026/08/07 14:04:56.217, 3, 104260, 100, 967.88
2026/08/07 14:04:56.217, 4, 103110, 100, 931.86
2026/08/07 14:04:56.217, 5, 104270, 100, 954.81
2026/08/07 14:04:56.217, 6, 104270, 100, 926.13
2026/08/07 14:04:56.217, 7, 104270, 100, 956.26
2026/08/07 14:04:56.717, 0, 103100, 100, 962.89
2026/08/07 14:04:56.717, 1, 104260, 100, 987.24
2026/08/07 14:04:56.717, 2, 104260, 100, 957.39
2026/08/07 14:04:56.717, 3, 104260, 100, 977.98
2026/08/07 14:04:56.717, 4, 103110, 100, 944.49
2026/08/07 14:04:56.717, 5, 104270, 100, 960.64
2026/08/07 14:04:56.717, 6, 104270, 100, 931.78
2026/08/07 14:04:56.717, 7, 104270, 100, 960.11
2026/08/07 14:04:57.217, 0, 103100, 100, 964.99
2026/08/07 14:04:57.218, 1, 104260, 100, 986.65
2026/08/07 14:04:57.218, 2, 104260, 100, 947.35
2026/08/07 14:04:57.218, 3, 104260, 100, 969.76
2026/08/07 14:04:57.218, 4, 103110, 100, 957.54
2026/08/07 14:04:57.218, 5, 104270, 100, 976.31
2026/08/07 14:04:57.218, 6, 104270, 100, 943.44
2026/08/07 14:04:57.218, 7, 104270, 100, 971.60
2026/08/07 14:04:57.718, 0, 103100, 100, 957.25
2026/08/07 14:04:57.718, 1, 104260, 100, 980.27
2026/08/07 14:04:57.718, 2, 104260, 100, 941.74
2026/08/07 14:04:57.719, 3, 104260, 100, 961.33
2026/08/07 14:04:57.719, 4, 103110, 100, 951.05
2026/08/07 14:04:57.720, 5, 104270, 100, 977.22
2026/08/07 14:04:57.720, 6, 104270, 100, 943.63
2026/08/07 14:04:57.721, 7, 104270, 100, 982.13
2026/08/07 14:04:58.221, 0, 103100, 100, 950.48
2026/08/07 14:04:58.221, 1, 104260, 100, 971.29
2026/08/07 14:04:58.221, 2, 104260, 100, 940.49
2026/08/07 14:04:58.221, 3, 104260, 100, 959.39
2026/08/07 14:04:58.221, 4, 103110, 100, 934.77
2026/08/07 14:04:58.221, 5, 104270, 100, 964.84
2026/08/07 14:04:58.221, 6, 104270, 100, 938.46
2026/08/07 14:04:58.221, 7, 104270, 100, 980.61
2026/08/07 14:04:58.721, 0, 103100, 100, 949.86
2026/08/07 14:04:58.723, 1, 104260, 100, 966.34
2026/08/07 14:04:58.724, 2, 104260, 100, 945.90
2026/08/07 14:04:58.728, 3, 104260, 100, 958.65
2026/08/07 14:04:58.728, 4, 103110, 100, 933.13
2026/08/07 14:04:58.733, 5, 104270, 100, 956.47
2026/08/07 14:04:58.733, 6, 104270, 100, 933.62
2026/08/07 14:04:58.736, 7, 104270, 100, 965.57
2026/08/07 14:04:59.237, 0, 103100, 100, 944.99
2026/08/07 14:04:59.237, 1, 104260, 99, 965.20
2026/08/07 14:04:59.237, 2, 104260, 99, 945.22
2026/08/07 14:04:59.237, 3, 104260, 99, 949.34
2026/08/07 14:04:59.237, 4, 103110, 100, 937.56
2026/08/07 14:04:59.237, 5, 104270, 100, 963.04
2026/08/07 14:04:59.237, 6, 104270, 100, 937.10
2026/08/07 14:04:59.237, 7, 104270, 100, 968.78
2026/08/07 14:04:59.737, 0, 103100, 100, 943.72
2026/08/07 14:04:59.737, 1, 104260, 100, 968.62
2026/08/07 14:04:59.737, 2, 104260, 100, 944.64
2026/08/07 14:04:59.737, 3, 104260, 100, 949.45
2026/08/07 14:04:59.737, 4, 103110, 100, 935.63
2026/08/07 14:04:59.737, 5, 104270, 100, 965.15
2026/08/07 14:04:59.737, 6, 104270, 100, 938.37
2026/08/07 14:04:59.737, 7, 104270, 100, 970.40
2026/08/07 14:05:00.237, 0, 103100, 100, 952.35
2026/08/07 14:05:00.237, 1, 104260, 100, 978.66
2026/08/07 14:05:00.237, 2, 104260, 100, 951.26
2026/08/07 14:05:00.237, 3, 104260, 100, 963.74
2026/08/07 14:05:00.237, 4, 103110, 100, 926.70
2026/08/07 14:05:00.237, 5, 104270, 100, 951.03
2026/08/07 14:05:00.237, 6, 104270, 100, 928.43
2026/08/07 14:05:00.238, 7, 104270, 100, 965.34
2026/08/07 14:05:00.738, 0, 103100, 100, 963.40
2026/08/07 14:05:00.738, 1, 104260, 100, 986.14
2026/08/07 14:05:00.738, 2, 104260, 100, 959.09
2026/08/07 14:05:00.738, 3, 104260, 100, 973.18
2026/08/07 14:05:00.738, 4, 103110, 100, 933.36
2026/08/07 14:05:00.738, 5, 104270, 100, 959.82
2026/08/07 14:05:00.738, 6, 104270, 100, 932.43
2026/08/07 14:05:00.738, 7, 104270, 100, 969.50
2026/08/07 14:05:01.238, 0, 103100, 100, 970.66
2026/08/07 14:05:01.238, 1, 104260, 100, 981.98
2026/08/07 14:05:01.238, 2, 104260, 100, 955.32
2026/08/07 14:05:01.238, 3, 104260, 100, 974.01
2026/08/07 14:05:01.238, 4, 103110, 100, 946.73
2026/08/07 14:05:01.238, 5, 104270, 100, 957.97
2026/08/07 14:05:01.238, 6, 104270, 100, 940.66
2026/08/07 14:05:01.238, 7, 104270, 100, 972.88
2026/08/07 14:05:01.738, 0, 103100, 100, 962.84
2026/08/07 14:05:01.738, 1, 104260, 100, 981.14
2026/08/07 14:05:01.738, 2, 104260, 100, 952.60
2026/08/07 14:05:01.738, 3, 104260, 100, 963.64
2026/08/07 14:05:01.738, 4, 103110, 100, 949.06
2026/08/07 14:05:01.738, 5, 104270, 100, 962.50
2026/08/07 14:05:01.738, 6, 104270, 100, 944.63
2026/08/07 14:05:01.738, 7, 104270, 100, 975.11
2026/08/07 14:05:02.238, 0, 103100, 100, 947.02
2026/08/07 14:05:02.238, 1, 104260, 100, 973.73
2026/08/07 14:05:02.238, 2, 104260, 100, 949.93
2026/08/07 14:05:02.238, 3, 104260, 100, 960.98
2026/08/07 14:05:02.238, 4, 103110, 100, 946.61
2026/08/07 14:05:02.238, 5, 104270, 100, 970.66
2026/08/07 14:05:02.239, 6, 104270, 100, 950.41
2026/08/07 14:05:02.239, 7, 104270, 100, 977.07
2026/08/07 14:05:02.739, 0, 103100, 100, 939.94
2026/08/07 14:05:02.739, 1, 104260, 100, 967.97
2026/08/07 14:05:02.739, 2, 104260, 100, 943.00
2026/08/07 14:05:02.739, 3, 104260, 100, 955.72
2026/08/07 14:05:02.739, 4, 103110, 100, 941.11
2026/08/07 14:05:02.739, 5, 104270, 100, 969.46
2026/08/07 14:05:02.739, 6, 104270, 100, 951.09
2026/08/07 14:05:02.739, 7, 104270, 100, 971.28
2026/08/07 14:05:03.239, 0, 103100, 100, 946.97
2026/08/07 14:05:03.239, 1, 104260, 100, 965.20
2026/08/07 14:05:03.239, 2, 104260, 100, 935.06
2026/08/07 14:05:03.239, 3, 104260, 100, 955.24
2026/08/07 14:05:03.239, 4, 103110, 100, 936.83
2026/08/07 14:05:03.239, 5, 104270, 100, 963.21
2026/08/07 14:05:03.239, 6, 104270, 100, 945.64
2026/08/07 14:05:03.239, 7, 104270, 100, 959.60
2026/08/07 14:05:03.740, 0, 103100, 100, 947.83
2026/08/07 14:05:03.740, 1, 104260, 99, 956.21
2026/08/07 14:05:03.740, 2, 104260, 99, 940.54
2026/08/07 14:05:03.740, 3, 104260, 100, 949.61
2026/08/07 14:05:03.740, 4, 103110, 100, 945.81
2026/08/07 14:05:03.740, 5, 104270, 100, 966.57
2026/08/07 14:05:03.740, 6, 104270, 100, 948.89
2026/08/07 14:05:03.740, 7, 104270, 100, 961.21
2026/08/07 14:05:04.240, 0, 103100, 100, 945.25
2026/08/07 14:05:04.240, 1, 104260, 100, 968.58
2026/08/07 14:05:04.240, 2, 104260, 100, 946.87
2026/08/07 14:05:04.240, 3, 104260, 100, 951.50
2026/08/07 14:05:04.240, 4, 103110, 100, 933.47
2026/08/07 14:05:04.240, 5, 104270, 100, 959.90
2026/08/07 14:05:04.240, 6, 104270, 100, 941.00
2026/08/07 14:05:04.240, 7, 104270, 100, 961.99
2026/08/07 14:05:04.740, 0, 103100, 100, 950.73
2026/08/07 14:05:04.740, 1, 104260, 100, 967.75
2026/08/07 14:05:04.740, 2, 104260, 100, 952.85
2026/08/07 14:05:04.740, 3, 104260, 100, 970.11
2026/08/07 14:05:04.740, 4, 103110, 100, 922.36
2026/08/07 14:05:04.740, 5, 104270, 100, 943.35
2026/08/07 14:05:04.740, 6, 104270, 100, 918.42
2026/08/07 14:05:04.740, 7, 104270, 100, 956.91
2026/08/07 14:05:05.240, 0, 103100, 100, 962.26
2026/08/07 14:05:05.240, 1, 104260, 100, 970.49
2026/08/07 14:05:05.240, 2, 104260, 100, 955.25
2026/08/07 14:05:05.240, 3, 104260, 100, 977.71
2026/08/07 14:05:05.241, 4, 103110, 100, 938.24
2026/08/07 14:05:05.241, 5, 104270, 100, 957.19
2026/08/07 14:05:05.241, 6, 104270, 100, 916.33
2026/08/07 14:05:05.241, 7, 104270, 100, 962.40
2026/08/07 14:05:05.741, 0, 103100, 100, 968.49
2026/08/07 14:05:05.741, 1, 104260, 100, 985.14
2026/08/07 14:05:05.741, 2, 104260, 100, 959.84
2026/08/07 14:05:05.741, 3, 104260, 100, 972.15
2026/08/07 14:05:05.741, 4, 103110, 100, 948.56
2026/08/07 14:05:05.741, 5, 104270, 100, 973.45
2026/08/07 14:05:05.741, 6, 104270, 100, 938.62
2026/08/07 14:05:05.741, 7, 104270, 100, 972.16
2026/08/07 14:05:06.241, 0, 103100, 100, 951.67
2026/08/07 14:05:06.241, 1, 104260, 100, 979.15
2026/08/07 14:05:06.241, 2, 104260, 100, 954.72
2026/08/07 14:05:06.241, 3, 104260, 100, 953.66
2026/08/07 14:05:06.241, 4, 103110, 100, 950.72
2026/08/07 14:05:06.241, 5, 104270, 100, 967.17
2026/08/07 14:05:06.241, 6, 104270, 100, 941.50
2026/08/07 14:05:06.241, 7, 104270, 100, 969.97
2026/08/07 14:05:06.741, 0, 103100, 100, 940.84
2026/08/07 14:05:06.741, 1, 104260, 100, 971.32
2026/08/07 14:05:06.741, 2, 104260, 100, 949.65
2026/08/07 14:05:06.741, 3, 104260, 100, 952.28
2026/08/07 14:05:06.741, 4, 103110, 100, 949.24
2026/08/07 14:05:06.741, 5, 104270, 100, 972.77
2026/08/07 14:05:06.741, 6, 104270, 100, 939.63
2026/08/07 14:05:06.741, 7, 104270, 100, 974.02
2026/08/07 14:05:07.241, 0, 103100, 100, 941.82
2026/08/07 14:05:07.241, 1, 104260, 100, 959.76
2026/08/07 14:05:07.241, 2, 104260, 100, 947.11
2026/08/07 14:05:07.241, 3, 104260, 100, 959.57
2026/08/07 14:05:07.241, 4, 103110, 100, 935.32
2026/08/07 14:05:07.241, 5, 104270, 100, 966.05
2026/08/07 14:05:07.241, 6, 104270, 100, 937.13
2026/08/07 14:05:07.241, 7, 104270, 100, 973.66
2026/08/07 14:05:07.742, 0, 103100, 100, 932.25
2026/08/07 14:05:07.742, 1, 104260, 100, 955.82
2026/08/07 14:05:07.742, 2, 104260, 100, 946.85
2026/08/07 14:05:07.742, 3, 104260, 100, 957.00
2026/08/07 14:05:07.742, 4, 103110, 100, 934.59
2026/08/07 14:05:07.742, 5, 104270, 100, 953.49
2026/08/07 14:05:07.742, 6, 104270, 100, 927.64
2026/08/07 14:05:07.742, 7, 104270, 100, 959.48
2026/08/07 14:05:08.242, 0, 103100, 100, 936.32
2026/08/07 14:05:08.242, 1, 104260, 100, 963.04
2026/08/07 14:05:08.242, 2, 104260, 100, 944.66
2026/08/07 14:05:08.242, 3, 104260, 100, 959.85
2026/08/07 14:05:08.242, 4, 103110, 100, 943.53
2026/08/07 14:05:08.242, 5, 104270, 100, 953.84
2026/08/07 14:05:08.242, 6, 104270, 100, 931.38
2026/08/07 14:05:08.242, 7, 104270, 100, 951.67
2026/08/07 14:05:08.742, 0, 103100, 100, 956.17
2026/08/07 14:05:08.742, 1, 104260, 100, 974.24
2026/08/07 14:05:08.742, 2, 104260, 100, 947.61
2026/08/07 14:05:08.742, 3, 104260, 100, 962.41
2026/08/07 14:05:08.742, 4, 103110, 100, 934.88
2026/08/07 14:05:08.742, 5, 104270, 100, 953.22
2026/08/07 14:05:08.742, 6, 104270, 100, 934.89
2026/08/07 14:05:08.742, 7, 104270, 100, 963.04
2026/08/07 14:05:09.242, 0, 103100, 100, 960.19
2026/08/07 14:05:09.242, 1, 104260, 100, 974.87
2026/08/07 14:05:09.242, 2, 104260, 100, 953.19
2026/08/07 14:05:09.242, 3, 104260, 100, 974.80
2026/08/07 14:05:09.242, 4, 103110, 100, 935.47
2026/08/07 14:05:09.242, 5, 104270, 100, 949.98
2026/08/07 14:05:09.242, 6, 104270, 100, 932.53
2026/08/07 14:05:09.242, 7, 104270, 100, 969.16
2026/08/07 14:05:09.742, 0, 103100, 100, 957.93
2026/08/07 14:05:09.742, 1, 104260, 100, 974.76
2026/08/07 14:05:09.742, 2, 104260, 100, 948.06
2026/08/07 14:05:09.743, 3, 104260, 100, 966.49
2026/08/07 14:05:09.743, 4, 103110, 100, 944.68
2026/08/07 14:05:09.743, 5, 104270, 100, 956.64
2026/08/07 14:05:09.743, 6, 104270, 100, 939.83
2026/08/07 14:05:09.743, 7, 104270, 100, 967.68
2026/08/07 14:05:10.243, 0, 103100, 100, 956.14
2026/08/07 14:05:10.243, 1, 104260, 100, 980.36
2026/08/07 14:05:10.243, 2, 104260, 100, 948.38
2026/08/07 14:05:10.243, 3, 104260, 100, 961.61
2026/08/07 14:05:10.243, 4, 103110, 100, 945.41
2026/08/07 14:05:10.243, 5, 104270, 100, 965.64
2026/08/07 14:05:10.243, 6, 104270, 100, 943.78
2026/08/07 14:05:10.243, 7, 104270, 100, 979.05
2026/08/07 14:05:10.743, 0, 103100, 100, 954.49
2026/08/07 14:05:10.743, 1, 104260, 100, 976.20
2026/08/07 14:05:10.743, 2, 104260, 100, 952.14
2026/08/07 14:05:10.743, 3, 104260, 100, 965.66
2026/08/07 14:05:10.743, 4, 103110, 100, 953.72
2026/08/07 14:05:10.743, 5, 104270, 100, 968.71
2026/08/07 14:05:10.743, 6, 104270, 100, 944.39
2026/08/07 14:05:10.743, 7, 104270, 100, 979.14
2026/08/07 14:05:11.243, 0, 103100, 100, 958.17
2026/08/07 14:05:11.243, 1, 104260, 100, 968.10
2026/08/07 14:05:11.243, 2, 104260, 100, 952.97
2026/08/07 14:05:11.243, 3, 104260, 100, 959.22
2026/08/07 14:05:11.243, 4, 103110, 100, 951.47
2026/08/07 14:05:11.243, 5, 104270, 100, 969.20
2026/08/07 14:05:11.243, 6, 104270, 100, 945.63
2026/08/07 14:05:11.243, 7, 104270, 100, 970.31
2026/08/07 14:05:11.743, 0, 103100, 100, 956.71
2026/08/07 14:05:11.743, 1, 104260, 100, 966.46
2026/08/07 14:05:11.743, 2, 104260, 100, 945.49
2026/08/07 14:05:11.743, 3, 104260, 100, 958.20
2026/08/07 14:05:11.743, 4, 103110, 100, 948.68
2026/08/07 14:05:11.743, 5, 104270, 100, 967.89
2026/08/07 14:05:11.743, 6, 104270, 100, 940.04
2026/08/07 14:05:11.743, 7, 104270, 100, 972.53
2026/08/07 14:05:12.243, 0, 103100, 100, 955.07
2026/08/07 14:05:12.243, 1, 104260, 100, 964.31
2026/08/07 14:05:12.243, 2, 104260, 100, 946.53
2026/08/07 14:05:12.244, 3, 104260, 100, 960.31
2026/08/07 14:05:12.244, 4, 103110, 100, 940.78
2026/08/07 14:05:12.244, 5, 104270, 100, 963.21
2026/08/07 14:05:12.244, 6, 104270, 100, 935.15
2026/08/07 14:05:12.244, 7, 104270, 100, 965.96
2026/08/07 14:05:12.744, 0, 103100, 100, 951.33
2026/08/07 14:05:12.744, 1, 104260, 100, 958.75
2026/08/07 14:05:12.744, 2, 104260, 100, 934.90
2026/08/07 14:05:12.744, 3, 104260, 100, 960.66
2026/08/07 14:05:12.744, 4, 103110, 100, 929.22
2026/08/07 14:05:12.744, 5, 104270, 100, 951.47
2026/08/07 14:05:12.744, 6, 104270, 100, 937.49
2026/08/07 14:05:12.744, 7, 104270, 100, 958.53
2026/08/07 14:05:13.244, 0, 103100, 100, 956.35
2026/08/07 14:05:13.244, 1, 104260, 100, 961.42
2026/08/07 14:05:13.244, 2, 104260, 100, 931.42
2026/08/07 14:05:13.244, 3, 104260, 100, 962.83
2026/08/07 14:05:13.244, 4, 103110, 98, 929.29
2026/08/07 14:05:13.244, 5, 104270, 99, 952.33
2026/08/07 14:05:13.244, 6, 104270, 99, 933.65
2026/08/07 14:05:13.244, 7, 104270, 100, 959.33
2026/08/07 14:05:13.744, 0, 103100, 100, 956.72
2026/08/07 14:05:13.744, 1, 104260, 100, 981.68
2026/08/07 14:05:13.744, 2, 104260, 100, 946.57
2026/08/07 14:05:13.744, 3, 104260, 100, 975.51
2026/08/07 14:05:13.744, 4, 103110, 100, 934.90
2026/08/07 14:05:13.744, 5, 104270, 100, 945.38
2026/08/07 14:05:13.744, 6, 104270, 100, 929.17
2026/08/07 14:05:13.744, 7, 104270, 100, 959.01
2026/08/07 14:05:14.244, 0, 103100, 100, 961.70
2026/08/07 14:05:14.244, 1, 104260, 100, 981.65
2026/08/07 14:05:14.244, 2, 104260, 100, 954.17
2026/08/07 14:05:14.245, 3, 104260, 100, 975.29
2026/08/07 14:05:14.245, 4, 103110, 100, 943.63
2026/08/07 14:05:14.245, 5, 104270, 100, 956.52
2026/08/07 14:05:14.245, 6, 104270, 100, 941.97
2026/08/07 14:05:14.245, 7, 104270, 100, 963.98
2026/08/07 14:05:14.745, 0, 103100, 100, 967.62
2026/08/07 14:05:14.745, 1, 104260, 100, 974.02
2026/08/07 14:05:14.745, 2, 104260, 100, 952.14
2026/08/07 14:05:14.745, 3, 104260, 100, 968.68
2026/08/07 14:05:14.745, 4, 103110, 100, 954.71
2026/08/07 14:05:14.745, 5, 104270, 100, 969.25
2026/08/07 14:05:14.745, 6, 104270, 100, 949.66
2026/08/07 14:05:14.745, 7, 104270, 100, 973.45
2026/08/07 14:05:15.245, 0, 103100, 100, 948.10
2026/08/07 14:05:15.245, 1, 104260, 100, 976.85
2026/08/07 14:05:15.245, 2, 104260, 100, 943.51
2026/08/07 14:05:15.245, 3, 104260, 100, 961.06
2026/08/07 14:05:15.245, 4, 103110, 100, 949.35
2026/08/07 14:05:15.245, 5, 104270, 100, 965.81
2026/08/07 14:05:15.245, 6, 104270, 100, 957.38
2026/08/07 14:05:15.245, 7, 104270, 100, 980.06
2026/08/07 14:05:15.745, 0, 103100, 100, 945.66
2026/08/07 14:05:15.745, 1, 104260, 100, 964.98
2026/08/07 14:05:15.745, 2, 104260, 100, 935.85
2026/08/07 14:05:15.745, 3, 104260, 100, 957.22
2026/08/07 14:05:15.745, 4, 103110, 100, 939.02
2026/08/07 14:05:15.745, 5, 104270, 100, 953.96
2026/08/07 14:05:15.745, 6, 104270, 100, 945.97
2026/08/07 14:05:15.745, 7, 104270, 100, 974.36
2026/08/07 14:05:16.245, 0, 103100, 100, 954.25
2026/08/07 14:05:16.245, 1, 104260, 100, 961.19
2026/08/07 14:05:16.245, 2, 104260, 100, 935.39
2026/08/07 14:05:16.245, 3, 104260, 100, 952.75
2026/08/07 14:05:16.245, 4, 103110, 100, 933.11
2026/08/07 14:05:16.246, 5, 104270, 100, 952.95
2026/08/07 14:05:16.246, 6, 104270, 100, 942.56
2026/08/07 14:05:16.246, 7, 104270, 100, 965.26
2026/08/07 14:05:16.746, 0, 103100, 100, 949.20
2026/08/07 14:05:16.746, 1, 104260, 100, 970.37
2026/08/07 14:05:16.746, 2, 104260, 100, 940.41
2026/08/07 14:05:16.746, 3, 104260, 100, 950.14
2026/08/07 14:05:16.746, 4, 103110, 100, 933.40
2026/08/07 14:05:16.746, 5, 104270, 100, 960.46
2026/08/07 14:05:16.746, 6, 104270, 100, 940.53
2026/08/07 14:05:16.746, 7, 104270, 100, 963.98
2026/08/07 14:05:17.246, 0, 103100, 100, 953.41
2026/08/07 14:05:17.246, 1, 104260, 100, 962.10
2026/08/07 14:05:17.246, 2, 104260, 100, 944.06
2026/08/07 14:05:17.246, 3, 104260, 100, 956.50
2026/08/07 14:05:17.246, 4, 103110, 100, 936.28
2026/08/07 14:05:17.246, 5, 104270, 100, 952.80
2026/08/07 14:05:17.246, 6, 104270, 100, 939.74
2026/08/07 14:05:17.246, 7, 104270, 100, 958.19
2026/08/07 14:05:17.746, 0, 103100, 100, 961.54
2026/08/07 14:05:17.746, 1, 104260, 100, 968.01
2026/08/07 14:05:17.746, 2, 104260, 100, 949.82
2026/08/07 14:05:17.746, 3, 104260, 100, 959.45
2026/08/07 14:05:17.746, 4, 103110, 99, 936.73
2026/08/07 14:05:17.746, 5, 104270, 99, 960.08
2026/08/07 14:05:17.746, 6, 104270, 99, 938.10
2026/08/07 14:05:17.746, 7, 104270, 100, 965.22
2026/08/07 14:05:18.246, 0, 103100, 100, 960.67
2026/08/07 14:05:18.249, 1, 104260, 100, 982.06
2026/08/07 14:05:18.249, 2, 104260, 100, 950.75
2026/08/07 14:05:18.249, 3, 104260, 100, 954.32
2026/08/07 14:05:18.250, 4, 103110, 100, 935.02
2026/08/07 14:05:18.251, 5, 104270, 100, 959.70
2026/08/07 14:05:18.252, 6, 104270, 100, 938.46
2026/08/07 14:05:18.253, 7, 104270, 100, 966.31
2026/08/07 14:05:18.753, 0, 103100, 100, 968.54
2026/08/07 14:05:18.754, 1, 104260, 100, 982.71
2026/08/07 14:05:18.754, 2, 104260, 100, 950.12
2026/08/07 14:05:18.754, 3, 104260, 100, 956.66
2026/08/07 14:05:18.754, 4, 103110, 100, 936.59
2026/08/07 14:05:18.754, 5, 104270, 100, 954.10
2026/08/07 14:05:18.754, 6, 104270, 100, 949.11
2026/08/07 14:05:18.754, 7, 104270, 100, 962.47
2026/08/07 14:05:19.254, 0, 103100, 100, 960.62
2026/08/07 14:05:19.254, 1, 104260, 100, 978.35
2026/08/07 14:05:19.254, 2, 104260, 100, 949.14
2026/08/07 14:05:19.254, 3, 104260, 100, 957.73
2026/08/07 14:05:19.254, 4, 103110, 100, 944.64
2026/08/07 14:05:19.254, 5, 104270, 100, 956.11
2026/08/07 14:05:19.254, 6, 104270, 100, 945.42
2026/08/07 14:05:19.254, 7, 104270, 100, 972.54
2026/08/07 14:05:19.754, 0, 103100, 100, 945.98
2026/08/07 14:05:19.754, 1, 104260, 100, 966.48
2026/08/07 14:05:19.754, 2, 104260, 100, 950.54
2026/08/07 14:05:19.754, 3, 104260, 100, 963.98
2026/08/07 14:05:19.754, 4, 103110, 100, 953.39
2026/08/07 14:05:19.754, 5, 104270, 100, 955.84
2026/08/07 14:05:19.754, 6, 104270, 100, 938.33
2026/08/07 14:05:19.754, 7, 104270, 100, 973.19
2026/08/07 14:05:20.254, 0, 103100, 100, 949.62
2026/08/07 14:05:20.254, 1, 104260, 100, 961.55
2026/08/07 14:05:20.254, 2, 104260, 100, 948.79
2026/08/07 14:05:20.254, 3, 104260, 100, 962.95
2026/08/07 14:05:20.254, 4, 103110, 100, 951.12
2026/08/07 14:05:20.254, 5, 104270, 100, 959.19
2026/08/07 14:05:20.254, 6, 104270, 100, 937.64
2026/08/07 14:05:20.254, 7, 104270, 100, 971.31
2026/08/07 14:05:20.755, 0, 103100, 100, 951.86
2026/08/07 14:05:20.755, 1, 104260, 100, 972.03
2026/08/07 14:05:20.757, 2, 104260, 100, 948.05
2026/08/07 14:05:20.758, 3, 104260, 100, 955.25
2026/08/07 14:05:20.759, 4, 103110, 100, 942.37
2026/08/07 14:05:20.760, 5, 104270, 100, 958.03
2026/08/07 14:05:20.761, 6, 104270, 100, 942.09
2026/08/07 14:05:20.762, 7, 104270, 100, 963.25
2026/08/07 14:05:21.263, 0, 103100, 100, 934.03
2026/08/07 14:05:21.263, 1, 104260, 100, 967.91
2026/08/07 14:05:21.263, 2, 104260, 100, 954.65
2026/08/07 14:05:21.263, 3, 104260, 100, 948.88
2026/08/07 14:05:21.263, 4, 103110, 100, 944.10
2026/08/07 14:05:21.263, 5, 104270, 100, 958.35
2026/08/07 14:05:21.263, 6, 104270, 100, 948.78
2026/08/07 14:05:21.263, 7, 104270, 100, 961.08
2026/08/07 14:05:21.763, 0, 103100, 100, 938.58
2026/08/07 14:05:21.763, 1, 104260, 100, 963.14
2026/08/07 14:05:21.763, 2, 104260, 100, 946.91
2026/08/07 14:05:21.763, 3, 104260, 100, 955.69
2026/08/07 14:05:21.763, 4, 103110, 100, 940.35
2026/08/07 14:05:21.763, 5, 104270, 100, 941.78
2026/08/07 14:05:21.763, 6, 104270, 100, 941.46
2026/08/07 14:05:21.763, 7, 104270, 100, 964.58
2026/08/07 14:05:22.263, 0, 103100, 100, 963.48
2026/08/07 14:05:22.263, 1, 104260, 100, 966.43
2026/08/07 14:05:22.263, 2, 104260, 100, 950.88
2026/08/07 14:05:22.263, 3, 104260, 100, 971.74
2026/08/07 14:05:22.263, 4, 103110, 100, 930.39
2026/08/07 14:05:22.263, 5, 104270, 100, 941.74
2026/08/07 14:05:22.263, 6, 104270, 100, 934.14
2026/08/07 14:05:22.263, 7, 104270, 100, 961.89
2026/08/07 14:05:22.764, 0, 103100, 100, 961.97
2026/08/07 14:05:22.766, 1, 104260, 100, 977.11
2026/08/07 14:05:22.766, 2, 104260, 100, 951.85
2026/08/07 14:05:22.770, 3, 104260, 100, 979.03
2026/08/07 14:05:22.770, 4, 103110, 100, 939.75
2026/08/07 14:05:22.774, 5, 104270, 100, 959.75
2026/08/07 14:05:22.775, 6, 104270, 100, 938.49
2026/08/07 14:05:22.775, 7, 104270, 100, 971.55
2026/08/07 14:05:23.275, 0, 103100, 100, 960.01
2026/08/07 14:05:23.275, 1, 104260, 100, 983.63
2026/08/07 14:05:23.275, 2, 104260, 100, 946.37
2026/08/07 14:05:23.275, 3, 104260, 100, 975.47
2026/08/07 14:05:23.275, 4, 103110, 100, 952.03
2026/08/07 14:05:23.275, 5, 104270, 100, 961.40
2026/08/07 14:05:23.275, 6, 104270, 100, 938.37
2026/08/07 14:05:23.275, 7, 104270, 100, 976.88
2026/08/07 14:05:23.775, 0, 103100, 100, 961.94
2026/08/07 14:05:23.775, 1, 104260, 100, 982.95
2026/08/07 14:05:23.775, 2, 104260, 100, 946.60
2026/08/07 14:05:23.775, 3, 104260, 100, 963.77
2026/08/07 14:05:23.775, 4, 103110, 100, 953.61
2026/08/07 14:05:23.775, 5, 104270, 100, 967.24
2026/08/07 14:05:23.775, 6, 104270, 100, 948.47
2026/08/07 14:05:23.775, 7, 104270, 100, 969.46
2026/08/07 14:05:24.275, 0, 103100, 100, 952.16
2026/08/07 14:05:24.275, 1, 104260, 100, 977.81
2026/08/07 14:05:24.275, 2, 104260, 100, 954.10
2026/08/07 14:05:24.275, 3, 104260, 100, 961.66
2026/08/07 14:05:24.275, 4, 103110, 100, 951.71
2026/08/07 14:05:24.276, 5, 104270, 100, 964.51
2026/08/07 14:05:24.276, 6, 104270, 100, 958.41
2026/08/07 14:05:24.276, 7, 104270, 100, 972.55
2026/08/07 14:05:24.776, 0, 103100, 100, 944.82
2026/08/07 14:05:24.776, 1, 104260, 100, 965.50
2026/08/07 14:05:24.776, 2, 104260, 100, 943.74
2026/08/07 14:05:24.776, 3, 104260, 100, 958.57
2026/08/07 14:05:24.776, 4, 103110, 100, 939.38
2026/08/07 14:05:24.776, 5, 104270, 100, 953.53
2026/08/07 14:05:24.776, 6, 104270, 100, 937.25
2026/08/07 14:05:24.776, 7, 104270, 100, 967.50
2026/08/07 14:05:25.276, 0, 103100, 100, 950.60
2026/08/07 14:05:25.276, 1, 104260, 100, 967.94
2026/08/07 14:05:25.276, 2, 104260, 100, 936.18
2026/08/07 14:05:25.276, 3, 104260, 100, 949.58
2026/08/07 14:05:25.276, 4, 103110, 100, 938.13
2026/08/07 14:05:25.276, 5, 104270, 100, 958.94
2026/08/07 14:05:25.276, 6, 104270, 100, 927.28
2026/08/07 14:05:25.276, 7, 104270, 100, 960.05
2026/08/07 14:05:25.776, 0, 103100, 100, 947.06
2026/08/07 14:05:25.776, 1, 104260, 100, 967.86
2026/08/07 14:05:25.776, 2, 104260, 100, 949.93
2026/08/07 14:05:25.776, 3, 104260, 100, 954.99
2026/08/07 14:05:25.776, 4, 103110, 100, 935.16
2026/08/07 14:05:25.776, 5, 104270, 100, 965.22
2026/08/07 14:05:25.776, 6, 104270, 100, 936.67
2026/08/07 14:05:25.776, 7, 104270, 100, 965.96
2026/08/07 14:05:26.276, 0, 103100, 100, 952.63
2026/08/07 14:05:26.276, 1, 104260, 100, 967.61
2026/08/07 14:05:26.276, 2, 104260, 100, 951.07
2026/08/07 14:05:26.276, 3, 104260, 100, 966.67
2026/08/07 14:05:26.276, 4, 103110, 100, 927.95
2026/08/07 14:05:26.276, 5, 104270, 100, 957.43
2026/08/07 14:05:26.276, 6, 104270, 100, 940.27
2026/08/07 14:05:26.276, 7, 104270, 100, 970.65
2026/08/07 14:05:26.776, 0, 103100, 100, 961.85
2026/08/07 14:05:26.776, 1, 104260, 100, 972.37
2026/08/07 14:05:26.777, 2, 104260, 100, 944.62
2026/08/07 14:05:26.777, 3, 104260, 100, 964.80
2026/08/07 14:05:26.777, 4, 103110, 100, 927.22
2026/08/07 14:05:26.777, 5, 104270, 100, 950.59
2026/08/07 14:05:26.777, 6, 104270, 100, 928.62
2026/08/07 14:05:26.777, 7, 104270, 100, 960.01
2026/08/07 14:05:27.277, 0, 103100, 100, 949.84
2026/08/07 14:05:27.277, 1, 104260, 100, 974.43
2026/08/07 14:05:27.277, 2, 104260, 100, 950.94
2026/08/07 14:05:27.277, 3, 104260, 100, 966.99
2026/08/07 14:05:27.277, 4, 103110, 100, 940.28
2026/08/07 14:05:27.277, 5, 104270, 100, 957.00
2026/08/07 14:05:27.277, 6, 104270, 100, 931.05
2026/08/07 14:05:27.277, 7, 104270, 100, 961.30
2026/08/07 14:05:27.777, 0, 103100, 100, 950.34
2026/08/07 14:05:27.777, 1, 104260, 100, 967.02
2026/08/07 14:05:27.777, 2, 104260, 100, 951.30
2026/08/07 14:05:27.777, 3, 104260, 100, 968.01
2026/08/07 14:05:27.777, 4, 103110, 100, 945.07
2026/08/07 14:05:27.777, 5, 104270, 100, 960.71
2026/08/07 14:05:27.777, 6, 104270, 100, 946.19
2026/08/07 14:05:27.777, 7, 104270, 100, 976.44
2026/08/07 14:05:28.277, 0, 103100, 100, 961.52
2026/08/07 14:05:28.277, 1, 104260, 100, 975.97
2026/08/07 14:05:28.277, 2, 104260, 100, 950.43
2026/08/07 14:05:28.277, 3, 104260, 100, 961.53
2026/08/07 14:05:28.277, 4, 103110, 100, 944.27
2026/08/07 14:05:28.277, 5, 104270, 100, 964.99
2026/08/07 14:05:28.277, 6, 104270, 100, 953.96
2026/08/07 14:05:28.277, 7, 104270, 100, 976.46
2026/08/07 14:05:28.777, 0, 103100, 100, 951.20
2026/08/07 14:05:28.777, 1, 104260, 100, 976.15
2026/08/07 14:05:28.777, 2, 104260, 100, 951.83
2026/08/07 14:05:28.777, 3, 104260, 100, 961.72
2026/08/07 14:05:28.777, 4, 103110, 100, 943.76
2026/08/07 14:05:28.777, 5, 104270, 100, 971.12
2026/08/07 14:05:28.777, 6, 104270, 100, 952.77
2026/08/07 14:05:28.777, 7, 104270, 100, 975.47
2026/08/07 14:05:29.278, 0, 103100, 100, 942.20
2026/08/07 14:05:29.280, 1, 104260, 100, 962.87
2026/08/07 14:05:29.281, 2, 104260, 100, 943.39
2026/08/07 14:05:29.281, 3, 104260, 100, 956.14
2026/08/07 14:05:29.281, 4, 103110, 100, 935.95
2026/08/07 14:05:29.281, 5, 104270, 100, 958.25
2026/08/07 14:05:29.281, 6, 104270, 100, 950.10
2026/08/07 14:05:29.281, 7, 104270, 100, 973.71
2026/08/07 14:05:29.781, 0, 103100, 100, 946.35
2026/08/07 14:05:29.781, 1, 104260, 100, 965.98
2026/08/07 14:05:29.781, 2, 104260, 100, 941.33
2026/08/07 14:05:29.781, 3, 104260, 100, 947.05
2026/08/07 14:05:29.781, 4, 103110, 100, 935.78
2026/08/07 14:05:29.781, 5, 104270, 100, 945.68
2026/08/07 14:05:29.781, 6, 104270, 100, 934.97
2026/08/07 14:05:29.781, 7, 104270, 100, 959.09
2026/08/07 14:05:30.281, 0, 103100, 99, 947.75
2026/08/07 14:05:30.281, 1, 104260, 100, 956.25
2026/08/07 14:05:30.281, 2, 104260, 100, 949.36
2026/08/07 14:05:30.281, 3, 104260, 100, 941.44
2026/08/07 14:05:30.281, 4, 103110, 100, 940.41
2026/08/07 14:05:30.281, 5, 104270, 100, 952.02
2026/08/07 14:05:30.281, 6, 104270, 100, 928.67
2026/08/07 14:05:30.282, 7, 104270, 100, 959.40
2026/08/07 14:05:30.782, 0, 103100, 100, 949.80
2026/08/07 14:05:30.782, 1, 104260, 100, 960.66
2026/08/07 14:05:30.782, 2, 104260, 100, 945.72
2026/08/07 14:05:30.782, 3, 104260, 100, 952.99
2026/08/07 14:05:30.782, 4, 103110, 100, 933.15
2026/08/07 14:05:30.782, 5, 104270, 100, 951.71
2026/08/07 14:05:30.782, 6, 104270, 100, 934.65
2026/08/07 14:05:30.782, 7, 104270, 100, 968.41
2026/08/07 14:05:31.282, 0, 103100, 100, 956.18
2026/08/07 14:05:31.282, 1, 104260, 100, 979.44
2026/08/07 14:05:31.282, 2, 104260, 100, 946.95
2026/08/07 14:05:31.282, 3, 104260, 100, 962.80
2026/08/07 14:05:31.282, 4, 103110, 100, 932.02
2026/08/07 14:05:31.282, 5, 104270, 100, 956.00
2026/08/07 14:05:31.282, 6, 104270, 100, 930.60
2026/08/07 14:05:31.282, 7, 104270, 100, 965.53
2026/08/07 14:05:31.782, 0, 103100, 100, 963.69
2026/08/07 14:05:31.782, 1, 104260, 100, 980.72
2026/08/07 14:05:31.782, 2, 104260, 100, 952.69
2026/08/07 14:05:31.782, 3, 104260, 100, 963.86
2026/08/07 14:05:31.782, 4, 103110, 100, 948.84
2026/08/07 14:05:31.782, 5, 104270, 100, 972.90
2026/08/07 14:05:31.782, 6, 104270, 100, 937.85
2026/08/07 14:05:31.782, 7, 104270, 100, 974.01
2026/08/07 14:05:32.282, 0, 103100, 100, 965.89
2026/08/07 14:05:32.282, 1, 104260, 100, 977.39
2026/08/07 14:05:32.282, 2, 104260, 100, 955.09
2026/08/07 14:05:32.282, 3, 104260, 100, 962.53
2026/08/07 14:05:32.282, 4, 103110, 100, 950.16
2026/08/07 14:05:32.282, 5, 104270, 100, 964.96
2026/08/07 14:05:32.282, 6, 104270, 100, 945.75
2026/08/07 14:05:32.282, 7, 104270, 100, 974.29
2026/08/07 14:05:32.782, 0, 103100, 100, 956.38
2026/08/07 14:05:32.782, 1, 104260, 100, 980.46
2026/08/07 14:05:32.782, 2, 104260, 100, 948.17
2026/08/07 14:05:32.782, 3, 104260, 100, 959.57
2026/08/07 14:05:32.783, 4, 103110, 100, 950.88
2026/08/07 14:05:32.783, 5, 104270, 100, 965.80
2026/08/07 14:05:32.783, 6, 104270, 100, 950.39
2026/08/07 14:05:32.783, 7, 104270, 100, 973.69
2026/08/07 14:05:33.283, 0, 103100, 100, 945.51
2026/08/07 14:05:33.283, 1, 104260, 100, 966.78
2026/08/07 14:05:33.283, 2, 104260, 100, 936.39
2026/08/07 14:05:33.283, 3, 104260, 100, 962.00
2026/08/07 14:05:33.283, 4, 103110, 100, 953.06
2026/08/07 14:05:33.283, 5, 104270, 100, 964.83
2026/08/07 14:05:33.283, 6, 104270, 100, 954.91
2026/08/07 14:05:33.283, 7, 104270, 100, 978.46
2026/08/07 14:05:33.783, 0, 103100, 100, 945.24
2026/08/07 14:05:33.785, 1, 104260, 100, 956.96
2026/08/07 14:05:33.785, 2, 104260, 100, 939.21
2026/08/07 14:05:33.785, 3, 104260, 100, 955.86
2026/08/07 14:05:33.785, 4, 103110, 100, 949.56
2026/08/07 14:05:33.785, 5, 104270, 100, 964.90
2026/08/07 14:05:33.786, 6, 104270, 100, 945.92
2026/08/07 14:05:33.786, 7, 104270, 100, 972.55
2026/08/07 14:05:34.286, 0, 103100, 100, 938.91
2026/08/07 14:05:34.286, 1, 104260, 100, 952.71
2026/08/07 14:05:34.286, 2, 104260, 100, 947.81
2026/08/07 14:05:34.286, 3, 104260, 100, 949.18
2026/08/07 14:05:34.286, 4, 103110, 100, 941.59
2026/08/07 14:05:34.286, 5, 104270, 100, 961.47
2026/08/07 14:05:34.286, 6, 104270, 100, 941.15
2026/08/07 14:05:34.286, 7, 104270, 100, 970.27
2026/08/07 14:05:34.786, 0, 103100, 100, 940.51
2026/08/07 14:05:34.786, 1, 104260, 99, 951.22
2026/08/07 14:05:34.786, 2, 104260, 100, 935.80
2026/08/07 14:05:34.786, 3, 104260, 100, 956.33
2026/08/07 14:05:34.786, 4, 103110, 100, 939.89
2026/08/07 14:05:34.786, 5, 104270, 100, 959.32
2026/08/07 14:05:34.786, 6, 104270, 100, 943.04
2026/08/07 14:05:34.786, 7, 104270, 100, 960.62
2026/08/07 14:05:35.286, 0, 103100, 100, 951.56
2026/08/07 14:05:35.286, 1, 104260, 100, 967.09
2026/08/07 14:05:35.286, 2, 104260, 100, 934.44
2026/08/07 14:05:35.286, 3, 104260, 100, 954.61
2026/08/07 14:05:35.286, 4, 103110, 99, 938.37
2026/08/07 14:05:35.286, 5, 104270, 99, 956.62
2026/08/07 14:05:35.286, 6, 104270, 99, 936.91
2026/08/07 14:05:35.286, 7, 104270, 100, 954.42
2026/08/07 14:05:35.786, 0, 103100, 100, 962.39
2026/08/07 14:05:35.789, 1, 104260, 100, 982.77
2026/08/07 14:05:35.789, 2, 104260, 100, 949.40
2026/08/07 14:05:35.789, 3, 104260, 100, 961.76
2026/08/07 14:05:35.789, 4, 103110, 100, 930.89
2026/08/07 14:05:35.789, 5, 104270, 100, 957.48
2026/08/07 14:05:35.789, 6, 104270, 100, 930.42
2026/08/07 14:05:35.789, 7, 104270, 100, 960.63
2026/08/07 14:05:36.289, 0, 103100, 100, 967.08
2026/08/07 14:05:36.289, 1, 104260, 100, 978.40
2026/08/07 14:05:36.289, 2, 104260, 100, 958.78
2026/08/07 14:05:36.289, 3, 104260, 100, 969.49
2026/08/07 14:05:36.289, 4, 103110, 100, 941.87
2026/08/07 14:05:36.289, 5, 104270, 100, 962.24
2026/08/07 14:05:36.289, 6, 104270, 100, 937.76
2026/08/07 14:05:36.289, 7, 104270, 100, 969.08
2026/08/07 14:05:36.789, 0, 103100, 100, 963.96
2026/08/07 14:05:36.789, 1, 104260, 100, 969.93
2026/08/07 14:05:36.789, 2, 104260, 100, 953.95
2026/08/07 14:05:36.789, 3, 104260, 100, 968.54
2026/08/07 14:05:36.789, 4, 103110, 100, 954.22
2026/08/07 14:05:36.789, 5, 104270, 100, 969.04
2026/08/07 14:05:36.789, 6, 104270, 100, 945.69
2026/08/07 14:05:36.790, 7, 104270, 100, 976.79
2026/08/07 14:05:37.290, 0, 103100, 100, 953.94
2026/08/07 14:05:37.290, 1, 104260, 100, 966.23
2026/08/07 14:05:37.290, 2, 104260, 100, 950.15
2026/08/07 14:05:37.290, 3, 104260, 100, 966.45
2026/08/07 14:05:37.290, 4, 103110, 100, 952.64
2026/08/07 14:05:37.290, 5, 104270, 100, 970.97
2026/08/07 14:05:37.290, 6, 104270, 100, 952.69
2026/08/07 14:05:37.290, 7, 104270, 100, 978.13
2026/08/07 14:05:37.790, 0, 103100, 100, 947.67
2026/08/07 14:05:37.790, 1, 104260, 100, 970.46
2026/08/07 14:05:37.790, 2, 104260, 100, 949.38
2026/08/07 14:05:37.790, 3, 104260, 100, 955.96
2026/08/07 14:05:37.790, 4, 103110, 100, 950.15
2026/08/07 14:05:37.790, 5, 104270, 100, 963.63
2026/08/07 14:05:37.790, 6, 104270, 100, 949.62
2026/08/07 14:05:37.790, 7, 104270, 100, 965.82
2026/08/07 14:05:38.290, 0, 103100, 100, 957.38
2026/08/07 14:05:38.290, 1, 104260, 100, 974.04
2026/08/07 14:05:38.290, 2, 104260, 100, 950.41
2026/08/07 14:05:38.290, 3, 104260, 100, 948.77
2026/08/07 14:05:38.290, 4, 103110, 100, 950.68
2026/08/07 14:05:38.290, 5, 104270, 100, 961.21
2026/08/07 14:05:38.290, 6, 104270, 100, 938.35
2026/08/07 14:05:38.290, 7, 104270, 100, 965.87
2026/08/07 14:05:38.790, 0, 103100, 100, 952.02
2026/08/07 14:05:38.790, 1, 104260, 100, 969.40
2026/08/07 14:05:38.792, 2, 104260, 100, 942.17
2026/08/07 14:05:38.792, 3, 104260, 100, 949.75
2026/08/07 14:05:38.793, 4, 103110, 100, 945.13
2026/08/07 14:05:38.794, 5, 104270, 100, 943.82
2026/08/07 14:05:38.795, 6, 104270, 100, 935.48
2026/08/07 14:05:38.796, 7, 104270, 100, 968.45
2026/08/07 14:05:39.297, 0, 103100, 100, 942.60
2026/08/07 14:05:39.297, 1, 104260, 100, 969.56
2026/08/07 14:05:39.297, 2, 104260, 100, 928.05
2026/08/07 14:05:39.297, 3, 104260, 100, 951.48
2026/08/07 14:05:39.297, 4, 103110, 100, 937.21
2026/08/07 14:05:39.297, 5, 104270, 100, 945.04
2026/08/07 14:05:39.297, 6, 104270, 100, 932.35
2026/08/07 14:05:39.297, 7, 104270, 100, 965.97
2026/08/07 14:05:39.797, 0, 103100, 100, 950.95
2026/08/07 14:05:39.797, 1, 104260, 100, 977.14
2026/08/07 14:05:39.797, 2, 104260, 100, 937.90
2026/08/07 14:05:39.798, 3, 104260, 100, 957.78
2026/08/07 14:05:39.798, 4, 103110, 99, 942.24
2026/08/07 14:05:39.798, 5, 104270, 99, 946.83
2026/08/07 14:05:39.798, 6, 104270, 99, 929.96
2026/08/07 14:05:39.798, 7, 104270, 100, 967.41
2026/08/07 14:05:40.298, 0, 103100, 100, 962.62
2026/08/07 14:05:40.298, 1, 104260, 100, 982.94
2026/08/07 14:05:40.298, 2, 104260, 100, 954.34
2026/08/07 14:05:40.298, 3, 104260, 100, 968.84
2026/08/07 14:05:40.298, 4, 103110, 100, 944.24
2026/08/07 14:05:40.298, 5, 104270, 100, 946.95
2026/08/07 14:05:40.298, 6, 104270, 100, 932.25
2026/08/07 14:05:40.298, 7, 104270, 100, 964.89
2026/08/07 14:05:40.798, 0, 103100, 100, 962.32
2026/08/07 14:05:40.798, 1, 104260, 100, 977.39
2026/08/07 14:05:40.798, 2, 104260, 100, 952.42
2026/08/07 14:05:40.798, 3, 104260, 100, 966.65
2026/08/07 14:05:40.798, 4, 103110, 100, 949.09
2026/08/07 14:05:40.798, 5, 104270, 100, 965.08
2026/08/07 14:05:40.798, 6, 104270, 100, 940.83
2026/08/07 14:05:40.798, 7, 104270, 100, 965.84
2026/08/07 14:05:41.298, 0, 103100, 100, 958.17
2026/08/07 14:05:41.298, 1, 104260, 100, 974.46
2026/08/07 14:05:41.298, 2, 104260, 100, 955.41
2026/08/07 14:05:41.298, 3, 104260, 100, 964.94
2026/08/07 14:05:41.298, 4, 103110, 100, 955.81
2026/08/07 14:05:41.298, 5, 104270, 100, 972.24
2026/08/07 14:05:41.298, 6, 104270, 100, 943.97
2026/08/07 14:05:41.298, 7, 104270, 100, 976.48
2026/08/07 14:05:41.798, 0, 103100, 100, 950.57
2026/08/07 14:05:41.798, 1, 104260, 100, 976.66
2026/08/07 14:05:41.798, 2, 104260, 100, 949.02
2026/08/07 14:05:41.798, 3, 104260, 100, 962.24
2026/08/07 14:05:41.798, 4, 103110, 100, 951.49
2026/08/07 14:05:41.798, 5, 104270, 100, 966.42
2026/08/07 14:05:41.798, 6, 104270, 100, 949.34
2026/08/07 14:05:41.798, 7, 104270, 100, 983.24
2026/08/07 14:05:42.299, 0, 103100, 100, 948.12
2026/08/07 14:05:42.299, 1, 104260, 100, 967.90
2026/08/07 14:05:42.299, 2, 104260, 100, 938.56
2026/08/07 14:05:42.299, 3, 104260, 100, 958.41
2026/08/07 14:05:42.299, 4, 103110, 100, 944.56
2026/08/07 14:05:42.299, 5, 104270, 100, 953.28
2026/08/07 14:05:42.299, 6, 104270, 100, 940.37
2026/08/07 14:05:42.299, 7, 104270, 100, 965.12
2026/08/07 14:05:42.799, 0, 103100, 100, 948.88
2026/08/07 14:05:42.799, 1, 104260, 100, 954.72
2026/08/07 14:05:42.799, 2, 104260, 100, 939.20
2026/08/07 14:05:42.799, 3, 104260, 100, 955.68
2026/08/07 14:05:42.799, 4, 103110, 100, 944.17
2026/08/07 14:05:42.799, 5, 104270, 100, 951.58
2026/08/07 14:05:42.799, 6, 104270, 100, 934.70
2026/08/07 14:05:42.799, 7, 104270, 100, 960.85
2026/08/07 14:05:43.299, 0, 103100, 100, 938.43
2026/08/07 14:05:43.299, 1, 104260, 100, 956.33
2026/08/07 14:05:43.299, 2, 104260, 100, 940.18
2026/08/07 14:05:43.299, 3, 104260, 100, 954.40
2026/08/07 14:05:43.299, 4, 103110, 100, 940.69
2026/08/07 14:05:43.299, 5, 104270, 100, 959.29
2026/08/07 14:05:43.299, 6, 104270, 100, 935.09
2026/08/07 14:05:43.299, 7, 104270, 100, 968.79
2026/08/07 14:05:43.799, 0, 103100, 100, 941.01
2026/08/07 14:05:43.799, 1, 104260, 100, 962.32
2026/08/07 14:05:43.799, 2, 104260, 100, 930.04
2026/08/07 14:05:43.799, 3, 104260, 100, 945.90
2026/08/07 14:05:43.799, 4, 103110, 100, 935.13
2026/08/07 14:05:43.799, 5, 104270, 100, 948.29
2026/08/07 14:05:43.799, 6, 104270, 100, 925.54
2026/08/07 14:05:43.799, 7, 104270, 100, 960.83
2026/08/07 14:05:44.300, 0, 103100, 100, 951.98
2026/08/07 14:05:44.300, 1, 104260, 100, 968.16
2026/08/07 14:05:44.300, 2, 104260, 100, 940.44
2026/08/07 14:05:44.300, 3, 104260, 100, 952.25
2026/08/07 14:05:44.300, 4, 103110, 100, 928.64
2026/08/07 14:05:44.300, 5, 104270, 100, 951.58
2026/08/07 14:05:44.300, 6, 104270, 100, 923.82
2026/08/07 14:05:44.300, 7, 104270, 100, 960.07
2026/08/07 14:05:44.800, 0, 103100, 100, 954.95
2026/08/07 14:05:44.800, 1, 104260, 100, 983.93
2026/08/07 14:05:44.800, 2, 104260, 100, 955.10
2026/08/07 14:05:44.800, 3, 104260, 100, 968.45
2026/08/07 14:05:44.800, 4, 103110, 100, 934.04
2026/08/07 14:05:44.800, 5, 104270, 100, 957.58
2026/08/07 14:05:44.800, 6, 104270, 100, 934.87
2026/08/07 14:05:44.800, 7, 104270, 100, 974.25
2026/08/07 14:05:45.300, 0, 103100, 100, 958.61
2026/08/07 14:05:45.300, 1, 104260, 100, 983.88
2026/08/07 14:05:45.300, 2, 104260, 100, 948.58
2026/08/07 14:05:45.300, 3, 104260, 100, 968.35
2026/08/07 14:05:45.300, 4, 103110, 100, 943.75
2026/08/07 14:05:45.300, 5, 104270, 100, 964.64
2026/08/07 14:05:45.301, 6, 104270, 100, 948.06
2026/08/07 14:05:45.301, 7, 104270, 100, 975.46
2026/08/07 14:05:45.801, 0, 103100, 100, 957.42
2026/08/07 14:05:45.801, 1, 104260, 100, 972.89
2026/08/07 14:05:45.801, 2, 104260, 100, 942.17
2026/08/07 14:05:45.801, 3, 104260, 100, 956.83
2026/08/07 14:05:45.801, 4, 103110, 100, 952.41
2026/08/07 14:05:45.801, 5, 104270, 100, 972.78
2026/08/07 14:05:45.801, 6, 104270, 100, 957.00
2026/08/07 14:05:45.801, 7, 104270, 100, 978.62
2026/08/07 14:05:46.301, 0, 103100, 100, 958.46
2026/08/07 14:05:46.301, 1, 104260, 100, 969.04
2026/08/07 14:05:46.301, 2, 104260, 100, 947.03
2026/08/07 14:05:46.301, 3, 104260, 100, 958.44
2026/08/07 14:05:46.301, 4, 103110, 100, 950.82
2026/08/07 14:05:46.301, 5, 104270, 100, 975.54
2026/08/07 14:05:46.301, 6, 104270, 100, 953.14
2026/08/07 14:05:46.301, 7, 104270, 100, 976.21
2026/08/07 14:05:46.801, 0, 103100, 100, 957.06
2026/08/07 14:05:46.801, 1, 104260, 100, 969.11
2026/08/07 14:05:46.801, 2, 104260, 100, 947.89
2026/08/07 14:05:46.801, 3, 104260, 100, 963.53
2026/08/07 14:05:46.801, 4, 103110, 100, 942.33
2026/08/07 14:05:46.801, 5, 104270, 100, 960.49
2026/08/07 14:05:46.801, 6, 104270, 100, 943.67
2026/08/07 14:05:46.801, 7, 104270, 100, 973.03
2026/08/07 14:05:47.301, 0, 103100, 100, 951.10
2026/08/07 14:05:47.301, 1, 104260, 100, 971.19
2026/08/07 14:05:47.301, 2, 104260, 100, 935.12
2026/08/07 14:05:47.301, 3, 104260, 100, 956.95
2026/08/07 14:05:47.301, 4, 103110, 100, 938.14
2026/08/07 14:05:47.301, 5, 104270, 100, 959.04
2026/08/07 14:05:47.301, 6, 104270, 100, 933.39
2026/08/07 14:05:47.301, 7, 104270, 100, 964.95
2026/08/07 14:05:47.801, 0, 103100, 99, 948.68
2026/08/07 14:05:47.801, 1, 104260, 99, 958.84
2026/08/07 14:05:47.801, 2, 104260, 100, 932.90
2026/08/07 14:05:47.801, 3, 104260, 100, 960.86
2026/08/07 14:05:47.801, 4, 103110, 100, 942.42
2026/08/07 14:05:47.801, 5, 104270, 100, 956.44
2026/08/07 14:05:47.802, 6, 104270, 100, 925.15
2026/08/07 14:05:47.802, 7, 104270, 100, 957.94
2026/08/07 14:05:48.302, 0, 103100, 100, 952.91
2026/08/07 14:05:48.302, 1, 104260, 100, 958.14
2026/08/07 14:05:48.302, 2, 104260, 100, 936.46
2026/08/07 14:05:48.302, 3, 104260, 100, 957.67
2026/08/07 14:05:48.302, 4, 103110, 100, 936.20
2026/08/07 14:05:48.302, 5, 104270, 100, 951.68
2026/08/07 14:05:48.302, 6, 104270, 100, 924.62
2026/08/07 14:05:48.302, 7, 104270, 100, 960.67
2026/08/07 14:05:48.802, 0, 103100, 100, 961.30
2026/08/07 14:05:48.802, 1, 104260, 100, 975.82
2026/08/07 14:05:48.802, 2, 104260, 100, 945.09
2026/08/07 14:05:48.802, 3, 104260, 100, 961.02
2026/08/07 14:05:48.802, 4, 103110, 100, 926.53
2026/08/07 14:05:48.802, 5, 104270, 100, 962.91
2026/08/07 14:05:48.802, 6, 104270, 100, 933.40
2026/08/07 14:05:48.802, 7, 104270, 100, 961.98
2026/08/07 14:05:49.302, 0, 103100, 100, 965.41
2026/08/07 14:05:49.302, 1, 104260, 100, 983.90
2026/08/07 14:05:49.305, 2, 104260, 100, 958.79
2026/08/07 14:05:49.306, 3, 104260, 100, 973.46
2026/08/07 14:05:49.306, 4, 103110, 100, 930.11
2026/08/07 14:05:49.306, 5, 104270, 100, 964.25
2026/08/07 14:05:49.306, 6, 104270, 100, 944.75
2026/08/07 14:05:49.306, 7, 104270, 100, 979.11
2026/08/07 14:05:49.806, 0, 103100, 100, 958.44
2026/08/07 14:05:49.806, 1, 104260, 100, 984.56
2026/08/07 14:05:49.806, 2, 104260, 100, 956.53
2026/08/07 14:05:49.806, 3, 104260, 100, 973.52
2026/08/07 14:05:49.806, 4, 103110, 100, 937.02
2026/08/07 14:05:49.806, 5, 104270, 100, 964.99
2026/08/07 14:05:49.806, 6, 104270, 100, 948.00
2026/08/07 14:05:49.806, 7, 104270, 100, 975.44
2026/08/07 14:05:50.306, 0, 103100, 100, 950.85
2026/08/07 14:05:50.306, 1, 104260, 100, 977.26
2026/08/07 14:05:50.306, 2, 104260, 100, 945.93
2026/08/07 14:05:50.306, 3, 104260, 100, 966.38
2026/08/07 14:05:50.306, 4, 103110, 100, 943.59
2026/08/07 14:05:50.306, 5, 104270, 100, 971.91
2026/08/07 14:05:50.306, 6, 104270, 100, 949.34
2026/08/07 14:05:50.306, 7, 104270, 100, 975.81
2026/08/07 14:05:50.806, 0, 103100, 100, 955.74
2026/08/07 14:05:50.806, 1, 104260, 100, 973.95
2026/08/07 14:05:50.806, 2, 104260, 100, 945.52
2026/08/07 14:05:50.806, 3, 104260, 100, 964.23
2026/08/07 14:05:50.806, 4, 103110, 100, 950.42
2026/08/07 14:05:50.806, 5, 104270, 100, 969.81
2026/08/07 14:05:50.806, 6, 104270, 100, 947.20
2026/08/07 14:05:50.807, 7, 104270, 100, 980.86
2026/08/07 14:05:51.307, 0, 103100, 100, 957.52
2026/08/07 14:05:51.307, 1, 104260, 100, 971.67
2026/08/07 14:05:51.307, 2, 104260, 100, 945.00
2026/08/07 14:05:51.307, 3, 104260, 100, 959.64
2026/08/07 14:05:51.307, 4, 103110, 100, 944.52
2026/08/07 14:05:51.307, 5, 104270, 100, 957.43
2026/08/07 14:05:51.307, 6, 104270, 100, 934.24
2026/08/07 14:05:51.307, 7, 104270, 100, 971.04
2026/08/07 14:05:51.807, 0, 103100, 100, 946.24
2026/08/07 14:05:51.807, 1, 104260, 100, 962.84
2026/08/07 14:05:51.807, 2, 104260, 100, 945.48
2026/08/07 14:05:51.807, 3, 104260, 100, 959.59
2026/08/07 14:05:51.807, 4, 103110, 100, 940.40
2026/08/07 14:05:51.807, 5, 104270, 100, 953.20
2026/08/07 14:05:51.807, 6, 104270, 100, 928.46
2026/08/07 14:05:51.807, 7, 104270, 100, 960.32
2026/08/07 14:05:52.307, 0, 103100, 99, 932.96
2026/08/07 14:05:52.307, 1, 104260, 99, 962.86
2026/08/07 14:05:52.307, 2, 104260, 99, 943.05
2026/08/07 14:05:52.307, 3, 104260, 100, 950.77
2026/08/07 14:05:52.307, 4, 103110, 100, 937.03
2026/08/07 14:05:52.307, 5, 104270, 100, 955.77
2026/08/07 14:05:52.307, 6, 104270, 100, 932.84
2026/08/07 14:05:52.307, 7, 104270, 100, 963.72
2026/08/07 14:05:52.807, 0, 103100, 100, 935.94
2026/08/07 14:05:52.807, 1, 104260, 100, 963.19
2026/08/07 14:05:52.807, 2, 104260, 100, 948.80
2026/08/07 14:05:52.807, 3, 104260, 100, 953.20
2026/08/07 14:05:52.807, 4, 103110, 100, 934.12
2026/08/07 14:05:52.807, 5, 104270, 100, 942.61
2026/08/07 14:05:52.807, 6, 104270, 100, 932.53
2026/08/07 14:05:52.807, 7, 104270, 100, 966.18
2026/08/07 14:05:53.307, 0, 103100, 100, 952.04
2026/08/07 14:05:53.307, 1, 104260, 100, 967.21
2026/08/07 14:05:53.307, 2, 104260, 100, 953.36
2026/08/07 14:05:53.307, 3, 104260, 100, 966.34
2026/08/07 14:05:53.307, 4, 103110, 100, 937.07
2026/08/07 14:05:53.307, 5, 104270, 100, 951.52
2026/08/07 14:05:53.307, 6, 104270, 100, 937.86
2026/08/07 14:05:53.307, 7, 104270, 100, 961.21
2026/08/07 14:05:53.807, 0, 103100, 100, 966.67
2026/08/07 14:05:53.807, 1, 104260, 100, 982.10
2026/08/07 14:05:53.807, 2, 104260, 100, 953.43
2026/08/07 14:05:53.807, 3, 104260, 100, 971.86
2026/08/07 14:05:53.807, 4, 103110, 100, 938.80
2026/08/07 14:05:53.807, 5, 104270, 100, 960.52
2026/08/07 14:05:53.807, 6, 104270, 100, 936.77
2026/08/07 14:05:53.807, 7, 104270, 100, 965.90
2026/08/07 14:05:54.308, 0, 103100, 100, 957.38
2026/08/07 14:05:54.308, 1, 104260, 100, 978.10
2026/08/07 14:05:54.308, 2, 104260, 100, 958.40
2026/08/07 14:05:54.308, 3, 104260, 100, 966.00
2026/08/07 14:05:54.308, 4, 103110, 100, 943.85
2026/08/07 14:05:54.308, 5, 104270, 100, 958.13
2026/08/07 14:05:54.308, 6, 104270, 100, 933.78
2026/08/07 14:05:54.308, 7, 104270, 100, 974.48
2026/08/07 14:05:54.808, 0, 103100, 100, 943.06
2026/08/07 14:05:54.808, 1, 104260, 100, 963.03
2026/08/07 14:05:54.808, 2, 104260, 100, 953.75
2026/08/07 14:05:54.808, 3, 104260, 100, 959.04
2026/08/07 14:05:54.808, 4, 103110, 100, 947.61
2026/08/07 14:05:54.808, 5, 104270, 100, 969.87
2026/08/07 14:05:54.808, 6, 104270, 100, 945.71
2026/08/07 14:05:54.808, 7, 104270, 100, 977.08
2026/08/07 14:05:55.308, 0, 103100, 100, 946.59
2026/08/07 14:05:55.308, 1, 104260, 100, 966.47
2026/08/07 14:05:55.308, 2, 104260, 100, 946.70
2026/08/07 14:05:55.308, 3, 104260, 100, 956.84
2026/08/07 14:05:55.308, 4, 103110, 100, 945.82
2026/08/07 14:05:55.308, 5, 104270, 100, 973.73
2026/08/07 14:05:55.308, 6, 104270, 100, 952.89
2026/08/07 14:05:55.308, 7, 104270, 100, 976.17
2026/08/07 14:05:55.808, 0, 103100, 100, 949.88
2026/08/07 14:05:55.808, 1, 104260, 100, 969.93
2026/08/07 14:05:55.808, 2, 104260, 100, 949.73
2026/08/07 14:05:55.808, 3, 104260, 100, 956.30
2026/08/07 14:05:55.808, 4, 103110, 100, 942.41
2026/08/07 14:05:55.808, 5, 104270, 100, 965.17
2026/08/07 14:05:55.809, 6, 104270, 100, 942.32
2026/08/07 14:05:55.809, 7, 104270, 100, 976.78
2026/08/07 14:05:56.309, 0, 103100, 100, 954.99
2026/08/07 14:05:56.309, 1, 104260, 100, 966.74
2026/08/07 14:05:56.309, 2, 104260, 100, 939.92
2026/08/07 14:05:56.309, 3, 104260, 100, 953.29
2026/08/07 14:05:56.309, 4, 103110, 100, 930.47
2026/08/07 14:05:56.309, 5, 104270, 100, 948.09
2026/08/07 14:05:56.309, 6, 104270, 100, 933.38
2026/08/07 14:05:56.309, 7, 104270, 100, 958.29
2026/08/07 14:05:56.809, 0, 103102, 100, 939.92
2026/08/07 14:05:56.809, 1, 104262, 100, 968.29
2026/08/07 14:05:56.809, 2, 104262, 98, 932.85
2026/08/07 14:05:56.809, 3, 104262, 100, 950.46
2026/08/07 14:05:56.809, 4, 103110, 100, 930.48
2026/08/07 14:05:56.809, 5, 104270, 100, 948.23
2026/08/07 14:05:56.809, 6, 104270, 100, 935.34
2026/08/07 14:05:56.809, 7, 104270, 100, 957.62
2026/08/07 14:05:57.309, 0, 103102, 100, 945.03
2026/08/07 14:05:57.309, 1, 104262, 100, 972.06
2026/08/07 14:05:57.309, 2, 104262, 100, 946.60
2026/08/07 14:05:57.309, 3, 104262, 100, 958.89
2026/08/07 14:05:57.309, 4, 103112, 100, 937.77
2026/08/07 14:05:57.309, 5, 104272, 98, 947.38
2026/08/07 14:05:57.309, 6, 104272, 97, 935.53
2026/08/07 14:05:57.309, 7, 104272, 100, 970.93
2026/08/07 14:05:57.809, 0, 103102, 100, 963.90
2026/08/07 14:05:57.809, 1, 104262, 100, 982.53
2026/08/07 14:05:57.809, 2, 104262, 100, 946.92
2026/08/07 14:05:57.810, 3, 104262, 100, 966.92
2026/08/07 14:05:57.810, 4, 103112, 100, 934.71
2026/08/07 14:05:57.810, 5, 104272, 100, 955.61
2026/08/07 14:05:57.810, 6, 104272, 100, 931.20
2026/08/07 14:05:57.810, 7, 104272, 100, 965.15
2026/08/07 14:05:58.310, 0, 103102, 100, 958.05
2026/08/07 14:05:58.310, 1, 104262, 100, 988.81
2026/08/07 14:05:58.310, 2, 104262, 100, 952.65
2026/08/07 14:05:58.310, 3, 104262, 100, 967.97
2026/08/07 14:05:58.310, 4, 103112, 100, 934.86
2026/08/07 14:05:58.310, 5, 104272, 100, 968.69
2026/08/07 14:05:58.310, 6, 104272, 100, 943.03
2026/08/07 14:05:58.310, 7, 104272, 100, 975.07
2026/08/07 14:05:58.810, 0, 103102, 100, 958.51
2026/08/07 14:05:58.810, 1, 104262, 100, 979.21
2026/08/07 14:05:58.810, 2, 104262, 100, 945.96
2026/08/07 14:05:58.810, 3, 104262, 100, 970.18
2026/08/07 14:05:58.810, 4, 103112, 100, 945.38
2026/08/07 14:05:58.810, 5, 104272, 100, 964.81
2026/08/07 14:05:58.810, 6, 104272, 100, 947.84
2026/08/07 14:05:58.810, 7, 104272, 100, 980.02
2026/08/07 14:05:59.310, 0, 103102, 100, 965.62
2026/08/07 14:05:59.310, 1, 104262, 100, 968.09
2026/08/07 14:05:59.310, 2, 104262, 100, 937.95
2026/08/07 14:05:59.310, 3, 104262, 100, 956.72
2026/08/07 14:05:59.310, 4, 103112, 100, 947.30
2026/08/07 14:05:59.310, 5, 104272, 100, 956.17
2026/08/07 14:05:59.310, 6, 104272, 100, 942.10
2026/08/07 14:05:59.310, 7, 104272, 100, 964.64
2026/08/07 14:05:59.810, 0, 103102, 100, 956.18
2026/08/07 14:05:59.815, 1, 104262, 100, 972.36
2026/08/07 14:05:59.816, 2, 104262, 100, 939.17
2026/08/07 14:05:59.817, 3, 104262, 100, 950.04
2026/08/07 14:05:59.817, 4, 103112, 100, 937.81
2026/08/07 14:05:59.822, 5, 104272, 100, 949.77
2026/08/07 14:05:59.822, 6, 104272, 100, 942.19
2026/08/07 14:05:59.823, 7, 104272, 100, 956.51
2026/08/07 14:06:00.323, 0, 103102, 100, 948.75
2026/08/07 14:06:00.323, 1, 104262, 100, 974.60
2026/08/07 14:06:00.323, 2, 104262, 100, 943.26
2026/08/07 14:06:00.323, 3, 104262, 100, 964.09
2026/08/07 14:06:00.323, 4, 103112, 100, 942.11
2026/08/07 14:06:00.323, 5, 104272, 100, 960.54
2026/08/07 14:06:00.323, 6, 104272, 100, 941.81
2026/08/07 14:06:00.323, 7, 104272, 100, 967.54
2026/08/07 14:06:00.823, 0, 103102, 100, 945.31
2026/08/07 14:06:00.823, 1, 104262, 100, 957.76
2026/08/07 14:06:00.823, 2, 104262, 100, 937.88
2026/08/07 14:06:00.823, 3, 104262, 100, 953.90
2026/08/07 14:06:00.823, 4, 103112, 100, 944.23
2026/08/07 14:06:00.823, 5, 104272, 100, 957.68
2026/08/07 14:06:00.823, 6, 104272, 100, 934.87
2026/08/07 14:06:00.823, 7, 104272, 100, 968.96
2026/08/07 14:06:01.323, 0, 103102, 100, 936.47
2026/08/07 14:06:01.324, 1, 104262, 100, 953.81
2026/08/07 14:06:01.324, 2, 104262, 100, 929.90
2026/08/07 14:06:01.324, 3, 104262, 100, 944.22
2026/08/07 14:06:01.324, 4, 103112, 100, 932.39
2026/08/07 14:06:01.324, 5, 104272, 100, 950.49
2026/08/07 14:06:01.324, 6, 104272, 100, 929.16
2026/08/07 14:06:01.324, 7, 104272, 100, 957.76
2026/08/07 14:06:01.824, 0, 103102, 100, 948.83
2026/08/07 14:06:01.824, 1, 104262, 100, 964.73
2026/08/07 14:06:01.824, 2, 104262, 100, 944.85
2026/08/07 14:06:01.824, 3, 104262, 100, 961.37
2026/08/07 14:06:01.824, 4, 103112, 100, 925.67
2026/08/07 14:06:01.824, 5, 104272, 99, 951.19
2026/08/07 14:06:01.824, 6, 104272, 99, 928.59
2026/08/07 14:06:01.824, 7, 104272, 100, 954.52
2026/08/07 14:06:02.324, 0, 103102, 100, 967.33
2026/08/07 14:06:02.325, 1, 104262, 100, 984.51
2026/08/07 14:06:02.326, 2, 104262, 100, 954.81
2026/08/07 14:06:02.327, 3, 104262, 100, 975.29
2026/08/07 14:06:02.327, 4, 103112, 100, 937.97
2026/08/07 14:06:02.328, 5, 104272, 100, 959.27
2026/08/07 14:06:02.329, 6, 104272, 100, 933.01
2026/08/07 14:06:02.330, 7, 104272, 100, 962.84
2026/08/07 14:06:02.831, 0, 103102, 100, 961.33
2026/08/07 14:06:02.831, 1, 104262, 100, 987.76
2026/08/07 14:06:02.831, 2, 104262, 100, 957.01
2026/08/07 14:06:02.831, 3, 104262, 100, 975.38
2026/08/07 14:06:02.831, 4, 103112, 100, 948.93
2026/08/07 14:06:02.831, 5, 104272, 100, 975.11
2026/08/07 14:06:02.831, 6, 104272, 100, 946.02
2026/08/07 14:06:02.831, 7, 104272, 100, 978.53
2026/08/07 14:06:03.331, 0, 103102, 100, 956.44
2026/08/07 14:06:03.331, 1, 104262, 100, 975.81
2026/08/07 14:06:03.331, 2, 104262, 100, 958.55
2026/08/07 14:06:03.331, 3, 104262, 100, 972.09
2026/08/07 14:06:03.331, 4, 103112, 100, 951.47
2026/08/07 14:06:03.331, 5, 104272, 100, 966.77
2026/08/07 14:06:03.331, 6, 104272, 100, 951.16
2026/08/07 14:06:03.331, 7, 104272, 100, 978.00
2026/08/07 14:06:03.831, 0, 103102, 100, 958.95
2026/08/07 14:06:03.831, 1, 104262, 100, 964.26
2026/08/07 14:06:03.831, 2, 104262, 100, 943.73
2026/08/07 14:06:03.831, 3, 104262, 100, 963.81
2026/08/07 14:06:03.831, 4, 103112, 100, 955.14
2026/08/07 14:06:03.831, 5, 104272, 100, 970.15
2026/08/07 14:06:03.831, 6, 104272, 100, 951.68
2026/08/07 14:06:03.831, 7, 104272, 100, 976.33
2026/08/07 14:06:04.331, 0, 103102, 100, 958.50
2026/08/07 14:06:04.331, 1, 104262, 100, 959.61
2026/08/07 14:06:04.331, 2, 104262, 100, 943.22
2026/08/07 14:06:04.331, 3, 104262, 100, 957.47
2026/08/07 14:06:04.331, 4, 103112, 100, 953.39
2026/08/07 14:06:04.331, 5, 104272, 100, 966.02
2026/08/07 14:06:04.331, 6, 104272, 100, 946.21
2026/08/07 14:06:04.332, 7, 104272, 100, 973.67
2026/08/07 14:06:04.832, 0, 103102, 100, 945.14
2026/08/07 14:06:04.832, 1, 104262, 100, 962.83
2026/08/07 14:06:04.832, 2, 104262, 100, 951.57
2026/08/07 14:06:04.832, 3, 104262, 100, 961.28
2026/08/07 14:06:04.832, 4, 103112, 100, 941.00
2026/08/07 14:06:04.832, 5, 104272, 100, 960.75
2026/08/07 14:06:04.832, 6, 104272, 100, 940.97
2026/08/07 14:06:04.832, 7, 104272, 100, 967.96
2026/08/07 14:06:05.332, 0, 103102, 100, 942.75
2026/08/07 14:06:05.332, 1, 104262, 100, 962.53
2026/08/07 14:06:05.332, 2, 104262, 100, 948.68
2026/08/07 14:06:05.332, 3, 104262, 100, 963.14
2026/08/07 14:06:05.332, 4, 103112, 100, 941.38
2026/08/07 14:06:05.332, 5, 104272, 100, 960.32
2026/08/07 14:06:05.332, 6, 104272, 100, 936.90
2026/08/07 14:06:05.332, 7, 104272, 100, 967.67
2026/08/07 14:06:05.832, 0, 103102, 100, 949.10
2026/08/07 14:06:05.832, 1, 104262, 100, 964.49
2026/08/07 14:06:05.832, 2, 104262, 100, 950.46
2026/08/07 14:06:05.832, 3, 104262, 100, 959.87
2026/08/07 14:06:05.833, 4, 103112, 100, 928.71
2026/08/07 14:06:05.833, 5, 104272, 100, 948.81
2026/08/07 14:06:05.833, 6, 104272, 100, 935.04
2026/08/07 14:06:05.833, 7, 104272, 100, 962.11
2026/08/07 14:06:06.333, 0, 103102, 100, 952.01
2026/08/07 14:06:06.338, 1, 104262, 100, 970.34
2026/08/07 14:06:06.338, 2, 104262, 100, 953.53
2026/08/07 14:06:06.338, 3, 104262, 100, 964.11
2026/08/07 14:06:06.338, 4, 103112, 100, 925.82
2026/08/07 14:06:06.338, 5, 104272, 100, 957.34
2026/08/07 14:06:06.338, 6, 104272, 100, 930.69
2026/08/07 14:06:06.338, 7, 104272, 100, 962.07
2026/08/07 14:06:06.838, 0, 103102, 100, 959.73
2026/08/07 14:06:06.838, 1, 104262, 100, 975.12
2026/08/07 14:06:06.838, 2, 104262, 100, 950.43
2026/08/07 14:06:06.838, 3, 104262, 100, 970.45
2026/08/07 14:06:06.838, 4, 103112, 100, 943.81
2026/08/07 14:06:06.838, 5, 104272, 100, 960.33
2026/08/07 14:06:06.838, 6, 104272, 100, 931.85
2026/08/07 14:06:06.838, 7, 104272, 100, 969.00
2026/08/07 14:06:07.338, 0, 103102, 100, 959.49
2026/08/07 14:06:07.338, 1, 104262, 100, 985.86
2026/08/07 14:06:07.338, 2, 104262, 100, 955.39
2026/08/07 14:06:07.338, 3, 104262, 100, 960.95
2026/08/07 14:06:07.338, 4, 103112, 100, 949.53
2026/08/07 14:06:07.338, 5, 104272, 100, 970.71
2026/08/07 14:06:07.339, 6, 104272, 100, 939.59
2026/08/07 14:06:07.339, 7, 104272, 100, 976.95
2026/08/07 14:06:07.839, 0, 103102, 100, 954.84
2026/08/07 14:06:07.839, 1, 104262, 100, 983.88
2026/08/07 14:06:07.839, 2, 104262, 100, 954.71
2026/08/07 14:06:07.839, 3, 104262, 100, 962.66
2026/08/07 14:06:07.839, 4, 103112, 100, 951.54
2026/08/07 14:06:07.839, 5, 104272, 100, 967.94
2026/08/07 14:06:07.839, 6, 104272, 100, 947.54
2026/08/07 14:06:07.839, 7, 104272, 100, 979.60
2026/08/07 14:06:08.339, 0, 103102, 100, 949.49
2026/08/07 14:06:08.339, 1, 104262, 100, 961.56
2026/08/07 14:06:08.339, 2, 104262, 100, 949.83
2026/08/07 14:06:08.339, 3, 104262, 100, 963.95
2026/08/07 14:06:08.339, 4, 103112, 100, 953.38
2026/08/07 14:06:08.339, 5, 104272, 100, 964.71
2026/08/07 14:06:08.339, 6, 104272, 100, 948.47
2026/08/07 14:06:08.339, 7, 104272, 100, 974.97
2026/08/07 14:06:08.839, 0, 103102, 100, 947.63
2026/08/07 14:06:08.839, 1, 104262, 100, 956.26
2026/08/07 14:06:08.839, 2, 104262, 100, 942.54
2026/08/07 14:06:08.839, 3, 104262, 100, 960.47
2026/08/07 14:06:08.839, 4, 103112, 100, 948.61
2026/08/07 14:06:08.839, 5, 104272, 100, 966.54
2026/08/07 14:06:08.839, 6, 104272, 100, 943.02
2026/08/07 14:06:08.839, 7, 104272, 100, 973.88
2026/08/07 14:06:09.339, 0, 103102, 100, 945.32
2026/08/07 14:06:09.339, 1, 104262, 100, 967.35
2026/08/07 14:06:09.339, 2, 104262, 100, 946.42
2026/08/07 14:06:09.339, 3, 104262, 100, 959.72
2026/08/07 14:06:09.339, 4, 103112, 100, 942.56
2026/08/07 14:06:09.339, 5, 104272, 100, 957.87
2026/08/07 14:06:09.339, 6, 104272, 100, 932.16
2026/08/07 14:06:09.339, 7, 104272, 100, 965.00
2026/08/07 14:06:09.839, 0, 103102, 100, 942.85
2026/08/07 14:06:09.839, 1, 104262, 100, 956.94
2026/08/07 14:06:09.839, 2, 104262, 99, 940.64
2026/08/07 14:06:09.839, 3, 104262, 99, 958.74
2026/08/07 14:06:09.839, 4, 103112, 100, 935.39
2026/08/07 14:06:09.839, 5, 104272, 100, 946.00
2026/08/07 14:06:09.839, 6, 104272, 100, 930.73
2026/08/07 14:06:09.839, 7, 104272, 100, 962.35
2026/08/07 14:06:10.339, 0, 103102, 100, 938.90
2026/08/07 14:06:10.340, 1, 104262, 100, 965.24
2026/08/07 14:06:10.340, 2, 104262, 100, 938.95
2026/08/07 14:06:10.340, 3, 104262, 100, 954.94
2026/08/07 14:06:10.340, 4, 103112, 100, 932.65
2026/08/07 14:06:10.340, 5, 104272, 100, 939.71
2026/08/07 14:06:10.340, 6, 104272, 100, 934.72
2026/08/07 14:06:10.340, 7, 104272, 100, 964.72
2026/08/07 14:06:10.840, 0, 103102, 100, 947.25
2026/08/07 14:06:10.840, 1, 104262, 100, 979.62
2026/08/07 14:06:10.840, 2, 104262, 100, 953.18
2026/08/07 14:06:10.840, 3, 104262, 100, 966.22
2026/08/07 14:06:10.840, 4, 103112, 100, 934.21
2026/08/07 14:06:10.840, 5, 104272, 100, 950.75
2026/08/07 14:06:10.840, 6, 104272, 100, 933.93
2026/08/07 14:06:10.840, 7, 104272, 100, 971.18
2026/08/07 14:06:11.340, 0, 103102, 100, 963.76
2026/08/07 14:06:11.340, 1, 104262, 100, 983.63
2026/08/07 14:06:11.340, 2, 104262, 100, 948.23
2026/08/07 14:06:11.340, 3, 104262, 100, 976.52
2026/08/07 14:06:11.340, 4, 103112, 100, 947.20
2026/08/07 14:06:11.340, 5, 104272, 100, 964.38
2026/08/07 14:06:11.340, 6, 104272, 100, 938.70
2026/08/07 14:06:11.340, 7, 104272, 100, 974.50
2026/08/07 14:06:11.840, 0, 103102, 100, 966.27
2026/08/07 14:06:11.840, 1, 104262, 100, 983.60
2026/08/07 14:06:11.840, 2, 104262, 100, 954.57
2026/08/07 14:06:11.840, 3, 104262, 100, 969.38
2026/08/07 14:06:11.840, 4, 103112, 100, 958.65
2026/08/07 14:06:11.840, 5, 104272, 100, 971.68
2026/08/07 14:06:11.840, 6, 104272, 100, 951.57
2026/08/07 14:06:11.840, 7, 104272, 100, 979.85
2026/08/07 14:06:12.340, 0, 103102, 100, 956.82
2026/08/07 14:06:12.340, 1, 104262, 100, 978.92
2026/08/07 14:06:12.340, 2, 104262, 100, 960.60
2026/08/07 14:06:12.340, 3, 104262, 100, 966.28
2026/08/07 14:06:12.340, 4, 103112, 100, 952.42
2026/08/07 14:06:12.340, 5, 104272, 100, 971.51
2026/08/07 14:06:12.340, 6, 104272, 100, 950.83
2026/08/07 14:06:12.340, 7, 104272, 100, 981.68
2026/08/07 14:06:12.840, 0, 103102, 100, 956.36
2026/08/07 14:06:12.842, 1, 104262, 100, 970.93
2026/08/07 14:06:12.842, 2, 104262, 100, 956.86
2026/08/07 14:06:12.843, 3, 104262, 100, 962.62
2026/08/07 14:06:12.844, 4, 103112, 100, 941.53
2026/08/07 14:06:12.844, 5, 104272, 100, 971.19
2026/08/07 14:06:12.845, 6, 104272, 100, 947.28
2026/08/07 14:06:12.851, 7, 104272, 100, 974.46
2026/08/07 14:06:13.352, 0, 103102, 100, 953.19
2026/08/07 14:06:13.352, 1, 104262, 100, 968.15
2026/08/07 14:06:13.352, 2, 104262, 100, 951.05
2026/08/07 14:06:13.352, 3, 104262, 100, 959.28
2026/08/07 14:06:13.352, 4, 103112, 100, 943.68
2026/08/07 14:06:13.352, 5, 104272, 100, 966.36
2026/08/07 14:06:13.352, 6, 104272, 100, 946.93
2026/08/07 14:06:13.352, 7, 104272, 100, 974.70
2026/08/07 14:06:13.852, 0, 103102, 100, 952.95
2026/08/07 14:06:13.852, 1, 104262, 100, 965.71
2026/08/07 14:06:13.852, 2, 104262, 100, 948.58
2026/08/07 14:06:13.852, 3, 104262, 100, 959.92
2026/08/07 14:06:13.852, 4, 103112, 100, 942.68
2026/08/07 14:06:13.852, 5, 104272, 100, 955.53
2026/08/07 14:06:13.852, 6, 104272, 100, 934.25
2026/08/07 14:06:13.852, 7, 104272, 100, 964.23
2026/08/07 14:06:14.352, 0, 103102, 100, 935.54
2026/08/07 14:06:14.352, 1, 104262, 100, 954.58
2026/08/07 14:06:14.352, 2, 104262, 99, 942.45
2026/08/07 14:06:14.352, 3, 104262, 99, 957.04
2026/08/07 14:06:14.352, 4, 103112, 100, 933.97
2026/08/07 14:06:14.352, 5, 104272, 100, 948.44
2026/08/07 14:06:14.352, 6, 104272, 100, 928.62
2026/08/07 14:06:14.352, 7, 104272, 100, 961.76
2026/08/07 14:06:14.852, 0, 103102, 100, 934.17
2026/08/07 14:06:14.852, 1, 104262, 100, 959.99
2026/08/07 14:06:14.852, 2, 104262, 100, 946.52
2026/08/07 14:06:14.852, 3, 104262, 100, 950.47
2026/08/07 14:06:14.852, 4, 103112, 99, 934.77
2026/08/07 14:06:14.852, 5, 104272, 99, 950.74
2026/08/07 14:06:14.852, 6, 104272, 100, 932.19
2026/08/07 14:06:14.852, 7, 104272, 100, 975.79
2026/08/07 14:06:15.352, 0, 103102, 100, 951.12
2026/08/07 14:06:15.353, 1, 104262, 100, 973.71
2026/08/07 14:06:15.353, 2, 104262, 100, 948.71
2026/08/07 14:06:15.354, 3, 104262, 100, 960.68
2026/08/07 14:06:15.354, 4, 103112, 100, 939.14
2026/08/07 14:06:15.355, 5, 104272, 100, 951.40
2026/08/07 14:06:15.355, 6, 104272, 100, 932.94
2026/08/07 14:06:15.355, 7, 104272, 100, 979.47
2026/08/07 14:06:15.856, 0, 103102, 100, 962.66
2026/08/07 14:06:15.856, 1, 104262, 100, 979.89
2026/08/07 14:06:15.856, 2, 104262, 100, 948.64
2026/08/07 14:06:15.856, 3, 104262, 100, 963.78
2026/08/07 14:06:15.856, 4, 103112, 100, 936.97
2026/08/07 14:06:15.856, 5, 104272, 100, 961.87
2026/08/07 14:06:15.856, 6, 104272, 100, 940.09
2026/08/07 14:06:15.856, 7, 104272, 100, 968.35
2026/08/07 14:06:16.356, 0, 103102, 100, 957.78
2026/08/07 14:06:16.356, 1, 104262, 100, 988.44
2026/08/07 14:06:16.356, 2, 104262, 100, 951.71
2026/08/07 14:06:16.356, 3, 104262, 100, 962.07
2026/08/07 14:06:16.356, 4, 103112, 100, 945.01
2026/08/07 14:06:16.356, 5, 104272, 100, 970.53
2026/08/07 14:06:16.356, 6, 104272, 100, 942.97
2026/08/07 14:06:16.356, 7, 104272, 100, 973.05
2026/08/07 14:06:16.856, 0, 103102, 100, 950.36
2026/08/07 14:06:16.856, 1, 104262, 100, 979.64
2026/08/07 14:06:16.856, 2, 104262, 100, 954.25
2026/08/07 14:06:16.856, 3, 104262, 100, 960.91
2026/08/07 14:06:16.856, 4, 103112, 100, 947.26
2026/08/07 14:06:16.856, 5, 104272, 100, 966.78
2026/08/07 14:06:16.856, 6, 104272, 100, 945.31
2026/08/07 14:06:16.856, 7, 104272, 100, 969.26
2026/08/07 14:06:17.356, 0, 103102, 100, 956.41
2026/08/07 14:06:17.356, 1, 104262, 100, 962.57
2026/08/07 14:06:17.356, 2, 104262, 100, 951.99
2026/08/07 14:06:17.356, 3, 104262, 100, 961.90
2026/08/07 14:06:17.356, 4, 103112, 100, 945.05
2026/08/07 14:06:17.356, 5, 104272, 100, 960.91
2026/08/07 14:06:17.357, 6, 104272, 100, 945.74
2026/08/07 14:06:17.357, 7, 104272, 100, 962.77
2026/08/07 14:06:17.857, 0, 103102, 100, 957.07
2026/08/07 14:06:17.858, 1, 104262, 100, 962.68
2026/08/07 14:06:17.859, 2, 104262, 100, 941.01
2026/08/07 14:06:17.860, 3, 104262, 100, 952.71
2026/08/07 14:06:17.861, 4, 103112, 100, 946.05
2026/08/07 14:06:17.862, 5, 104272, 100, 958.55
2026/08/07 14:06:17.863, 6, 104272, 100, 938.36
2026/08/07 14:06:17.864, 7, 104272, 100, 967.57
2026/08/07 14:06:18.365, 0, 103102, 100, 948.75
2026/08/07 14:06:18.365, 1, 104262, 100, 968.11
2026/08/07 14:06:18.365, 2, 104262, 100, 939.82
2026/08/07 14:06:18.365, 3, 104262, 100, 953.30
2026/08/07 14:06:18.365, 4, 103112, 100, 946.99
2026/08/07 14:06:18.365, 5, 104272, 100, 959.52
2026/08/07 14:06:18.365, 6, 104272, 100, 930.80
2026/08/07 14:06:18.365, 7, 104272, 100, 970.37
2026/08/07 14:06:18.865, 0, 103102, 100, 941.66
2026/08/07 14:06:18.865, 1, 104262, 100, 962.61
2026/08/07 14:06:18.865, 2, 104262, 100, 939.19
2026/08/07 14:06:18.865, 3, 104262, 100, 958.02
2026/08/07 14:06:18.865, 4, 103112, 100, 936.61
2026/08/07 14:06:18.865, 5, 104272, 100, 954.17
2026/08/07 14:06:18.865, 6, 104272, 100, 921.88
2026/08/07 14:06:18.865, 7, 104272, 100, 962.93
2026/08/07 14:06:19.365, 0, 103102, 100, 939.97
2026/08/07 14:06:19.366, 1, 104262, 100, 960.97
2026/08/07 14:06:19.366, 2, 104262, 100, 944.47
2026/08/07 14:06:19.366, 3, 104262, 100, 955.01
2026/08/07 14:06:19.366, 4, 103112, 99, 940.55
2026/08/07 14:06:19.366, 5, 104272, 99, 954.86
2026/08/07 14:06:19.366, 6, 104272, 99, 925.44
2026/08/07 14:06:19.366, 7, 104272, 100, 951.46
2026/08/07 14:06:19.866, 0, 103102, 100, 946.02
2026/08/07 14:06:19.866, 1, 104262, 100, 965.10
2026/08/07 14:06:19.866, 2, 104262, 100, 949.99
2026/08/07 14:06:19.866, 3, 104262, 100, 969.82
2026/08/07 14:06:19.867, 4, 103112, 100, 940.14
2026/08/07 14:06:19.867, 5, 104272, 100, 964.50
2026/08/07 14:06:19.867, 6, 104272, 100, 931.48
2026/08/07 14:06:19.867, 7, 104272, 100, 968.64
2026/08/07 14:06:20.367, 0, 103102, 100, 959.53
2026/08/07 14:06:20.370, 1, 104262, 100, 974.91
2026/08/07 14:06:20.370, 2, 104262, 100, 946.05
2026/08/07 14:06:20.370, 3, 104262, 100, 970.70
2026/08/07 14:06:20.370, 4, 103112, 100, 937.84
2026/08/07 14:06:20.370, 5, 104272, 100, 957.65
2026/08/07 14:06:20.370, 6, 104272, 100, 939.38
2026/08/07 14:06:20.370, 7, 104272, 100, 969.93
2026/08/07 14:06:20.870, 0, 103102, 100, 962.88
2026/08/07 14:06:20.870, 1, 104262, 100, 985.91
2026/08/07 14:06:20.870, 2, 104262, 100, 955.78
2026/08/07 14:06:20.870, 3, 104262, 100, 970.46
2026/08/07 14:06:20.870, 4, 103112, 100, 947.65
2026/08/07 14:06:20.870, 5, 104272, 100, 968.77
2026/08/07 14:06:20.870, 6, 104272, 100, 950.03
2026/08/07 14:06:20.870, 7, 104272, 100, 966.55
2026/08/07 14:06:21.370, 0, 103102, 100, 959.91
2026/08/07 14:06:21.370, 1, 104262, 100, 979.92
2026/08/07 14:06:21.370, 2, 104262, 100, 956.97
2026/08/07 14:06:21.370, 3, 104262, 100, 972.91
2026/08/07 14:06:21.370, 4, 103112, 100, 945.81
2026/08/07 14:06:21.370, 5, 104272, 100, 960.15
2026/08/07 14:06:21.370, 6, 104272, 100, 947.50
2026/08/07 14:06:21.370, 7, 104272, 100, 974.25
2026/08/07 14:06:21.870, 0, 103102, 100, 959.41
2026/08/07 14:06:21.870, 1, 104262, 100, 962.87
2026/08/07 14:06:21.870, 2, 104262, 100, 941.45
2026/08/07 14:06:21.870, 3, 104262, 100, 964.96
2026/08/07 14:06:21.870, 4, 103112, 100, 943.67
2026/08/07 14:06:21.870, 5, 104272, 100, 948.89
2026/08/07 14:06:21.871, 6, 104272, 100, 937.27
2026/08/07 14:06:21.871, 7, 104272, 100, 970.69
2026/08/07 14:06:22.371, 0, 103102, 100, 957.10
2026/08/07 14:06:22.371, 1, 104262, 100, 965.48
2026/08/07 14:06:22.371, 2, 104262, 100, 931.24
2026/08/07 14:06:22.371, 3, 104262, 100, 954.83
2026/08/07 14:06:22.371, 4, 103112, 100, 945.62
2026/08/07 14:06:22.371, 5, 104272, 100, 960.31
2026/08/07 14:06:22.371, 6, 104272, 100, 933.85
2026/08/07 14:06:22.371, 7, 104272, 100, 970.59
2026/08/07 14:06:22.871, 0, 103102, 100, 947.32
2026/08/07 14:06:22.871, 1, 104262, 100, 958.54
2026/08/07 14:06:22.871, 2, 104262, 100, 940.75
2026/08/07 14:06:22.871, 3, 104262, 100, 951.16
2026/08/07 14:06:22.871, 4, 103112, 100, 936.40
2026/08/07 14:06:22.871, 5, 104272, 100, 962.57
2026/08/07 14:06:22.871, 6, 104272, 100, 935.87
2026/08/07 14:06:22.871, 7, 104272, 100, 977.37
2026/08/07 14:06:23.371, 0, 103102, 100, 941.59
2026/08/07 14:06:23.371, 1, 104262, 100, 955.01
2026/08/07 14:06:23.371, 2, 104262, 100, 938.15
2026/08/07 14:06:23.371, 3, 104262, 100, 951.90
2026/08/07 14:06:23.371, 4, 103112, 100, 929.28
2026/08/07 14:06:23.371, 5, 104272, 100, 944.71
2026/08/07 14:06:23.371, 6, 104272, 100, 934.89
2026/08/07 14:06:23.371, 7, 104272, 100, 969.24
2026/08/07 14:06:23.871, 0, 103102, 100, 953.72
2026/08/07 14:06:23.871, 1, 104262, 100, 969.24
2026/08/07 14:06:23.871, 2, 104262, 100, 939.49
2026/08/07 14:06:23.871, 3, 104262, 100, 956.37
2026/08/07 14:06:23.871, 4, 103112, 100, 926.56
2026/08/07 14:06:23.871, 5, 104272, 100, 945.98
2026/08/07 14:06:23.871, 6, 104272, 100, 927.95
2026/08/07 14:06:23.871, 7, 104272, 100, 961.07
2026/08/07 14:06:24.371, 0, 103102, 100, 959.39
2026/08/07 14:06:24.371, 1, 104262, 100, 977.48
2026/08/07 14:06:24.371, 2, 104262, 100, 952.13
2026/08/07 14:06:24.371, 3, 104262, 100, 965.08
2026/08/07 14:06:24.371, 4, 103112, 100, 939.68
2026/08/07 14:06:24.371, 5, 104272, 100, 961.70
2026/08/07 14:06:24.371, 6, 104272, 100, 930.15
2026/08/07 14:06:24.371, 7, 104272, 100, 973.67
2026/08/07 14:06:24.871, 0, 103102, 100, 954.27
2026/08/07 14:06:24.872, 1, 104262, 100, 972.15
2026/08/07 14:06:24.872, 2, 104262, 100, 950.92
2026/08/07 14:06:24.872, 3, 104262, 100, 964.56
2026/08/07 14:06:24.872, 4, 103112, 100, 949.66
2026/08/07 14:06:24.872, 5, 104272, 100, 967.74
2026/08/07 14:06:24.872, 6, 104272, 100, 939.83
2026/08/07 14:06:24.872, 7, 104272, 100, 974.14
2026/08/07 14:06:25.372, 0, 103102, 100, 960.39
2026/08/07 14:06:25.372, 1, 104262, 100, 968.03
2026/08/07 14:06:25.372, 2, 104262, 100, 940.92
2026/08/07 14:06:25.372, 3, 104262, 100, 960.89
2026/08/07 14:06:25.372, 4, 103112, 100, 951.98
2026/08/07 14:06:25.372, 5, 104272, 100, 968.22
2026/08/07 14:06:25.372, 6, 104272, 100, 948.78
2026/08/07 14:06:25.372, 7, 104272, 100, 970.58
2026/08/07 14:06:25.872, 0, 103102, 100, 949.20
2026/08/07 14:06:25.877, 1, 104262, 100, 971.82
2026/08/07 14:06:25.878, 2, 104262, 100, 931.79
2026/08/07 14:06:25.878, 3, 104262, 100, 958.85
2026/08/07 14:06:25.878, 4, 103112, 100, 955.00
2026/08/07 14:06:25.878, 5, 104272, 100, 971.06
2026/08/07 14:06:25.878, 6, 104272, 100, 950.39
2026/08/07 14:06:25.878, 7, 104272, 100, 977.17
2026/08/07 14:06:26.378, 0, 103102, 100, 950.09
2026/08/07 14:06:26.378, 1, 104262, 100, 973.09
2026/08/07 14:06:26.378, 2, 104262, 100, 930.06
2026/08/07 14:06:26.378, 3, 104262, 100, 952.48
2026/08/07 14:06:26.378, 4, 103112, 100, 951.08
2026/08/07 14:06:26.378, 5, 104272, 100, 968.86
2026/08/07 14:06:26.378, 6, 104272, 100, 946.66
2026/08/07 14:06:26.378, 7, 104272, 100, 977.94
2026/08/07 14:06:26.878, 0, 103102, 100, 960.41
2026/08/07 14:06:26.878, 1, 104262, 100, 975.19
2026/08/07 14:06:26.878, 2, 104262, 100, 946.72
2026/08/07 14:06:26.878, 3, 104262, 100, 954.25
2026/08/07 14:06:26.878, 4, 103112, 100, 941.16
2026/08/07 14:06:26.878, 5, 104272, 100, 954.70
2026/08/07 14:06:26.878, 6, 104272, 100, 939.38
2026/08/07 14:06:26.878, 7, 104272, 100, 967.49
2026/08/07 14:06:27.378, 0, 103102, 100, 950.59
2026/08/07 14:06:27.378, 1, 104262, 100, 968.45
2026/08/07 14:06:27.378, 2, 104262, 100, 954.59
2026/08/07 14:06:27.378, 3, 104262, 100, 958.14
2026/08/07 14:06:27.378, 4, 103112, 100, 938.67
2026/08/07 14:06:27.378, 5, 104272, 100, 953.40
2026/08/07 14:06:27.378, 6, 104272, 100, 938.17
2026/08/07 14:06:27.378, 7, 104272, 100, 968.01
2026/08/07 14:06:27.878, 0, 103102, 100, 936.58
2026/08/07 14:06:27.879, 1, 104262, 100, 963.31
2026/08/07 14:06:27.879, 2, 104262, 100, 946.57
2026/08/07 14:06:27.879, 3, 104262, 100, 954.37
2026/08/07 14:06:27.879, 4, 103112, 100, 941.01
2026/08/07 14:06:27.879, 5, 104272, 100, 953.42
2026/08/07 14:06:27.879, 6, 104272, 100, 929.59
2026/08/07 14:06:27.879, 7, 104272, 100, 964.53
2026/08/07 14:06:28.379, 0, 103102, 100, 949.10
2026/08/07 14:06:28.379, 1, 104262, 100, 976.06
2026/08/07 14:06:28.379, 2, 104262, 100, 954.81
2026/08/07 14:06:28.379, 3, 104262, 100, 962.12
2026/08/07 14:06:28.379, 4, 103112, 100, 939.57
2026/08/07 14:06:28.379, 5, 104272, 100, 957.33
2026/08/07 14:06:28.379, 6, 104272, 100, 919.70
2026/08/07 14:06:28.379, 7, 104272, 100, 963.35
2026/08/07 14:06:28.879, 0, 103102, 100, 964.29
2026/08/07 14:06:28.879, 1, 104262, 100, 983.21
2026/08/07 14:06:28.879, 2, 104262, 100, 961.67
2026/08/07 14:06:28.879, 3, 104262, 100, 969.40
2026/08/07 14:06:28.879, 4, 103112, 100, 942.67
2026/08/07 14:06:28.879, 5, 104272, 100, 963.66
2026/08/07 14:06:28.879, 6, 104272, 100, 932.02
2026/08/07 14:06:28.879, 7, 104272, 100, 972.34
2026/08/07 14:06:29.379, 0, 103102, 100, 968.01
2026/08/07 14:06:29.379, 1, 104262, 100, 976.71
2026/08/07 14:06:29.379, 2, 104262, 100, 956.86
2026/08/07 14:06:29.379, 3, 104262, 100, 964.91
2026/08/07 14:06:29.379, 4, 103112, 100, 950.61
2026/08/07 14:06:29.379, 5, 104272, 100, 968.65
2026/08/07 14:06:29.379, 6, 104272, 100, 942.56
2026/08/07 14:06:29.379, 7, 104272, 100, 984.13
2026/08/07 14:06:29.879, 0, 103102, 100, 967.56
2026/08/07 14:06:29.879, 1, 104262, 100, 976.74
2026/08/07 14:06:29.879, 2, 104262, 100, 955.18
2026/08/07 14:06:29.879, 3, 104262, 100, 963.58
2026/08/07 14:06:29.879, 4, 103112, 100, 944.65
2026/08/07 14:06:29.879, 5, 104272, 100, 961.26
2026/08/07 14:06:29.879, 6, 104272, 100, 945.32
2026/08/07 14:06:29.879, 7, 104272, 100, 982.53
2026/08/07 14:06:30.379, 0, 103102, 100, 948.23
2026/08/07 14:06:30.380, 1, 104262, 100, 974.53
2026/08/07 14:06:30.381, 2, 104262, 100, 954.76
2026/08/07 14:06:30.385, 3, 104262, 100, 964.85
2026/08/07 14:06:30.386, 4, 103112, 100, 945.32
2026/08/07 14:06:30.389, 5, 104272, 100, 961.48
2026/08/07 14:06:30.390, 6, 104272, 100, 952.90
2026/08/07 14:06:30.394, 7, 104272, 100, 976.83
2026/08/07 14:06:30.894, 0, 103102, 100, 940.07
2026/08/07 14:06:30.894, 1, 104262, 100, 962.98
2026/08/07 14:06:30.894, 2, 104262, 100, 939.28
2026/08/07 14:06:30.895, 3, 104262, 100, 952.22
2026/08/07 14:06:30.895, 4, 103112, 100, 945.19
2026/08/07 14:06:30.895, 5, 104272, 100, 961.40
2026/08/07 14:06:30.895, 6, 104272, 100, 951.17
2026/08/07 14:06:30.895, 7, 104272, 100, 980.05
2026/08/07 14:06:31.395, 0, 103102, 100, 949.91
2026/08/07 14:06:31.395, 1, 104262, 100, 959.76
2026/08/07 14:06:31.396, 2, 104262, 100, 933.97
2026/08/07 14:06:31.396, 3, 104262, 100, 943.39
2026/08/07 14:06:31.396, 4, 103112, 100, 939.29
2026/08/07 14:06:31.396, 5, 104272, 100, 963.85
2026/08/07 14:06:31.396, 6, 104272, 100, 941.97
2026/08/07 14:06:31.396, 7, 104272, 100, 968.67
2026/08/07 14:06:31.896, 0, 103102, 100, 948.26
2026/08/07 14:06:31.896, 1, 104262, 99, 964.26
2026/08/07 14:06:31.896, 2, 104262, 100, 947.19
2026/08/07 14:06:31.896, 3, 104262, 100, 948.76
2026/08/07 14:06:31.896, 4, 103112, 100, 938.85
2026/08/07 14:06:31.896, 5, 104272, 100, 968.38
2026/08/07 14:06:31.896, 6, 104272, 100, 943.32
2026/08/07 14:06:31.896, 7, 104272, 100, 964.84
2026/08/07 14:06:32.396, 0, 103102, 100, 942.91
2026/08/07 14:06:32.396, 1, 104262, 100, 963.79
2026/08/07 14:06:32.396, 2, 104262, 100, 944.67
2026/08/07 14:06:32.396, 3, 104262, 100, 950.04
2026/08/07 14:06:32.396, 4, 103112, 99, 943.11
2026/08/07 14:06:32.396, 5, 104272, 100, 964.32
2026/08/07 14:06:32.396, 6, 104272, 100, 941.14
2026/08/07 14:06:32.396, 7, 104272, 100, 971.85
2026/08/07 14:06:32.896, 0, 103102, 100, 950.76
2026/08/07 14:06:32.896, 1, 104262, 100, 972.38
2026/08/07 14:06:32.896, 2, 104262, 100, 942.98
2026/08/07 14:06:32.896, 3, 104262, 100, 955.89
2026/08/07 14:06:32.896, 4, 103112, 100, 940.05
2026/08/07 14:06:32.896, 5, 104272, 100, 954.93
2026/08/07 14:06:32.896, 6, 104272, 100, 931.70
2026/08/07 14:06:32.896, 7, 104272, 100, 969.75
2026/08/07 14:06:33.396, 0, 103102, 100, 960.23
2026/08/07 14:06:33.396, 1, 104262, 100, 980.19
2026/08/07 14:06:33.396, 2, 104262, 100, 953.63
2026/08/07 14:06:33.396, 3, 104262, 100, 961.52
2026/08/07 14:06:33.396, 4, 103112, 100, 942.88
2026/08/07 14:06:33.396, 5, 104272, 100, 954.12
2026/08/07 14:06:33.396, 6, 104272, 100, 939.36
2026/08/07 14:06:33.396, 7, 104272, 100, 966.89
2026/08/07 14:06:33.896, 0, 103102, 100, 960.32
2026/08/07 14:06:33.896, 1, 104262, 100, 972.67
2026/08/07 14:06:33.896, 2, 104262, 100, 949.56
2026/08/07 14:06:33.896, 3, 104262, 100, 965.03
2026/08/07 14:06:33.896, 4, 103112, 100, 951.61
2026/08/07 14:06:33.896, 5, 104272, 100, 964.51
2026/08/07 14:06:33.896, 6, 104272, 100, 950.75
2026/08/07 14:06:33.896, 7, 104272, 100, 975.35
2026/08/07 14:06:34.397, 0, 103102, 100, 960.59
2026/08/07 14:06:34.397, 1, 104262, 100, 975.16
2026/08/07 14:06:34.397, 2, 104262, 100, 955.49
2026/08/07 14:06:34.397, 3, 104262, 100, 968.37
2026/08/07 14:06:34.397, 4, 103112, 100, 948.28
2026/08/07 14:06:34.397, 5, 104272, 100, 960.60
2026/08/07 14:06:34.397, 6, 104272, 100, 944.82
2026/08/07 14:06:34.397, 7, 104272, 100, 976.68
2026/08/07 14:06:34.897, 0, 103102, 100, 954.30
2026/08/07 14:06:34.897, 1, 104262, 100, 976.60
2026/08/07 14:06:34.897, 2, 104262, 100, 951.52
2026/08/07 14:06:34.897, 3, 104262, 100, 963.69
2026/08/07 14:06:34.897, 4, 103112, 100, 944.24
2026/08/07 14:06:34.897, 5, 104272, 100, 960.77
2026/08/07 14:06:34.897, 6, 104272, 100, 935.90
2026/08/07 14:06:34.897, 7, 104272, 100, 967.67
2026/08/07 14:06:35.397, 0, 103102, 100, 951.00
2026/08/07 14:06:35.397, 1, 104262, 100, 975.33
2026/08/07 14:06:35.397, 2, 104262, 100, 939.66
2026/08/07 14:06:35.397, 3, 104262, 100, 954.41
2026/08/07 14:06:35.397, 4, 103112, 100, 945.12
2026/08/07 14:06:35.397, 5, 104272, 100, 958.57
2026/08/07 14:06:35.397, 6, 104272, 100, 931.27
2026/08/07 14:06:35.397, 7, 104272, 100, 971.08
2026/08/07 14:06:35.897, 0, 103102, 100, 955.31
2026/08/07 14:06:35.899, 1, 104262, 100, 970.90
2026/08/07 14:06:35.899, 2, 104262, 100, 943.59
2026/08/07 14:06:35.899, 3, 104262, 100, 952.57
2026/08/07 14:06:35.899, 4, 103112, 100, 942.58
2026/08/07 14:06:35.899, 5, 104272, 100, 958.47
2026/08/07 14:06:35.899, 6, 104272, 100, 928.97
2026/08/07 14:06:35.899, 7, 104272, 100, 971.26
2026/08/07 14:06:36.399, 0, 103102, 100, 947.66
2026/08/07 14:06:36.399, 1, 104262, 99, 961.58
2026/08/07 14:06:36.399, 2, 104262, 100, 945.36
2026/08/07 14:06:36.399, 3, 104262, 98, 961.21
2026/08/07 14:06:36.399, 4, 103112, 100, 935.03
2026/08/07 14:06:36.399, 5, 104272, 100, 951.46
2026/08/07 14:06:36.399, 6, 104272, 100, 930.46
2026/08/07 14:06:36.399, 7, 104272, 100, 960.24
2026/08/07 14:06:36.899, 0, 103102, 100, 946.48
2026/08/07 14:06:36.901, 1, 104262, 100, 960.91
2026/08/07 14:06:36.901, 2, 104262, 100, 948.53
2026/08/07 14:06:36.904, 3, 104262, 100, 952.60
2026/08/07 14:06:36.905, 4, 103112, 99, 940.51
2026/08/07 14:06:36.909, 5, 104272, 99, 947.64
2026/08/07 14:06:36.909, 6, 104272, 99, 927.39
2026/08/07 14:06:36.909, 7, 104272, 100, 953.58
2026/08/07 14:06:37.410, 0, 103102, 100, 960.56
2026/08/07 14:06:37.410, 1, 104262, 100, 969.09
2026/08/07 14:06:37.410, 2, 104262, 100, 955.73
2026/08/07 14:06:37.410, 3, 104262, 100, 957.53
2026/08/07 14:06:37.410, 4, 103112, 100, 948.08
2026/08/07 14:06:37.410, 5, 104272, 100, 951.60
2026/08/07 14:06:37.410, 6, 104272, 100, 932.02
2026/08/07 14:06:37.410, 7, 104272, 100, 963.40
2026/08/07 14:06:37.910, 0, 103102, 100, 960.31
2026/08/07 14:06:37.910, 1, 104262, 100, 979.50
2026/08/07 14:06:37.910, 2, 104262, 100, 955.96
2026/08/07 14:06:37.910, 3, 104262, 100, 971.96
2026/08/07 14:06:37.910, 4, 103112, 100, 946.55
2026/08/07 14:06:37.910, 5, 104272, 100, 963.27
2026/08/07 14:06:37.910, 6, 104272, 100, 940.70
2026/08/07 14:06:37.910, 7, 104272, 100, 972.10
2026/08/07 14:06:38.410, 0, 103102, 100, 959.27
2026/08/07 14:06:38.410, 1, 104262, 100, 979.86
2026/08/07 14:06:38.410, 2, 104262, 100, 953.80
2026/08/07 14:06:38.410, 3, 104262, 100, 967.41
2026/08/07 14:06:38.410, 4, 103112, 100, 947.59
2026/08/07 14:06:38.410, 5, 104272, 100, 969.25
2026/08/07 14:06:38.410, 6, 104272, 100, 945.92
2026/08/07 14:06:38.410, 7, 104272, 100, 979.37
2026/08/07 14:06:38.910, 0, 103102, 100, 958.44
2026/08/07 14:06:38.910, 1, 104262, 100, 982.77
2026/08/07 14:06:38.910, 2, 104262, 100, 948.87
2026/08/07 14:06:38.910, 3, 104262, 100, 961.59
2026/08/07 14:06:38.910, 4, 103112, 100, 947.15
2026/08/07 14:06:38.910, 5, 104272, 100, 971.80
2026/08/07 14:06:38.910, 6, 104272, 100, 945.25
2026/08/07 14:06:38.910, 7, 104272, 100, 979.20
2026/08/07 14:06:39.410, 0, 103102, 100, 954.37
2026/08/07 14:06:39.410, 1, 104262, 100, 979.70
2026/08/07 14:06:39.410, 2, 104262, 100, 944.47
2026/08/07 14:06:39.410, 3, 104262, 100, 961.19
2026/08/07 14:06:39.410, 4, 103112, 100, 944.16
2026/08/07 14:06:39.410, 5, 104272, 100, 964.34
2026/08/07 14:06:39.410, 6, 104272, 100, 936.40
2026/08/07 14:06:39.410, 7, 104272, 100, 975.05
2026/08/07 14:06:39.910, 0, 103102, 100, 950.58
2026/08/07 14:06:39.910, 1, 104262, 100, 969.84
2026/08/07 14:06:39.911, 2, 104262, 100, 939.78
2026/08/07 14:06:39.911, 3, 104262, 100, 957.54
2026/08/07 14:06:39.911, 4, 103112, 100, 937.51
2026/08/07 14:06:39.911, 5, 104272, 100, 952.25
2026/08/07 14:06:39.911, 6, 104272, 100, 936.64
2026/08/07 14:06:39.911, 7, 104272, 100, 966.93
2026/08/07 14:06:40.411, 0, 103102, 100, 956.88
2026/08/07 14:06:40.411, 1, 104262, 100, 963.08
2026/08/07 14:06:40.411, 2, 104262, 100, 947.51
2026/08/07 14:06:40.411, 3, 104262, 100, 957.86
2026/08/07 14:06:40.411, 4, 103112, 100, 937.03
2026/08/07 14:06:40.411, 5, 104272, 100, 951.29
2026/08/07 14:06:40.411, 6, 104272, 100, 939.76
2026/08/07 14:06:40.411, 7, 104272, 100, 965.44
2026/08/07 14:06:40.911, 0, 103102, 100, 959.39
2026/08/07 14:06:40.911, 1, 104262, 100, 956.63
2026/08/07 14:06:40.911, 2, 104262, 100, 946.26
2026/08/07 14:06:40.911, 3, 104262, 99, 958.14
2026/08/07 14:06:40.911, 4, 103112, 100, 933.86
2026/08/07 14:06:40.911, 5, 104272, 100, 953.58
2026/08/07 14:06:40.911, 6, 104272, 100, 929.30
2026/08/07 14:06:40.911, 7, 104272, 100, 970.68
2026/08/07 14:06:41.411, 0, 103102, 100, 957.59
2026/08/07 14:06:41.412, 1, 104262, 100, 960.87
2026/08/07 14:06:41.412, 2, 104262, 100, 946.07
2026/08/07 14:06:41.412, 3, 104262, 100, 961.15
2026/08/07 14:06:41.412, 4, 103112, 100, 935.38
2026/08/07 14:06:41.412, 5, 104272, 99, 950.06
2026/08/07 14:06:41.412, 6, 104272, 99, 925.05
2026/08/07 14:06:41.412, 7, 104272, 100, 966.73
2026/08/07 14:06:41.912, 0, 103102, 100, 963.12
2026/08/07 14:06:41.912, 1, 104262, 100, 977.02
2026/08/07 14:06:41.912, 2, 104262, 100, 954.72
2026/08/07 14:06:41.912, 3, 104262, 100, 966.00
2026/08/07 14:06:41.912, 4, 103112, 100, 945.50
2026/08/07 14:06:41.912, 5, 104272, 100, 954.28
2026/08/07 14:06:41.912, 6, 104272, 100, 932.05
2026/08/07 14:06:41.912, 7, 104272, 100, 965.44
2026/08/07 14:06:42.412, 0, 103102, 100, 956.68
2026/08/07 14:06:42.412, 1, 104262, 100, 986.16
2026/08/07 14:06:42.412, 2, 104262, 100, 961.54
2026/08/07 14:06:42.412, 3, 104262, 100, 967.66
2026/08/07 14:06:42.412, 4, 103112, 100, 945.59
2026/08/07 14:06:42.412, 5, 104272, 100, 961.03
2026/08/07 14:06:42.412, 6, 104272, 100, 937.60
2026/08/07 14:06:42.412, 7, 104272, 100, 965.49
2026/08/07 14:06:42.912, 0, 103102, 100, 957.38
2026/08/07 14:06:42.912, 1, 104262, 100, 980.47
2026/08/07 14:06:42.912, 2, 104262, 100, 957.26
2026/08/07 14:06:42.912, 3, 104262, 100, 968.11
2026/08/07 14:06:42.912, 4, 103112, 100, 949.91
2026/08/07 14:06:42.912, 5, 104272, 100, 966.84
2026/08/07 14:06:42.912, 6, 104272, 100, 945.73
2026/08/07 14:06:42.912, 7, 104272, 100, 970.74
2026/08/07 14:06:43.412, 0, 103102, 100, 964.26
2026/08/07 14:06:43.417, 1, 104262, 100, 972.66
2026/08/07 14:06:43.417, 2, 104262, 100, 951.49
2026/08/07 14:06:43.417, 3, 104262, 100, 967.28
2026/08/07 14:06:43.417, 4, 103112, 100, 944.51
2026/08/07 14:06:43.417, 5, 104272, 100, 969.16
2026/08/07 14:06:43.417, 6, 104272, 100, 953.21
2026/08/07 14:06:43.417, 7, 104272, 100, 977.57
2026/08/07 14:06:43.918, 0, 103102, 100, 958.61
2026/08/07 14:06:43.918, 1, 104262, 100, 966.47
2026/08/07 14:06:43.918, 2, 104262, 100, 949.64
2026/08/07 14:06:43.918, 3, 104262, 100, 967.46
2026/08/07 14:06:43.919, 4, 103112, 100, 938.93
2026/08/07 14:06:43.920, 5, 104272, 100, 956.52
2026/08/07 14:06:43.920, 6, 104272, 100, 947.22
2026/08/07 14:06:43.920, 7, 104272, 100, 974.78
2026/08/07 14:06:44.420, 0, 103102, 100, 950.06
2026/08/07 14:06:44.420, 1, 104262, 100, 960.23
2026/08/07 14:06:44.420, 2, 104262, 100, 933.05
2026/08/07 14:06:44.420, 3, 104262, 100, 960.14
2026/08/07 14:06:44.420, 4, 103112, 100, 939.58
2026/08/07 14:06:44.420, 5, 104272, 100, 957.63
2026/08/07 14:06:44.420, 6, 104272, 100, 933.21
2026/08/07 14:06:44.420, 7, 104272, 100, 973.37
2026/08/07 14:06:44.920, 0, 103102, 100, 951.00
2026/08/07 14:06:44.920, 1, 104262, 100, 969.70
2026/08/07 14:06:44.920, 2, 104262, 100, 934.12
2026/08/07 14:06:44.920, 3, 104262, 100, 956.83
2026/08/07 14:06:44.920, 4, 103112, 100, 938.56
2026/08/07 14:06:44.920, 5, 104272, 100, 958.04
2026/08/07 14:06:44.920, 6, 104272, 100, 932.30
2026/08/07 14:06:44.920, 7, 104272, 100, 969.11
2026/08/07 14:06:45.420, 0, 103102, 100, 943.80
2026/08/07 14:06:45.420, 1, 104262, 100, 969.42
2026/08/07 14:06:45.420, 2, 104262, 100, 945.19
2026/08/07 14:06:45.420, 3, 104262, 100, 955.58
2026/08/07 14:06:45.420, 4, 103112, 100, 931.99
2026/08/07 14:06:45.420, 5, 104272, 100, 944.84
2026/08/07 14:06:45.420, 6, 104272, 100, 932.03
2026/08/07 14:06:45.420, 7, 104272, 100, 959.98
2026/08/07 14:06:45.920, 0, 103102, 100, 946.83
2026/08/07 14:06:45.920, 1, 104262, 100, 969.94
2026/08/07 14:06:45.920, 2, 104262, 100, 932.13
2026/08/07 14:06:45.920, 3, 104262, 100, 961.75
2026/08/07 14:06:45.920, 4, 103112, 100, 930.96
2026/08/07 14:06:45.920, 5, 104272, 100, 938.95
2026/08/07 14:06:45.920, 6, 104272, 100, 926.19
2026/08/07 14:06:45.921, 7, 104272, 100, 950.68
2026/08/07 14:06:46.421, 0, 103102, 100, 952.63
2026/08/07 14:06:46.421, 1, 104262, 100, 981.98
2026/08/07 14:06:46.421, 2, 104262, 100, 946.32
2026/08/07 14:06:46.421, 3, 104262, 100, 965.22
2026/08/07 14:06:46.421, 4, 103112, 100, 936.80
2026/08/07 14:06:46.421, 5, 104272, 100, 958.59
2026/08/07 14:06:46.421, 6, 104272, 100, 929.55
2026/08/07 14:06:46.421, 7, 104272, 100, 967.22
2026/08/07 14:06:46.921, 0, 103102, 100, 953.96
2026/08/07 14:06:46.921, 1, 104262, 100, 983.08
2026/08/07 14:06:46.921, 2, 104262, 100, 950.32
2026/08/07 14:06:46.921, 3, 104262, 100, 961.63
2026/08/07 14:06:46.921, 4, 103112, 100, 944.74
2026/08/07 14:06:46.921, 5, 104272, 100, 962.74
2026/08/07 14:06:46.921, 6, 104272, 100, 941.01
2026/08/07 14:06:46.921, 7, 104272, 100, 976.31
2026/08/07 14:06:47.421, 0, 103102, 100, 965.58
2026/08/07 14:06:47.421, 1, 104262, 100, 981.16
2026/08/07 14:06:47.421, 2, 104262, 100, 943.97
2026/08/07 14:06:47.421, 3, 104262, 100, 963.17
2026/08/07 14:06:47.421, 4, 103112, 100, 950.54
2026/08/07 14:06:47.421, 5, 104272, 100, 962.24
2026/08/07 14:06:47.421, 6, 104272, 100, 946.61
2026/08/07 14:06:47.421, 7, 104272, 100, 975.00
2026/08/07 14:06:47.921, 0, 103102, 100, 963.95
2026/08/07 14:06:47.921, 1, 104262, 100, 976.97
2026/08/07 14:06:47.921, 2, 104262, 100, 948.19
2026/08/07 14:06:47.921, 3, 104262, 100, 957.30
2026/08/07 14:06:47.921, 4, 103112, 100, 944.70
2026/08/07 14:06:47.921, 5, 104272, 100, 963.37
2026/08/07 14:06:47.921, 6, 104272, 100, 947.23
2026/08/07 14:06:47.921, 7, 104272, 100, 977.64
2026/08/07 14:06:48.421, 0, 103102, 100, 957.67
2026/08/07 14:06:48.421, 1, 104262, 100, 971.55
2026/08/07 14:06:48.421, 2, 104262, 100, 947.14
2026/08/07 14:06:48.421, 3, 104262, 100, 959.77
2026/08/07 14:06:48.421, 4, 103112, 100, 937.68
2026/08/07 14:06:48.421, 5, 104272, 100, 952.71
2026/08/07 14:06:48.421, 6, 104272, 100, 941.24
2026/08/07 14:06:48.421, 7, 104272, 100, 963.63
2026/08/07 14:06:48.921, 0, 103102, 100, 951.72
2026/08/07 14:06:48.922, 1, 104262, 100, 963.94
2026/08/07 14:06:48.922, 2, 104262, 100, 948.84
2026/08/07 14:06:48.922, 3, 104262, 100, 960.16
2026/08/07 14:06:48.922, 4, 103112, 100, 932.68
2026/08/07 14:06:48.922, 5, 104272, 100, 951.42
2026/08/07 14:06:48.922, 6, 104272, 100, 937.50
2026/08/07 14:06:48.922, 7, 104272, 100, 958.16
2026/08/07 14:06:49.422, 0, 103102, 100, 951.40
2026/08/07 14:06:49.422, 1, 104262, 100, 964.44
2026/08/07 14:06:49.422, 2, 104262, 100, 940.53
2026/08/07 14:06:49.422, 3, 104262, 100, 950.59
2026/08/07 14:06:49.422, 4, 103112, 100, 942.04
2026/08/07 14:06:49.422, 5, 104272, 100, 957.64
2026/08/07 14:06:49.422, 6, 104272, 100, 933.36
2026/08/07 14:06:49.422, 7, 104272, 100, 967.42
2026/08/07 14:06:49.922, 0, 103102, 100, 949.79
2026/08/07 14:06:49.922, 1, 104262, 100, 965.15
2026/08/07 14:06:49.922, 2, 104262, 100, 943.23
2026/08/07 14:06:49.922, 3, 104262, 100, 952.60
2026/08/07 14:06:49.922, 4, 103112, 100, 939.78
2026/08/07 14:06:49.922, 5, 104272, 100, 953.12
2026/08/07 14:06:49.922, 6, 104272, 100, 933.04
2026/08/07 14:06:49.922, 7, 104272, 100, 965.57
2026/08/07 14:06:50.422, 0, 103102, 100, 950.66
2026/08/07 14:06:50.422, 1, 104262, 100, 969.66
2026/08/07 14:06:50.422, 2, 104262, 100, 943.81
2026/08/07 14:06:50.422, 3, 104262, 100, 960.63
2026/08/07 14:06:50.422, 4, 103112, 100, 935.18
2026/08/07 14:06:50.422, 5, 104272, 100, 946.16
2026/08/07 14:06:50.422, 6, 104272, 100, 934.01
2026/08/07 14:06:50.422, 7, 104272, 100, 958.56
2026/08/07 14:06:50.922, 0, 103102, 100, 958.55
2026/08/07 14:06:50.922, 1, 104262, 100, 972.54
2026/08/07 14:06:50.922, 2, 104262, 100, 949.11
2026/08/07 14:06:50.922, 3, 104262, 100, 961.34
2026/08/07 14:06:50.922, 4, 103112, 100, 943.85
2026/08/07 14:06:50.922, 5, 104272, 100, 954.06
2026/08/07 14:06:50.922, 6, 104272, 100, 941.15
2026/08/07 14:06:50.922, 7, 104272, 100, 963.40
2026/08/07 14:06:51.422, 0, 103102, 100, 960.05
2026/08/07 14:06:51.423, 1, 104262, 100, 979.70
2026/08/07 14:06:51.424, 2, 104262, 100, 952.39
2026/08/07 14:06:51.425, 3, 104262, 100, 960.61
2026/08/07 14:06:51.426, 4, 103112, 100, 949.41
2026/08/07 14:06:51.427, 5, 104272, 100, 957.26
2026/08/07 14:06:51.428, 6, 104272, 100, 947.04
2026/08/07 14:06:51.429, 7, 104272, 100, 975.27
2026/08/07 14:06:51.930, 0, 103102, 100, 960.39
2026/08/07 14:06:51.930, 1, 104262, 100, 978.69
2026/08/07 14:06:51.930, 2, 104262, 100, 964.09
2026/08/07 14:06:51.930, 3, 104262, 100, 964.15
2026/08/07 14:06:51.930, 4, 103112, 100, 947.47
2026/08/07 14:06:51.930, 5, 104272, 100, 964.43
2026/08/07 14:06:51.930, 6, 104272, 100, 949.83
2026/08/07 14:06:51.930, 7, 104272, 100, 973.89
2026/08/07 14:06:52.430, 0, 103102, 100, 964.08
2026/08/07 14:06:52.430, 1, 104262, 100, 973.80
2026/08/07 14:06:52.430, 2, 104262, 100, 959.39
2026/08/07 14:06:52.431, 3, 104262, 100, 962.74
2026/08/07 14:06:52.431, 4, 103112, 100, 952.93
2026/08/07 14:06:52.431, 5, 104272, 100, 967.70
2026/08/07 14:06:52.431, 6, 104272, 100, 956.06
2026/08/07 14:06:52.431, 7, 104272, 100, 980.26
2026/08/07 14:06:52.931, 0, 103102, 100, 962.67
2026/08/07 14:06:52.931, 1, 104262, 100, 973.20
2026/08/07 14:06:52.931, 2, 104262, 100, 949.91
2026/08/07 14:06:52.931, 3, 104262, 100, 958.91
2026/08/07 14:06:52.931, 4, 103112, 100, 948.53
2026/08/07 14:06:52.931, 5, 104272, 100, 961.53
2026/08/07 14:06:52.931, 6, 104272, 100, 945.19
2026/08/07 14:06:52.931, 7, 104272, 100, 971.36
2026/08/07 14:06:53.431, 0, 103102, 100, 953.85
2026/08/07 14:06:53.431, 1, 104262, 100, 970.68
2026/08/07 14:06:53.431, 2, 104262, 100, 945.14
2026/08/07 14:06:53.431, 3, 104262, 100, 955.82
2026/08/07 14:06:53.431, 4, 103112, 100, 938.73
2026/08/07 14:06:53.431, 5, 104272, 100, 958.49
2026/08/07 14:06:53.431, 6, 104272, 100, 934.22
2026/08/07 14:06:53.431, 7, 104272, 100, 965.00
2026/08/07 14:06:53.931, 0, 103102, 100, 945.31
2026/08/07 14:06:53.931, 1, 104262, 100, 962.98
2026/08/07 14:06:53.931, 2, 104262, 100, 943.24
2026/08/07 14:06:53.931, 3, 104262, 100, 950.76
2026/08/07 14:06:53.931, 4, 103112, 100, 936.55
2026/08/07 14:06:53.931, 5, 104272, 100, 962.30
2026/08/07 14:06:53.931, 6, 104272, 100, 937.96
2026/08/07 14:06:53.931, 7, 104272, 100, 966.05
2026/08/07 14:06:54.431, 0, 103102, 100, 934.70
2026/08/07 14:06:54.431, 1, 104262, 100, 963.43
2026/08/07 14:06:54.431, 2, 104262, 100, 945.21
2026/08/07 14:06:54.431, 3, 104262, 100, 951.84
2026/08/07 14:06:54.431, 4, 103112, 99, 940.75
2026/08/07 14:06:54.431, 5, 104272, 100, 964.86
2026/08/07 14:06:54.431, 6, 104272, 100, 938.58
2026/08/07 14:06:54.431, 7, 104272, 99, 970.23
2026/08/07 14:06:54.931, 0, 103102, 100, 947.33
2026/08/07 14:06:54.931, 1, 104262, 100, 973.19
2026/08/07 14:06:54.931, 2, 104262, 100, 940.35
2026/08/07 14:06:54.931, 3, 104262, 100, 962.94
2026/08/07 14:06:54.931, 4, 103112, 100, 936.64
2026/08/07 14:06:54.931, 5, 104272, 100, 953.23
2026/08/07 14:06:54.931, 6, 104272, 100, 930.61
2026/08/07 14:06:54.931, 7, 104272, 100, 967.55
2026/08/07 14:06:55.431, 0, 103102, 100, 963.25
2026/08/07 14:06:55.432, 1, 104262, 100, 978.10
2026/08/07 14:06:55.432, 2, 104262, 100, 946.64
2026/08/07 14:06:55.432, 3, 104262, 100, 969.95
2026/08/07 14:06:55.432, 4, 103112, 100, 947.03
2026/08/07 14:06:55.432, 5, 104272, 100, 961.37
2026/08/07 14:06:55.432, 6, 104272, 100, 937.16
2026/08/07 14:06:55.432, 7, 104272, 100, 966.90
2026/08/07 14:06:55.932, 0, 103102, 100, 961.42
2026/08/07 14:06:55.932, 1, 104262, 100, 983.42
2026/08/07 14:06:55.932, 2, 104262, 100, 962.65
2026/08/07 14:06:55.932, 3, 104262, 100, 963.30
2026/08/07 14:06:55.932, 4, 103112, 100, 950.96
2026/08/07 14:06:55.932, 5, 104272, 100, 968.83
2026/08/07 14:06:55.932, 6, 104272, 100, 949.25
2026/08/07 14:06:55.932, 7, 104272, 100, 983.04
2026/08/07 14:06:56.432, 0, 103102, 100, 954.18
2026/08/07 14:06:56.432, 1, 104262, 100, 974.72
2026/08/07 14:06:56.432, 2, 104262, 100, 958.38
2026/08/07 14:06:56.432, 3, 104262, 100, 964.31
2026/08/07 14:06:56.432, 4, 103112, 100, 950.58
2026/08/07 14:06:56.432, 5, 104272, 100, 962.43
2026/08/07 14:06:56.432, 6, 104272, 100, 950.73
2026/08/07 14:06:56.432, 7, 104272, 100, 985.49
2026/08/07 14:06:56.932, 0, 103102, 100, 954.46
2026/08/07 14:06:56.932, 1, 104262, 100, 969.33
2026/08/07 14:06:56.932, 2, 104262, 100, 939.59
2026/08/07 14:06:56.932, 3, 104262, 100, 964.72
2026/08/07 14:06:56.932, 4, 103112, 100, 945.22
2026/08/07 14:06:56.932, 5, 104272, 100, 956.68
2026/08/07 14:06:56.932, 6, 104272, 100, 952.70
2026/08/07 14:06:56.932, 7, 104272, 100, 978.86
2026/08/07 14:06:57.432, 0, 103102, 100, 955.18
2026/08/07 14:06:57.432, 1, 104262, 100, 973.47
2026/08/07 14:06:57.432, 2, 104262, 100, 939.62
2026/08/07 14:06:57.432, 3, 104262, 100, 959.15
2026/08/07 14:06:57.432, 4, 103112, 100, 947.65
2026/08/07 14:06:57.433, 5, 104272, 100, 960.74
2026/08/07 14:06:57.433, 6, 104272, 100, 943.86
2026/08/07 14:06:57.433, 7, 104272, 100, 973.48
2026/08/07 14:06:57.933, 0, 103102, 100, 946.42
2026/08/07 14:06:57.933, 1, 104262, 100, 973.22
2026/08/07 14:06:57.933, 2, 104262, 100, 952.58
2026/08/07 14:06:57.933, 3, 104262, 100, 959.19
2026/08/07 14:06:57.933, 4, 103112, 100, 944.71
2026/08/07 14:06:57.933, 5, 104272, 100, 957.24
2026/08/07 14:06:57.933, 6, 104272, 100, 937.34
2026/08/07 14:06:57.933, 7, 104272, 100, 965.16
2026/08/07 14:06:58.433, 0, 103102, 100, 944.29
2026/08/07 14:06:58.433, 1, 104262, 100, 961.88
2026/08/07 14:06:58.433, 2, 104262, 99, 942.95
2026/08/07 14:06:58.433, 3, 104262, 99, 951.86
2026/08/07 14:06:58.433, 4, 103112, 100, 931.86
2026/08/07 14:06:58.433, 5, 104272, 100, 947.13
2026/08/07 14:06:58.433, 6, 104272, 100, 932.88
2026/08/07 14:06:58.433, 7, 104272, 100, 953.02
2026/08/07 14:06:58.933, 0, 103102, 100, 943.74
2026/08/07 14:06:58.933, 1, 104262, 100, 962.97
2026/08/07 14:06:58.933, 2, 104262, 100, 943.34
2026/08/07 14:06:58.933, 3, 104262, 100, 957.18
2026/08/07 14:06:58.933, 4, 103112, 99, 933.95
2026/08/07 14:06:58.933, 5, 104272, 99, 950.74
2026/08/07 14:06:58.933, 6, 104272, 99, 918.74
2026/08/07 14:06:58.933, 7, 104272, 99, 960.82
2026/08/07 14:06:59.433, 0, 103102, 100, 951.92
2026/08/07 14:06:59.437, 1, 104262, 100, 975.75
2026/08/07 14:06:59.437, 2, 104262, 100, 949.29
2026/08/07 14:06:59.438, 3, 104262, 100, 968.21
2026/08/07 14:06:59.438, 4, 103112, 100, 941.66
2026/08/07 14:06:59.438, 5, 104272, 100, 954.05
2026/08/07 14:06:59.438, 6, 104272, 100, 918.64
2026/08/07 14:06:59.438, 7, 104272, 100, 968.69
2026/08/07 14:06:59.938, 0, 103102, 100, 962.86
2026/08/07 14:06:59.938, 1, 104262, 100, 978.60
2026/08/07 14:06:59.938, 2, 104262, 100, 946.34
2026/08/07 14:06:59.938, 3, 104262, 100, 972.16
2026/08/07 14:06:59.938, 4, 103112, 100, 945.73
2026/08/07 14:06:59.938, 5, 104272, 100, 967.65
2026/08/07 14:06:59.938, 6, 104272, 100, 935.13
2026/08/07 14:06:59.938, 7, 104272, 100, 973.06
2026/08/07 14:07:00.438, 0, 103102, 100, 959.61
2026/08/07 14:07:00.438, 1, 104262, 100, 981.91
2026/08/07 14:07:00.438, 2, 104262, 100, 948.91
2026/08/07 14:07:00.438, 3, 104262, 100, 970.06
2026/08/07 14:07:00.438, 4, 103112, 100, 956.67
2026/08/07 14:07:00.438, 5, 104272, 100, 978.46
2026/08/07 14:07:00.438, 6, 104272, 100, 946.06
2026/08/07 14:07:00.438, 7, 104272, 100, 980.03
2026/08/07 14:07:00.938, 0, 103102, 100, 949.33
2026/08/07 14:07:00.938, 1, 104262, 100, 971.66
2026/08/07 14:07:00.938, 2, 104262, 100, 951.13
2026/08/07 14:07:00.938, 3, 104262, 100, 965.76
2026/08/07 14:07:00.938, 4, 103112, 100, 958.52
2026/08/07 14:07:00.938, 5, 104272, 100, 968.46
2026/08/07 14:07:00.938, 6, 104272, 100, 950.96
2026/08/07 14:07:00.938, 7, 104272, 100, 980.65
2026/08/07 14:07:01.438, 0, 103102, 100, 944.09
2026/08/07 14:07:01.438, 1, 104262, 100, 964.31
2026/08/07 14:07:01.438, 2, 104262, 100, 949.30
2026/08/07 14:07:01.438, 3, 104262, 100, 961.17
2026/08/07 14:07:01.438, 4, 103112, 100, 951.91
2026/08/07 14:07:01.438, 5, 104272, 100, 961.43
2026/08/07 14:07:01.438, 6, 104272, 100, 950.01
2026/08/07 14:07:01.438, 7, 104272, 100, 978.98
2026/08/07 14:07:01.938, 0, 103102, 100, 949.59
2026/08/07 14:07:01.938, 1, 104262, 100, 969.12
2026/08/07 14:07:01.939, 2, 104262, 100, 944.76
2026/08/07 14:07:01.944, 3, 104262, 100, 952.18
2026/08/07 14:07:01.944, 4, 103112, 100, 947.59
2026/08/07 14:07:01.944, 5, 104272, 100, 965.15
2026/08/07 14:07:01.944, 6, 104272, 100, 945.76
2026/08/07 14:07:01.944, 7, 104272, 100, 963.60
2026/08/07 14:07:02.445, 0, 103102, 100, 950.53
2026/08/07 14:07:02.445, 1, 104262, 100, 959.57
2026/08/07 14:07:02.445, 2, 104262, 100, 937.64
2026/08/07 14:07:02.445, 3, 104262, 100, 956.18
2026/08/07 14:07:02.445, 4, 103112, 100, 945.16
2026/08/07 14:07:02.445, 5, 104272, 100, 957.52
2026/08/07 14:07:02.445, 6, 104272, 100, 940.83
2026/08/07 14:07:02.445, 7, 104272, 100, 958.48
2026/08/07 14:07:02.945, 0, 103102, 100, 945.59
2026/08/07 14:07:02.945, 1, 104262, 100, 957.93
2026/08/07 14:07:02.945, 2, 104262, 99, 931.12
2026/08/07 14:07:02.945, 3, 104262, 99, 947.90
2026/08/07 14:07:02.945, 4, 103112, 100, 941.96
2026/08/07 14:07:02.945, 5, 104272, 100, 953.91
2026/08/07 14:07:02.945, 6, 104272, 100, 921.12
2026/08/07 14:07:02.945, 7, 104272, 100, 959.49
2026/08/07 14:07:03.445, 0, 103102, 100, 941.61
2026/08/07 14:07:03.445, 1, 104262, 100, 968.11
2026/08/07 14:07:03.445, 2, 104262, 100, 941.73
2026/08/07 14:07:03.445, 3, 104262, 100, 950.49
2026/08/07 14:07:03.445, 4, 103112, 100, 942.20
2026/08/07 14:07:03.445, 5, 104272, 100, 954.34
2026/08/07 14:07:03.445, 6, 104272, 99, 917.41
2026/08/07 14:07:03.445, 7, 104272, 100, 951.08
2026/08/07 14:07:03.945, 0, 103102, 100, 956.85
2026/08/07 14:07:03.945, 1, 104262, 100, 971.49
2026/08/07 14:07:03.945, 2, 104262, 100, 951.58
2026/08/07 14:07:03.945, 3, 104262, 100, 967.15
2026/08/07 14:07:03.945, 4, 103112, 100, 950.00
2026/08/07 14:07:03.945, 5, 104272, 100, 965.62
2026/08/07 14:07:03.945, 6, 104272, 100, 928.22
2026/08/07 14:07:03.945, 7, 104272, 100, 964.46
2026/08/07 14:07:04.445, 0, 103102, 100, 965.33
2026/08/07 14:07:04.446, 1, 104262, 100, 974.67
2026/08/07 14:07:04.447, 2, 104262, 100, 950.50
2026/08/07 14:07:04.447, 3, 104262, 100, 972.37
2026/08/07 14:07:04.447, 4, 103112, 100, 945.78
2026/08/07 14:07:04.447, 5, 104272, 100, 971.96
2026/08/07 14:07:04.447, 6, 104272, 100, 939.57
2026/08/07 14:07:04.447, 7, 104272, 100, 975.84
2026/08/07 14:07:04.947, 0, 103102, 100, 956.99
2026/08/07 14:07:04.947, 1, 104262, 100, 975.26
2026/08/07 14:07:04.947, 2, 104262, 100, 957.06
2026/08/07 14:07:04.947, 3, 104262, 100, 969.37
2026/08/07 14:07:04.947, 4, 103112, 100, 950.82
2026/08/07 14:07:04.947, 5, 104272, 100, 971.23
2026/08/07 14:07:04.947, 6, 104272, 100, 954.31
2026/08/07 14:07:04.947, 7, 104272, 100, 977.54
2026/08/07 14:07:05.447, 0, 103102, 100, 955.34
2026/08/07 14:07:05.447, 1, 104262, 100, 979.90
2026/08/07 14:07:05.447, 2, 104262, 100, 958.26
2026/08/07 14:07:05.447, 3, 104262, 100, 969.91
2026/08/07 14:07:05.447, 4, 103112, 100, 952.82
2026/08/07 14:07:05.447, 5, 104272, 100, 973.70
2026/08/07 14:07:05.447, 6, 104272, 100, 955.97
2026/08/07 14:07:05.447, 7, 104272, 100, 982.13
2026/08/07 14:07:05.947, 0, 103102, 100, 954.95
2026/08/07 14:07:05.947, 1, 104262, 100, 974.78
2026/08/07 14:07:05.947, 2, 104262, 100, 954.43
2026/08/07 14:07:05.947, 3, 104262, 100, 962.90
2026/08/07 14:07:05.947, 4, 103112, 100, 943.81
2026/08/07 14:07:05.947, 5, 104272, 100, 958.66
2026/08/07 14:07:05.947, 6, 104272, 100, 947.61
2026/08/07 14:07:05.947, 7, 104272, 100, 978.20
2026/08/07 14:07:06.447, 0, 103102, 100, 953.23
2026/08/07 14:07:06.447, 1, 104262, 100, 974.45
2026/08/07 14:07:06.447, 2, 104262, 100, 951.95
2026/08/07 14:07:06.447, 3, 104262, 100, 949.25
2026/08/07 14:07:06.447, 4, 103112, 100, 937.61
2026/08/07 14:07:06.447, 5, 104272, 100, 951.53
2026/08/07 14:07:06.447, 6, 104272, 100, 934.78
2026/08/07 14:07:06.448, 7, 104272, 100, 961.41
2026/08/07 14:07:06.948, 0, 103102, 100, 951.35
2026/08/07 14:07:06.948, 1, 104262, 100, 970.60
2026/08/07 14:07:06.948, 2, 104262, 100, 946.39
2026/08/07 14:07:06.948, 3, 104262, 100, 951.13
2026/08/07 14:07:06.948, 4, 103112, 100, 939.30
2026/08/07 14:07:06.948, 5, 104272, 100, 956.98
2026/08/07 14:07:06.948, 6, 104272, 100, 927.62
2026/08/07 14:07:06.948, 7, 104272, 100, 960.27
2026/08/07 14:07:07.448, 0, 103102, 100, 941.20
2026/08/07 14:07:07.448, 1, 104262, 100, 960.41
2026/08/07 14:07:07.449, 2, 104262, 100, 936.56
2026/08/07 14:07:07.449, 3, 104262, 100, 955.77
2026/08/07 14:07:07.449, 4, 103112, 100, 941.49
2026/08/07 14:07:07.449, 5, 104272, 100, 957.79
2026/08/07 14:07:07.449, 6, 104272, 100, 930.18
2026/08/07 14:07:07.449, 7, 104272, 100, 971.09
2026/08/07 14:07:07.949, 0, 103102, 100, 942.05
2026/08/07 14:07:07.949, 1, 104262, 100, 969.92
2026/08/07 14:07:07.949, 2, 104262, 100, 951.22
2026/08/07 14:07:07.949, 3, 104262, 100, 958.70
2026/08/07 14:07:07.949, 4, 103112, 100, 934.71
2026/08/07 14:07:07.949, 5, 104272, 100, 954.08
2026/08/07 14:07:07.949, 6, 104272, 100, 928.86
2026/08/07 14:07:07.949, 7, 104272, 100, 964.47
2026/08/07 14:07:08.449, 0, 103102, 100, 955.46
2026/08/07 14:07:08.449, 1, 104262, 100, 972.86
2026/08/07 14:07:08.449, 2, 104262, 100, 955.03
2026/08/07 14:07:08.449, 3, 104262, 100, 961.19
2026/08/07 14:07:08.449, 4, 103112, 100, 935.10
2026/08/07 14:07:08.449, 5, 104272, 100, 963.42
2026/08/07 14:07:08.449, 6, 104272, 100, 930.35
2026/08/07 14:07:08.449, 7, 104272, 100, 967.75
2026/08/07 14:07:08.949, 0, 103102, 100, 957.97
2026/08/07 14:07:08.949, 1, 104262, 100, 969.43
2026/08/07 14:07:08.949, 2, 104262, 100, 942.99
2026/08/07 14:07:08.949, 3, 104262, 100, 966.47
2026/08/07 14:07:08.949, 4, 103112, 100, 941.48
2026/08/07 14:07:08.949, 5, 104272, 100, 963.25
2026/08/07 14:07:08.949, 6, 104272, 100, 940.61
2026/08/07 14:07:08.949, 7, 104272, 100, 978.38
2026/08/07 14:07:09.449, 0, 103102, 100, 957.59
2026/08/07 14:07:09.449, 1, 104262, 100, 979.74
2026/08/07 14:07:09.450, 2, 104262, 100, 942.67
2026/08/07 14:07:09.450, 3, 104262, 100, 968.13
2026/08/07 14:07:09.450, 4, 103112, 100, 941.30
2026/08/07 14:07:09.450, 5, 104272, 100, 958.73
2026/08/07 14:07:09.450, 6, 104272, 100, 938.67
2026/08/07 14:07:09.450, 7, 104272, 100, 966.87
2026/08/07 14:07:09.950, 0, 103102, 100, 956.14
2026/08/07 14:07:09.950, 1, 104262, 100, 967.36
2026/08/07 14:07:09.950, 2, 104262, 100, 950.34
2026/08/07 14:07:09.950, 3, 104262, 100, 960.03
2026/08/07 14:07:09.950, 4, 103112, 100, 943.20
2026/08/07 14:07:09.950, 5, 104272, 100, 967.35
2026/08/07 14:07:09.950, 6, 104272, 100, 937.15
2026/08/07 14:07:09.950, 7, 104272, 100, 972.66
2026/08/07 14:07:10.450, 0, 103102, 100, 954.16
2026/08/07 14:07:10.450, 1, 104262, 100, 960.00
2026/08/07 14:07:10.450, 2, 104262, 100, 940.21
2026/08/07 14:07:10.450, 3, 104262, 100, 956.24
2026/08/07 14:07:10.450, 4, 103112, 100, 943.90
2026/08/07 14:07:10.450, 5, 104272, 100, 970.34
2026/08/07 14:07:10.450, 6, 104272, 100, 935.38
2026/08/07 14:07:10.450, 7, 104272, 100, 970.83
2026/08/07 14:07:10.950, 0, 103102, 100, 951.35
2026/08/07 14:07:10.950, 1, 104262, 100, 970.69
2026/08/07 14:07:10.950, 2, 104262, 100, 931.06
2026/08/07 14:07:10.950, 3, 104262, 100, 958.74
2026/08/07 14:07:10.950, 4, 103112, 100, 947.58
2026/08/07 14:07:10.950, 5, 104272, 100, 959.90
2026/08/07 14:07:10.950, 6, 104272, 100, 932.37
2026/08/07 14:07:10.950, 7, 104272, 100, 962.98
2026/08/07 14:07:11.450, 0, 103102, 100, 945.78
2026/08/07 14:07:11.450, 1, 104262, 100, 969.84
2026/08/07 14:07:11.450, 2, 104262, 100, 944.50
2026/08/07 14:07:11.450, 3, 104262, 100, 958.66
2026/08/07 14:07:11.450, 4, 103112, 100, 933.16
2026/08/07 14:07:11.450, 5, 104272, 100, 952.45
2026/08/07 14:07:11.450, 6, 104272, 100, 932.01
2026/08/07 14:07:11.450, 7, 104272, 100, 965.06
2026/08/07 14:07:11.950, 0, 103102, 100, 944.08
2026/08/07 14:07:11.950, 1, 104262, 100, 962.55
2026/08/07 14:07:11.950, 2, 104262, 100, 945.04
2026/08/07 14:07:11.950, 3, 104262, 100, 947.74
2026/08/07 14:07:11.950, 4, 103112, 100, 931.17
2026/08/07 14:07:11.950, 5, 104272, 100, 948.33
2026/08/07 14:07:11.951, 6, 104272, 100, 928.95
2026/08/07 14:07:11.951, 7, 104272, 100, 967.57
2026/08/07 14:07:12.451, 0, 103102, 100, 945.58
2026/08/07 14:07:12.451, 1, 104262, 100, 962.26
2026/08/07 14:07:12.451, 2, 104262, 100, 946.90
2026/08/07 14:07:12.451, 3, 104262, 100, 953.38
2026/08/07 14:07:12.451, 4, 103112, 100, 934.33
2026/08/07 14:07:12.451, 5, 104272, 100, 943.06
2026/08/07 14:07:12.451, 6, 104272, 100, 920.31
2026/08/07 14:07:12.451, 7, 104272, 100, 968.03
2026/08/07 14:07:12.951, 0, 103102, 100, 954.03
2026/08/07 14:07:12.951, 1, 104262, 100, 971.53
2026/08/07 14:07:12.951, 2, 104262, 100, 947.90
2026/08/07 14:07:12.951, 3, 104262, 100, 973.43
2026/08/07 14:07:12.951, 4, 103112, 100, 936.74
2026/08/07 14:07:12.951, 5, 104272, 100, 955.90
2026/08/07 14:07:12.951, 6, 104272, 100, 924.34
2026/08/07 14:07:12.951, 7, 104272, 100, 967.24
2026/08/07 14:07:13.451, 0, 103102, 100, 959.37
2026/08/07 14:07:13.451, 1, 104262, 100, 981.33
2026/08/07 14:07:13.451, 2, 104262, 100, 938.94
2026/08/07 14:07:13.451, 3, 104262, 100, 972.29
2026/08/07 14:07:13.451, 4, 103112, 100, 951.47
2026/08/07 14:07:13.451, 5, 104272, 100, 961.16
2026/08/07 14:07:13.451, 6, 104272, 100, 939.92
2026/08/07 14:07:13.451, 7, 104272, 100, 976.22
2026/08/07 14:07:13.951, 0, 103102, 100, 955.47
2026/08/07 14:07:13.954, 1, 104262, 100, 972.50
2026/08/07 14:07:13.955, 2, 104262, 100, 951.15
2026/08/07 14:07:13.959, 3, 104262, 100, 964.76
2026/08/07 14:07:13.960, 4, 103112, 100, 943.31
2026/08/07 14:07:13.963, 5, 104272, 100, 957.47
2026/08/07 14:07:13.964, 6, 104272, 100, 949.84
2026/08/07 14:07:13.964, 7, 104272, 100, 976.56
2026/08/07 14:07:14.464, 0, 103102, 100, 952.19
2026/08/07 14:07:14.464, 1, 104262, 100, 959.02
2026/08/07 14:07:14.464, 2, 104262, 100, 953.91
2026/08/07 14:07:14.464, 3, 104262, 100, 968.79
2026/08/07 14:07:14.464, 4, 103112, 100, 945.49
2026/08/07 14:07:14.464, 5, 104272, 100, 963.57
2026/08/07 14:07:14.464, 6, 104272, 100, 947.17
2026/08/07 14:07:14.464, 7, 104272, 100, 969.50
2026/08/07 14:07:14.964, 0, 103102, 100, 954.43
2026/08/07 14:07:14.964, 1, 104262, 100, 957.89
2026/08/07 14:07:14.964, 2, 104262, 100, 950.99
2026/08/07 14:07:14.964, 3, 104262, 100, 965.04
2026/08/07 14:07:14.964, 4, 103112, 100, 949.40
2026/08/07 14:07:14.964, 5, 104272, 100, 970.76
2026/08/07 14:07:14.964, 6, 104272, 100, 938.20
2026/08/07 14:07:14.964, 7, 104272, 100, 968.18
2026/08/07 14:07:15.464, 0, 103102, 100, 942.89
2026/08/07 14:07:15.464, 1, 104262, 100, 964.85
2026/08/07 14:07:15.464, 2, 104262, 100, 948.06
2026/08/07 14:07:15.464, 3, 104262, 100, 956.74
2026/08/07 14:07:15.464, 4, 103112, 100, 941.96
2026/08/07 14:07:15.464, 5, 104272, 100, 952.88
2026/08/07 14:07:15.464, 6, 104272, 100, 927.27
2026/08/07 14:07:15.465, 7, 104272, 100, 964.82
2026/08/07 14:07:15.965, 0, 103102, 100, 932.08
2026/08/07 14:07:15.965, 1, 104262, 100, 950.39
2026/08/07 14:07:15.965, 2, 104262, 100, 934.35
2026/08/07 14:07:15.965, 3, 104262, 100, 952.62
2026/08/07 14:07:15.965, 4, 103112, 100, 931.32
2026/08/07 14:07:15.965, 5, 104272, 100, 938.39
2026/08/07 14:07:15.965, 6, 104272, 100, 927.51
2026/08/07 14:07:15.965, 7, 104272, 100, 963.55
2026/08/07 14:07:16.465, 0, 103102, 100, 946.59
2026/08/07 14:07:16.465, 1, 104262, 100, 951.00
2026/08/07 14:07:16.465, 2, 104262, 100, 937.45
2026/08/07 14:07:16.465, 3, 104262, 100, 949.52
2026/08/07 14:07:16.465, 4, 103112, 99, 931.06
2026/08/07 14:07:16.465, 5, 104272, 100, 948.59
2026/08/07 14:07:16.465, 6, 104272, 100, 936.27
2026/08/07 14:07:16.465, 7, 104272, 99, 970.72
2026/08/07 14:07:16.965, 0, 103102, 100, 951.43
2026/08/07 14:07:16.965, 1, 104262, 100, 971.46
2026/08/07 14:07:16.965, 2, 104262, 100, 944.33
2026/08/07 14:07:16.965, 3, 104262, 100, 955.20
2026/08/07 14:07:16.965, 4, 103112, 100, 934.66
2026/08/07 14:07:16.965, 5, 104272, 100, 952.14
2026/08/07 14:07:16.965, 6, 104272, 100, 929.95
2026/08/07 14:07:16.965, 7, 104272, 100, 964.63
2026/08/07 14:07:17.465, 0, 103102, 100, 957.18
2026/08/07 14:07:17.466, 1, 104262, 100, 978.72
2026/08/07 14:07:17.466, 2, 104262, 100, 949.93
2026/08/07 14:07:17.470, 3, 104262, 100, 961.77
2026/08/07 14:07:17.471, 4, 103112, 100, 936.76
2026/08/07 14:07:17.471, 5, 104272, 100, 957.99
2026/08/07 14:07:17.471, 6, 104272, 100, 934.98
2026/08/07 14:07:17.474, 7, 104272, 100, 959.01
2026/08/07 14:07:17.975, 0, 103102, 100, 965.69
2026/08/07 14:07:17.975, 1, 104262, 100, 983.53
2026/08/07 14:07:17.975, 2, 104262, 100, 960.67
2026/08/07 14:07:17.975, 3, 104262, 100, 969.34
2026/08/07 14:07:17.975, 4, 103112, 100, 944.70
2026/08/07 14:07:17.975, 5, 104272, 100, 958.79
2026/08/07 14:07:17.975, 6, 104272, 100, 943.01
2026/08/07 14:07:17.975, 7, 104272, 100, 977.62
2026/08/07 14:07:18.475, 0, 103102, 100, 959.16
2026/08/07 14:07:18.475, 1, 104262, 100, 982.55
2026/08/07 14:07:18.475, 2, 104262, 100, 967.04
2026/08/07 14:07:18.475, 3, 104262, 100, 973.35
2026/08/07 14:07:18.475, 4, 103112, 100, 947.64
2026/08/07 14:07:18.475, 5, 104272, 100, 965.68
2026/08/07 14:07:18.475, 6, 104272, 100, 944.09
2026/08/07 14:07:18.475, 7, 104272, 100, 979.28
2026/08/07 14:07:18.975, 0, 103102, 100, 951.86
2026/08/07 14:07:18.975, 1, 104262, 100, 972.77
2026/08/07 14:07:18.975, 2, 104262, 100, 953.76
2026/08/07 14:07:18.975, 3, 104262, 100, 969.30
2026/08/07 14:07:18.975, 4, 103112, 100, 940.70
2026/08/07 14:07:18.975, 5, 104272, 100, 962.10
2026/08/07 14:07:18.975, 6, 104272, 100, 933.41
2026/08/07 14:07:18.975, 7, 104272, 100, 970.59
2026/08/07 14:07:19.475, 0, 103102, 100, 950.83
2026/08/07 14:07:19.475, 1, 104262, 100, 970.90
2026/08/07 14:07:19.475, 2, 104262, 100, 936.09
2026/08/07 14:07:19.476, 3, 104262, 100, 962.98
2026/08/07 14:07:19.476, 4, 103112, 100, 938.61
2026/08/07 14:07:19.476, 5, 104272, 100, 959.09
2026/08/07 14:07:19.476, 6, 104272, 100, 927.44
2026/08/07 14:07:19.476, 7, 104272, 100, 964.13
2026/08/07 14:07:19.976, 0, 103102, 100, 954.05
2026/08/07 14:07:19.976, 1, 104262, 100, 972.23
2026/08/07 14:07:19.976, 2, 104262, 100, 940.99
2026/08/07 14:07:19.976, 3, 104262, 100, 956.98
2026/08/07 14:07:19.976, 4, 103112, 100, 941.22
2026/08/07 14:07:19.977, 5, 104272, 100, 958.76
2026/08/07 14:07:19.977, 6, 104272, 100, 935.33
2026/08/07 14:07:19.977, 7, 104272, 100, 965.30
2026/08/07 14:07:20.477, 0, 103102, 100, 946.00
2026/08/07 14:07:20.477, 1, 104262, 99, 964.89
2026/08/07 14:07:20.477, 2, 104262, 99, 945.79
2026/08/07 14:07:20.477, 3, 104262, 100, 956.28
2026/08/07 14:07:20.477, 4, 103112, 100, 937.58
2026/08/07 14:07:20.477, 5, 104272, 100, 959.98
2026/08/07 14:07:20.477, 6, 104272, 100, 938.87
2026/08/07 14:07:20.477, 7, 104272, 100, 968.95
2026/08/07 14:07:20.977, 0, 103102, 100, 942.01
2026/08/07 14:07:20.977, 1, 104262, 100, 963.47
2026/08/07 14:07:20.977, 2, 104262, 100, 941.31
2026/08/07 14:07:20.977, 3, 104262, 100, 952.40
2026/08/07 14:07:20.977, 4, 103112, 99, 940.53
2026/08/07 14:07:20.977, 5, 104272, 100, 956.32
2026/08/07 14:07:20.977, 6, 104272, 99, 936.19
2026/08/07 14:07:20.977, 7, 104272, 99, 970.26
2026/08/07 14:07:21.477, 0, 103102, 100, 945.71
2026/08/07 14:07:21.477, 1, 104262, 100, 975.57
2026/08/07 14:07:21.477, 2, 104262, 100, 940.17
2026/08/07 14:07:21.477, 3, 104262, 100, 955.82
2026/08/07 14:07:21.477, 4, 103112, 100, 935.62
2026/08/07 14:07:21.477, 5, 104272, 100, 948.88
2026/08/07 14:07:21.477, 6, 104272, 100, 930.58
2026/08/07 14:07:21.477, 7, 104272, 100, 972.55
2026/08/07 14:07:21.977, 0, 103102, 100, 952.13
2026/08/07 14:07:21.977, 1, 104262, 100, 983.85
2026/08/07 14:07:21.977, 2, 104262, 100, 946.09
2026/08/07 14:07:21.977, 3, 104262, 100, 960.72
2026/08/07 14:07:21.977, 4, 103112, 100, 933.09
2026/08/07 14:07:21.977, 5, 104272, 100, 956.01
2026/08/07 14:07:21.977, 6, 104272, 100, 938.73
2026/08/07 14:07:21.977, 7, 104272, 100, 973.38
2026/08/07 14:07:22.477, 0, 103102, 100, 955.24
2026/08/07 14:07:22.478, 1, 104262, 100, 978.84
2026/08/07 14:07:22.479, 2, 104262, 100, 955.60
2026/08/07 14:07:22.480, 3, 104262, 100, 963.36
2026/08/07 14:07:22.481, 4, 103112, 100, 941.73
2026/08/07 14:07:22.482, 5, 104272, 100, 970.09
2026/08/07 14:07:22.483, 6, 104272, 100, 952.09
2026/08/07 14:07:22.483, 7, 104272, 100, 971.72
2026/08/07 14:07:22.984, 0, 103102, 100, 958.45
2026/08/07 14:07:22.984, 1, 104262, 100, 974.22
2026/08/07 14:07:22.984, 2, 104262, 100, 954.46
2026/08/07 14:07:22.984, 3, 104262, 100, 962.77
2026/08/07 14:07:22.984, 4, 103112, 100, 947.89
2026/08/07 14:07:22.984, 5, 104272, 100, 967.04
2026/08/07 14:07:22.984, 6, 104272, 100, 945.33
2026/08/07 14:07:22.984, 7, 104272, 100, 972.03
2026/08/07 14:07:23.484, 0, 103102, 100, 955.30
2026/08/07 14:07:23.484, 1, 104262, 100, 966.81
2026/08/07 14:07:23.484, 2, 104262, 100, 940.20
2026/08/07 14:07:23.484, 3, 104262, 100, 958.98
2026/08/07 14:07:23.484, 4, 103112, 100, 948.80
2026/08/07 14:07:23.484, 5, 104272, 100, 965.02
2026/08/07 14:07:23.484, 6, 104272, 100, 945.24
2026/08/07 14:07:23.484, 7, 104272, 100, 969.08
2026/08/07 14:07:23.985, 0, 103102, 100, 944.13
2026/08/07 14:07:23.985, 1, 104262, 100, 961.59
2026/08/07 14:07:23.985, 2, 104262, 100, 933.74
2026/08/07 14:07:23.985, 3, 104262, 100, 956.98
2026/08/07 14:07:23.985, 4, 103112, 100, 945.10
2026/08/07 14:07:23.985, 5, 104272, 100, 956.55
2026/08/07 14:07:23.985, 6, 104272, 100, 939.72
2026/08/07 14:07:23.985, 7, 104272, 100, 967.41
2026/08/07 14:07:24.485, 0, 103102, 100, 940.43
2026/08/07 14:07:24.485, 1, 104262, 100, 963.24
2026/08/07 14:07:24.485, 2, 104262, 100, 937.83
2026/08/07 14:07:24.485, 3, 104262, 100, 950.43
2026/08/07 14:07:24.485, 4, 103112, 100, 938.42
2026/08/07 14:07:24.485, 5, 104272, 100, 952.06
2026/08/07 14:07:24.485, 6, 104272, 100, 937.45
2026/08/07 14:07:24.485, 7, 104272, 100, 967.86
2026/08/07 14:07:24.985, 0, 103102, 100, 941.30
2026/08/07 14:07:24.985, 1, 104262, 99, 959.08
2026/08/07 14:07:24.985, 2, 104262, 100, 926.99
2026/08/07 14:07:24.985, 3, 104262, 100, 943.94
2026/08/07 14:07:24.985, 4, 103112, 100, 938.66
2026/08/07 14:07:24.985, 5, 104272, 100, 946.96
2026/08/07 14:07:24.985, 6, 104272, 100, 928.63
2026/08/07 14:07:24.985, 7, 104272, 100, 959.97
2026/08/07 14:07:25.485, 0, 103102, 100, 938.75
2026/08/07 14:07:25.485, 1, 104262, 100, 965.85
2026/08/07 14:07:25.485, 2, 104262, 100, 935.27
2026/08/07 14:07:25.485, 3, 104262, 100, 952.32
2026/08/07 14:07:25.485, 4, 103112, 100, 931.25
2026/08/07 14:07:25.485, 5, 104272, 100, 946.90
2026/08/07 14:07:25.485, 6, 104272, 100, 920.94
2026/08/07 14:07:25.485, 7, 104272, 100, 949.63
2026/08/07 14:07:25.985, 0, 103102, 100, 952.22
2026/08/07 14:07:25.985, 1, 104262, 100, 975.35
2026/08/07 14:07:25.985, 2, 104262, 100, 956.91
2026/08/07 14:07:25.985, 3, 104262, 100, 967.02
2026/08/07 14:07:25.985, 4, 103112, 100, 940.31
2026/08/07 14:07:25.985, 5, 104272, 100, 967.61
2026/08/07 14:07:25.985, 6, 104272, 100, 932.51
2026/08/07 14:07:25.985, 7, 104272, 100, 962.73
2026/08/07 14:07:26.485, 0, 103102, 100, 959.10
2026/08/07 14:07:26.485, 1, 104262, 100, 974.78
2026/08/07 14:07:26.485, 2, 104262, 100, 951.62
2026/08/07 14:07:26.486, 3, 104262, 100, 969.77
2026/08/07 14:07:26.486, 4, 103112, 100, 950.69
2026/08/07 14:07:26.486, 5, 104272, 100, 973.01
2026/08/07 14:07:26.486, 6, 104272, 100, 942.75
2026/08/07 14:07:26.486, 7, 104272, 100, 974.77
2026/08/07 14:07:26.986, 0, 103102, 100, 957.41
2026/08/07 14:07:26.986, 1, 104262, 100, 976.93
2026/08/07 14:07:26.986, 2, 104262, 100, 948.71
2026/08/07 14:07:26.986, 3, 104262, 100, 971.49
2026/08/07 14:07:26.986, 4, 103112, 100, 949.92
2026/08/07 14:07:26.986, 5, 104272, 100, 964.09
2026/08/07 14:07:26.986, 6, 104272, 100, 942.04
2026/08/07 14:07:26.986, 7, 104272, 100, 973.37
2026/08/07 14:07:27.486, 0, 103102, 100, 953.35
2026/08/07 14:07:27.486, 1, 104262, 100, 977.72
2026/08/07 14:07:27.486, 2, 104262, 100, 945.80
2026/08/07 14:07:27.486, 3, 104262, 100, 960.72
2026/08/07 14:07:27.486, 4, 103112, 100, 947.76
2026/08/07 14:07:27.486, 5, 104272, 100, 964.72
2026/08/07 14:07:27.486, 6, 104272, 100, 945.15
2026/08/07 14:07:27.486, 7, 104272, 100, 976.86
2026/08/07 14:07:27.986, 0, 103102, 100, 952.61
2026/08/07 14:07:27.986, 1, 104262, 100, 974.37
2026/08/07 14:07:27.988, 2, 104262, 100, 943.07
2026/08/07 14:07:27.989, 3, 104262, 100, 953.33
2026/08/07 14:07:27.990, 4, 103112, 100, 943.32
2026/08/07 14:07:27.991, 5, 104272, 100, 963.76
2026/08/07 14:07:27.992, 6, 104272, 100, 939.95
2026/08/07 14:07:27.993, 7, 104272, 100, 971.84
2026/08/07 14:07:28.494, 0, 103102, 100, 945.70
2026/08/07 14:07:28.494, 1, 104262, 100, 970.73
2026/08/07 14:07:28.494, 2, 104262, 100, 940.71
2026/08/07 14:07:28.494, 3, 104262, 100, 953.05
2026/08/07 14:07:28.494, 4, 103112, 100, 948.71
2026/08/07 14:07:28.494, 5, 104272, 100, 960.63
2026/08/07 14:07:28.494, 6, 104272, 100, 929.11
2026/08/07 14:07:28.494, 7, 104272, 100, 970.60
2026/08/07 14:07:28.994, 0, 103102, 100, 934.18
2026/08/07 14:07:28.994, 1, 104262, 100, 960.41
2026/08/07 14:07:28.995, 2, 104262, 100, 936.73
2026/08/07 14:07:28.995, 3, 104262, 100, 950.83
2026/08/07 14:07:28.995, 4, 103112, 100, 940.25
2026/08/07 14:07:28.995, 5, 104272, 100, 962.32
2026/08/07 14:07:28.995, 6, 104272, 100, 930.88
2026/08/07 14:07:28.995, 7, 104272, 100, 964.41
2026/08/07 14:07:29.495, 0, 103102, 100, 937.41
2026/08/07 14:07:29.495, 1, 104262, 100, 957.91
2026/08/07 14:07:29.495, 2, 104262, 100, 932.32
2026/08/07 14:07:29.495, 3, 104262, 100, 943.23
2026/08/07 14:07:29.495, 4, 103112, 100, 936.30
2026/08/07 14:07:29.495, 5, 104272, 100, 959.79
2026/08/07 14:07:29.495, 6, 104272, 100, 936.22
2026/08/07 14:07:29.495, 7, 104272, 100, 963.95
2026/08/07 14:07:29.995, 0, 103102, 100, 943.02
2026/08/07 14:07:29.995, 1, 104262, 100, 971.87
2026/08/07 14:07:29.995, 2, 104262, 100, 945.77
2026/08/07 14:07:29.995, 3, 104262, 100, 951.01
2026/08/07 14:07:29.995, 4, 103112, 100, 924.82
2026/08/07 14:07:29.995, 5, 104272, 100, 950.96
2026/08/07 14:07:29.995, 6, 104272, 100, 923.67
2026/08/07 14:07:29.995, 7, 104272, 100, 959.11
2026/08/07 14:07:30.495, 0, 103102, 100, 956.05
2026/08/07 14:07:30.495, 1, 104262, 100, 975.00
2026/08/07 14:07:30.495, 2, 104262, 100, 959.32
2026/08/07 14:07:30.495, 3, 104262, 100, 966.43
2026/08/07 14:07:30.495, 4, 103112, 100, 932.36
2026/08/07 14:07:30.495, 5, 104272, 100, 960.46
2026/08/07 14:07:30.495, 6, 104272, 100, 918.07
2026/08/07 14:07:30.495, 7, 104272, 100, 950.95
2026/08/07 14:07:30.995, 0, 103102, 100, 961.25
2026/08/07 14:07:30.995, 1, 104262, 100, 974.82
2026/08/07 14:07:30.995, 2, 104262, 100, 950.08
2026/08/07 14:07:30.995, 3, 104262, 100, 965.14
2026/08/07 14:07:30.995, 4, 103112, 100, 948.49
2026/08/07 14:07:30.995, 5, 104272, 100, 969.08
2026/08/07 14:07:30.995, 6, 104272, 100, 933.93
2026/08/07 14:07:30.995, 7, 104272, 100, 968.29
2026/08/07 14:07:31.495, 0, 103102, 100, 957.75
2026/08/07 14:07:31.495, 1, 104262, 100, 973.46
2026/08/07 14:07:31.495, 2, 104262, 100, 951.47
2026/08/07 14:07:31.495, 3, 104262, 100, 961.96
2026/08/07 14:07:31.495, 4, 103112, 100, 951.94
2026/08/07 14:07:31.495, 5, 104272, 100, 969.35
2026/08/07 14:07:31.495, 6, 104272, 100, 942.15
2026/08/07 14:07:31.495, 7, 104272, 100, 976.89
2026/08/07 14:07:31.995, 0, 103102, 100, 953.14
2026/08/07 14:07:31.995, 1, 104262, 100, 971.13
2026/08/07 14:07:31.995, 2, 104262, 100, 957.44
2026/08/07 14:07:31.995, 3, 104262, 100, 957.87
2026/08/07 14:07:31.995, 4, 103112, 100, 950.30
2026/08/07 14:07:31.995, 5, 104272, 100, 971.49
2026/08/07 14:07:31.996, 6, 104272, 100, 946.61
2026/08/07 14:07:31.996, 7, 104272, 100, 972.10
2026/08/07 14:07:32.496, 0, 103102, 100, 950.78
2026/08/07 14:07:32.496, 1, 104262, 100, 967.01
2026/08/07 14:07:32.496, 2, 104262, 100, 949.44
2026/08/07 14:07:32.496, 3, 104262, 100, 956.89
2026/08/07 14:07:32.496, 4, 103112, 100, 936.79
2026/08/07 14:07:32.496, 5, 104272, 100, 949.34
2026/08/07 14:07:32.496, 6, 104272, 100, 939.33
2026/08/07 14:07:32.496, 7, 104272, 100, 962.14
2026/08/07 14:07:32.996, 0, 103102, 100, 949.65
2026/08/07 14:07:32.996, 1, 104262, 100, 965.80
2026/08/07 14:07:32.997, 2, 104262, 100, 944.14
2026/08/07 14:07:32.997, 3, 104262, 100, 951.59
2026/08/07 14:07:32.997, 4, 103112, 100, 930.21
2026/08/07 14:07:33.001, 5, 104272, 100, 941.23
2026/08/07 14:07:33.001, 6, 104272, 100, 926.89
2026/08/07 14:07:33.001, 7, 104272, 100, 951.96
2026/08/07 14:07:33.505, 0, 103102, 100, 942.90
2026/08/07 14:07:33.505, 1, 104262, 100, 967.63
2026/08/07 14:07:33.505, 2, 104262, 100, 947.09
2026/08/07 14:07:33.506, 3, 104262, 100, 950.13
2026/08/07 14:07:33.506, 4, 103112, 100, 939.78
2026/08/07 14:07:33.506, 5, 104272, 100, 954.98
2026/08/07 14:07:33.506, 6, 104272, 100, 932.31
2026/08/07 14:07:33.506, 7, 104272, 100, 960.23
2026/08/07 14:07:34.006, 0, 103102, 100, 944.83
2026/08/07 14:07:34.006, 1, 104262, 100, 961.26
2026/08/07 14:07:34.006, 2, 104262, 100, 945.92
2026/08/07 14:07:34.006, 3, 104262, 100, 951.21
2026/08/07 14:07:34.006, 4, 103112, 99, 943.70
2026/08/07 14:07:34.006, 5, 104272, 100, 959.19
2026/08/07 14:07:34.006, 6, 104272, 100, 937.64
2026/08/07 14:07:34.006, 7, 104272, 100, 965.57
2026/08/07 14:07:34.506, 0, 103102, 100, 950.22
2026/08/07 14:07:34.506, 1, 104262, 100, 964.97
2026/08/07 14:07:34.506, 2, 104262, 100, 945.09
2026/08/07 14:07:34.506, 3, 104262, 100, 962.30
2026/08/07 14:07:34.506, 4, 103112, 100, 937.36
2026/08/07 14:07:34.506, 5, 104272, 100, 960.79
2026/08/07 14:07:34.506, 6, 104272, 100, 931.14
2026/08/07 14:07:34.506, 7, 104272, 100, 969.73
2026/08/07 14:07:35.006, 0, 103102, 100, 952.57
2026/08/07 14:07:35.006, 1, 104262, 100, 973.96
2026/08/07 14:07:35.006, 2, 104262, 100, 948.27
2026/08/07 14:07:35.006, 3, 104262, 100, 975.79
2026/08/07 14:07:35.006, 4, 103112, 100, 940.64
2026/08/07 14:07:35.006, 5, 104272, 100, 964.72
2026/08/07 14:07:35.006, 6, 104272, 100, 942.35
2026/08/07 14:07:35.006, 7, 104272, 100, 967.04
2026/08/07 14:07:35.506, 0, 103102, 100, 959.52
2026/08/07 14:07:35.506, 1, 104262, 100, 974.73
2026/08/07 14:07:35.506, 2, 104262, 100, 949.03
2026/08/07 14:07:35.506, 3, 104262, 100, 974.12
2026/08/07 14:07:35.506, 4, 103112, 100, 946.10
2026/08/07 14:07:35.506, 5, 104272, 100, 956.95
2026/08/07 14:07:35.506, 6, 104272, 100, 950.12
2026/08/07 14:07:35.506, 7, 104272, 100, 970.13
2026/08/07 14:07:36.006, 0, 103102, 100, 954.65
2026/08/07 14:07:36.006, 1, 104262, 100, 983.78
2026/08/07 14:07:36.006, 2, 104262, 100, 951.60
2026/08/07 14:07:36.006, 3, 104262, 100, 964.81
2026/08/07 14:07:36.006, 4, 103112, 100, 951.42
2026/08/07 14:07:36.006, 5, 104272, 100, 953.79
2026/08/07 14:07:36.006, 6, 104272, 100, 945.55
2026/08/07 14:07:36.006, 7, 104272, 100, 976.82
2026/08/07 14:07:36.506, 0, 103102, 100, 955.76
2026/08/07 14:07:36.506, 1, 104262, 100, 982.94
2026/08/07 14:07:36.506, 2, 104262, 100, 954.84
2026/08/07 14:07:36.506, 3, 104262, 100, 959.97
2026/08/07 14:07:36.507, 4, 103112, 100, 951.59
2026/08/07 14:07:36.507, 5, 104272, 100, 963.46
2026/08/07 14:07:36.507, 6, 104272, 100, 947.21
2026/08/07 14:07:36.507, 7, 104272, 100, 977.33
2026/08/07 14:07:37.007, 0, 103102, 100, 953.75
2026/08/07 14:07:37.007, 1, 104262, 100, 966.86
2026/08/07 14:07:37.007, 2, 104262, 100, 954.58
2026/08/07 14:07:37.007, 3, 104262, 100, 957.12
2026/08/07 14:07:37.007, 4, 103112, 100, 946.80
2026/08/07 14:07:37.007, 5, 104272, 100, 967.53
2026/08/07 14:07:37.007, 6, 104272, 100, 945.66
2026/08/07 14:07:37.007, 7, 104272, 100, 977.91
2026/08/07 14:07:37.507, 0, 103102, 100, 953.79
2026/08/07 14:07:37.507, 1, 104262, 100, 968.44
2026/08/07 14:07:37.507, 2, 104262, 100, 943.61
2026/08/07 14:07:37.507, 3, 104262, 100, 958.34
2026/08/07 14:07:37.507, 4, 103112, 100, 942.26
2026/08/07 14:07:37.507, 5, 104272, 100, 964.32
2026/08/07 14:07:37.507, 6, 104272, 100, 936.19
2026/08/07 14:07:37.507, 7, 104272, 100, 972.38
2026/08/07 14:07:38.007, 0, 103102, 100, 944.21
2026/08/07 14:07:38.007, 1, 104262, 100, 967.50
2026/08/07 14:07:38.007, 2, 104262, 100, 942.94
2026/08/07 14:07:38.007, 3, 104262, 100, 947.99
2026/08/07 14:07:38.007, 4, 103112, 100, 942.55
2026/08/07 14:07:38.007, 5, 104272, 100, 957.89
2026/08/07 14:07:38.007, 6, 104272, 100, 934.50
2026/08/07 14:07:38.007, 7, 104272, 100, 969.13
2026/08/07 14:07:38.507, 0, 103102, 100, 939.99
2026/08/07 14:07:38.507, 1, 104262, 100, 959.71
2026/08/07 14:07:38.507, 2, 104262, 100, 938.74
2026/08/07 14:07:38.507, 3, 104262, 100, 943.10
2026/08/07 14:07:38.507, 4, 103112, 99, 934.77
2026/08/07 14:07:38.507, 5, 104272, 100, 953.75
2026/08/07 14:07:38.507, 6, 104272, 99, 937.87
2026/08/07 14:07:38.507, 7, 104272, 100, 958.06
2026/08/07 14:07:39.007, 0, 103102, 100, 949.64
2026/08/07 14:07:39.007, 1, 104262, 100, 968.93
2026/08/07 14:07:39.007, 2, 104262, 100, 945.59
2026/08/07 14:07:39.007, 3, 104262, 100, 952.60
2026/08/07 14:07:39.007, 4, 103112, 100, 924.46
2026/08/07 14:07:39.007, 5, 104272, 100, 953.66
2026/08/07 14:07:39.007, 6, 104272, 100, 930.12
2026/08/07 14:07:39.007, 7, 104272, 100, 958.73
2026/08/07 14:07:39.507, 0, 103102, 100, 952.39
2026/08/07 14:07:39.508, 1, 104262, 100, 979.11
2026/08/07 14:07:39.508, 2, 104262, 100, 945.54
2026/08/07 14:07:39.508, 3, 104262, 100, 962.49
2026/08/07 14:07:39.508, 4, 103112, 100, 937.96
2026/08/07 14:07:39.508, 5, 104272, 100, 958.65
2026/08/07 14:07:39.508, 6, 104272, 100, 933.68
2026/08/07 14:07:39.508, 7, 104272, 100, 967.90
2026/08/07 14:07:40.008, 0, 103102, 100, 954.39
2026/08/07 14:07:40.008, 1, 104262, 100, 983.85
2026/08/07 14:07:40.008, 2, 104262, 100, 935.61
2026/08/07 14:07:40.008, 3, 104262, 100, 965.60
2026/08/07 14:07:40.008, 4, 103112, 100, 951.13
2026/08/07 14:07:40.008, 5, 104272, 100, 964.36
2026/08/07 14:07:40.008, 6, 104272, 100, 948.03
2026/08/07 14:07:40.008, 7, 104272, 100, 979.56
2026/08/07 14:07:40.508, 0, 103102, 100, 952.06
2026/08/07 14:07:40.508, 1, 104262, 100, 974.25
2026/08/07 14:07:40.508, 2, 104262, 100, 942.87
2026/08/07 14:07:40.508, 3, 104262, 100, 961.12
2026/08/07 14:07:40.508, 4, 103112, 100, 951.43
2026/08/07 14:07:40.508, 5, 104272, 100, 963.03
2026/08/07 14:07:40.508, 6, 104272, 100, 950.59
2026/08/07 14:07:40.508, 7, 104272, 100, 983.27
2026/08/07 14:07:41.008, 0, 103102, 100, 948.21
2026/08/07 14:07:41.008, 1, 104262, 100, 963.91
2026/08/07 14:07:41.008, 2, 104262, 100, 945.04
2026/08/07 14:07:41.008, 3, 104262, 100, 961.06
2026/08/07 14:07:41.008, 4, 103112, 100, 952.10
2026/08/07 14:07:41.008, 5, 104272, 100, 955.45
2026/08/07 14:07:41.008, 6, 104272, 100, 940.78
2026/08/07 14:07:41.008, 7, 104272, 100, 975.41
2026/08/07 14:07:41.508, 0, 103102, 100, 951.08
2026/08/07 14:07:41.508, 1, 104262, 100, 968.07
2026/08/07 14:07:41.508, 2, 104262, 100, 931.73
2026/08/07 14:07:41.508, 3, 104262, 100, 952.10
2026/08/07 14:07:41.508, 4, 103112, 100, 942.25
2026/08/07 14:07:41.508, 5, 104272, 100, 943.97
2026/08/07 14:07:41.508, 6, 104272, 100, 938.47
2026/08/07 14:07:41.508, 7, 104272, 100, 965.38
2026/08/07 14:07:42.008, 0, 103102, 100, 952.59
2026/08/07 14:07:42.008, 1, 104262, 100, 968.45
2026/08/07 14:07:42.008, 2, 104262, 100, 936.08
2026/08/07 14:07:42.008, 3, 104262, 100, 949.64
2026/08/07 14:07:42.008, 4, 103112, 100, 933.78
2026/08/07 14:07:42.008, 5, 104272, 100, 946.77
2026/08/07 14:07:42.008, 6, 104272, 100, 942.77
2026/08/07 14:07:42.008, 7, 104272, 100, 965.72
2026/08/07 14:07:42.508, 0, 103102, 99, 950.08
2026/08/07 14:07:42.509, 1, 104262, 100, 956.29
2026/08/07 14:07:42.509, 2, 104262, 99, 942.21
2026/08/07 14:07:42.509, 3, 104262, 100, 955.90
2026/08/07 14:07:42.509, 4, 103112, 100, 932.46
2026/08/07 14:07:42.509, 5, 104272, 100, 949.24
2026/08/07 14:07:42.509, 6, 104272, 100, 934.93
2026/08/07 14:07:42.509, 7, 104272, 100, 958.78
2026/08/07 14:07:43.009, 0, 103102, 100, 946.16
2026/08/07 14:07:43.009, 1, 104262, 100, 953.28
2026/08/07 14:07:43.009, 2, 104262, 100, 939.81
2026/08/07 14:07:43.009, 3, 104262, 100, 958.39
2026/08/07 14:07:43.009, 4, 103112, 100, 936.38
2026/08/07 14:07:43.009, 5, 104272, 100, 949.86
2026/08/07 14:07:43.009, 6, 104272, 99, 928.58
2026/08/07 14:07:43.009, 7, 104272, 100, 962.14
2026/08/07 14:07:43.509, 0, 103102, 100, 954.49
2026/08/07 14:07:43.510, 1, 104262, 100, 967.48
2026/08/07 14:07:43.511, 2, 104262, 100, 949.67
2026/08/07 14:07:43.512, 3, 104262, 100, 957.61
2026/08/07 14:07:43.513, 4, 103112, 100, 941.92
2026/08/07 14:07:43.514, 5, 104272, 100, 956.00
2026/08/07 14:07:43.515, 6, 104272, 100, 929.19
2026/08/07 14:07:43.515, 7, 104272, 100, 967.41
2026/08/07 14:07:44.017, 0, 103102, 100, 959.83
2026/08/07 14:07:44.017, 1, 104262, 100, 979.40
2026/08/07 14:07:44.017, 2, 104262, 100, 952.41
2026/08/07 14:07:44.017, 3, 104262, 100, 959.15
2026/08/07 14:07:44.017, 4, 103112, 100, 949.43
2026/08/07 14:07:44.017, 5, 104272, 100, 963.80
2026/08/07 14:07:44.017, 6, 104272, 100, 941.50
2026/08/07 14:07:44.017, 7, 104272, 100, 971.65
2026/08/07 14:07:44.517, 0, 103102, 100, 960.43
2026/08/07 14:07:44.517, 1, 104262, 100, 972.06
2026/08/07 14:07:44.517, 2, 104262, 100, 950.34
2026/08/07 14:07:44.517, 3, 104262, 100, 969.44
2026/08/07 14:07:44.517, 4, 103112, 100, 952.06
2026/08/07 14:07:44.517, 5, 104272, 100, 973.49
2026/08/07 14:07:44.517, 6, 104272, 100, 953.54
2026/08/07 14:07:44.517, 7, 104272, 100, 977.20
2026/08/07 14:07:45.017, 0, 103102, 100, 956.74
2026/08/07 14:07:45.017, 1, 104262, 100, 969.07
2026/08/07 14:07:45.017, 2, 104262, 100, 951.07
2026/08/07 14:07:45.017, 3, 104262, 100, 962.51
2026/08/07 14:07:45.017, 4, 103112, 100, 954.00
2026/08/07 14:07:45.017, 5, 104272, 100, 975.65
2026/08/07 14:07:45.017, 6, 104272, 100, 956.98
2026/08/07 14:07:45.017, 7, 104272, 100, 977.72
2026/08/07 14:07:45.517, 0, 103102, 100, 949.72
2026/08/07 14:07:45.517, 1, 104262, 100, 966.01
2026/08/07 14:07:45.517, 2, 104262, 100, 948.96
2026/08/07 14:07:45.517, 3, 104262, 100, 945.81
2026/08/07 14:07:45.517, 4, 103112, 100, 937.94
2026/08/07 14:07:45.517, 5, 104272, 100, 957.66
2026/08/07 14:07:45.517, 6, 104272, 100, 949.48
2026/08/07 14:07:45.517, 7, 104272, 100, 969.35
2026/08/07 14:07:46.017, 0, 103102, 100, 947.27
2026/08/07 14:07:46.017, 1, 104262, 100, 957.26
2026/08/07 14:07:46.017, 2, 104262, 100, 939.06
2026/08/07 14:07:46.017, 3, 104262, 100, 955.13
2026/08/07 14:07:46.018, 4, 103112, 100, 928.63
2026/08/07 14:07:46.018, 5, 104272, 100, 957.28
2026/08/07 14:07:46.018, 6, 104272, 100, 944.65
2026/08/07 14:07:46.018, 7, 104272, 100, 961.09
2026/08/07 14:07:46.518, 0, 103102, 100, 945.60
2026/08/07 14:07:46.518, 1, 104262, 100, 956.66
2026/08/07 14:07:46.519, 2, 104262, 100, 941.11
2026/08/07 14:07:46.520, 3, 104262, 100, 960.41
2026/08/07 14:07:46.521, 4, 103112, 100, 935.65
2026/08/07 14:07:46.522, 5, 104272, 100, 958.00
2026/08/07 14:07:46.523, 6, 104272, 100, 937.66
2026/08/07 14:07:46.524, 7, 104272, 100, 968.61
2026/08/07 14:07:47.025, 0, 103102, 99, 944.87
2026/08/07 14:07:47.025, 1, 104262, 100, 968.16
2026/08/07 14:07:47.025, 2, 104262, 100, 936.41
2026/08/07 14:07:47.025, 3, 104262, 99, 948.82
2026/08/07 14:07:47.025, 4, 103112, 100, 939.28
2026/08/07 14:07:47.025, 5, 104272, 100, 946.46
2026/08/07 14:07:47.025, 6, 104272, 100, 932.76
2026/08/07 14:07:47.025, 7, 104272, 100, 966.79
2026/08/07 14:07:47.525, 0, 103102, 100, 946.12
2026/08/07 14:07:47.525, 1, 104262, 100, 966.72
2026/08/07 14:07:47.525, 2, 104262, 100, 939.30
2026/08/07 14:07:47.525, 3, 104262, 100, 951.29
2026/08/07 14:07:47.525, 4, 103112, 100, 928.00
2026/08/07 14:07:47.525, 5, 104272, 100, 936.01
2026/08/07 14:07:47.525, 6, 104272, 100, 928.47
2026/08/07 14:07:47.525, 7, 104272, 100, 957.31
2026/08/07 14:07:48.025, 0, 103102, 100, 947.25
2026/08/07 14:07:48.025, 1, 104262, 100, 968.59
2026/08/07 14:07:48.025, 2, 104262, 100, 943.57
2026/08/07 14:07:48.025, 3, 104262, 100, 964.14
2026/08/07 14:07:48.025, 4, 103112, 100, 925.37
2026/08/07 14:07:48.025, 5, 104272, 100, 938.90
2026/08/07 14:07:48.025, 6, 104272, 100, 926.97
2026/08/07 14:07:48.025, 7, 104272, 100, 954.66
2026/08/07 14:07:48.525, 0, 103102, 100, 953.81
2026/08/07 14:07:48.527, 1, 104262, 100, 973.95
2026/08/07 14:07:48.528, 2, 104262, 100, 938.40
2026/08/07 14:07:48.528, 3, 104262, 100, 969.41
2026/08/07 14:07:48.528, 4, 103112, 100, 943.11
2026/08/07 14:07:48.528, 5, 104272, 100, 962.36
2026/08/07 14:07:48.528, 6, 104272, 100, 935.57
2026/08/07 14:07:48.528, 7, 104272, 100, 960.31
2026/08/07 14:07:49.028, 0, 103102, 100, 954.69
2026/08/07 14:07:49.028, 1, 104262, 100, 969.86
2026/08/07 14:07:49.028, 2, 104262, 100, 949.21
2026/08/07 14:07:49.028, 3, 104262, 100, 971.01
2026/08/07 14:07:49.028, 4, 103112, 100, 947.40
2026/08/07 14:07:49.028, 5, 104272, 100, 968.94
2026/08/07 14:07:49.028, 6, 104272, 100, 945.84
2026/08/07 14:07:49.028, 7, 104272, 100, 967.64
2026/08/07 14:07:49.528, 0, 103102, 100, 956.37
2026/08/07 14:07:49.528, 1, 104262, 100, 973.14
2026/08/07 14:07:49.529, 2, 104262, 100, 958.11
2026/08/07 14:07:49.529, 3, 104262, 100, 974.16
2026/08/07 14:07:49.529, 4, 103112, 100, 945.17
2026/08/07 14:07:49.529, 5, 104272, 100, 963.53
2026/08/07 14:07:49.529, 6, 104272, 100, 945.81
2026/08/07 14:07:49.529, 7, 104272, 100, 972.04
2026/08/07 14:07:50.029, 0, 103102, 100, 951.20
2026/08/07 14:07:50.029, 1, 104262, 100, 968.66
2026/08/07 14:07:50.029, 2, 104262, 100, 944.62
2026/08/07 14:07:50.029, 3, 104262, 100, 968.85
2026/08/07 14:07:50.029, 4, 103112, 100, 943.82
2026/08/07 14:07:50.029, 5, 104272, 100, 963.07
2026/08/07 14:07:50.029, 6, 104272, 100, 941.89
2026/08/07 14:07:50.029, 7, 104272, 100, 972.62
2026/08/07 14:07:50.529, 0, 103102, 100, 954.26
2026/08/07 14:07:50.529, 1, 104262, 100, 959.77
2026/08/07 14:07:50.529, 2, 104262, 100, 935.57
2026/08/07 14:07:50.529, 3, 104262, 100, 958.69
2026/08/07 14:07:50.529, 4, 103112, 100, 938.93
2026/08/07 14:07:50.529, 5, 104272, 100, 951.19
2026/08/07 14:07:50.529, 6, 104272, 100, 942.27
2026/08/07 14:07:50.529, 7, 104272, 100, 958.95
2026/08/07 14:07:51.029, 0, 103102, 100, 951.27
2026/08/07 14:07:51.029, 1, 104262, 100, 969.66
2026/08/07 14:07:51.029, 2, 104262, 100, 935.40
2026/08/07 14:07:51.034, 3, 104262, 100, 956.20
2026/08/07 14:07:51.034, 4, 103112, 100, 937.85
2026/08/07 14:07:51.038, 5, 104272, 100, 943.76
2026/08/07 14:07:51.038, 6, 104272, 100, 938.29
2026/08/07 14:07:51.039, 7, 104272, 100, 957.17
2026/08/07 14:07:51.543, 0, 103102, 100, 953.20
2026/08/07 14:07:51.543, 1, 104262, 100, 964.75
2026/08/07 14:07:51.543, 2, 104262, 100, 932.65
2026/08/07 14:07:51.543, 3, 104262, 99, 953.64
2026/08/07 14:07:51.543, 4, 103112, 100, 938.95
2026/08/07 14:07:51.543, 5, 104272, 100, 951.54
2026/08/07 14:07:51.543, 6, 104272, 100, 928.20
2026/08/07 14:07:51.543, 7, 104272, 100, 963.35
2026/08/07 14:07:52.043, 0, 103102, 100, 960.12
2026/08/07 14:07:52.043, 1, 104262, 100, 966.94
2026/08/07 14:07:52.043, 2, 104262, 100, 946.21
2026/08/07 14:07:52.043, 3, 104262, 100, 959.97
2026/08/07 14:07:52.043, 4, 103112, 100, 923.10
2026/08/07 14:07:52.043, 5, 104272, 100, 947.41
2026/08/07 14:07:52.043, 6, 104272, 100, 926.99
2026/08/07 14:07:52.043, 7, 104272, 100, 964.93
2026/08/07 14:07:52.543, 0, 103102, 100, 951.03
2026/08/07 14:07:52.543, 1, 104262, 100, 976.28
2026/08/07 14:07:52.543, 2, 104262, 100, 951.03
2026/08/07 14:07:52.543, 3, 104262, 100, 969.84
2026/08/07 14:07:52.543, 4, 103112, 100, 926.15
2026/08/07 14:07:52.543, 5, 104272, 100, 953.96
2026/08/07 14:07:52.543, 6, 104272, 100, 937.80
2026/08/07 14:07:52.543, 7, 104272, 100, 972.82
2026/08/07 14:07:53.043, 0, 103102, 100, 949.25
2026/08/07 14:07:53.043, 1, 104262, 100, 976.46
2026/08/07 14:07:53.043, 2, 104262, 100, 941.11
2026/08/07 14:07:53.043, 3, 104262, 100, 966.71
2026/08/07 14:07:53.043, 4, 103112, 100, 949.26
2026/08/07 14:07:53.043, 5, 104272, 100, 967.48
2026/08/07 14:07:53.043, 6, 104272, 100, 949.89
2026/08/07 14:07:53.043, 7, 104272, 100, 977.34
2026/08/07 14:07:53.544, 0, 103102, 100, 957.26
2026/08/07 14:07:53.544, 1, 104262, 100, 980.51
2026/08/07 14:07:53.544, 2, 104262, 100, 948.56
2026/08/07 14:07:53.544, 3, 104262, 100, 966.65
2026/08/07 14:07:53.544, 4, 103112, 100, 950.94
2026/08/07 14:07:53.544, 5, 104272, 100, 969.62
2026/08/07 14:07:53.544, 6, 104272, 100, 946.32
2026/08/07 14:07:53.544, 7, 104272, 100, 967.96
2026/08/07 14:07:54.044, 0, 103102, 100, 958.76
2026/08/07 14:07:54.044, 1, 104262, 100, 977.36
2026/08/07 14:07:54.044, 2, 104262, 100, 956.79
2026/08/07 14:07:54.044, 3, 104262, 100, 967.21
2026/08/07 14:07:54.044, 4, 103112, 100, 953.28
2026/08/07 14:07:54.044, 5, 104272, 100, 969.05
2026/08/07 14:07:54.044, 6, 104272, 100, 941.79
2026/08/07 14:07:54.044, 7, 104272, 100, 971.46
2026/08/07 14:07:54.544, 0, 103102, 100, 952.24
2026/08/07 14:07:54.544, 1, 104262, 100, 968.56
2026/08/07 14:07:54.544, 2, 104262, 100, 951.47
2026/08/07 14:07:54.544, 3, 104262, 100, 965.06
2026/08/07 14:07:54.544, 4, 103112, 100, 944.32
2026/08/07 14:07:54.544, 5, 104272, 100, 954.06
2026/08/07 14:07:54.544, 6, 104272, 100, 939.72
2026/08/07 14:07:54.544, 7, 104272, 100, 974.44
2026/08/07 14:07:55.044, 0, 103102, 100, 953.62
2026/08/07 14:07:55.044, 1, 104262, 100, 967.86
2026/08/07 14:07:55.044, 2, 104262, 100, 943.32
2026/08/07 14:07:55.044, 3, 104262, 100, 961.61
2026/08/07 14:07:55.044, 4, 103112, 100, 944.70
2026/08/07 14:07:55.044, 5, 104272, 100, 944.58
2026/08/07 14:07:55.044, 6, 104272, 100, 935.31
2026/08/07 14:07:55.044, 7, 104272, 100, 967.93
2026/08/07 14:07:55.544, 0, 103102, 100, 948.08
2026/08/07 14:07:55.544, 1, 104262, 100, 962.14
2026/08/07 14:07:55.544, 2, 104262, 100, 938.32
2026/08/07 14:07:55.544, 3, 104262, 100, 953.43
2026/08/07 14:07:55.544, 4, 103112, 100, 943.81
2026/08/07 14:07:55.544, 5, 104272, 100, 955.27
2026/08/07 14:07:55.544, 6, 104272, 100, 941.02
2026/08/07 14:07:55.544, 7, 104272, 100, 965.34
2026/08/07 14:07:56.044, 0, 103102, 100, 947.93
2026/08/07 14:07:56.044, 1, 104262, 100, 951.01
2026/08/07 14:07:56.044, 2, 104262, 100, 936.99
2026/08/07 14:07:56.044, 3, 104262, 100, 946.49
2026/08/07 14:07:56.044, 4, 103112, 100, 928.56
2026/08/07 14:07:56.044, 5, 104272, 100, 947.95
2026/08/07 14:07:56.044, 6, 104272, 100, 934.93
2026/08/07 14:07:56.044, 7, 104272, 100, 953.42
2026/08/07 14:07:56.545, 0, 103102, 100, 952.18
2026/08/07 14:07:56.545, 1, 104262, 100, 964.41
2026/08/07 14:07:56.545, 2, 104262, 100, 952.60
2026/08/07 14:07:56.545, 3, 104262, 100, 952.10
2026/08/07 14:07:56.545, 4, 103112, 100, 920.32
2026/08/07 14:07:56.545, 5, 104272, 100, 938.00
2026/08/07 14:07:56.545, 6, 104272, 100, 924.28
2026/08/07 14:07:56.545, 7, 104272, 100, 955.64
2026/08/07 14:07:57.045, 0, 103102, 100, 961.27
2026/08/07 14:07:57.045, 1, 104262, 100, 979.56
2026/08/07 14:07:57.045, 2, 104262, 100, 967.36
2026/08/07 14:07:57.045, 3, 104262, 100, 961.48
2026/08/07 14:07:57.045, 4, 103112, 100, 937.62
2026/08/07 14:07:57.045, 5, 104272, 100, 951.95
2026/08/07 14:07:57.045, 6, 104272, 100, 933.95
2026/08/07 14:07:57.045, 7, 104272, 100, 972.39
2026/08/07 14:07:57.545, 0, 103102, 100, 958.93
2026/08/07 14:07:57.545, 1, 104262, 100, 979.84
2026/08/07 14:07:57.545, 2, 104262, 100, 953.08
2026/08/07 14:07:57.545, 3, 104262, 100, 967.81
2026/08/07 14:07:57.545, 4, 103112, 100, 949.65
2026/08/07 14:07:57.546, 5, 104272, 100, 963.46
2026/08/07 14:07:57.546, 6, 104272, 100, 942.47
2026/08/07 14:07:57.546, 7, 104272, 100, 981.03
2026/08/07 14:07:58.046, 0, 103102, 100, 952.98
2026/08/07 14:07:58.046, 1, 104262, 100, 975.01
2026/08/07 14:07:58.046, 2, 104262, 100, 943.81
2026/08/07 14:07:58.046, 3, 104262, 100, 972.50
2026/08/07 14:07:58.046, 4, 103112, 100, 952.10
2026/08/07 14:07:58.046, 5, 104272, 100, 969.59
2026/08/07 14:07:58.046, 6, 104272, 100, 942.86
2026/08/07 14:07:58.046, 7, 104272, 100, 978.03
2026/08/07 14:07:58.546, 0, 103102, 100, 956.52
2026/08/07 14:07:58.546, 1, 104262, 100, 967.75
2026/08/07 14:07:58.546, 2, 104262, 100, 951.87
2026/08/07 14:07:58.546, 3, 104262, 100, 966.07
2026/08/07 14:07:58.546, 4, 103112, 100, 944.85
2026/08/07 14:07:58.546, 5, 104272, 100, 965.86
2026/08/07 14:07:58.546, 6, 104272, 100, 943.94
2026/08/07 14:07:58.546, 7, 104272, 100, 962.61
2026/08/07 14:07:59.046, 0, 103102, 100, 947.57
2026/08/07 14:07:59.046, 1, 104262, 100, 962.51
2026/08/07 14:07:59.046, 2, 104262, 100, 944.33
2026/08/07 14:07:59.046, 3, 104262, 100, 963.61
2026/08/07 14:07:59.046, 4, 103112, 100, 943.29
2026/08/07 14:07:59.046, 5, 104272, 100, 963.74
2026/08/07 14:07:59.046, 6, 104272, 100, 946.98
2026/08/07 14:07:59.046, 7, 104272, 100, 963.38
2026/08/07 14:07:59.546, 0, 103102, 100, 948.78
2026/08/07 14:07:59.546, 1, 104262, 100, 964.68
2026/08/07 14:07:59.546, 2, 104262, 100, 927.36
2026/08/07 14:07:59.546, 3, 104262, 100, 959.72
2026/08/07 14:07:59.546, 4, 103112, 100, 942.28
2026/08/07 14:07:59.546, 5, 104272, 100, 957.41
2026/08/07 14:07:59.546, 6, 104272, 100, 940.23
2026/08/07 14:07:59.546, 7, 104272, 100, 969.71
2026/08/07 14:08:00.046, 0, 103102, 100, 947.86
2026/08/07 14:08:00.046, 1, 104262, 100, 965.60
2026/08/07 14:08:00.046, 2, 104262, 100, 933.86
2026/08/07 14:08:00.046, 3, 104262, 100, 947.13
2026/08/07 14:08:00.046, 4, 103112, 100, 935.91
2026/08/07 14:08:00.046, 5, 104272, 100, 958.27
2026/08/07 14:08:00.046, 6, 104272, 100, 934.56
2026/08/07 14:08:00.046, 7, 104272, 100, 966.29
2026/08/07 14:08:00.546, 0, 103102, 100, 941.52
2026/08/07 14:08:00.547, 1, 104262, 100, 951.88
2026/08/07 14:08:00.547, 2, 104262, 100, 928.61
2026/08/07 14:08:00.547, 3, 104262, 100, 943.57
2026/08/07 14:08:00.547, 4, 103112, 100, 932.56
2026/08/07 14:08:00.547, 5, 104272, 99, 955.78
2026/08/07 14:08:00.547, 6, 104272, 99, 936.67
2026/08/07 14:08:00.547, 7, 104272, 100, 967.23
2026/08/07 14:08:01.047, 0, 103102, 100, 946.85
2026/08/07 14:08:01.047, 1, 104262, 100, 960.70
2026/08/07 14:08:01.047, 2, 104262, 100, 934.62
2026/08/07 14:08:01.047, 3, 104262, 100, 953.27
2026/08/07 14:08:01.047, 4, 103112, 100, 928.94
2026/08/07 14:08:01.047, 5, 104272, 100, 953.54
2026/08/07 14:08:01.047, 6, 104272, 100, 933.22
2026/08/07 14:08:01.047, 7, 104272, 100, 971.43
2026/08/07 14:08:01.547, 0, 103102, 100, 957.29
2026/08/07 14:08:01.547, 1, 104262, 100, 976.57
2026/08/07 14:08:01.548, 2, 104262, 100, 956.92
2026/08/07 14:08:01.548, 3, 104262, 100, 965.68
2026/08/07 14:08:01.549, 4, 103112, 100, 936.50
2026/08/07 14:08:01.549, 5, 104272, 100, 957.70
2026/08/07 14:08:01.550, 6, 104272, 100, 938.88
2026/08/07 14:08:01.550, 7, 104272, 100, 977.73
2026/08/07 14:08:02.051, 0, 103102, 100, 966.02
2026/08/07 14:08:02.051, 1, 104262, 100, 979.77
2026/08/07 14:08:02.051, 2, 104262, 100, 953.43
2026/08/07 14:08:02.051, 3, 104262, 100, 971.31
2026/08/07 14:08:02.051, 4, 103112, 100, 954.26
2026/08/07 14:08:02.051, 5, 104272, 100, 963.93
2026/08/07 14:08:02.051, 6, 104272, 100, 949.91
2026/08/07 14:08:02.051, 7, 104272, 100, 983.64
2026/08/07 14:08:02.551, 0, 103102, 100, 967.49
2026/08/07 14:08:02.551, 1, 104262, 100, 976.92
2026/08/07 14:08:02.551, 2, 104262, 100, 947.56
2026/08/07 14:08:02.551, 3, 104262, 100, 963.56
2026/08/07 14:08:02.551, 4, 103112, 100, 951.67
2026/08/07 14:08:02.551, 5, 104272, 100, 969.88
2026/08/07 14:08:02.551, 6, 104272, 100, 955.70
2026/08/07 14:08:02.551, 7, 104272, 100, 983.05
2026/08/07 14:08:03.051, 0, 103102, 100, 958.92
2026/08/07 14:08:03.051, 1, 104262, 100, 967.19
2026/08/07 14:08:03.051, 2, 104262, 100, 951.19
2026/08/07 14:08:03.051, 3, 104262, 100, 953.46
2026/08/07 14:08:03.051, 4, 103112, 100, 945.71
2026/08/07 14:08:03.051, 5, 104272, 100, 959.22
2026/08/07 14:08:03.051, 6, 104272, 100, 949.75
2026/08/07 14:08:03.051, 7, 104272, 100, 966.43
2026/08/07 14:08:03.551, 0, 103102, 100, 943.66
2026/08/07 14:08:03.551, 1, 104262, 100, 962.38
2026/08/07 14:08:03.551, 2, 104262, 100, 943.05
2026/08/07 14:08:03.551, 3, 104262, 100, 955.78
2026/08/07 14:08:03.551, 4, 103112, 100, 945.97
2026/08/07 14:08:03.551, 5, 104272, 100, 955.32
2026/08/07 14:08:03.551, 6, 104272, 100, 945.74
2026/08/07 14:08:03.551, 7, 104272, 100, 960.48
2026/08/07 14:08:04.051, 0, 103102, 100, 940.70
2026/08/07 14:08:04.051, 1, 104262, 100, 961.37
2026/08/07 14:08:04.051, 2, 104262, 100, 936.82
2026/08/07 14:08:04.051, 3, 104262, 100, 957.12
2026/08/07 14:08:04.051, 4, 103112, 100, 940.52
2026/08/07 14:08:04.051, 5, 104272, 100, 956.84
2026/08/07 14:08:04.051, 6, 104272, 100, 940.55
2026/08/07 14:08:04.051, 7, 104272, 100, 966.98
2026/08/07 14:08:04.551, 0, 103102, 100, 944.38
2026/08/07 14:08:04.551, 1, 104262, 100, 968.23
2026/08/07 14:08:04.551, 2, 104262, 100, 944.70
2026/08/07 14:08:04.552, 3, 104262, 100, 955.20
2026/08/07 14:08:04.552, 4, 103112, 100, 941.58
2026/08/07 14:08:04.552, 5, 104272, 100, 961.53
2026/08/07 14:08:04.552, 6, 104272, 100, 943.53
2026/08/07 14:08:04.552, 7, 104272, 100, 970.27
2026/08/07 14:08:05.052, 0, 103102, 100, 888.09
2026/08/07 14:08:05.052, 1, 104262, 100, 915.08
2026/08/07 14:08:05.052, 2, 104262, 100, 889.73
2026/08/07 14:08:05.052, 3, 104262, 100, 905.14
2026/08/07 14:08:05.052, 4, 103112, 100, 917.43
2026/08/07 14:08:05.052, 5, 104272, 100, 939.74
2026/08/07 14:08:05.052, 6, 104272, 99, 921.90
2026/08/07 14:08:05.052, 7, 104272, 100, 941.24
2026/08/07 14:08:05.552, 0, 103102, 100, 839.02
2026/08/07 14:08:05.552, 1, 104262, 100, 854.44
2026/08/07 14:08:05.552, 2, 104262, 100, 833.54
2026/08/07 14:08:05.552, 3, 104262, 100, 847.53
2026/08/07 14:08:05.552, 4, 103112, 100, 859.85
2026/08/07 14:08:05.552, 5, 104272, 100, 880.36
2026/08/07 14:08:05.552, 6, 104272, 100, 853.61
2026/08/07 14:08:05.552, 7, 104272, 100, 881.66
2026/08/07 14:08:06.052, 0, 103102, 35, 692.28
2026/08/07 14:08:06.052, 1, 104262, 79, 746.36
2026/08/07 14:08:06.052, 2, 104262, 0, 675.26
2026/08/07 14:08:06.052, 3, 104262, 0, 718.14
2026/08/07 14:08:06.052, 4, 103112, 100, 825.86
2026/08/07 14:08:06.052, 5, 104272, 100, 843.56
2026/08/07 14:08:06.052, 6, 104272, 100, 817.01
2026/08/07 14:08:06.052, 7, 104272, 100, 844.85
2026/08/07 14:08:06.552, 0, 103102, 0, 376.14
2026/08/07 14:08:06.553, 1, 104262, 0, 375.74
2026/08/07 14:08:06.554, 2, 104262, 0, 360.42
2026/08/07 14:08:06.554, 3, 104262, 0, 408.95
2026/08/07 14:08:06.555, 4, 103112, 0, 546.89
2026/08/07 14:08:06.556, 5, 104272, 0, 574.68
2026/08/07 14:08:06.556, 6, 104272, 0, 548.68
2026/08/07 14:08:06.557, 7, 104272, 0, 562.81
2026/08/07 14:08:07.057, 0, 103102, 0, 204.70
2026/08/07 14:08:07.058, 1, 104262, 0, 211.95
2026/08/07 14:08:07.058, 2, 104262, 0, 199.59
2026/08/07 14:08:07.058, 3, 104262, 0, 219.71
2026/08/07 14:08:07.058, 4, 103112, 0, 234.35
2026/08/07 14:08:07.058, 5, 104272, 0, 251.45
2026/08/07 14:08:07.058, 6, 104272, 0, 240.31
2026/08/07 14:08:07.058, 7, 104272, 0, 250.24
2026/08/07 14:08:07.558, 0, 103102, 0, 204.13
2026/08/07 14:08:07.558, 1, 104262, 0, 210.68
2026/08/07 14:08:07.558, 2, 104262, 0, 198.54
2026/08/07 14:08:07.558, 3, 104262, 0, 217.94
2026/08/07 14:08:07.558, 4, 103112, 0, 200.66
2026/08/07 14:08:07.558, 5, 104272, 0, 206.10
2026/08/07 14:08:07.558, 6, 104272, 0, 201.26
2026/08/07 14:08:07.558, 7, 104272, 0, 208.39
2026/08/07 14:08:08.058, 0, 103102, 0, 203.82
2026/08/07 14:08:08.058, 1, 104262, 0, 209.91
2026/08/07 14:08:08.058, 2, 104262, 0, 198.10
2026/08/07 14:08:08.058, 3, 104262, 0, 217.00
2026/08/07 14:08:08.058, 4, 103112, 0, 199.90
2026/08/07 14:08:08.058, 5, 104272, 0, 205.38
2026/08/07 14:08:08.058, 6, 104272, 0, 200.47
2026/08/07 14:08:08.058, 7, 104272, 0, 207.65
2026/08/07 14:08:08.558, 0, 103102, 0, 203.27
2026/08/07 14:08:08.558, 1, 104262, 0, 209.48
2026/08/07 14:08:08.558, 2, 104262, 0, 198.19
2026/08/07 14:08:08.558, 3, 104262, 0, 216.81
2026/08/07 14:08:08.558, 4, 103112, 0, 199.87
2026/08/07 14:08:08.558, 5, 104272, 0, 204.66
2026/08/07 14:08:08.558, 6, 104272, 0, 199.98
2026/08/07 14:08:08.558, 7, 104272, 0, 207.57
