2026/08/07 12:51:59.179, 0, 72558, 0, 198.24
2026/08/07 12:51:59.190, 1, 72554, 54, 200.27
2026/08/07 12:51:59.199, 2, 72556, 0, 193.50
2026/08/07 12:51:59.204, 3, 72556, 40, 205.46
2026/08/07 12:51:59.208, 4, 0, 0, 134.24
2026/08/07 12:51:59.217, 5, 0, 0, 133.87
2026/08/07 12:51:59.225, 6, 0, 0, 131.95
2026/08/07 12:51:59.234, 7, 0, 0, 132.62
2026/08/07 12:51:59.743, 0, 72558, 0, 198.22
2026/08/07 12:51:59.743, 1, 72554, 100, 200.86
2026/08/07 12:51:59.743, 2, 72556, 100, 193.88
2026/08/07 12:51:59.743, 3, 72556, 100, 205.50
2026/08/07 12:51:59.743, 4, 0, 0, 134.24
2026/08/07 12:51:59.743, 5, 0, 0, 133.98
2026/08/07 12:51:59.743, 6, 0, 0, 132.02
2026/08/07 12:51:59.743, 7, 0, 0, 132.50
2026/08/07 12:52:00.243, 0, 72558, 0, 198.21
2026/08/07 12:52:00.243, 1, 72554, 100, 200.99
2026/08/07 12:52:00.243, 2, 72556, 100, 194.23
2026/08/07 12:52:00.243, 3, 72556, 100, 205.57
2026/08/07 12:52:00.243, 4, 0, 0, 134.24
2026/08/07 12:52:00.243, 5, 0, 0, 133.97
2026/08/07 12:52:00.243, 6, 0, 0, 132.14
2026/08/07 12:52:00.243, 7, 0, 0, 132.54
2026/08/07 12:52:00.743, 0, 72558, 0, 198.52
2026/08/07 12:52:00.743, 1, 72554, 100, 200.82
2026/08/07 12:52:00.743, 2, 72556, 100, 194.41
2026/08/07 12:52:00.743, 3, 72556, 100, 205.80
2026/08/07 12:52:00.743, 4, 0, 0, 134.24
2026/08/07 12:52:00.743, 5, 0, 0, 134.01
2026/08/07 12:52:00.743, 6, 0, 0, 131.91
2026/08/07 12:52:00.743, 7, 0, 0, 132.46
2026/08/07 12:52:01.244, 0, 72558, 0, 198.54
2026/08/07 12:52:01.244, 1, 72554, 100, 200.40
2026/08/07 12:52:01.244, 2, 72556, 100, 194.26
2026/08/07 12:52:01.244, 3, 72556, 100, 205.69
2026/08/07 12:52:01.244, 4, 0, 0, 134.24
2026/08/07 12:52:01.244, 5, 0, 0, 133.98
2026/08/07 12:52:01.244, 6, 0, 0, 131.84
2026/08/07 12:52:01.244, 7, 0, 0, 132.58
2026/08/07 12:52:01.744, 0, 72558, 0, 198.24
2026/08/07 12:52:01.744, 1, 72554, 100, 199.97
2026/08/07 12:52:01.744, 2, 72556, 100, 194.19
2026/08/07 12:52:01.744, 3, 72556, 100, 205.42
2026/08/07 12:52:01.744, 4, 0, 0, 134.25
2026/08/07 12:52:01.744, 5, 0, 0, 133.98
2026/08/07 12:52:01.744, 6, 0, 0, 131.96
2026/08/07 12:52:01.744, 7, 0, 0, 132.62
2026/08/07 12:52:02.244, 0, 72558, 0, 198.23
2026/08/07 12:52:02.244, 1, 72554, 100, 199.93
2026/08/07 12:52:02.244, 2, 72556, 100, 194.23
2026/08/07 12:52:02.244, 3, 72556, 100, 205.39
2026/08/07 12:52:02.244, 4, 0, 0, 134.25
2026/08/07 12:52:02.244, 5, 0, 0, 134.02
2026/08/07 12:52:02.244, 6, 0, 0, 132.07
2026/08/07 12:52:02.244, 7, 0, 0, 132.51
2026/08/07 12:52:02.744, 0, 72558, 23, 397.55
2026/08/07 12:52:02.744, 1, 72554, 31, 398.51
2026/08/07 12:52:02.746, 2, 72556, 22, 394.91
2026/08/07 12:52:02.747, 3, 72556, 44, 401.86
2026/08/07 12:52:02.748, 4, 0, 0, 134.24
2026/08/07 12:52:02.748, 5, 0, 0, 133.86
2026/08/07 12:52:02.748, 6, 0, 0, 132.00
2026/08/07 12:52:02.748, 7, 0, 0, 132.50
2026/08/07 12:52:03.248, 0, 72558, 0, 398.64
2026/08/07 12:52:03.249, 1, 72554, 0, 395.96
2026/08/07 12:52:03.249, 2, 72556, 0, 391.52
2026/08/07 12:52:03.249, 3, 72556, 0, 402.55
2026/08/07 12:52:03.249, 4, 0, 0, 134.31
2026/08/07 12:52:03.249, 5, 0, 0, 133.83
2026/08/07 12:52:03.249, 6, 0, 0, 132.08
2026/08/07 12:52:03.249, 7, 0, 0, 132.46
2026/08/07 12:52:03.765, 0, 72558, 0, 199.55
2026/08/07 12:52:03.766, 1, 73718, 86, 274.36
2026/08/07 12:52:03.766, 2, 72556, 0, 194.65
2026/08/07 12:52:03.766, 3, 73720, 28, 249.69
2026/08/07 12:52:03.766, 4, 0, 0, 134.32
2026/08/07 12:52:03.766, 5, 0, 0, 133.74
2026/08/07 12:52:03.766, 6, 0, 0, 132.15
2026/08/07 12:52:03.766, 7, 0, 0, 132.50
2026/08/07 12:52:04.266, 0, 72558, 73, 329.67
2026/08/07 12:52:04.266, 1, 73718, 100, 424.01
2026/08/07 12:52:04.266, 2, 73720, 90, 327.67
2026/08/07 12:52:04.266, 3, 73720, 100, 422.33
2026/08/07 12:52:04.266, 4, 0, 0, 134.24
2026/08/07 12:52:04.266, 5, 0, 0, 133.67
2026/08/07 12:52:04.266, 6, 0, 0, 132.08
2026/08/07 12:52:04.266, 7, 0, 0, 132.54
2026/08/07 12:52:04.766, 0, 72558, 100, 637.75
2026/08/07 12:52:04.766, 1, 73718, 99, 596.53
2026/08/07 12:52:04.766, 2, 73720, 99, 655.02
2026/08/07 12:52:04.766, 3, 73720, 100, 623.91
2026/08/07 12:52:04.766, 4, 0, 0, 134.24
2026/08/07 12:52:04.766, 5, 0, 0, 133.83
2026/08/07 12:52:04.766, 6, 0, 0, 132.07
2026/08/07 12:52:04.766, 7, 0, 0, 132.50
2026/08/07 12:52:05.266, 0, 72558, 99, 851.48
2026/08/07 12:52:05.267, 1, 73718, 99, 773.90
2026/08/07 12:52:05.267, 2, 73720, 99, 872.43
2026/08/07 12:52:05.267, 3, 73720, 99, 772.80
2026/08/07 12:52:05.267, 4, 0, 0, 134.25
2026/08/07 12:52:05.267, 5, 0, 0, 133.91
2026/08/07 12:52:05.267, 6, 0, 0, 131.93
2026/08/07 12:52:05.267, 7, 0, 0, 132.50
2026/08/07 12:52:05.767, 0, 72558, 100, 882.86
2026/08/07 12:52:05.767, 1, 73718, 99, 887.60
2026/08/07 12:52:05.767, 2, 73720, 99, 877.42
2026/08/07 12:52:05.767, 3, 73720, 100, 879.71
2026/08/07 12:52:05.767, 4, 0, 0, 134.24
2026/08/07 12:52:05.767, 5, 0, 0, 133.95
2026/08/07 12:52:05.767, 6, 0, 0, 131.87
2026/08/07 12:52:05.767, 7, 0, 0, 132.54
2026/08/07 12:52:06.267, 0, 72558, 99, 882.14
2026/08/07 12:52:06.267, 1, 73718, 99, 881.62
2026/08/07 12:52:06.267, 2, 73720, 100, 875.01
2026/08/07 12:52:06.267, 3, 73720, 99, 882.92
2026/08/07 12:52:06.267, 4, 0, 0, 134.24
2026/08/07 12:52:06.267, 5, 0, 0, 134.09
2026/08/07 12:52:06.267, 6, 0, 0, 131.85
2026/08/07 12:52:06.267, 7, 0, 0, 132.65
2026/08/07 12:52:06.774, 0, 72558, 100, 866.60
2026/08/07 12:52:06.774, 1, 73718, 82, 855.00
2026/08/07 12:52:06.774, 2, 73720, 56, 844.20
2026/08/07 12:52:06.774, 3, 73720, 99, 855.90
2026/08/07 12:52:06.774, 4, 0, 0, 134.25
2026/08/07 12:52:06.774, 5, 0, 0, 134.01
2026/08/07 12:52:06.774, 6, 0, 0, 131.81
2026/08/07 12:52:06.774, 7, 0, 0, 132.62
2026/08/07 12:52:07.274, 0, 72558, 0, 550.62
2026/08/07 12:52:07.274, 1, 73718, 100, 520.45
2026/08/07 12:52:07.274, 2, 73720, 100, 506.26
2026/08/07 12:52:07.275, 3, 73720, 100, 525.62
2026/08/07 12:52:07.275, 4, 0, 0, 134.25
2026/08/07 12:52:07.275, 5, 0, 0, 133.90
2026/08/07 12:52:07.275, 6, 0, 0, 131.92
2026/08/07 12:52:07.275, 7, 0, 0, 132.43
2026/08/07 12:52:07.778, 0, 72558, 0, 223.40
2026/08/07 12:52:07.778, 1, 73718, 0, 207.45
2026/08/07 12:52:07.778, 2, 73720, 0, 199.75
2026/08/07 12:52:07.778, 3, 73720, 0, 212.14
2026/08/07 12:52:07.778, 4, 0, 0, 134.24
2026/08/07 12:52:07.778, 5, 0, 0, 133.94
2026/08/07 12:52:07.778, 6, 0, 0, 131.98
2026/08/07 12:52:07.778, 7, 0, 0, 132.46
2026/08/07 12:52:08.280, 0, 72558, 0, 208.20
2026/08/07 12:52:08.280, 1, 73718, 0, 203.30
2026/08/07 12:52:08.280, 2, 73720, 0, 196.79
2026/08/07 12:52:08.280, 3, 73720, 0, 208.86
2026/08/07 12:52:08.280, 4, 0, 0, 134.32
2026/08/07 12:52:08.280, 5, 0, 0, 133.97
2026/08/07 12:52:08.280, 6, 0, 0, 131.95
2026/08/07 12:52:08.280, 7, 0, 0, 132.54
2026/08/07 12:52:08.780, 0, 72558, 0, 199.62
2026/08/07 12:52:08.780, 1, 73718, 0, 201.68
2026/08/07 12:52:08.781, 2, 73720, 0, 194.49
2026/08/07 12:52:08.781, 3, 73720, 0, 206.22
2026/08/07 12:52:08.781, 4, 0, 0, 134.32
2026/08/07 12:52:08.781, 5, 0, 0, 134.09
2026/08/07 12:52:08.781, 6, 0, 0, 131.89
2026/08/07 12:52:08.781, 7, 0, 0, 132.50
2026/08/07 12:52:09.281, 0, 72558, 100, 409.03
2026/08/07 12:52:09.281, 1, 73718, 100, 431.10
2026/08/07 12:52:09.281, 2, 73720, 100, 424.47
2026/08/07 12:52:09.281, 3, 73720, 100, 427.52
2026/08/07 12:52:09.281, 4, 0, 0, 134.25
2026/08/07 12:52:09.282, 5, 0, 0, 134.09
2026/08/07 12:52:09.282, 6, 0, 0, 131.78
2026/08/07 12:52:09.282, 7, 0, 0, 132.46
2026/08/07 12:52:09.782, 0, 72558, 100, 779.98
2026/08/07 12:52:09.782, 1, 73718, 100, 801.26
2026/08/07 12:52:09.782, 2, 73720, 100, 793.24
2026/08/07 12:52:09.782, 3, 73720, 100, 792.80
2026/08/07 12:52:09.782, 4, 0, 0, 134.24
2026/08/07 12:52:09.782, 5, 0, 0, 134.05
2026/08/07 12:52:09.782, 6, 0, 0, 131.93
2026/08/07 12:52:09.782, 7, 0, 0, 132.50
2026/08/07 12:52:10.282, 0, 72558, 100, 943.28
2026/08/07 12:52:10.282, 1, 73718, 100, 952.26
2026/08/07 12:52:10.282, 2, 73720, 100, 938.07
2026/08/07 12:52:10.282, 3, 73720, 100, 941.17
2026/08/07 12:52:10.282, 4, 0, 0, 134.24
2026/08/07 12:52:10.282, 5, 0, 0, 134.01
2026/08/07 12:52:10.282, 6, 0, 0, 131.97
2026/08/07 12:52:10.282, 7, 0, 0, 132.50
2026/08/07 12:52:10.783, 0, 72558, 100, 947.47
2026/08/07 12:52:10.783, 1, 73718, 100, 953.90
2026/08/07 12:52:10.783, 2, 73720, 100, 939.49
2026/08/07 12:52:10.783, 3, 73720, 100, 943.71
2026/08/07 12:52:10.783, 4, 0, 0, 134.23
2026/08/07 12:52:10.783, 5, 0, 0, 134.10
2026/08/07 12:52:10.783, 6, 0, 0, 131.95
2026/08/07 12:52:10.783, 7, 0, 0, 132.66
2026/08/07 12:52:11.283, 0, 72558, 100, 950.16
2026/08/07 12:52:11.283, 1, 73718, 100, 948.66
2026/08/07 12:52:11.283, 2, 73720, 100, 942.49
2026/08/07 12:52:11.283, 3, 73720, 100, 942.73
2026/08/07 12:52:11.283, 4, 0, 0, 134.24
2026/08/07 12:52:11.283, 5, 0, 0, 134.10
2026/08/07 12:52:11.283, 6, 0, 0, 132.11
2026/08/07 12:52:11.283, 7, 0, 0, 132.85
2026/08/07 12:52:11.784, 0, 72558, 100, 946.71
2026/08/07 12:52:11.784, 1, 73718, 100, 952.15
2026/08/07 12:52:11.784, 2, 73720, 100, 944.00
2026/08/07 12:52:11.784, 3, 73720, 100, 940.55
2026/08/07 12:52:11.784, 4, 0, 0, 134.23
2026/08/07 12:52:11.784, 5, 0, 0, 133.86
2026/08/07 12:52:11.784, 6, 0, 0, 132.08
2026/08/07 12:52:11.784, 7, 0, 0, 132.73
2026/08/07 12:52:12.284, 0, 72558, 100, 945.81
2026/08/07 12:52:12.284, 1, 73718, 100, 949.43
2026/08/07 12:52:12.286, 2, 73720, 100, 941.17
2026/08/07 12:52:12.287, 3, 73720, 100, 938.04
2026/08/07 12:52:12.288, 4, 0, 0, 134.23
2026/08/07 12:52:12.290, 5, 0, 0, 133.90
2026/08/07 12:52:12.291, 6, 0, 0, 131.99
2026/08/07 12:52:12.292, 7, 0, 0, 132.65
2026/08/07 12:52:12.792, 0, 72558, 100, 948.83
2026/08/07 12:52:12.792, 1, 73718, 100, 946.40
2026/08/07 12:52:12.792, 2, 73720, 100, 936.22
2026/08/07 12:52:12.793, 3, 73720, 100, 934.66
2026/08/07 12:52:12.793, 4, 0, 0, 134.24
2026/08/07 12:52:12.793, 5, 0, 0, 134.13
2026/08/07 12:52:12.793, 6, 0, 0, 131.99
2026/08/07 12:52:12.793, 7, 0, 0, 132.58
2026/08/07 12:52:13.293, 0, 72558, 100, 938.18
2026/08/07 12:52:13.293, 1, 73718, 100, 947.21
2026/08/07 12:52:13.293, 2, 73720, 100, 930.04
2026/08/07 12:52:13.293, 3, 73720, 100, 936.20
2026/08/07 12:52:13.293, 4, 0, 0, 134.34
2026/08/07 12:52:13.293, 5, 0, 0, 134.25
2026/08/07 12:52:13.293, 6, 0, 0, 132.15
2026/08/07 12:52:13.293, 7, 0, 0, 132.46
2026/08/07 12:52:13.794, 0, 72558, 100, 932.97
2026/08/07 12:52:13.794, 1, 73718, 100, 948.55
2026/08/07 12:52:13.794, 2, 73720, 100, 930.02
2026/08/07 12:52:13.794, 3, 73720, 100, 935.88
2026/08/07 12:52:13.794, 4, 0, 0, 134.34
2026/08/07 12:52:13.794, 5, 0, 0, 134.17
2026/08/07 12:52:13.794, 6, 0, 0, 132.07
2026/08/07 12:52:13.794, 7, 0, 0, 132.50
2026/08/07 12:52:14.294, 0, 72558, 100, 940.66
2026/08/07 12:52:14.294, 1, 73718, 100, 946.12
2026/08/07 12:52:14.294, 2, 73720, 100, 937.25
2026/08/07 12:52:14.294, 3, 73720, 100, 938.73
2026/08/07 12:52:14.294, 4, 0, 0, 134.24
2026/08/07 12:52:14.294, 5, 0, 0, 134.17
2026/08/07 12:52:14.294, 6, 0, 0, 132.00
2026/08/07 12:52:14.294, 7, 0, 0, 132.58
2026/08/07 12:52:14.794, 0, 72558, 100, 958.50
2026/08/07 12:52:14.794, 1, 73718, 100, 957.22
2026/08/07 12:52:14.794, 2, 73720, 100, 941.77
2026/08/07 12:52:14.794, 3, 73720, 100, 942.87
2026/08/07 12:52:14.794, 4, 0, 0, 134.24
2026/08/07 12:52:14.794, 5, 0, 0, 134.17
2026/08/07 12:52:14.794, 6, 0, 0, 131.97
2026/08/07 12:52:14.794, 7, 0, 0, 132.54
2026/08/07 12:52:15.294, 0, 72558, 100, 955.18
2026/08/07 12:52:15.294, 1, 73718, 100, 961.00
2026/08/07 12:52:15.294, 2, 73720, 100, 943.41
2026/08/07 12:52:15.294, 3, 73720, 100, 943.38
2026/08/07 12:52:15.294, 4, 0, 0, 134.24
2026/08/07 12:52:15.294, 5, 0, 0, 134.17
2026/08/07 12:52:15.294, 6, 0, 0, 131.97
2026/08/07 12:52:15.294, 7, 0, 0, 132.62
2026/08/07 12:52:15.794, 0, 72558, 100, 948.06
2026/08/07 12:52:15.794, 1, 73718, 100, 958.49
2026/08/07 12:52:15.794, 2, 73720, 100, 946.23
2026/08/07 12:52:15.794, 3, 73720, 100, 945.44
2026/08/07 12:52:15.794, 4, 0, 0, 134.24
2026/08/07 12:52:15.794, 5, 0, 0, 134.32
2026/08/07 12:52:15.794, 6, 0, 0, 132.08
2026/08/07 12:52:15.794, 7, 0, 0, 132.74
2026/08/07 12:52:16.295, 0, 72558, 100, 949.47
2026/08/07 12:52:16.295, 1, 73718, 100, 954.08
2026/08/07 12:52:16.295, 2, 73720, 100, 943.71
2026/08/07 12:52:16.295, 3, 73720, 100, 940.51
2026/08/07 12:52:16.295, 4, 0, 0, 134.24
2026/08/07 12:52:16.295, 5, 0, 0, 134.32
2026/08/07 12:52:16.295, 6, 0, 0, 132.12
2026/08/07 12:52:16.295, 7, 0, 0, 132.85
2026/08/07 12:52:16.795, 0, 72558, 100, 946.18
2026/08/07 12:52:16.795, 1, 73718, 100, 950.38
2026/08/07 12:52:16.795, 2, 73720, 100, 942.93
2026/08/07 12:52:16.795, 3, 73720, 100, 942.80
2026/08/07 12:52:16.795, 4, 0, 0, 134.23
2026/08/07 12:52:16.795, 5, 0, 0, 134.25
2026/08/07 12:52:16.795, 6, 0, 0, 132.12
2026/08/07 12:52:16.795, 7, 0, 0, 132.85
2026/08/07 12:52:17.295, 0, 72558, 100, 947.05
2026/08/07 12:52:17.295, 1, 73718, 100, 950.85
2026/08/07 12:52:17.295, 2, 73720, 100, 938.46
2026/08/07 12:52:17.295, 3, 73720, 100, 939.15
2026/08/07 12:52:17.295, 4, 0, 0, 134.23
2026/08/07 12:52:17.295, 5, 0, 0, 134.25
2026/08/07 12:52:17.295, 6, 0, 0, 132.19
2026/08/07 12:52:17.295, 7, 0, 0, 132.62
2026/08/07 12:52:17.795, 0, 72558, 100, 945.02
2026/08/07 12:52:17.795, 1, 73718, 100, 939.97
2026/08/07 12:52:17.795, 2, 73720, 100, 932.03
2026/08/07 12:52:17.795, 3, 73720, 100, 934.07
2026/08/07 12:52:17.795, 4, 0, 0, 134.23
2026/08/07 12:52:17.795, 5, 0, 0, 134.21
2026/08/07 12:52:17.795, 6, 0, 0, 132.22
2026/08/07 12:52:17.795, 7, 0, 0, 132.70
2026/08/07 12:52:18.295, 0, 72558, 100, 950.57
2026/08/07 12:52:18.295, 1, 73718, 100, 949.52
2026/08/07 12:52:18.295, 2, 73720, 100, 933.15
2026/08/07 12:52:18.295, 3, 73720, 100, 936.16
2026/08/07 12:52:18.295, 4, 0, 0, 134.35
2026/08/07 12:52:18.295, 5, 0, 0, 134.21
2026/08/07 12:52:18.295, 6, 0, 0, 132.34
2026/08/07 12:52:18.295, 7, 0, 0, 132.66
2026/08/07 12:52:18.796, 0, 72558, 100, 956.76
2026/08/07 12:52:18.796, 1, 73718, 100, 963.67
2026/08/07 12:52:18.796, 2, 73720, 100, 945.09
2026/08/07 12:52:18.796, 3, 73720, 100, 946.26
2026/08/07 12:52:18.796, 4, 0, 0, 134.34
2026/08/07 12:52:18.796, 5, 0, 0, 134.25
2026/08/07 12:52:18.796, 6, 0, 0, 132.25
2026/08/07 12:52:18.796, 7, 0, 0, 132.61
2026/08/07 12:52:19.296, 0, 72558, 100, 961.27
2026/08/07 12:52:19.296, 1, 73718, 100, 964.67
2026/08/07 12:52:19.296, 2, 73720, 100, 945.71
2026/08/07 12:52:19.296, 3, 73720, 100, 948.03
2026/08/07 12:52:19.296, 4, 0, 0, 134.23
2026/08/07 12:52:19.296, 5, 0, 0, 134.17
2026/08/07 12:52:19.296, 6, 0, 0, 132.13
2026/08/07 12:52:19.296, 7, 0, 0, 132.73
2026/08/07 12:52:19.796, 0, 72558, 100, 956.90
2026/08/07 12:52:19.796, 1, 73718, 100, 960.83
2026/08/07 12:52:19.796, 2, 73720, 100, 935.89
2026/08/07 12:52:19.796, 3, 73720, 100, 943.01
2026/08/07 12:52:19.796, 4, 0, 0, 134.24
2026/08/07 12:52:19.796, 5, 0, 0, 134.17
2026/08/07 12:52:19.796, 6, 0, 0, 132.19
2026/08/07 12:52:19.796, 7, 0, 0, 132.78
2026/08/07 12:52:20.296, 0, 72558, 100, 951.88
2026/08/07 12:52:20.296, 1, 73718, 100, 955.01
2026/08/07 12:52:20.296, 2, 73720, 100, 940.90
2026/08/07 12:52:20.296, 3, 73720, 100, 944.25
2026/08/07 12:52:20.296, 4, 0, 0, 134.24
2026/08/07 12:52:20.296, 5, 0, 0, 134.25
2026/08/07 12:52:20.296, 6, 0, 0, 132.18
2026/08/07 12:52:20.296, 7, 0, 0, 132.74
2026/08/07 12:52:20.796, 0, 72558, 100, 951.72
2026/08/07 12:52:20.798, 1, 73718, 100, 957.46
2026/08/07 12:52:20.798, 2, 73720, 100, 942.06
2026/08/07 12:52:20.799, 3, 73720, 100, 941.34
2026/08/07 12:52:20.799, 4, 0, 0, 134.23
2026/08/07 12:52:20.799, 5, 0, 0, 134.36
2026/08/07 12:52:20.799, 6, 0, 0, 132.22
2026/08/07 12:52:20.799, 7, 0, 0, 132.89
2026/08/07 12:52:21.299, 0, 72558, 100, 950.12
2026/08/07 12:52:21.299, 1, 73718, 100, 960.33
2026/08/07 12:52:21.299, 2, 73720, 100, 947.46
2026/08/07 12:52:21.299, 3, 73720, 100, 946.60
2026/08/07 12:52:21.299, 4, 0, 0, 134.22
2026/08/07 12:52:21.299, 5, 0, 0, 134.36
2026/08/07 12:52:21.299, 6, 0, 0, 132.14
2026/08/07 12:52:21.299, 7, 0, 0, 133.08
2026/08/07 12:52:21.799, 0, 72558, 100, 952.27
2026/08/07 12:52:21.799, 1, 73718, 100, 957.08
2026/08/07 12:52:21.799, 2, 73720, 100, 942.22
2026/08/07 12:52:21.799, 3, 73720, 100, 944.66
2026/08/07 12:52:21.799, 4, 0, 0, 134.23
2026/08/07 12:52:21.799, 5, 0, 0, 134.28
2026/08/07 12:52:21.799, 6, 0, 0, 132.15
2026/08/07 12:52:21.799, 7, 0, 0, 132.97
2026/08/07 12:52:22.299, 0, 72558, 100, 947.67
2026/08/07 12:52:22.299, 1, 73718, 100, 950.42
2026/08/07 12:52:22.299, 2, 73720, 100, 934.16
2026/08/07 12:52:22.299, 3, 73720, 100, 941.48
2026/08/07 12:52:22.299, 4, 0, 0, 134.24
2026/08/07 12:52:22.299, 5, 0, 0, 134.25
2026/08/07 12:52:22.299, 6, 0, 0, 132.20
2026/08/07 12:52:22.300, 7, 0, 0, 132.88
2026/08/07 12:52:22.800, 0, 72558, 100, 951.60
2026/08/07 12:52:22.800, 1, 73718, 100, 962.70
2026/08/07 12:52:22.800, 2, 73720, 100, 940.97
2026/08/07 12:52:22.800, 3, 73720, 100, 950.37
2026/08/07 12:52:22.800, 4, 0, 0, 134.24
2026/08/07 12:52:22.800, 5, 0, 0, 134.25
2026/08/07 12:52:22.800, 6, 0, 0, 132.19
2026/08/07 12:52:22.800, 7, 0, 0, 132.89
2026/08/07 12:52:23.300, 0, 72558, 100, 959.26
2026/08/07 12:52:23.300, 1, 73718, 100, 965.64
2026/08/07 12:52:23.301, 2, 73720, 100, 946.21
2026/08/07 12:52:23.301, 3, 73720, 100, 952.72
2026/08/07 12:52:23.302, 4, 0, 0, 134.35
2026/08/07 12:52:23.303, 5, 0, 0, 134.25
2026/08/07 12:52:23.304, 6, 0, 0, 132.31
2026/08/07 12:52:23.305, 7, 0, 0, 132.97
2026/08/07 12:52:23.806, 0, 72558, 100, 961.10
2026/08/07 12:52:23.807, 1, 73718, 100, 964.01
2026/08/07 12:52:23.807, 2, 73720, 100, 948.46
2026/08/07 12:52:23.807, 3, 73720, 100, 952.50
2026/08/07 12:52:23.807, 4, 0, 0, 134.35
2026/08/07 12:52:23.807, 5, 0, 0, 134.25
2026/08/07 12:52:23.807, 6, 0, 0, 132.34
2026/08/07 12:52:23.807, 7, 0, 0, 133.05
2026/08/07 12:52:24.307, 0, 72558, 100, 960.77
2026/08/07 12:52:24.307, 1, 73718, 100, 957.95
2026/08/07 12:52:24.307, 2, 73720, 100, 943.20
2026/08/07 12:52:24.307, 3, 73720, 100, 947.07
2026/08/07 12:52:24.307, 4, 0, 0, 134.24
2026/08/07 12:52:24.307, 5, 0, 0, 134.21
2026/08/07 12:52:24.307, 6, 0, 0, 132.19
2026/08/07 12:52:24.307, 7, 0, 0, 132.97
2026/08/07 12:52:24.807, 0, 72558, 100, 953.34
2026/08/07 12:52:24.807, 1, 73718, 100, 954.23
2026/08/07 12:52:24.807, 2, 73720, 100, 945.66
2026/08/07 12:52:24.807, 3, 73720, 100, 945.98
2026/08/07 12:52:24.807, 4, 0, 0, 134.24
2026/08/07 12:52:24.807, 5, 0, 0, 134.21
2026/08/07 12:52:24.807, 6, 0, 0, 132.19
2026/08/07 12:52:24.807, 7, 0, 0, 132.92
2026/08/07 12:52:25.307, 0, 72558, 100, 954.53
2026/08/07 12:52:25.307, 1, 73718, 100, 961.16
2026/08/07 12:52:25.307, 2, 73720, 100, 943.99
2026/08/07 12:52:25.307, 3, 73720, 100, 946.05
2026/08/07 12:52:25.307, 4, 0, 0, 134.24
2026/08/07 12:52:25.307, 5, 0, 0, 134.25
2026/08/07 12:52:25.307, 6, 0, 0, 132.27
2026/08/07 12:52:25.307, 7, 0, 0, 132.88
2026/08/07 12:52:25.807, 0, 72558, 100, 951.35
2026/08/07 12:52:25.808, 1, 73718, 100, 957.33
2026/08/07 12:52:25.808, 2, 73720, 100, 940.27
2026/08/07 12:52:25.809, 3, 73720, 100, 941.32
2026/08/07 12:52:25.809, 4, 0, 0, 134.24
2026/08/07 12:52:25.810, 5, 0, 0, 134.36
2026/08/07 12:52:25.810, 6, 0, 0, 132.24
2026/08/07 12:52:25.811, 7, 0, 0, 132.86
2026/08/07 12:52:26.312, 0, 72558, 100, 946.63
2026/08/07 12:52:26.312, 1, 73718, 99, 955.00
2026/08/07 12:52:26.312, 2, 73720, 99, 938.28
2026/08/07 12:52:26.312, 3, 73720, 99, 945.24
2026/08/07 12:52:26.312, 4, 0, 0, 134.24
2026/08/07 12:52:26.312, 5, 0, 0, 134.36
2026/08/07 12:52:26.312, 6, 0, 0, 132.16
2026/08/07 12:52:26.312, 7, 0, 0, 133.05
2026/08/07 12:52:26.812, 0, 72558, 100, 949.06
2026/08/07 12:52:26.812, 1, 73718, 100, 956.91
2026/08/07 12:52:26.812, 2, 73720, 100, 936.12
2026/08/07 12:52:26.812, 3, 73720, 100, 947.33
2026/08/07 12:52:26.812, 4, 0, 0, 134.25
2026/08/07 12:52:26.812, 5, 0, 0, 134.25
2026/08/07 12:52:26.812, 6, 0, 0, 132.16
2026/08/07 12:52:26.812, 7, 0, 0, 133.19
2026/08/07 12:52:27.312, 0, 72558, 100, 960.07
2026/08/07 12:52:27.312, 1, 73718, 100, 961.25
2026/08/07 12:52:27.312, 2, 73720, 100, 942.47
2026/08/07 12:52:27.312, 3, 73720, 100, 950.71
2026/08/07 12:52:27.312, 4, 0, 0, 134.24
2026/08/07 12:52:27.312, 5, 0, 0, 134.25
2026/08/07 12:52:27.312, 6, 0, 0, 132.24
2026/08/07 12:52:27.312, 7, 0, 0, 132.97
2026/08/07 12:52:27.812, 0, 72558, 100, 960.75
2026/08/07 12:52:27.812, 1, 73718, 100, 975.29
2026/08/07 12:52:27.812, 2, 73720, 100, 947.50
2026/08/07 12:52:27.812, 3, 73720, 100, 954.85
2026/08/07 12:52:27.812, 4, 0, 0, 134.24
2026/08/07 12:52:27.812, 5, 0, 0, 134.25
2026/08/07 12:52:27.813, 6, 0, 0, 132.12
2026/08/07 12:52:27.813, 7, 0, 0, 132.90
2026/08/07 12:52:28.313, 0, 72558, 100, 966.10
2026/08/07 12:52:28.313, 1, 73718, 100, 974.49
2026/08/07 12:52:28.313, 2, 73720, 100, 946.59
2026/08/07 12:52:28.313, 3, 73720, 100, 953.58
2026/08/07 12:52:28.313, 4, 0, 0, 134.35
2026/08/07 12:52:28.313, 5, 0, 0, 134.24
2026/08/07 12:52:28.313, 6, 0, 0, 132.23
2026/08/07 12:52:28.313, 7, 0, 0, 133.00
2026/08/07 12:52:28.813, 0, 72558, 100, 960.36
2026/08/07 12:52:28.813, 1, 73718, 100, 965.09
2026/08/07 12:52:28.813, 2, 73720, 100, 949.67
2026/08/07 12:52:28.813, 3, 73720, 100, 954.12
2026/08/07 12:52:28.813, 4, 0, 0, 134.35
2026/08/07 12:52:28.813, 5, 0, 0, 134.25
2026/08/07 12:52:28.813, 6, 0, 0, 132.38
2026/08/07 12:52:28.813, 7, 0, 0, 132.96
2026/08/07 12:52:29.313, 0, 72558, 100, 951.66
2026/08/07 12:52:29.313, 1, 73718, 100, 964.54
2026/08/07 12:52:29.313, 2, 73720, 100, 947.58
2026/08/07 12:52:29.313, 3, 73720, 100, 954.36
2026/08/07 12:52:29.313, 4, 0, 0, 134.23
2026/08/07 12:52:29.313, 5, 0, 0, 134.24
2026/08/07 12:52:29.313, 6, 0, 0, 132.27
2026/08/07 12:52:29.313, 7, 0, 0, 132.97
2026/08/07 12:52:29.813, 0, 72558, 100, 948.64
2026/08/07 12:52:29.813, 1, 73718, 100, 964.43
2026/08/07 12:52:29.813, 2, 73720, 100, 946.40
2026/08/07 12:52:29.813, 3, 73720, 100, 954.80
2026/08/07 12:52:29.813, 4, 0, 0, 134.24
2026/08/07 12:52:29.813, 5, 0, 0, 134.24
2026/08/07 12:52:29.813, 6, 0, 0, 132.28
2026/08/07 12:52:29.813, 7, 0, 0, 133.01
2026/08/07 12:52:30.313, 0, 72558, 100, 944.93
2026/08/07 12:52:30.313, 1, 73718, 100, 968.90
2026/08/07 12:52:30.313, 2, 73720, 100, 943.54
2026/08/07 12:52:30.313, 3, 73720, 100, 949.92
2026/08/07 12:52:30.313, 4, 0, 0, 134.24
2026/08/07 12:52:30.313, 5, 0, 0, 134.25
2026/08/07 12:52:30.313, 6, 0, 0, 132.28
2026/08/07 12:52:30.313, 7, 0, 0, 132.97
2026/08/07 12:52:30.814, 0, 72558, 100, 947.73
2026/08/07 12:52:30.814, 1, 73718, 100, 958.54
2026/08/07 12:52:30.814, 2, 73720, 100, 938.84
2026/08/07 12:52:30.814, 3, 73720, 100, 946.10
2026/08/07 12:52:30.814, 4, 0, 0, 134.24
2026/08/07 12:52:30.814, 5, 0, 0, 134.32
2026/08/07 12:52:30.814, 6, 0, 0, 132.17
2026/08/07 12:52:30.814, 7, 0, 0, 133.00
2026/08/07 12:52:31.314, 0, 72558, 100, 955.63
2026/08/07 12:52:31.314, 1, 73718, 100, 957.43
2026/08/07 12:52:31.314, 2, 73720, 100, 943.44
2026/08/07 12:52:31.314, 3, 73720, 100, 951.80
2026/08/07 12:52:31.314, 4, 0, 0, 134.24
2026/08/07 12:52:31.314, 5, 0, 0, 134.32
2026/08/07 12:52:31.314, 6, 0, 0, 132.16
2026/08/07 12:52:31.314, 7, 0, 0, 133.13
2026/08/07 12:52:31.814, 0, 72558, 100, 960.33
2026/08/07 12:52:31.814, 1, 73718, 100, 976.66
2026/08/07 12:52:31.814, 2, 73720, 100, 945.45
2026/08/07 12:52:31.814, 3, 73720, 100, 955.31
2026/08/07 12:52:31.814, 4, 0, 0, 134.24
2026/08/07 12:52:31.814, 5, 0, 0, 134.25
2026/08/07 12:52:31.814, 6, 0, 0, 132.27
2026/08/07 12:52:31.814, 7, 0, 0, 133.01
2026/08/07 12:52:32.314, 0, 72558, 100, 959.61
2026/08/07 12:52:32.314, 1, 73718, 100, 977.93
2026/08/07 12:52:32.314, 2, 73720, 100, 947.15
2026/08/07 12:52:32.314, 3, 73720, 100, 958.75
2026/08/07 12:52:32.314, 4, 0, 0, 134.24
2026/08/07 12:52:32.314, 5, 0, 0, 134.25
2026/08/07 12:52:32.314, 6, 0, 0, 132.27
2026/08/07 12:52:32.314, 7, 0, 0, 132.82
2026/08/07 12:52:32.814, 0, 72558, 100, 954.39
2026/08/07 12:52:32.814, 1, 73718, 100, 979.12
2026/08/07 12:52:32.814, 2, 73720, 100, 953.60
2026/08/07 12:52:32.814, 3, 73720, 100, 961.84
2026/08/07 12:52:32.814, 4, 0, 0, 134.24
2026/08/07 12:52:32.814, 5, 0, 0, 134.25
2026/08/07 12:52:32.814, 6, 0, 0, 132.24
2026/08/07 12:52:32.814, 7, 0, 0, 132.92
2026/08/07 12:52:33.314, 0, 72558, 100, 955.86
2026/08/07 12:52:33.314, 1, 73718, 100, 972.78
2026/08/07 12:52:33.315, 2, 73720, 100, 953.28
2026/08/07 12:52:33.316, 3, 73720, 100, 954.14
2026/08/07 12:52:33.317, 4, 0, 0, 134.36
2026/08/07 12:52:33.318, 5, 0, 0, 134.25
2026/08/07 12:52:33.319, 6, 0, 0, 132.33
2026/08/07 12:52:33.320, 7, 0, 0, 133.11
2026/08/07 12:52:33.821, 0, 72558, 100, 956.04
2026/08/07 12:52:33.821, 1, 73718, 100, 968.41
2026/08/07 12:52:33.821, 2, 73720, 100, 947.98
2026/08/07 12:52:33.821, 3, 73720, 100, 953.25
2026/08/07 12:52:33.821, 4, 0, 0, 134.35
2026/08/07 12:52:33.821, 5, 0, 0, 134.25
2026/08/07 12:52:33.821, 6, 0, 0, 132.36
2026/08/07 12:52:33.821, 7, 0, 0, 133.40
2026/08/07 12:52:34.321, 0, 72558, 100, 954.67
2026/08/07 12:52:34.321, 1, 73718, 100, 965.12
2026/08/07 12:52:34.321, 2, 73720, 100, 942.70
2026/08/07 12:52:34.321, 3, 73720, 100, 952.69
2026/08/07 12:52:34.321, 4, 0, 0, 134.23
2026/08/07 12:52:34.321, 5, 0, 0, 134.25
2026/08/07 12:52:34.321, 6, 0, 0, 132.28
2026/08/07 12:52:34.321, 7, 0, 0, 133.40
2026/08/07 12:52:34.821, 0, 72558, 99, 954.29
2026/08/07 12:52:34.822, 1, 73718, 99, 954.67
2026/08/07 12:52:34.822, 2, 73720, 99, 942.80
2026/08/07 12:52:34.822, 3, 73720, 99, 950.89
2026/08/07 12:52:34.822, 4, 0, 0, 134.23
2026/08/07 12:52:34.822, 5, 0, 0, 134.25
2026/08/07 12:52:34.822, 6, 0, 0, 132.24
2026/08/07 12:52:34.822, 7, 0, 0, 133.19
2026/08/07 12:52:35.322, 0, 72558, 100, 950.50
2026/08/07 12:52:35.322, 1, 73718, 100, 959.10
2026/08/07 12:52:35.322, 2, 73720, 100, 939.72
2026/08/07 12:52:35.322, 3, 73720, 100, 955.22
2026/08/07 12:52:35.322, 4, 0, 0, 134.24
2026/08/07 12:52:35.322, 5, 0, 0, 134.25
2026/08/07 12:52:35.322, 6, 0, 0, 132.20
2026/08/07 12:52:35.322, 7, 0, 0, 133.04
2026/08/07 12:52:35.822, 0, 72558, 100, 960.34
2026/08/07 12:52:35.823, 1, 73718, 100, 976.36
2026/08/07 12:52:35.823, 2, 73720, 100, 945.86
2026/08/07 12:52:35.823, 3, 73720, 100, 959.02
2026/08/07 12:52:35.823, 4, 0, 0, 134.24
2026/08/07 12:52:35.823, 5, 0, 0, 134.32
2026/08/07 12:52:35.823, 6, 0, 0, 132.24
2026/08/07 12:52:35.823, 7, 0, 0, 133.13
2026/08/07 12:52:36.323, 0, 72558, 100, 966.80
2026/08/07 12:52:36.323, 1, 73718, 100, 979.50
2026/08/07 12:52:36.323, 2, 73720, 100, 955.28
2026/08/07 12:52:36.323, 3, 73720, 100, 964.91
2026/08/07 12:52:36.323, 4, 0, 0, 134.24
2026/08/07 12:52:36.323, 5, 0, 0, 134.32
2026/08/07 12:52:36.323, 6, 0, 0, 132.24
2026/08/07 12:52:36.323, 7, 0, 0, 133.42
2026/08/07 12:52:36.823, 0, 72558, 100, 967.52
2026/08/07 12:52:36.823, 1, 73718, 100, 983.39
2026/08/07 12:52:36.823, 2, 73720, 100, 949.63
2026/08/07 12:52:36.823, 3, 73720, 100, 964.77
2026/08/07 12:52:36.823, 4, 0, 0, 134.24
2026/08/07 12:52:36.823, 5, 0, 0, 134.28
2026/08/07 12:52:36.823, 6, 0, 0, 132.27
2026/08/07 12:52:36.823, 7, 0, 0, 133.27
2026/08/07 12:52:37.323, 0, 72558, 100, 962.70
2026/08/07 12:52:37.323, 1, 73718, 100, 977.41
2026/08/07 12:52:37.323, 2, 73720, 100, 949.68
2026/08/07 12:52:37.323, 3, 73720, 100, 963.24
2026/08/07 12:52:37.323, 4, 0, 0, 134.24
2026/08/07 12:52:37.323, 5, 0, 0, 134.25
2026/08/07 12:52:37.323, 6, 0, 0, 132.31
2026/08/07 12:52:37.324, 7, 0, 0, 133.01
2026/08/07 12:52:37.824, 0, 72558, 100, 952.70
2026/08/07 12:52:37.824, 1, 73718, 100, 969.26
2026/08/07 12:52:37.825, 2, 73720, 100, 946.96
2026/08/07 12:52:37.826, 3, 73720, 100, 955.30
2026/08/07 12:52:37.827, 4, 0, 0, 134.24
2026/08/07 12:52:37.828, 5, 0, 0, 134.25
2026/08/07 12:52:37.829, 6, 0, 0, 132.27
2026/08/07 12:52:37.830, 7, 0, 0, 133.13
2026/08/07 12:52:38.331, 0, 72558, 100, 956.98
2026/08/07 12:52:38.331, 1, 73718, 100, 972.65
2026/08/07 12:52:38.331, 2, 73720, 100, 944.33
2026/08/07 12:52:38.331, 3, 73720, 100, 954.44
2026/08/07 12:52:38.331, 4, 0, 0, 134.36
2026/08/07 12:52:38.331, 5, 0, 0, 134.25
2026/08/07 12:52:38.331, 6, 0, 0, 132.32
2026/08/07 12:52:38.331, 7, 0, 0, 133.13
2026/08/07 12:52:38.831, 0, 72558, 100, 953.46
2026/08/07 12:52:38.831, 1, 73718, 100, 971.07
2026/08/07 12:52:38.831, 2, 73720, 100, 947.34
2026/08/07 12:52:38.831, 3, 73720, 100, 958.26
2026/08/07 12:52:38.831, 4, 0, 0, 134.35
2026/08/07 12:52:38.831, 5, 0, 0, 134.25
2026/08/07 12:52:38.831, 6, 0, 0, 132.28
2026/08/07 12:52:38.831, 7, 0, 0, 133.23
2026/08/07 12:52:39.331, 0, 72558, 100, 950.81
2026/08/07 12:52:39.331, 1, 73718, 100, 972.17
2026/08/07 12:52:39.331, 2, 73720, 100, 940.49
2026/08/07 12:52:39.331, 3, 73720, 100, 950.91
2026/08/07 12:52:39.331, 4, 0, 0, 134.24
2026/08/07 12:52:39.331, 5, 0, 0, 134.25
2026/08/07 12:52:39.331, 6, 0, 0, 132.24
2026/08/07 12:52:39.332, 7, 0, 0, 133.32
2026/08/07 12:52:39.832, 0, 72558, 100, 951.15
2026/08/07 12:52:39.832, 1, 73718, 100, 969.34
2026/08/07 12:52:39.832, 2, 73720, 100, 940.10
2026/08/07 12:52:39.832, 3, 73720, 100, 954.34
2026/08/07 12:52:39.832, 4, 0, 0, 134.24
2026/08/07 12:52:39.832, 5, 0, 0, 134.25
2026/08/07 12:52:39.832, 6, 0, 0, 132.28
2026/08/07 12:52:39.832, 7, 0, 0, 133.35
2026/08/07 12:52:40.332, 0, 72558, 100, 957.69
2026/08/07 12:52:40.332, 1, 73718, 100, 980.40
2026/08/07 12:52:40.332, 2, 73720, 100, 953.77
2026/08/07 12:52:40.332, 3, 73720, 100, 963.44
2026/08/07 12:52:40.332, 4, 0, 0, 134.23
2026/08/07 12:52:40.332, 5, 0, 0, 134.25
2026/08/07 12:52:40.332, 6, 0, 0, 132.24
2026/08/07 12:52:40.332, 7, 0, 0, 133.05
2026/08/07 12:52:40.832, 0, 72558, 100, 958.03
2026/08/07 12:52:40.832, 1, 73718, 100, 982.66
2026/08/07 12:52:40.832, 2, 73720, 100, 953.20
2026/08/07 12:52:40.832, 3, 73720, 100, 968.36
2026/08/07 12:52:40.832, 4, 0, 0, 134.24
2026/08/07 12:52:40.832, 5, 0, 0, 134.32
2026/08/07 12:52:40.832, 6, 0, 0, 132.21
2026/08/07 12:52:40.832, 7, 0, 0, 133.01
2026/08/07 12:52:41.333, 0, 72558, 100, 952.63
2026/08/07 12:52:41.333, 1, 73718, 100, 976.13
2026/08/07 12:52:41.333, 2, 73720, 100, 955.36
2026/08/07 12:52:41.333, 3, 73720, 100, 963.00
2026/08/07 12:52:41.333, 4, 0, 0, 134.24
2026/08/07 12:52:41.333, 5, 0, 0, 134.32
2026/08/07 12:52:41.333, 6, 0, 0, 132.21
2026/08/07 12:52:41.333, 7, 0, 0, 133.49
2026/08/07 12:52:41.833, 0, 72558, 100, 956.85
2026/08/07 12:52:41.833, 1, 73718, 100, 976.27
2026/08/07 12:52:41.833, 2, 73720, 100, 953.59
2026/08/07 12:52:41.833, 3, 73720, 100, 956.65
2026/08/07 12:52:41.833, 4, 0, 0, 134.24
2026/08/07 12:52:41.833, 5, 0, 0, 134.25
2026/08/07 12:52:41.833, 6, 0, 0, 132.20
2026/08/07 12:52:41.833, 7, 0, 0, 133.51
2026/08/07 12:52:42.333, 0, 72558, 100, 953.04
2026/08/07 12:52:42.333, 1, 73718, 100, 973.60
2026/08/07 12:52:42.333, 2, 73720, 100, 949.03
2026/08/07 12:52:42.333, 3, 73720, 100, 956.71
2026/08/07 12:52:42.333, 4, 0, 0, 134.24
2026/08/07 12:52:42.333, 5, 0, 0, 134.25
2026/08/07 12:52:42.333, 6, 0, 0, 132.08
2026/08/07 12:52:42.333, 7, 0, 0, 133.21
2026/08/07 12:52:42.833, 0, 72558, 100, 957.93
2026/08/07 12:52:42.833, 1, 73718, 100, 974.28
2026/08/07 12:52:42.833, 2, 73720, 100, 946.22
2026/08/07 12:52:42.833, 3, 73720, 100, 955.27
2026/08/07 12:52:42.833, 4, 0, 0, 134.24
2026/08/07 12:52:42.833, 5, 0, 0, 134.24
2026/08/07 12:52:42.833, 6, 0, 0, 132.04
2026/08/07 12:52:42.833, 7, 0, 0, 133.11
2026/08/07 12:52:43.333, 0, 72558, 99, 955.53
2026/08/07 12:52:43.333, 1, 73718, 99, 964.36
2026/08/07 12:52:43.333, 2, 73720, 100, 944.88
2026/08/07 12:52:43.333, 3, 73720, 100, 958.68
2026/08/07 12:52:43.333, 4, 0, 0, 134.35
2026/08/07 12:52:43.333, 5, 0, 0, 134.25
2026/08/07 12:52:43.333, 6, 0, 0, 132.24
2026/08/07 12:52:43.333, 7, 0, 0, 133.04
2026/08/07 12:52:43.834, 0, 72558, 100, 951.03
2026/08/07 12:52:43.834, 1, 73718, 100, 963.72
2026/08/07 12:52:43.834, 2, 73720, 100, 946.47
2026/08/07 12:52:43.834, 3, 73720, 100, 960.19
2026/08/07 12:52:43.834, 4, 0, 0, 134.35
2026/08/07 12:52:43.834, 5, 0, 0, 134.24
2026/08/07 12:52:43.834, 6, 0, 0, 132.29
2026/08/07 12:52:43.834, 7, 0, 0, 133.21
2026/08/07 12:52:44.334, 0, 72558, 100, 960.46
2026/08/07 12:52:44.334, 1, 73718, 100, 977.76
2026/08/07 12:52:44.334, 2, 73720, 100, 948.28
2026/08/07 12:52:44.334, 3, 73720, 100, 962.82
2026/08/07 12:52:44.334, 4, 0, 0, 134.24
2026/08/07 12:52:44.334, 5, 0, 0, 134.25
2026/08/07 12:52:44.334, 6, 0, 0, 132.09
2026/08/07 12:52:44.334, 7, 0, 0, 133.46
2026/08/07 12:52:44.834, 0, 72558, 100, 964.84
2026/08/07 12:52:44.834, 1, 73718, 100, 983.81
2026/08/07 12:52:44.834, 2, 73720, 100, 958.75
2026/08/07 12:52:44.834, 3, 73720, 100, 964.57
2026/08/07 12:52:44.834, 4, 0, 0, 134.23
2026/08/07 12:52:44.834, 5, 0, 0, 134.24
2026/08/07 12:52:44.834, 6, 0, 0, 132.12
2026/08/07 12:52:44.834, 7, 0, 0, 133.21
2026/08/07 12:52:45.334, 0, 72558, 100, 967.81
2026/08/07 12:52:45.334, 1, 73718, 100, 985.84
2026/08/07 12:52:45.334, 2, 73720, 100, 959.80
2026/08/07 12:52:45.334, 3, 73720, 100, 965.21
2026/08/07 12:52:45.334, 4, 0, 0, 134.23
2026/08/07 12:52:45.334, 5, 0, 0, 134.25
2026/08/07 12:52:45.334, 6, 0, 0, 132.24
2026/08/07 12:52:45.334, 7, 0, 0, 133.05
2026/08/07 12:52:45.834, 0, 72558, 100, 962.80
2026/08/07 12:52:45.834, 1, 73718, 100, 982.19
2026/08/07 12:52:45.834, 2, 73720, 100, 954.07
2026/08/07 12:52:45.834, 3, 73720, 100, 969.80
2026/08/07 12:52:45.834, 4, 0, 0, 134.24
2026/08/07 12:52:45.834, 5, 0, 0, 134.37
2026/08/07 12:52:45.834, 6, 0, 0, 132.24
2026/08/07 12:52:45.834, 7, 0, 0, 133.12
2026/08/07 12:52:46.335, 0, 72558, 100, 957.57
2026/08/07 12:52:46.335, 1, 73718, 100, 982.83
2026/08/07 12:52:46.336, 2, 73720, 100, 949.94
2026/08/07 12:52:46.337, 3, 73720, 100, 963.45
2026/08/07 12:52:46.338, 4, 0, 0, 134.24
2026/08/07 12:52:46.340, 5, 0, 0, 134.36
2026/08/07 12:52:46.341, 6, 0, 0, 132.24
2026/08/07 12:52:46.342, 7, 0, 0, 133.36
2026/08/07 12:52:46.844, 0, 72558, 100, 953.89
2026/08/07 12:52:46.844, 1, 73718, 100, 975.36
2026/08/07 12:52:46.844, 2, 73720, 100, 944.75
2026/08/07 12:52:46.844, 3, 73720, 100, 956.22
2026/08/07 12:52:46.844, 4, 0, 0, 134.24
2026/08/07 12:52:46.844, 5, 0, 0, 134.28
2026/08/07 12:52:46.844, 6, 0, 0, 132.24
2026/08/07 12:52:46.844, 7, 0, 0, 133.52
2026/08/07 12:52:47.344, 0, 72558, 100, 955.60
2026/08/07 12:52:47.344, 1, 73718, 100, 969.84
2026/08/07 12:52:47.344, 2, 73720, 100, 944.10
2026/08/07 12:52:47.344, 3, 73720, 100, 958.21
2026/08/07 12:52:47.344, 4, 0, 0, 134.24
2026/08/07 12:52:47.344, 5, 0, 0, 134.24
2026/08/07 12:52:47.344, 6, 0, 0, 132.21
2026/08/07 12:52:47.344, 7, 0, 0, 133.46
2026/08/07 12:52:47.844, 0, 72558, 100, 951.42
2026/08/07 12:52:47.844, 1, 73718, 100, 968.62
2026/08/07 12:52:47.844, 2, 73720, 100, 940.60
2026/08/07 12:52:47.844, 3, 73720, 100, 951.21
2026/08/07 12:52:47.844, 4, 0, 0, 134.24
2026/08/07 12:52:47.844, 5, 0, 0, 134.25
2026/08/07 12:52:47.844, 6, 0, 0, 132.10
2026/08/07 12:52:47.844, 7, 0, 0, 133.38
2026/08/07 12:52:48.344, 0, 72558, 100, 944.21
2026/08/07 12:52:48.344, 1, 73718, 100, 969.56
2026/08/07 12:52:48.344, 2, 73720, 100, 947.86
2026/08/07 12:52:48.344, 3, 73720, 100, 957.20
2026/08/07 12:52:48.344, 4, 0, 0, 134.34
2026/08/07 12:52:48.344, 5, 0, 0, 134.24
2026/08/07 12:52:48.344, 6, 0, 0, 132.27
2026/08/07 12:52:48.344, 7, 0, 0, 133.36
2026/08/07 12:52:48.844, 0, 72558, 100, 961.90
2026/08/07 12:52:48.844, 1, 73718, 100, 985.04
2026/08/07 12:52:48.844, 2, 73720, 100, 952.65
2026/08/07 12:52:48.844, 3, 73720, 100, 964.98
2026/08/07 12:52:48.844, 4, 0, 0, 134.35
2026/08/07 12:52:48.844, 5, 0, 0, 134.25
2026/08/07 12:52:48.844, 6, 0, 0, 132.39
2026/08/07 12:52:48.844, 7, 0, 0, 133.28
2026/08/07 12:52:49.344, 0, 72558, 100, 967.94
2026/08/07 12:52:49.344, 1, 73718, 100, 983.10
2026/08/07 12:52:49.344, 2, 73720, 100, 950.40
2026/08/07 12:52:49.344, 3, 73720, 100, 964.15
2026/08/07 12:52:49.344, 4, 0, 0, 134.24
2026/08/07 12:52:49.344, 5, 0, 0, 134.25
2026/08/07 12:52:49.344, 6, 0, 0, 132.25
2026/08/07 12:52:49.345, 7, 0, 0, 133.27
2026/08/07 12:52:49.845, 0, 72558, 100, 969.21
2026/08/07 12:52:49.845, 1, 73718, 100, 981.99
2026/08/07 12:52:49.845, 2, 73720, 100, 954.74
2026/08/07 12:52:49.845, 3, 73720, 100, 966.11
2026/08/07 12:52:49.845, 4, 0, 0, 134.24
2026/08/07 12:52:49.845, 5, 0, 0, 134.25
2026/08/07 12:52:49.845, 6, 0, 0, 132.10
2026/08/07 12:52:49.845, 7, 0, 0, 133.27
2026/08/07 12:52:50.345, 0, 72558, 100, 965.60
2026/08/07 12:52:50.345, 1, 73718, 100, 979.94
2026/08/07 12:52:50.345, 2, 73720, 100, 949.34
2026/08/07 12:52:50.345, 3, 73720, 100, 967.02
2026/08/07 12:52:50.345, 4, 0, 0, 134.24
2026/08/07 12:52:50.345, 5, 0, 0, 134.25
2026/08/07 12:52:50.345, 6, 0, 0, 131.98
2026/08/07 12:52:50.345, 7, 0, 0, 132.97
2026/08/07 12:52:50.845, 0, 72558, 100, 958.70
2026/08/07 12:52:50.845, 1, 73718, 100, 976.64
2026/08/07 12:52:50.845, 2, 73720, 100, 947.09
2026/08/07 12:52:50.845, 3, 73720, 100, 966.01
2026/08/07 12:52:50.845, 4, 0, 0, 134.24
2026/08/07 12:52:50.845, 5, 0, 0, 134.36
2026/08/07 12:52:50.845, 6, 0, 0, 132.13
2026/08/07 12:52:50.845, 7, 0, 0, 132.93
2026/08/07 12:52:51.345, 0, 72558, 100, 959.78
2026/08/07 12:52:51.347, 1, 73718, 100, 977.60
2026/08/07 12:52:51.347, 2, 73720, 100, 946.10
2026/08/07 12:52:51.347, 3, 73720, 100, 957.78
2026/08/07 12:52:51.347, 4, 0, 0, 134.24
2026/08/07 12:52:51.347, 5, 0, 0, 134.36
2026/08/07 12:52:51.347, 6, 0, 0, 132.21
2026/08/07 12:52:51.347, 7, 0, 0, 133.24
2026/08/07 12:52:51.847, 0, 72558, 100, 950.10
2026/08/07 12:52:51.847, 1, 73718, 100, 970.92
2026/08/07 12:52:51.847, 2, 73720, 99, 943.92
2026/08/07 12:52:51.847, 3, 73720, 100, 955.92
2026/08/07 12:52:51.847, 4, 0, 0, 134.24
2026/08/07 12:52:51.847, 5, 0, 0, 134.28
2026/08/07 12:52:51.847, 6, 0, 0, 132.17
2026/08/07 12:52:51.847, 7, 0, 0, 133.34
2026/08/07 12:52:52.347, 0, 72558, 100, 943.15
2026/08/07 12:52:52.347, 1, 73718, 100, 963.21
2026/08/07 12:52:52.347, 2, 73720, 100, 944.82
2026/08/07 12:52:52.347, 3, 73720, 100, 956.07
2026/08/07 12:52:52.347, 4, 0, 0, 134.24
2026/08/07 12:52:52.347, 5, 0, 0, 134.25
2026/08/07 12:52:52.347, 6, 0, 0, 132.05
2026/08/07 12:52:52.347, 7, 0, 0, 133.24
2026/08/07 12:52:52.848, 0, 72558, 100, 953.86
2026/08/07 12:52:52.848, 1, 73718, 100, 971.80
2026/08/07 12:52:52.849, 2, 73720, 100, 946.72
2026/08/07 12:52:52.850, 3, 73720, 100, 955.56
2026/08/07 12:52:52.851, 4, 0, 0, 134.24
2026/08/07 12:52:52.852, 5, 0, 0, 134.25
2026/08/07 12:52:52.853, 6, 0, 0, 132.08
2026/08/07 12:52:52.854, 7, 0, 0, 133.16
2026/08/07 12:52:53.354, 0, 72558, 100, 961.92
2026/08/07 12:52:53.354, 1, 73718, 100, 981.48
2026/08/07 12:52:53.354, 2, 73720, 100, 950.25
2026/08/07 12:52:53.354, 3, 73720, 100, 968.18
2026/08/07 12:52:53.354, 4, 0, 0, 134.31
2026/08/07 12:52:53.354, 5, 0, 0, 134.25
2026/08/07 12:52:53.354, 6, 0, 0, 132.35
2026/08/07 12:52:53.354, 7, 0, 0, 133.15
2026/08/07 12:52:53.854, 0, 72558, 100, 969.47
2026/08/07 12:52:53.854, 1, 73718, 100, 982.44
2026/08/07 12:52:53.854, 2, 73720, 100, 950.88
2026/08/07 12:52:53.855, 3, 73720, 100, 970.78
2026/08/07 12:52:53.855, 4, 0, 0, 134.32
2026/08/07 12:52:53.855, 5, 0, 0, 134.25
2026/08/07 12:52:53.855, 6, 0, 0, 132.32
2026/08/07 12:52:53.855, 7, 0, 0, 133.21
2026/08/07 12:52:54.355, 0, 72558, 100, 967.29
2026/08/07 12:52:54.355, 1, 73718, 100, 979.88
2026/08/07 12:52:54.355, 2, 73720, 100, 948.93
2026/08/07 12:52:54.355, 3, 73720, 100, 964.40
2026/08/07 12:52:54.355, 4, 0, 0, 134.24
2026/08/07 12:52:54.355, 5, 0, 0, 134.25
2026/08/07 12:52:54.355, 6, 0, 0, 132.20
2026/08/07 12:52:54.355, 7, 0, 0, 133.07
2026/08/07 12:52:54.855, 0, 72558, 100, 952.15
2026/08/07 12:52:54.855, 1, 73718, 100, 973.03
2026/08/07 12:52:54.855, 2, 73720, 100, 951.27
2026/08/07 12:52:54.855, 3, 73720, 100, 964.84
2026/08/07 12:52:54.855, 4, 0, 0, 134.24
2026/08/07 12:52:54.855, 5, 0, 0, 134.25
2026/08/07 12:52:54.855, 6, 0, 0, 132.20
2026/08/07 12:52:54.855, 7, 0, 0, 133.01
2026/08/07 12:52:55.355, 0, 72558, 100, 953.99
2026/08/07 12:52:55.355, 1, 73718, 100, 976.48
2026/08/07 12:52:55.355, 2, 73720, 100, 948.18
2026/08/07 12:52:55.355, 3, 73720, 100, 963.45
2026/08/07 12:52:55.355, 4, 0, 0, 134.24
2026/08/07 12:52:55.355, 5, 0, 0, 134.24
2026/08/07 12:52:55.355, 6, 0, 0, 132.15
2026/08/07 12:52:55.355, 7, 0, 0, 133.13
2026/08/07 12:52:55.855, 0, 72558, 100, 953.00
2026/08/07 12:52:55.855, 1, 73718, 100, 978.99
2026/08/07 12:52:55.855, 2, 73720, 100, 950.95
2026/08/07 12:52:55.855, 3, 73720, 100, 968.78
2026/08/07 12:52:55.855, 4, 0, 0, 134.24
2026/08/07 12:52:55.855, 5, 0, 0, 134.32
2026/08/07 12:52:55.855, 6, 0, 0, 132.19
2026/08/07 12:52:55.855, 7, 0, 0, 133.23
2026/08/07 12:52:56.355, 0, 72558, 100, 949.27
2026/08/07 12:52:56.355, 1, 73718, 100, 975.29
2026/08/07 12:52:56.356, 2, 73720, 100, 948.22
2026/08/07 12:52:56.357, 3, 73720, 100, 964.43
2026/08/07 12:52:56.358, 4, 0, 0, 134.24
2026/08/07 12:52:56.359, 5, 0, 0, 134.32
2026/08/07 12:52:56.360, 6, 0, 0, 132.20
2026/08/07 12:52:56.361, 7, 0, 0, 133.52
2026/08/07 12:52:56.862, 0, 72558, 100, 948.65
2026/08/07 12:52:56.862, 1, 73718, 100, 970.95
2026/08/07 12:52:56.862, 2, 73720, 100, 945.39
2026/08/07 12:52:56.862, 3, 73720, 100, 956.97
2026/08/07 12:52:56.862, 4, 0, 0, 134.24
2026/08/07 12:52:56.862, 5, 0, 0, 134.24
2026/08/07 12:52:56.862, 6, 0, 0, 132.21
2026/08/07 12:52:56.862, 7, 0, 0, 133.40
2026/08/07 12:52:57.362, 0, 72558, 100, 956.10
2026/08/07 12:52:57.362, 1, 73718, 100, 979.21
2026/08/07 12:52:57.362, 2, 73720, 100, 953.84
2026/08/07 12:52:57.362, 3, 73720, 100, 967.44
2026/08/07 12:52:57.362, 4, 0, 0, 134.24
2026/08/07 12:52:57.362, 5, 0, 0, 134.25
2026/08/07 12:52:57.362, 6, 0, 0, 132.24
2026/08/07 12:52:57.362, 7, 0, 0, 133.26
2026/08/07 12:52:57.863, 0, 72558, 100, 965.24
2026/08/07 12:52:57.863, 1, 73718, 100, 989.39
2026/08/07 12:52:57.863, 2, 73720, 100, 957.07
2026/08/07 12:52:57.863, 3, 73720, 100, 973.16
2026/08/07 12:52:57.863, 4, 0, 0, 134.22
2026/08/07 12:52:57.863, 5, 0, 0, 134.25
2026/08/07 12:52:57.863, 6, 0, 0, 132.16
2026/08/07 12:52:57.863, 7, 0, 0, 133.17
2026/08/07 12:52:58.363, 0, 72558, 100, 966.68
2026/08/07 12:52:58.363, 1, 73718, 100, 989.91
2026/08/07 12:52:58.363, 2, 73720, 100, 961.00
2026/08/07 12:52:58.363, 3, 73720, 100, 973.77
2026/08/07 12:52:58.363, 4, 0, 0, 134.30
2026/08/07 12:52:58.363, 5, 0, 0, 134.24
2026/08/07 12:52:58.363, 6, 0, 0, 132.23
2026/08/07 12:52:58.363, 7, 0, 0, 132.97
2026/08/07 12:52:58.863, 0, 72558, 100, 965.91
2026/08/07 12:52:58.863, 1, 73718, 100, 982.49
2026/08/07 12:52:58.864, 2, 73720, 100, 950.94
2026/08/07 12:52:58.864, 3, 73720, 100, 968.07
2026/08/07 12:52:58.864, 4, 0, 0, 134.31
2026/08/07 12:52:58.864, 5, 0, 0, 134.25
2026/08/07 12:52:58.864, 6, 0, 0, 132.31
2026/08/07 12:52:58.864, 7, 0, 0, 133.19
2026/08/07 12:52:59.364, 0, 72558, 100, 957.74
2026/08/07 12:52:59.364, 1, 73718, 100, 976.27
2026/08/07 12:52:59.364, 2, 73720, 100, 946.92
2026/08/07 12:52:59.364, 3, 73720, 100, 965.10
2026/08/07 12:52:59.364, 4, 0, 0, 134.23
2026/08/07 12:52:59.364, 5, 0, 0, 134.24
2026/08/07 12:52:59.364, 6, 0, 0, 132.24
2026/08/07 12:52:59.364, 7, 0, 0, 133.19
2026/08/07 12:52:59.865, 0, 72558, 100, 956.01
2026/08/07 12:52:59.865, 1, 73718, 100, 983.39
2026/08/07 12:52:59.865, 2, 73720, 100, 947.96
2026/08/07 12:52:59.865, 3, 73720, 100, 964.30
2026/08/07 12:52:59.865, 4, 0, 0, 134.23
2026/08/07 12:52:59.865, 5, 0, 0, 134.25
2026/08/07 12:52:59.865, 6, 0, 0, 132.19
2026/08/07 12:52:59.865, 7, 0, 0, 133.01
2026/08/07 12:53:00.365, 0, 72558, 100, 952.94
2026/08/07 12:53:00.365, 1, 73718, 100, 979.10
2026/08/07 12:53:00.365, 2, 73720, 100, 943.76
2026/08/07 12:53:00.365, 3, 73720, 100, 959.43
2026/08/07 12:53:00.365, 4, 0, 0, 134.23
2026/08/07 12:53:00.365, 5, 0, 0, 134.24
2026/08/07 12:53:00.365, 6, 0, 0, 132.22
2026/08/07 12:53:00.365, 7, 0, 0, 132.93
2026/08/07 12:53:00.865, 0, 72558, 100, 948.91
2026/08/07 12:53:00.865, 1, 73718, 100, 968.72
2026/08/07 12:53:00.865, 2, 73720, 100, 939.41
2026/08/07 12:53:00.865, 3, 73720, 100, 952.46
2026/08/07 12:53:00.865, 4, 0, 0, 134.23
2026/08/07 12:53:00.865, 5, 0, 0, 134.36
2026/08/07 12:53:00.865, 6, 0, 0, 132.24
2026/08/07 12:53:00.865, 7, 0, 0, 132.97
2026/08/07 12:53:01.365, 0, 72558, 100, 956.20
2026/08/07 12:53:01.365, 1, 73718, 100, 968.39
2026/08/07 12:53:01.365, 2, 73720, 100, 939.46
2026/08/07 12:53:01.365, 3, 73720, 100, 955.85
2026/08/07 12:53:01.365, 4, 0, 0, 134.23
2026/08/07 12:53:01.365, 5, 0, 0, 134.36
2026/08/07 12:53:01.365, 6, 0, 0, 132.20
2026/08/07 12:53:01.365, 7, 0, 0, 133.07
2026/08/07 12:53:01.865, 0, 72558, 100, 963.12
2026/08/07 12:53:01.865, 1, 73718, 100, 976.13
2026/08/07 12:53:01.865, 2, 73720, 100, 951.70
2026/08/07 12:53:01.865, 3, 73720, 100, 972.90
2026/08/07 12:53:01.865, 4, 0, 0, 134.24
2026/08/07 12:53:01.865, 5, 0, 0, 134.24
2026/08/07 12:53:01.865, 6, 0, 0, 132.16
2026/08/07 12:53:01.865, 7, 0, 0, 133.23
2026/08/07 12:53:02.365, 0, 72558, 100, 967.21
2026/08/07 12:53:02.365, 1, 73718, 100, 985.36
2026/08/07 12:53:02.365, 2, 73720, 100, 947.84
2026/08/07 12:53:02.365, 3, 73720, 100, 968.59
2026/08/07 12:53:02.365, 4, 0, 0, 134.24
2026/08/07 12:53:02.365, 5, 0, 0, 134.25
2026/08/07 12:53:02.365, 6, 0, 0, 132.08
2026/08/07 12:53:02.365, 7, 0, 0, 133.13
2026/08/07 12:53:02.866, 0, 72558, 100, 966.06
2026/08/07 12:53:02.866, 1, 73718, 100, 980.03
2026/08/07 12:53:02.866, 2, 73720, 100, 945.49
2026/08/07 12:53:02.866, 3, 73720, 100, 963.84
2026/08/07 12:53:02.866, 4, 0, 0, 134.24
2026/08/07 12:53:02.866, 5, 0, 0, 134.25
2026/08/07 12:53:02.866, 6, 0, 0, 132.05
2026/08/07 12:53:02.866, 7, 0, 0, 132.92
2026/08/07 12:53:03.366, 0, 72558, 100, 956.25
2026/08/07 12:53:03.366, 1, 73718, 100, 974.81
2026/08/07 12:53:03.366, 2, 73720, 100, 950.88
2026/08/07 12:53:03.366, 3, 73720, 100, 970.09
2026/08/07 12:53:03.366, 4, 0, 0, 134.35
2026/08/07 12:53:03.366, 5, 0, 0, 134.25
2026/08/07 12:53:03.366, 6, 0, 0, 132.11
2026/08/07 12:53:03.366, 7, 0, 0, 132.96
2026/08/07 12:53:03.866, 0, 72558, 100, 952.71
2026/08/07 12:53:03.866, 1, 73718, 100, 976.38
2026/08/07 12:53:03.866, 2, 73720, 100, 943.01
2026/08/07 12:53:03.866, 3, 73720, 100, 963.52
2026/08/07 12:53:03.866, 4, 0, 0, 134.35
2026/08/07 12:53:03.866, 5, 0, 0, 134.25
2026/08/07 12:53:03.866, 6, 0, 0, 132.07
2026/08/07 12:53:03.866, 7, 0, 0, 132.97
2026/08/07 12:53:04.366, 0, 72558, 100, 950.88
2026/08/07 12:53:04.366, 1, 73718, 100, 976.03
2026/08/07 12:53:04.366, 2, 73720, 100, 944.93
2026/08/07 12:53:04.366, 3, 73720, 100, 957.57
2026/08/07 12:53:04.366, 4, 0, 0, 134.24
2026/08/07 12:53:04.366, 5, 0, 0, 134.25
2026/08/07 12:53:04.366, 6, 0, 0, 132.03
2026/08/07 12:53:04.366, 7, 0, 0, 132.85
2026/08/07 12:53:04.866, 0, 72558, 100, 947.84
2026/08/07 12:53:04.866, 1, 73718, 100, 970.52
2026/08/07 12:53:04.866, 2, 73720, 100, 944.79
2026/08/07 12:53:04.866, 3, 73720, 100, 953.18
2026/08/07 12:53:04.866, 4, 0, 0, 134.23
2026/08/07 12:53:04.866, 5, 0, 0, 134.25
2026/08/07 12:53:04.866, 6, 0, 0, 132.19
2026/08/07 12:53:04.866, 7, 0, 0, 132.81
2026/08/07 12:53:05.366, 0, 72558, 100, 952.80
2026/08/07 12:53:05.366, 1, 73718, 100, 962.59
2026/08/07 12:53:05.366, 2, 73720, 100, 937.10
2026/08/07 12:53:05.366, 3, 73720, 100, 951.42
2026/08/07 12:53:05.366, 4, 0, 0, 134.23
2026/08/07 12:53:05.366, 5, 0, 0, 134.25
2026/08/07 12:53:05.366, 6, 0, 0, 132.16
2026/08/07 12:53:05.366, 7, 0, 0, 132.82
2026/08/07 12:53:05.866, 0, 72558, 100, 957.58
2026/08/07 12:53:05.867, 1, 73718, 100, 971.27
2026/08/07 12:53:05.867, 2, 73720, 100, 950.61
2026/08/07 12:53:05.867, 3, 73720, 100, 965.44
2026/08/07 12:53:05.867, 4, 0, 0, 134.24
2026/08/07 12:53:05.867, 5, 0, 0, 134.36
2026/08/07 12:53:05.867, 6, 0, 0, 132.09
2026/08/07 12:53:05.867, 7, 0, 0, 132.81
2026/08/07 12:53:06.367, 0, 72558, 100, 962.57
2026/08/07 12:53:06.367, 1, 73718, 100, 983.20
2026/08/07 12:53:06.368, 2, 73720, 100, 954.84
2026/08/07 12:53:06.370, 3, 73720, 100, 972.22
2026/08/07 12:53:06.371, 4, 0, 0, 134.24
2026/08/07 12:53:06.371, 5, 0, 0, 134.36
2026/08/07 12:53:06.371, 6, 0, 0, 132.13
2026/08/07 12:53:06.371, 7, 0, 0, 133.01
2026/08/07 12:53:06.871, 0, 72558, 100, 957.83
2026/08/07 12:53:06.871, 1, 73718, 100, 984.46
2026/08/07 12:53:06.871, 2, 73720, 100, 956.48
2026/08/07 12:53:06.871, 3, 73720, 100, 974.06
2026/08/07 12:53:06.871, 4, 0, 0, 134.23
2026/08/07 12:53:06.871, 5, 0, 0, 134.25
2026/08/07 12:53:06.871, 6, 0, 0, 131.97
2026/08/07 12:53:06.871, 7, 0, 0, 133.12
2026/08/07 12:53:07.371, 0, 72558, 100, 960.25
2026/08/07 12:53:07.371, 1, 73718, 100, 983.27
2026/08/07 12:53:07.371, 2, 73720, 100, 955.12
2026/08/07 12:53:07.371, 3, 73720, 100, 971.23
2026/08/07 12:53:07.371, 4, 0, 0, 134.23
2026/08/07 12:53:07.371, 5, 0, 0, 134.25
2026/08/07 12:53:07.371, 6, 0, 0, 131.91
2026/08/07 12:53:07.371, 7, 0, 0, 133.00
2026/08/07 12:53:07.871, 0, 72558, 100, 956.41
2026/08/07 12:53:07.871, 1, 73718, 100, 976.67
2026/08/07 12:53:07.871, 2, 73720, 100, 947.62
2026/08/07 12:53:07.871, 3, 73720, 100, 959.97
2026/08/07 12:53:07.871, 4, 0, 0, 134.23
2026/08/07 12:53:07.871, 5, 0, 0, 134.25
2026/08/07 12:53:07.871, 6, 0, 0, 131.96
2026/08/07 12:53:07.871, 7, 0, 0, 132.93
2026/08/07 12:53:08.371, 0, 72558, 100, 953.10
2026/08/07 12:53:08.371, 1, 73718, 100, 978.62
2026/08/07 12:53:08.371, 2, 73720, 100, 945.51
2026/08/07 12:53:08.371, 3, 73720, 100, 961.34
2026/08/07 12:53:08.371, 4, 0, 0, 134.35
2026/08/07 12:53:08.372, 5, 0, 0, 134.24
2026/08/07 12:53:08.372, 6, 0, 0, 132.13
2026/08/07 12:53:08.372, 7, 0, 0, 132.77
2026/08/07 12:53:08.872, 0, 72558, 100, 956.55
2026/08/07 12:53:08.872, 1, 73718, 100, 973.61
2026/08/07 12:53:08.872, 2, 73720, 100, 939.78
2026/08/07 12:53:08.872, 3, 73720, 100, 958.75
2026/08/07 12:53:08.872, 4, 0, 0, 134.36
2026/08/07 12:53:08.872, 5, 0, 0, 134.25
2026/08/07 12:53:08.872, 6, 0, 0, 132.20
2026/08/07 12:53:08.872, 7, 0, 0, 132.74
2026/08/07 12:53:09.372, 0, 72558, 100, 947.84
2026/08/07 12:53:09.372, 1, 73718, 100, 964.83
2026/08/07 12:53:09.372, 2, 73720, 100, 935.96
2026/08/07 12:53:09.372, 3, 73720, 100, 956.58
2026/08/07 12:53:09.372, 4, 0, 0, 134.24
2026/08/07 12:53:09.372, 5, 0, 0, 134.25
2026/08/07 12:53:09.372, 6, 0, 0, 132.17
2026/08/07 12:53:09.372, 7, 0, 0, 132.85
2026/08/07 12:53:09.872, 0, 72558, 100, 950.32
2026/08/07 12:53:09.872, 1, 73718, 100, 971.19
2026/08/07 12:53:09.872, 2, 73720, 100, 939.20
2026/08/07 12:53:09.872, 3, 73720, 100, 958.25
2026/08/07 12:53:09.872, 4, 0, 0, 134.24
2026/08/07 12:53:09.872, 5, 0, 0, 134.21
2026/08/07 12:53:09.872, 6, 0, 0, 132.02
2026/08/07 12:53:09.872, 7, 0, 0, 132.82
2026/08/07 12:53:10.372, 0, 72558, 100, 960.52
2026/08/07 12:53:10.372, 1, 73718, 100, 976.35
2026/08/07 12:53:10.372, 2, 73720, 100, 946.33
2026/08/07 12:53:10.372, 3, 73720, 100, 968.87
2026/08/07 12:53:10.372, 4, 0, 0, 134.25
2026/08/07 12:53:10.372, 5, 0, 0, 134.21
2026/08/07 12:53:10.372, 6, 0, 0, 131.98
2026/08/07 12:53:10.372, 7, 0, 0, 132.65
2026/08/07 12:53:10.872, 0, 72558, 100, 966.13
2026/08/07 12:53:10.872, 1, 73718, 100, 981.19
2026/08/07 12:53:10.872, 2, 73720, 100, 950.97
2026/08/07 12:53:10.872, 3, 73720, 100, 972.28
2026/08/07 12:53:10.872, 4, 0, 0, 134.24
2026/08/07 12:53:10.872, 5, 0, 0, 134.36
2026/08/07 12:53:10.872, 6, 0, 0, 132.12
2026/08/07 12:53:10.872, 7, 0, 0, 132.62
2026/08/07 12:53:11.373, 0, 72558, 100, 964.61
2026/08/07 12:53:11.373, 1, 73718, 100, 979.02
2026/08/07 12:53:11.373, 2, 73720, 100, 946.10
2026/08/07 12:53:11.373, 3, 73720, 100, 964.32
2026/08/07 12:53:11.373, 4, 0, 0, 134.23
2026/08/07 12:53:11.373, 5, 0, 0, 134.36
2026/08/07 12:53:11.373, 6, 0, 0, 132.20
2026/08/07 12:53:11.373, 7, 0, 0, 132.89
2026/08/07 12:53:11.873, 0, 72558, 100, 955.40
2026/08/07 12:53:11.873, 1, 73718, 100, 973.02
2026/08/07 12:53:11.873, 2, 73720, 100, 944.59
2026/08/07 12:53:11.873, 3, 73720, 100, 960.21
2026/08/07 12:53:11.873, 4, 0, 0, 134.23
2026/08/07 12:53:11.873, 5, 0, 0, 134.25
2026/08/07 12:53:11.873, 6, 0, 0, 132.14
2026/08/07 12:53:11.873, 7, 0, 0, 133.05
2026/08/07 12:53:12.373, 0, 72558, 100, 953.19
2026/08/07 12:53:12.373, 1, 73718, 100, 975.28
2026/08/07 12:53:12.373, 2, 73720, 100, 942.79
2026/08/07 12:53:12.373, 3, 73720, 100, 960.80
2026/08/07 12:53:12.373, 4, 0, 0, 134.23
2026/08/07 12:53:12.373, 5, 0, 0, 134.25
2026/08/07 12:53:12.373, 6, 0, 0, 132.02
2026/08/07 12:53:12.373, 7, 0, 0, 132.88
2026/08/07 12:53:12.873, 0, 72558, 100, 950.25
2026/08/07 12:53:12.873, 1, 73718, 100, 972.97
2026/08/07 12:53:12.873, 2, 73720, 100, 945.05
2026/08/07 12:53:12.873, 3, 73720, 100, 960.84
2026/08/07 12:53:12.873, 4, 0, 0, 134.24
2026/08/07 12:53:12.873, 5, 0, 0, 134.25
2026/08/07 12:53:12.873, 6, 0, 0, 132.01
2026/08/07 12:53:12.873, 7, 0, 0, 132.82
2026/08/07 12:53:13.373, 0, 72558, 100, 951.62
2026/08/07 12:53:13.373, 1, 73718, 99, 971.35
2026/08/07 12:53:13.373, 2, 73720, 100, 942.22
2026/08/07 12:53:13.373, 3, 73720, 100, 955.27
2026/08/07 12:53:13.373, 4, 0, 0, 134.35
2026/08/07 12:53:13.373, 5, 0, 0, 134.21
2026/08/07 12:53:13.373, 6, 0, 0, 132.09
2026/08/07 12:53:13.373, 7, 0, 0, 132.82
2026/08/07 12:53:13.874, 0, 72558, 100, 954.55
2026/08/07 12:53:13.874, 1, 73718, 100, 968.12
2026/08/07 12:53:13.874, 2, 73720, 100, 935.82
2026/08/07 12:53:13.874, 3, 73720, 100, 947.53
2026/08/07 12:53:13.874, 4, 0, 0, 134.35
2026/08/07 12:53:13.874, 5, 0, 0, 134.21
2026/08/07 12:53:13.874, 6, 0, 0, 132.08
2026/08/07 12:53:13.874, 7, 0, 0, 132.74
2026/08/07 12:53:14.374, 0, 72558, 100, 954.77
2026/08/07 12:53:14.374, 1, 73718, 100, 969.94
2026/08/07 12:53:14.374, 2, 73720, 100, 942.90
2026/08/07 12:53:14.374, 3, 73720, 100, 958.74
2026/08/07 12:53:14.374, 4, 0, 0, 134.23
2026/08/07 12:53:14.374, 5, 0, 0, 134.25
2026/08/07 12:53:14.374, 6, 0, 0, 132.07
2026/08/07 12:53:14.374, 7, 0, 0, 132.73
2026/08/07 12:53:14.874, 0, 72558, 100, 962.35
2026/08/07 12:53:14.874, 1, 73718, 100, 981.30
2026/08/07 12:53:14.874, 2, 73720, 100, 947.26
2026/08/07 12:53:14.874, 3, 73720, 100, 968.87
2026/08/07 12:53:14.874, 4, 0, 0, 134.24
2026/08/07 12:53:14.874, 5, 0, 0, 134.25
2026/08/07 12:53:14.874, 6, 0, 0, 131.97
2026/08/07 12:53:14.874, 7, 0, 0, 132.66
2026/08/07 12:53:15.374, 0, 72558, 100, 959.66
2026/08/07 12:53:15.374, 1, 73718, 100, 981.08
2026/08/07 12:53:15.374, 2, 73720, 100, 946.46
2026/08/07 12:53:15.374, 3, 73720, 100, 962.37
2026/08/07 12:53:15.374, 4, 0, 0, 134.24
2026/08/07 12:53:15.374, 5, 0, 0, 134.25
2026/08/07 12:53:15.374, 6, 0, 0, 131.90
2026/08/07 12:53:15.374, 7, 0, 0, 132.54
2026/08/07 12:53:15.874, 0, 72558, 100, 956.00
2026/08/07 12:53:15.874, 1, 73718, 100, 976.08
2026/08/07 12:53:15.874, 2, 73720, 100, 944.66
2026/08/07 12:53:15.874, 3, 73720, 100, 961.14
2026/08/07 12:53:15.874, 4, 0, 0, 134.24
2026/08/07 12:53:15.874, 5, 0, 0, 134.32
2026/08/07 12:53:15.874, 6, 0, 0, 131.90
2026/08/07 12:53:15.874, 7, 0, 0, 132.62
2026/08/07 12:53:16.374, 0, 72558, 100, 955.12
2026/08/07 12:53:16.374, 1, 73718, 100, 974.37
2026/08/07 12:53:16.374, 2, 73720, 100, 942.53
2026/08/07 12:53:16.374, 3, 73720, 100, 957.38
2026/08/07 12:53:16.374, 4, 0, 0, 134.24
2026/08/07 12:53:16.374, 5, 0, 0, 134.32
2026/08/07 12:53:16.374, 6, 0, 0, 131.96
2026/08/07 12:53:16.374, 7, 0, 0, 132.77
2026/08/07 12:53:16.875, 0, 72558, 100, 951.11
2026/08/07 12:53:16.875, 1, 73718, 100, 969.52
2026/08/07 12:53:16.875, 2, 73720, 100, 939.89
2026/08/07 12:53:16.875, 3, 73720, 100, 952.47
2026/08/07 12:53:16.875, 4, 0, 0, 134.24
2026/08/07 12:53:16.875, 5, 0, 0, 134.25
2026/08/07 12:53:16.875, 6, 0, 0, 132.08
2026/08/07 12:53:16.875, 7, 0, 0, 132.73
2026/08/07 12:53:17.375, 0, 72558, 100, 947.77
2026/08/07 12:53:17.375, 1, 73718, 100, 971.06
2026/08/07 12:53:17.375, 2, 73720, 100, 942.23
2026/08/07 12:53:17.375, 3, 73720, 100, 959.42
2026/08/07 12:53:17.375, 4, 0, 0, 134.24
2026/08/07 12:53:17.375, 5, 0, 0, 134.25
2026/08/07 12:53:17.375, 6, 0, 0, 131.97
2026/08/07 12:53:17.375, 7, 0, 0, 132.74
2026/08/07 12:53:17.875, 0, 72558, 99, 951.68
2026/08/07 12:53:17.875, 1, 73718, 100, 968.58
2026/08/07 12:53:17.875, 2, 73720, 100, 938.26
2026/08/07 12:53:17.875, 3, 73720, 99, 953.48
2026/08/07 12:53:17.875, 4, 0, 0, 134.23
2026/08/07 12:53:17.875, 5, 0, 0, 134.25
2026/08/07 12:53:17.875, 6, 0, 0, 131.82
2026/08/07 12:53:17.875, 7, 0, 0, 132.74
2026/08/07 12:53:18.375, 0, 72558, 100, 953.52
2026/08/07 12:53:18.375, 1, 73718, 100, 965.36
2026/08/07 12:53:18.375, 2, 73720, 100, 940.75
2026/08/07 12:53:18.375, 3, 73720, 100, 950.47
2026/08/07 12:53:18.375, 4, 0, 0, 134.35
2026/08/07 12:53:18.375, 5, 0, 0, 134.25
2026/08/07 12:53:18.375, 6, 0, 0, 131.97
2026/08/07 12:53:18.375, 7, 0, 0, 132.70
2026/08/07 12:53:18.875, 0, 72558, 100, 959.35
2026/08/07 12:53:18.875, 1, 73718, 100, 973.05
2026/08/07 12:53:18.876, 2, 73720, 100, 943.25
2026/08/07 12:53:18.876, 3, 73720, 100, 961.22
2026/08/07 12:53:18.876, 4, 0, 0, 134.36
2026/08/07 12:53:18.876, 5, 0, 0, 134.25
2026/08/07 12:53:18.876, 6, 0, 0, 131.96
2026/08/07 12:53:18.876, 7, 0, 0, 132.65
2026/08/07 12:53:19.376, 0, 72558, 100, 961.78
2026/08/07 12:53:19.376, 1, 73718, 100, 976.14
2026/08/07 12:53:19.376, 2, 73720, 100, 945.94
2026/08/07 12:53:19.376, 3, 73720, 100, 960.74
2026/08/07 12:53:19.376, 4, 0, 0, 134.24
2026/08/07 12:53:19.376, 5, 0, 0, 134.25
2026/08/07 12:53:19.376, 6, 0, 0, 131.85
2026/08/07 12:53:19.376, 7, 0, 0, 132.54
2026/08/07 12:53:19.876, 0, 72558, 100, 954.40
2026/08/07 12:53:19.876, 1, 73718, 100, 978.13
2026/08/07 12:53:19.876, 2, 73720, 100, 953.01
2026/08/07 12:53:19.876, 3, 73720, 100, 965.66
2026/08/07 12:53:19.876, 4, 0, 0, 134.24
2026/08/07 12:53:19.876, 5, 0, 0, 134.25
2026/08/07 12:53:19.876, 6, 0, 0, 132.00
2026/08/07 12:53:19.876, 7, 0, 0, 132.58
2026/08/07 12:53:20.376, 0, 72558, 100, 955.32
2026/08/07 12:53:20.376, 1, 73718, 100, 978.83
2026/08/07 12:53:20.376, 2, 73720, 100, 945.66
2026/08/07 12:53:20.376, 3, 73720, 100, 965.07
2026/08/07 12:53:20.376, 4, 0, 0, 134.24
2026/08/07 12:53:20.376, 5, 0, 0, 134.17
2026/08/07 12:53:20.376, 6, 0, 0, 131.99
2026/08/07 12:53:20.376, 7, 0, 0, 132.65
2026/08/07 12:53:20.876, 0, 72558, 100, 950.46
2026/08/07 12:53:20.876, 1, 73718, 100, 973.42
2026/08/07 12:53:20.876, 2, 73720, 100, 945.14
2026/08/07 12:53:20.876, 3, 73720, 100, 960.69
2026/08/07 12:53:20.876, 4, 0, 0, 134.24
2026/08/07 12:53:20.876, 5, 0, 0, 134.21
2026/08/07 12:53:20.876, 6, 0, 0, 131.95
2026/08/07 12:53:20.876, 7, 0, 0, 132.74
2026/08/07 12:53:21.376, 0, 72558, 100, 951.58
2026/08/07 12:53:21.376, 1, 73718, 100, 970.69
2026/08/07 12:53:21.376, 2, 73720, 100, 945.88
2026/08/07 12:53:21.376, 3, 73720, 100, 959.10
2026/08/07 12:53:21.376, 4, 0, 0, 134.23
2026/08/07 12:53:21.376, 5, 0, 0, 134.24
2026/08/07 12:53:21.376, 6, 0, 0, 132.04
2026/08/07 12:53:21.376, 7, 0, 0, 132.93
2026/08/07 12:53:21.877, 0, 72558, 100, 952.00
2026/08/07 12:53:21.877, 1, 73718, 100, 961.05
2026/08/07 12:53:21.877, 2, 73720, 100, 939.15
2026/08/07 12:53:21.877, 3, 73720, 100, 950.71
2026/08/07 12:53:21.877, 4, 0, 0, 134.23
2026/08/07 12:53:21.877, 5, 0, 0, 134.21
2026/08/07 12:53:21.877, 6, 0, 0, 132.14
2026/08/07 12:53:21.877, 7, 0, 0, 132.82
2026/08/07 12:53:22.377, 0, 72558, 100, 946.63
2026/08/07 12:53:22.377, 1, 73718, 100, 957.78
2026/08/07 12:53:22.377, 2, 73720, 100, 934.98
2026/08/07 12:53:22.377, 3, 73720, 100, 951.49
2026/08/07 12:53:22.377, 4, 0, 0, 134.23
2026/08/07 12:53:22.377, 5, 0, 0, 134.25
2026/08/07 12:53:22.377, 6, 0, 0, 131.99
2026/08/07 12:53:22.377, 7, 0, 0, 132.58
2026/08/07 12:53:22.877, 0, 72558, 100, 953.56
2026/08/07 12:53:22.877, 1, 73718, 100, 971.39
2026/08/07 12:53:22.877, 2, 73720, 100, 932.52
2026/08/07 12:53:22.877, 3, 73720, 100, 954.64
2026/08/07 12:53:22.877, 4, 0, 0, 134.24
2026/08/07 12:53:22.877, 5, 0, 0, 134.25
2026/08/07 12:53:22.877, 6, 0, 0, 132.01
2026/08/07 12:53:22.877, 7, 0, 0, 132.54
2026/08/07 12:53:23.377, 0, 72558, 100, 957.28
2026/08/07 12:53:23.377, 1, 73718, 100, 975.97
2026/08/07 12:53:23.377, 2, 73720, 100, 935.37
2026/08/07 12:53:23.377, 3, 73720, 100, 955.98
2026/08/07 12:53:23.377, 4, 0, 0, 134.32
2026/08/07 12:53:23.377, 5, 0, 0, 134.25
2026/08/07 12:53:23.377, 6, 0, 0, 132.27
2026/08/07 12:53:23.377, 7, 0, 0, 132.54
2026/08/07 12:53:23.878, 0, 72558, 100, 960.82
2026/08/07 12:53:23.878, 1, 73718, 100, 976.59
2026/08/07 12:53:23.878, 2, 73720, 100, 945.10
2026/08/07 12:53:23.878, 3, 73720, 100, 964.00
2026/08/07 12:53:23.878, 4, 0, 0, 134.32
2026/08/07 12:53:23.878, 5, 0, 0, 134.21
2026/08/07 12:53:23.878, 6, 0, 0, 132.16
2026/08/07 12:53:23.878, 7, 0, 0, 132.62
2026/08/07 12:53:24.378, 0, 72558, 100, 962.87
2026/08/07 12:53:24.378, 1, 73718, 100, 978.49
2026/08/07 12:53:24.378, 2, 73720, 100, 945.41
2026/08/07 12:53:24.378, 3, 73720, 100, 964.61
2026/08/07 12:53:24.378, 4, 0, 0, 134.24
2026/08/07 12:53:24.378, 5, 0, 0, 134.21
2026/08/07 12:53:24.378, 6, 0, 0, 132.11
2026/08/07 12:53:24.378, 7, 0, 0, 132.69
2026/08/07 12:53:24.878, 0, 72558, 100, 953.57
2026/08/07 12:53:24.878, 1, 73718, 100, 970.43
2026/08/07 12:53:24.878, 2, 73720, 100, 942.52
2026/08/07 12:53:24.878, 3, 73720, 100, 952.78
2026/08/07 12:53:24.878, 4, 0, 0, 134.24
2026/08/07 12:53:24.878, 5, 0, 0, 134.21
2026/08/07 12:53:24.878, 6, 0, 0, 131.92
2026/08/07 12:53:24.878, 7, 0, 0, 132.81
2026/08/07 12:53:25.378, 0, 72558, 100, 943.62
2026/08/07 12:53:25.378, 1, 73718, 100, 970.07
2026/08/07 12:53:25.378, 2, 73720, 100, 944.56
2026/08/07 12:53:25.378, 3, 73720, 100, 954.84
2026/08/07 12:53:25.378, 4, 0, 0, 134.24
2026/08/07 12:53:25.378, 5, 0, 0, 134.21
2026/08/07 12:53:25.378, 6, 0, 0, 131.64
2026/08/07 12:53:25.378, 7, 0, 0, 132.74
2026/08/07 12:53:25.878, 0, 72558, 100, 949.14
2026/08/07 12:53:25.878, 1, 73718, 100, 971.47
2026/08/07 12:53:25.878, 2, 73720, 100, 942.18
2026/08/07 12:53:25.878, 3, 73720, 100, 958.24
2026/08/07 12:53:25.878, 4, 0, 0, 134.23
2026/08/07 12:53:25.878, 5, 0, 0, 134.32
2026/08/07 12:53:25.878, 6, 0, 0, 131.84
2026/08/07 12:53:25.878, 7, 0, 0, 132.74
2026/08/07 12:53:26.378, 0, 72558, 99, 949.15
2026/08/07 12:53:26.378, 1, 73718, 100, 965.41
2026/08/07 12:53:26.378, 2, 73720, 99, 938.11
2026/08/07 12:53:26.378, 3, 73720, 99, 951.28
2026/08/07 12:53:26.378, 4, 0, 0, 134.23
2026/08/07 12:53:26.378, 5, 0, 0, 134.28
2026/08/07 12:53:26.378, 6, 0, 0, 131.93
2026/08/07 12:53:26.378, 7, 0, 0, 132.88
2026/08/07 12:53:26.879, 0, 72558, 100, 952.79
2026/08/07 12:53:26.879, 1, 73718, 100, 966.11
2026/08/07 12:53:26.881, 2, 73720, 100, 930.86
2026/08/07 12:53:26.882, 3, 73720, 100, 952.57
2026/08/07 12:53:26.883, 4, 0, 0, 134.24
2026/08/07 12:53:26.884, 5, 0, 0, 134.21
2026/08/07 12:53:26.885, 6, 0, 0, 131.89
2026/08/07 12:53:26.885, 7, 0, 0, 132.69
2026/08/07 12:53:27.386, 0, 72558, 100, 958.73
2026/08/07 12:53:27.387, 1, 73718, 100, 971.49
2026/08/07 12:53:27.387, 2, 73720, 100, 931.95
2026/08/07 12:53:27.387, 3, 73720, 100, 959.75
2026/08/07 12:53:27.387, 4, 0, 0, 134.23
2026/08/07 12:53:27.387, 5, 0, 0, 134.21
2026/08/07 12:53:27.387, 6, 0, 0, 132.00
2026/08/07 12:53:27.387, 7, 0, 0, 132.58
2026/08/07 12:53:27.887, 0, 72558, 100, 961.10
2026/08/07 12:53:27.887, 1, 73718, 100, 974.84
2026/08/07 12:53:27.887, 2, 73720, 100, 945.60
2026/08/07 12:53:27.887, 3, 73720, 100, 964.69
2026/08/07 12:53:27.887, 4, 0, 0, 134.23
2026/08/07 12:53:27.887, 5, 0, 0, 134.21
2026/08/07 12:53:27.887, 6, 0, 0, 132.00
2026/08/07 12:53:27.887, 7, 0, 0, 132.62
2026/08/07 12:53:28.387, 0, 72558, 100, 962.68
2026/08/07 12:53:28.387, 1, 73718, 100, 985.16
2026/08/07 12:53:28.387, 2, 73720, 100, 948.40
2026/08/07 12:53:28.387, 3, 73720, 100, 963.43
2026/08/07 12:53:28.387, 4, 0, 0, 134.31
2026/08/07 12:53:28.387, 5, 0, 0, 134.21
2026/08/07 12:53:28.387, 6, 0, 0, 132.08
2026/08/07 12:53:28.387, 7, 0, 0, 132.65
2026/08/07 12:53:28.887, 0, 72558, 100, 955.75
2026/08/07 12:53:28.887, 1, 73718, 100, 977.89
2026/08/07 12:53:28.887, 2, 73720, 100, 946.59
2026/08/07 12:53:28.887, 3, 73720, 100, 964.10
2026/08/07 12:53:28.887, 4, 0, 0, 134.31
2026/08/07 12:53:28.887, 5, 0, 0, 134.21
2026/08/07 12:53:28.887, 6, 0, 0, 132.20
2026/08/07 12:53:28.887, 7, 0, 0, 132.58
2026/08/07 12:53:29.387, 0, 72558, 100, 953.15
2026/08/07 12:53:29.389, 1, 73718, 100, 973.50
2026/08/07 12:53:29.389, 2, 73720, 100, 943.51
2026/08/07 12:53:29.389, 3, 73720, 100, 960.79
2026/08/07 12:53:29.389, 4, 0, 0, 134.24
2026/08/07 12:53:29.389, 5, 0, 0, 134.21
2026/08/07 12:53:29.389, 6, 0, 0, 132.16
2026/08/07 12:53:29.389, 7, 0, 0, 132.54
2026/08/07 12:53:29.889, 0, 72558, 100, 949.45
2026/08/07 12:53:29.889, 1, 73718, 100, 971.99
2026/08/07 12:53:29.889, 2, 73720, 100, 940.47
2026/08/07 12:53:29.889, 3, 73720, 100, 951.83
2026/08/07 12:53:29.889, 4, 0, 0, 134.24
2026/08/07 12:53:29.889, 5, 0, 0, 134.21
2026/08/07 12:53:29.889, 6, 0, 0, 132.04
2026/08/07 12:53:29.889, 7, 0, 0, 132.62
2026/08/07 12:53:30.389, 0, 72558, 100, 951.07
2026/08/07 12:53:30.389, 1, 73718, 100, 969.68
2026/08/07 12:53:30.389, 2, 73720, 100, 940.16
2026/08/07 12:53:30.389, 3, 73720, 100, 949.38
2026/08/07 12:53:30.389, 4, 0, 0, 134.23
2026/08/07 12:53:30.389, 5, 0, 0, 134.17
2026/08/07 12:53:30.389, 6, 0, 0, 131.80
2026/08/07 12:53:30.389, 7, 0, 0, 132.62
2026/08/07 12:53:30.889, 0, 72558, 100, 947.42
2026/08/07 12:53:30.889, 1, 73718, 100, 960.97
2026/08/07 12:53:30.889, 2, 73720, 100, 933.71
2026/08/07 12:53:30.889, 3, 73720, 100, 948.81
2026/08/07 12:53:30.889, 4, 0, 0, 134.24
2026/08/07 12:53:30.889, 5, 0, 0, 134.24
2026/08/07 12:53:30.889, 6, 0, 0, 131.84
2026/08/07 12:53:30.889, 7, 0, 0, 132.62
2026/08/07 12:53:31.389, 0, 72558, 100, 951.47
2026/08/07 12:53:31.389, 1, 73718, 100, 961.67
2026/08/07 12:53:31.389, 2, 73720, 100, 941.72
2026/08/07 12:53:31.389, 3, 73720, 100, 955.01
2026/08/07 12:53:31.389, 4, 0, 0, 134.24
2026/08/07 12:53:31.390, 5, 0, 0, 134.32
2026/08/07 12:53:31.390, 6, 0, 0, 131.95
2026/08/07 12:53:31.390, 7, 0, 0, 132.69
2026/08/07 12:53:31.890, 0, 72558, 100, 964.94
2026/08/07 12:53:31.890, 1, 73718, 100, 977.24
2026/08/07 12:53:31.890, 2, 73720, 100, 946.58
2026/08/07 12:53:31.890, 3, 73720, 100, 958.27
2026/08/07 12:53:31.890, 4, 0, 0, 134.24
2026/08/07 12:53:31.890, 5, 0, 0, 134.21
2026/08/07 12:53:31.890, 6, 0, 0, 131.89
2026/08/07 12:53:31.890, 7, 0, 0, 132.66
2026/08/07 12:53:32.390, 0, 72558, 100, 962.82
2026/08/07 12:53:32.390, 1, 73718, 100, 983.80
2026/08/07 12:53:32.390, 2, 73720, 100, 947.13
2026/08/07 12:53:32.390, 3, 73720, 100, 965.05
2026/08/07 12:53:32.390, 4, 0, 0, 134.23
2026/08/07 12:53:32.390, 5, 0, 0, 134.21
2026/08/07 12:53:32.390, 6, 0, 0, 131.92
2026/08/07 12:53:32.390, 7, 0, 0, 132.46
2026/08/07 12:53:32.890, 0, 72558, 100, 960.97
2026/08/07 12:53:32.890, 1, 73718, 100, 983.22
2026/08/07 12:53:32.890, 2, 73720, 100, 949.05
2026/08/07 12:53:32.890, 3, 73720, 100, 965.80
2026/08/07 12:53:32.890, 4, 0, 0, 134.23
2026/08/07 12:53:32.890, 5, 0, 0, 134.21
2026/08/07 12:53:32.890, 6, 0, 0, 131.95
2026/08/07 12:53:32.890, 7, 0, 0, 132.54
2026/08/07 12:53:33.390, 0, 72558, 100, 953.20
2026/08/07 12:53:33.390, 1, 73718, 100, 973.51
2026/08/07 12:53:33.390, 2, 73720, 100, 948.78
2026/08/07 12:53:33.390, 3, 73720, 100, 966.20
2026/08/07 12:53:33.390, 4, 0, 0, 134.31
2026/08/07 12:53:33.390, 5, 0, 0, 134.17
2026/08/07 12:53:33.390, 6, 0, 0, 132.02
2026/08/07 12:53:33.390, 7, 0, 0, 132.65
2026/08/07 12:53:33.890, 0, 72558, 100, 952.07
2026/08/07 12:53:33.890, 1, 73718, 100, 972.44
2026/08/07 12:53:33.890, 2, 73720, 100, 943.74
2026/08/07 12:53:33.890, 3, 73720, 100, 960.49
2026/08/07 12:53:33.890, 4, 0, 0, 134.31
2026/08/07 12:53:33.890, 5, 0, 0, 134.21
2026/08/07 12:53:33.890, 6, 0, 0, 132.06
2026/08/07 12:53:33.890, 7, 0, 0, 132.54
2026/08/07 12:53:34.391, 0, 72558, 100, 950.57
2026/08/07 12:53:34.391, 1, 73718, 100, 967.54
2026/08/07 12:53:34.392, 2, 73720, 100, 941.13
2026/08/07 12:53:34.393, 3, 73720, 100, 953.06
2026/08/07 12:53:34.394, 4, 0, 0, 134.23
2026/08/07 12:53:34.394, 5, 0, 0, 134.25
2026/08/07 12:53:34.395, 6, 0, 0, 131.91
2026/08/07 12:53:34.396, 7, 0, 0, 132.54
2026/08/07 12:53:34.897, 0, 72558, 100, 949.55
2026/08/07 12:53:34.897, 1, 73718, 100, 959.37
2026/08/07 12:53:34.897, 2, 73720, 99, 938.79
2026/08/07 12:53:34.897, 3, 73720, 100, 946.83
2026/08/07 12:53:34.898, 4, 0, 0, 134.24
2026/08/07 12:53:34.898, 5, 0, 0, 134.25
2026/08/07 12:53:34.898, 6, 0, 0, 131.91
2026/08/07 12:53:34.898, 7, 0, 0, 132.66
2026/08/07 12:53:35.398, 0, 72558, 100, 952.03
2026/08/07 12:53:35.398, 1, 73718, 100, 962.20
2026/08/07 12:53:35.399, 2, 73720, 100, 932.88
2026/08/07 12:53:35.400, 3, 73720, 100, 945.54
2026/08/07 12:53:35.401, 4, 0, 0, 134.24
2026/08/07 12:53:35.402, 5, 0, 0, 134.05
2026/08/07 12:53:35.403, 6, 0, 0, 131.84
2026/08/07 12:53:35.405, 7, 0, 0, 132.62
2026/08/07 12:53:35.906, 0, 72558, 100, 949.24
2026/08/07 12:53:35.906, 1, 73718, 100, 968.09
2026/08/07 12:53:35.906, 2, 73720, 100, 944.47
2026/08/07 12:53:35.906, 3, 73720, 100, 960.55
2026/08/07 12:53:35.906, 4, 0, 0, 134.24
2026/08/07 12:53:35.906, 5, 0, 0, 134.13
2026/08/07 12:53:35.906, 6, 0, 0, 131.98
2026/08/07 12:53:35.906, 7, 0, 0, 132.58
2026/08/07 12:53:36.406, 0, 72558, 100, 956.23
2026/08/07 12:53:36.406, 1, 73718, 100, 978.05
2026/08/07 12:53:36.406, 2, 73720, 100, 950.17
2026/08/07 12:53:36.406, 3, 73720, 100, 964.74
2026/08/07 12:53:36.406, 4, 0, 0, 134.23
2026/08/07 12:53:36.406, 5, 0, 0, 134.17
2026/08/07 12:53:36.406, 6, 0, 0, 132.06
2026/08/07 12:53:36.406, 7, 0, 0, 132.73
2026/08/07 12:53:36.906, 0, 72558, 100, 957.76
2026/08/07 12:53:36.906, 1, 73718, 100, 972.58
2026/08/07 12:53:36.906, 2, 73720, 100, 945.37
2026/08/07 12:53:36.906, 3, 73720, 100, 955.29
2026/08/07 12:53:36.906, 4, 0, 0, 134.24
2026/08/07 12:53:36.906, 5, 0, 0, 134.05
2026/08/07 12:53:36.906, 6, 0, 0, 131.93
2026/08/07 12:53:36.906, 7, 0, 0, 132.69
2026/08/07 12:53:37.407, 0, 72558, 100, 955.69
2026/08/07 12:53:37.407, 1, 73718, 100, 964.78
2026/08/07 12:53:37.407, 2, 73720, 100, 945.90
2026/08/07 12:53:37.407, 3, 73720, 100, 953.33
2026/08/07 12:53:37.407, 4, 0, 0, 134.24
2026/08/07 12:53:37.407, 5, 0, 0, 134.13
2026/08/07 12:53:37.407, 6, 0, 0, 131.84
2026/08/07 12:53:37.407, 7, 0, 0, 132.69
2026/08/07 12:53:37.907, 0, 72558, 100, 951.64
2026/08/07 12:53:37.907, 1, 73718, 100, 970.00
2026/08/07 12:53:37.907, 2, 73720, 100, 941.98
2026/08/07 12:53:37.907, 3, 73720, 100, 951.59
2026/08/07 12:53:37.907, 4, 0, 0, 134.24
2026/08/07 12:53:37.907, 5, 0, 0, 134.13
2026/08/07 12:53:37.907, 6, 0, 0, 131.89
2026/08/07 12:53:37.907, 7, 0, 0, 132.73
2026/08/07 12:53:38.407, 0, 72558, 100, 948.28
2026/08/07 12:53:38.407, 1, 73718, 100, 964.15
2026/08/07 12:53:38.407, 2, 73720, 100, 943.96
2026/08/07 12:53:38.407, 3, 73720, 100, 954.38
2026/08/07 12:53:38.407, 4, 0, 0, 134.30
2026/08/07 12:53:38.407, 5, 0, 0, 134.17
2026/08/07 12:53:38.407, 6, 0, 0, 132.11
2026/08/07 12:53:38.407, 7, 0, 0, 132.58
2026/08/07 12:53:38.907, 0, 72558, 100, 950.73
2026/08/07 12:53:38.907, 1, 73718, 100, 962.90
2026/08/07 12:53:38.907, 2, 73720, 100, 934.55
2026/08/07 12:53:38.907, 3, 73720, 100, 954.03
2026/08/07 12:53:38.907, 4, 0, 0, 134.30
2026/08/07 12:53:38.907, 5, 0, 0, 134.13
2026/08/07 12:53:38.907, 6, 0, 0, 132.15
2026/08/07 12:53:38.907, 7, 0, 0, 132.50
2026/08/07 12:53:39.407, 0, 72558, 100, 944.89
2026/08/07 12:53:39.407, 1, 73718, 100, 957.55
2026/08/07 12:53:39.408, 2, 73720, 100, 922.98
2026/08/07 12:53:39.408, 3, 73720, 100, 942.77
2026/08/07 12:53:39.408, 4, 0, 0, 134.24
2026/08/07 12:53:39.408, 5, 0, 0, 134.05
2026/08/07 12:53:39.408, 6, 0, 0, 132.01
2026/08/07 12:53:39.408, 7, 0, 0, 132.47
2026/08/07 12:53:39.908, 0, 72558, 100, 947.94
2026/08/07 12:53:39.908, 1, 73718, 100, 959.07
2026/08/07 12:53:39.908, 2, 73720, 100, 937.71
2026/08/07 12:53:39.908, 3, 73720, 100, 950.81
2026/08/07 12:53:39.908, 4, 0, 0, 134.24
2026/08/07 12:53:39.908, 5, 0, 0, 134.09
2026/08/07 12:53:39.908, 6, 0, 0, 132.00
2026/08/07 12:53:39.908, 7, 0, 0, 132.54
2026/08/07 12:53:40.408, 0, 72558, 100, 961.61
2026/08/07 12:53:40.408, 1, 73718, 100, 972.29
2026/08/07 12:53:40.408, 2, 73720, 100, 950.59
2026/08/07 12:53:40.408, 3, 73720, 100, 963.34
2026/08/07 12:53:40.408, 4, 0, 0, 134.24
2026/08/07 12:53:40.408, 5, 0, 0, 134.09
2026/08/07 12:53:40.408, 6, 0, 0, 132.04
2026/08/07 12:53:40.408, 7, 0, 0, 132.54
2026/08/07 12:53:40.908, 0, 72558, 100, 960.20
2026/08/07 12:53:40.908, 1, 73718, 100, 974.26
2026/08/07 12:53:40.908, 2, 73720, 100, 949.27
2026/08/07 12:53:40.908, 3, 73720, 100, 963.46
2026/08/07 12:53:40.908, 4, 0, 0, 134.24
2026/08/07 12:53:40.908, 5, 0, 0, 134.13
2026/08/07 12:53:40.908, 6, 0, 0, 132.00
2026/08/07 12:53:40.908, 7, 0, 0, 132.50
2026/08/07 12:53:41.408, 0, 72558, 100, 961.27
2026/08/07 12:53:41.408, 1, 73718, 100, 975.57
2026/08/07 12:53:41.408, 2, 73720, 100, 946.27
2026/08/07 12:53:41.408, 3, 73720, 100, 960.83
2026/08/07 12:53:41.408, 4, 0, 0, 134.24
2026/08/07 12:53:41.408, 5, 0, 0, 134.09
2026/08/07 12:53:41.408, 6, 0, 0, 131.93
2026/08/07 12:53:41.408, 7, 0, 0, 132.66
2026/08/07 12:53:41.908, 0, 72558, 100, 957.61
2026/08/07 12:53:41.909, 1, 73718, 100, 970.97
2026/08/07 12:53:41.910, 2, 73720, 100, 947.36
2026/08/07 12:53:41.911, 3, 73720, 100, 957.60
2026/08/07 12:53:41.912, 4, 0, 0, 134.24
2026/08/07 12:53:41.913, 5, 0, 0, 134.05
2026/08/07 12:53:41.914, 6, 0, 0, 131.94
2026/08/07 12:53:41.915, 7, 0, 0, 132.62
2026/08/07 12:53:42.416, 0, 72558, 100, 950.70
2026/08/07 12:53:42.416, 1, 73718, 100, 969.73
2026/08/07 12:53:42.416, 2, 73720, 100, 945.00
2026/08/07 12:53:42.416, 3, 73720, 100, 960.76
2026/08/07 12:53:42.416, 4, 0, 0, 134.24
2026/08/07 12:53:42.416, 5, 0, 0, 134.13
2026/08/07 12:53:42.416, 6, 0, 0, 131.89
2026/08/07 12:53:42.416, 7, 0, 0, 132.50
2026/08/07 12:53:42.916, 0, 72558, 100, 950.62
2026/08/07 12:53:42.917, 1, 73718, 100, 970.57
2026/08/07 12:53:42.917, 2, 73720, 100, 942.17
2026/08/07 12:53:42.917, 3, 73720, 100, 958.94
2026/08/07 12:53:42.917, 4, 0, 0, 134.24
2026/08/07 12:53:42.917, 5, 0, 0, 134.09
2026/08/07 12:53:42.917, 6, 0, 0, 132.02
2026/08/07 12:53:42.917, 7, 0, 0, 132.54
2026/08/07 12:53:43.417, 0, 72558, 100, 948.20
2026/08/07 12:53:43.417, 1, 73718, 100, 958.46
2026/08/07 12:53:43.417, 2, 73720, 100, 943.20
2026/08/07 12:53:43.417, 3, 73720, 100, 948.73
2026/08/07 12:53:43.417, 4, 0, 0, 134.32
2026/08/07 12:53:43.417, 5, 0, 0, 134.05
2026/08/07 12:53:43.417, 6, 0, 0, 132.13
2026/08/07 12:53:43.417, 7, 0, 0, 132.54
2026/08/07 12:53:43.917, 0, 72558, 100, 946.52
2026/08/07 12:53:43.917, 1, 73718, 100, 956.02
2026/08/07 12:53:43.917, 2, 73720, 100, 940.41
2026/08/07 12:53:43.917, 3, 73720, 100, 948.98
2026/08/07 12:53:43.917, 4, 0, 0, 134.31
2026/08/07 12:53:43.917, 5, 0, 0, 134.09
2026/08/07 12:53:43.917, 6, 0, 0, 132.00
2026/08/07 12:53:43.917, 7, 0, 0, 132.50
2026/08/07 12:53:44.417, 0, 72558, 100, 951.16
2026/08/07 12:53:44.417, 1, 73718, 100, 963.50
2026/08/07 12:53:44.417, 2, 73720, 100, 945.27
2026/08/07 12:53:44.417, 3, 73720, 100, 958.97
2026/08/07 12:53:44.417, 4, 0, 0, 134.24
2026/08/07 12:53:44.417, 5, 0, 0, 134.09
2026/08/07 12:53:44.417, 6, 0, 0, 132.01
2026/08/07 12:53:44.417, 7, 0, 0, 132.46
2026/08/07 12:53:44.917, 0, 72558, 100, 959.35
2026/08/07 12:53:44.917, 1, 73718, 100, 976.43
2026/08/07 12:53:44.917, 2, 73720, 100, 951.40
2026/08/07 12:53:44.917, 3, 73720, 100, 964.49
2026/08/07 12:53:44.917, 4, 0, 0, 134.24
2026/08/07 12:53:44.917, 5, 0, 0, 134.05
2026/08/07 12:53:44.917, 6, 0, 0, 132.09
2026/08/07 12:53:44.917, 7, 0, 0, 132.58
2026/08/07 12:53:45.417, 0, 72558, 100, 958.92
2026/08/07 12:53:45.417, 1, 73718, 100, 971.94
2026/08/07 12:53:45.418, 2, 73720, 100, 952.52
2026/08/07 12:53:45.418, 3, 73720, 100, 957.07
2026/08/07 12:53:45.418, 4, 0, 0, 134.24
2026/08/07 12:53:45.418, 5, 0, 0, 133.94
2026/08/07 12:53:45.418, 6, 0, 0, 132.05
2026/08/07 12:53:45.418, 7, 0, 0, 132.65
2026/08/07 12:53:45.918, 0, 72558, 100, 956.74
2026/08/07 12:53:45.918, 1, 73718, 100, 965.22
2026/08/07 12:53:45.918, 2, 73720, 100, 949.91
2026/08/07 12:53:45.918, 3, 73720, 100, 956.72
2026/08/07 12:53:45.918, 4, 0, 0, 134.24
2026/08/07 12:53:45.918, 5, 0, 0, 134.02
2026/08/07 12:53:45.918, 6, 0, 0, 132.01
2026/08/07 12:53:45.918, 7, 0, 0, 132.50
2026/08/07 12:53:46.418, 0, 72558, 100, 956.23
2026/08/07 12:53:46.418, 1, 73718, 100, 967.18
2026/08/07 12:53:46.418, 2, 73720, 100, 941.25
2026/08/07 12:53:46.418, 3, 73720, 100, 956.02
2026/08/07 12:53:46.418, 4, 0, 0, 134.24
2026/08/07 12:53:46.418, 5, 0, 0, 134.17
2026/08/07 12:53:46.418, 6, 0, 0, 132.01
2026/08/07 12:53:46.418, 7, 0, 0, 132.54
2026/08/07 12:53:46.918, 0, 72558, 100, 954.59
2026/08/07 12:53:46.918, 1, 73718, 100, 968.23
2026/08/07 12:53:46.918, 2, 73720, 100, 943.80
2026/08/07 12:53:46.918, 3, 73720, 100, 957.34
2026/08/07 12:53:46.918, 4, 0, 0, 134.24
2026/08/07 12:53:46.918, 5, 0, 0, 134.17
2026/08/07 12:53:46.918, 6, 0, 0, 131.77
2026/08/07 12:53:46.918, 7, 0, 0, 132.62
2026/08/07 12:53:47.418, 0, 72558, 100, 954.98
2026/08/07 12:53:47.418, 1, 73718, 100, 966.99
2026/08/07 12:53:47.418, 2, 73720, 100, 941.71
2026/08/07 12:53:47.418, 3, 73720, 100, 955.95
2026/08/07 12:53:47.418, 4, 0, 0, 134.24
2026/08/07 12:53:47.418, 5, 0, 0, 134.09
2026/08/07 12:53:47.418, 6, 0, 0, 131.71
2026/08/07 12:53:47.418, 7, 0, 0, 132.54
2026/08/07 12:53:47.918, 0, 72558, 99, 943.77
2026/08/07 12:53:47.918, 1, 73718, 99, 955.83
2026/08/07 12:53:47.918, 2, 73720, 99, 938.78
2026/08/07 12:53:47.918, 3, 73720, 99, 951.51
2026/08/07 12:53:47.918, 4, 0, 0, 134.25
2026/08/07 12:53:47.918, 5, 0, 0, 134.05
2026/08/07 12:53:47.918, 6, 0, 0, 131.93
2026/08/07 12:53:47.918, 7, 0, 0, 132.54
2026/08/07 12:53:48.419, 0, 72558, 100, 943.98
2026/08/07 12:53:48.419, 1, 73718, 100, 960.72
2026/08/07 12:53:48.419, 2, 73720, 100, 937.38
2026/08/07 12:53:48.419, 3, 73720, 100, 949.41
2026/08/07 12:53:48.419, 4, 0, 0, 134.36
2026/08/07 12:53:48.419, 5, 0, 0, 134.17
2026/08/07 12:53:48.419, 6, 0, 0, 132.05
2026/08/07 12:53:48.419, 7, 0, 0, 132.58
2026/08/07 12:53:48.919, 0, 72558, 100, 953.41
2026/08/07 12:53:48.919, 1, 73718, 100, 968.87
2026/08/07 12:53:48.919, 2, 73720, 100, 935.15
2026/08/07 12:53:48.919, 3, 73720, 100, 952.83
2026/08/07 12:53:48.919, 4, 0, 0, 134.36
2026/08/07 12:53:48.919, 5, 0, 0, 134.17
2026/08/07 12:53:48.919, 6, 0, 0, 132.16
2026/08/07 12:53:48.919, 7, 0, 0, 132.58
2026/08/07 12:53:49.419, 0, 72558, 100, 960.57
2026/08/07 12:53:49.419, 1, 73718, 100, 975.91
2026/08/07 12:53:49.419, 2, 73720, 100, 946.52
2026/08/07 12:53:49.419, 3, 73720, 100, 959.28
2026/08/07 12:53:49.419, 4, 0, 0, 134.24
2026/08/07 12:53:49.419, 5, 0, 0, 134.05
2026/08/07 12:53:49.419, 6, 0, 0, 131.97
2026/08/07 12:53:49.419, 7, 0, 0, 132.58
2026/08/07 12:53:49.919, 0, 72558, 100, 963.64
2026/08/07 12:53:49.919, 1, 73718, 100, 978.54
2026/08/07 12:53:49.920, 2, 73720, 100, 953.14
2026/08/07 12:53:49.920, 3, 73720, 100, 961.63
2026/08/07 12:53:49.921, 4, 0, 0, 134.24
2026/08/07 12:53:49.921, 5, 0, 0, 134.13
2026/08/07 12:53:49.922, 6, 0, 0, 131.75
2026/08/07 12:53:49.923, 7, 0, 0, 132.51
2026/08/07 12:53:50.424, 0, 72558, 100, 958.10
2026/08/07 12:53:50.424, 1, 73718, 100, 972.80
2026/08/07 12:53:50.424, 2, 73720, 100, 950.71
2026/08/07 12:53:50.424, 3, 73720, 100, 960.85
2026/08/07 12:53:50.424, 4, 0, 0, 134.24
2026/08/07 12:53:50.424, 5, 0, 0, 134.13
2026/08/07 12:53:50.424, 6, 0, 0, 131.90
2026/08/07 12:53:50.424, 7, 0, 0, 132.46
2026/08/07 12:53:50.924, 0, 72558, 100, 957.65
2026/08/07 12:53:50.924, 1, 73718, 100, 971.64
2026/08/07 12:53:50.924, 2, 73720, 100, 944.88
2026/08/07 12:53:50.924, 3, 73720, 100, 950.57
2026/08/07 12:53:50.924, 4, 0, 0, 134.24
2026/08/07 12:53:50.924, 5, 0, 0, 134.09
2026/08/07 12:53:50.924, 6, 0, 0, 131.84
2026/08/07 12:53:50.924, 7, 0, 0, 132.54
2026/08/07 12:53:51.424, 0, 72558, 100, 951.97
2026/08/07 12:53:51.424, 1, 73718, 100, 965.23
2026/08/07 12:53:51.424, 2, 73720, 100, 939.93
2026/08/07 12:53:51.424, 3, 73720, 100, 944.46
2026/08/07 12:53:51.424, 4, 0, 0, 134.24
2026/08/07 12:53:51.424, 5, 0, 0, 134.09
2026/08/07 12:53:51.424, 6, 0, 0, 131.54
2026/08/07 12:53:51.424, 7, 0, 0, 132.65
2026/08/07 12:53:51.924, 0, 72558, 100, 946.47
2026/08/07 12:53:51.924, 1, 73718, 100, 958.61
2026/08/07 12:53:51.924, 2, 73720, 100, 942.08
2026/08/07 12:53:51.924, 3, 73720, 100, 951.10
2026/08/07 12:53:51.924, 4, 0, 0, 134.24
2026/08/07 12:53:51.924, 5, 0, 0, 134.02
2026/08/07 12:53:51.924, 6, 0, 0, 131.89
2026/08/07 12:53:51.924, 7, 0, 0, 132.62
2026/08/07 12:53:52.424, 0, 72558, 100, 944.84
2026/08/07 12:53:52.425, 1, 73718, 100, 954.59
2026/08/07 12:53:52.425, 2, 73720, 100, 940.66
2026/08/07 12:53:52.425, 3, 73720, 100, 951.95
2026/08/07 12:53:52.425, 4, 0, 0, 134.24
2026/08/07 12:53:52.425, 5, 0, 0, 134.17
2026/08/07 12:53:52.425, 6, 0, 0, 132.19
2026/08/07 12:53:52.425, 7, 0, 0, 132.50
2026/08/07 12:53:52.925, 0, 72558, 100, 947.12
2026/08/07 12:53:52.925, 1, 73718, 100, 964.23
2026/08/07 12:53:52.925, 2, 73720, 100, 946.10
2026/08/07 12:53:52.925, 3, 73720, 100, 957.84
2026/08/07 12:53:52.925, 4, 0, 0, 134.25
2026/08/07 12:53:52.925, 5, 0, 0, 134.17
2026/08/07 12:53:52.925, 6, 0, 0, 132.01
2026/08/07 12:53:52.926, 7, 0, 0, 132.43
2026/08/07 12:53:53.426, 0, 72558, 100, 965.40
2026/08/07 12:53:53.426, 1, 73718, 100, 973.45
2026/08/07 12:53:53.426, 2, 73720, 100, 945.32
2026/08/07 12:53:53.426, 3, 73720, 100, 958.55
2026/08/07 12:53:53.426, 4, 0, 0, 134.36
2026/08/07 12:53:53.426, 5, 0, 0, 134.13
2026/08/07 12:53:53.426, 6, 0, 0, 131.96
2026/08/07 12:53:53.426, 7, 0, 0, 132.46
2026/08/07 12:53:53.926, 0, 72558, 100, 962.24
2026/08/07 12:53:53.926, 1, 73718, 100, 969.13
2026/08/07 12:53:53.926, 2, 73720, 100, 947.45
2026/08/07 12:53:53.926, 3, 73720, 100, 956.13
2026/08/07 12:53:53.926, 4, 0, 0, 134.36
2026/08/07 12:53:53.926, 5, 0, 0, 134.09
2026/08/07 12:53:53.926, 6, 0, 0, 132.00
2026/08/07 12:53:53.926, 7, 0, 0, 132.54
2026/08/07 12:53:54.426, 0, 72558, 100, 958.00
2026/08/07 12:53:54.426, 1, 73718, 100, 975.95
2026/08/07 12:53:54.426, 2, 73720, 100, 947.07
2026/08/07 12:53:54.426, 3, 73720, 100, 955.88
2026/08/07 12:53:54.426, 4, 0, 0, 134.24
2026/08/07 12:53:54.426, 5, 0, 0, 133.98
2026/08/07 12:53:54.426, 6, 0, 0, 131.79
2026/08/07 12:53:54.426, 7, 0, 0, 132.51
2026/08/07 12:53:54.926, 0, 72558, 100, 953.21
2026/08/07 12:53:54.926, 1, 73718, 100, 970.05
2026/08/07 12:53:54.926, 2, 73720, 100, 942.11
2026/08/07 12:53:54.926, 3, 73720, 100, 952.33
2026/08/07 12:53:54.926, 4, 0, 0, 134.24
2026/08/07 12:53:54.926, 5, 0, 0, 134.05
2026/08/07 12:53:54.926, 6, 0, 0, 131.76
2026/08/07 12:53:54.926, 7, 0, 0, 132.54
2026/08/07 12:53:55.426, 0, 72558, 100, 947.44
2026/08/07 12:53:55.426, 1, 73718, 100, 969.12
2026/08/07 12:53:55.426, 2, 73720, 100, 945.00
2026/08/07 12:53:55.426, 3, 73720, 100, 953.77
2026/08/07 12:53:55.426, 4, 0, 0, 134.25
2026/08/07 12:53:55.426, 5, 0, 0, 133.93
2026/08/07 12:53:55.426, 6, 0, 0, 131.80
2026/08/07 12:53:55.426, 7, 0, 0, 132.58
2026/08/07 12:53:55.927, 0, 72558, 100, 949.30
2026/08/07 12:53:55.927, 1, 73718, 100, 963.15
2026/08/07 12:53:55.927, 2, 73720, 100, 942.85
2026/08/07 12:53:55.927, 3, 73720, 100, 949.48
2026/08/07 12:53:55.927, 4, 0, 0, 134.24
2026/08/07 12:53:55.927, 5, 0, 0, 133.90
2026/08/07 12:53:55.927, 6, 0, 0, 131.71
2026/08/07 12:53:55.927, 7, 0, 0, 132.62
2026/08/07 12:53:56.427, 0, 72558, 99, 952.72
2026/08/07 12:53:56.427, 1, 73718, 99, 953.82
2026/08/07 12:53:56.427, 2, 73720, 99, 938.84
2026/08/07 12:53:56.427, 3, 73720, 99, 949.83
2026/08/07 12:53:56.427, 4, 0, 0, 134.24
2026/08/07 12:53:56.427, 5, 0, 0, 134.09
2026/08/07 12:53:56.427, 6, 0, 0, 131.71
2026/08/07 12:53:56.427, 7, 0, 0, 132.70
2026/08/07 12:53:56.927, 0, 72558, 100, 953.00
2026/08/07 12:53:56.927, 1, 73718, 100, 963.91
2026/08/07 12:53:56.927, 2, 73720, 100, 934.01
2026/08/07 12:53:56.927, 3, 73720, 100, 944.50
2026/08/07 12:53:56.927, 4, 0, 0, 134.24
2026/08/07 12:53:56.927, 5, 0, 0, 134.17
2026/08/07 12:53:56.927, 6, 0, 0, 131.81
2026/08/07 12:53:56.927, 7, 0, 0, 132.65
2026/08/07 12:53:57.427, 0, 72558, 100, 952.95
2026/08/07 12:53:57.428, 1, 73718, 100, 970.26
2026/08/07 12:53:57.430, 2, 73720, 100, 942.93
2026/08/07 12:53:57.431, 3, 73720, 100, 952.58
2026/08/07 12:53:57.432, 4, 0, 0, 134.23
2026/08/07 12:53:57.434, 5, 0, 0, 134.17
2026/08/07 12:53:57.434, 6, 0, 0, 131.79
2026/08/07 12:53:57.434, 7, 0, 0, 132.47
2026/08/07 12:53:57.934, 0, 72558, 100, 961.65
2026/08/07 12:53:57.934, 1, 73718, 100, 977.30
2026/08/07 12:53:57.934, 2, 73720, 100, 954.21
2026/08/07 12:53:57.934, 3, 73720, 100, 965.14
2026/08/07 12:53:57.934, 4, 0, 0, 134.22
2026/08/07 12:53:57.934, 5, 0, 0, 134.09
2026/08/07 12:53:57.934, 6, 0, 0, 131.65
2026/08/07 12:53:57.934, 7, 0, 0, 132.46
2026/08/07 12:53:58.434, 0, 72558, 100, 961.99
2026/08/07 12:53:58.434, 1, 73718, 100, 974.45
2026/08/07 12:53:58.434, 2, 73720, 100, 951.55
2026/08/07 12:53:58.434, 3, 73720, 100, 961.27
2026/08/07 12:53:58.434, 4, 0, 0, 134.35
2026/08/07 12:53:58.434, 5, 0, 0, 134.13
2026/08/07 12:53:58.434, 6, 0, 0, 131.92
2026/08/07 12:53:58.434, 7, 0, 0, 132.46
2026/08/07 12:53:58.934, 0, 72558, 100, 959.53
2026/08/07 12:53:58.935, 1, 73718, 100, 971.92
2026/08/07 12:53:58.935, 2, 73720, 100, 943.96
2026/08/07 12:53:58.935, 3, 73720, 100, 958.23
2026/08/07 12:53:58.935, 4, 0, 0, 134.36
2026/08/07 12:53:58.935, 5, 0, 0, 134.09
2026/08/07 12:53:58.935, 6, 0, 0, 132.04
2026/08/07 12:53:58.935, 7, 0, 0, 132.46
2026/08/07 12:53:59.435, 0, 72558, 100, 956.92
2026/08/07 12:53:59.435, 1, 73718, 100, 967.03
2026/08/07 12:53:59.435, 2, 73720, 100, 942.44
2026/08/07 12:53:59.436, 3, 73720, 100, 955.76
2026/08/07 12:53:59.436, 4, 0, 0, 134.24
2026/08/07 12:53:59.436, 5, 0, 0, 133.93
2026/08/07 12:53:59.436, 6, 0, 0, 131.93
2026/08/07 12:53:59.436, 7, 0, 0, 132.54
2026/08/07 12:53:59.936, 0, 72558, 100, 946.57
2026/08/07 12:53:59.936, 1, 73718, 100, 961.00
2026/08/07 12:53:59.937, 2, 73720, 100, 942.03
2026/08/07 12:53:59.938, 3, 73720, 100, 959.97
2026/08/07 12:53:59.939, 4, 0, 0, 134.24
2026/08/07 12:53:59.940, 5, 0, 0, 133.90
2026/08/07 12:53:59.942, 6, 0, 0, 131.89
2026/08/07 12:53:59.943, 7, 0, 0, 132.50
2026/08/07 12:54:00.443, 0, 72558, 100, 945.07
2026/08/07 12:54:00.443, 1, 73718, 100, 964.71
2026/08/07 12:54:00.443, 2, 73720, 100, 936.67
2026/08/07 12:54:00.443, 3, 73720, 100, 952.80
2026/08/07 12:54:00.443, 4, 0, 0, 134.24
2026/08/07 12:54:00.443, 5, 0, 0, 134.06
2026/08/07 12:54:00.443, 6, 0, 0, 131.74
2026/08/07 12:54:00.443, 7, 0, 0, 132.51
2026/08/07 12:54:00.944, 0, 72558, 100, 943.37
2026/08/07 12:54:00.944, 1, 73718, 100, 956.81
2026/08/07 12:54:00.944, 2, 73720, 100, 938.45
2026/08/07 12:54:00.944, 3, 73720, 100, 950.11
2026/08/07 12:54:00.944, 4, 0, 0, 134.23
2026/08/07 12:54:00.944, 5, 0, 0, 134.09
2026/08/07 12:54:00.944, 6, 0, 0, 131.73
2026/08/07 12:54:00.944, 7, 0, 0, 132.54
2026/08/07 12:54:01.444, 0, 72558, 100, 943.06
2026/08/07 12:54:01.444, 1, 73718, 100, 960.33
2026/08/07 12:54:01.444, 2, 73720, 100, 940.33
2026/08/07 12:54:01.444, 3, 73720, 100, 956.34
2026/08/07 12:54:01.444, 4, 0, 0, 134.24
2026/08/07 12:54:01.444, 5, 0, 0, 134.02
2026/08/07 12:54:01.444, 6, 0, 0, 131.84
2026/08/07 12:54:01.444, 7, 0, 0, 132.66
2026/08/07 12:54:01.944, 0, 72558, 100, 957.79
2026/08/07 12:54:01.944, 1, 73718, 100, 966.09
2026/08/07 12:54:01.944, 2, 73720, 100, 939.45
2026/08/07 12:54:01.944, 3, 73720, 100, 953.15
2026/08/07 12:54:01.944, 4, 0, 0, 134.24
2026/08/07 12:54:01.944, 5, 0, 0, 133.98
2026/08/07 12:54:01.944, 6, 0, 0, 131.93
2026/08/07 12:54:01.944, 7, 0, 0, 132.62
2026/08/07 12:54:02.444, 0, 72558, 100, 959.47
2026/08/07 12:54:02.444, 1, 73718, 100, 967.89
2026/08/07 12:54:02.445, 2, 73720, 100, 949.44
2026/08/07 12:54:02.446, 3, 73720, 100, 956.98
2026/08/07 12:54:02.446, 4, 0, 0, 134.23
2026/08/07 12:54:02.447, 5, 0, 0, 134.01
2026/08/07 12:54:02.447, 6, 0, 0, 131.88
2026/08/07 12:54:02.447, 7, 0, 0, 132.50
2026/08/07 12:54:02.948, 0, 72558, 100, 955.47
2026/08/07 12:54:02.948, 1, 73718, 100, 975.77
2026/08/07 12:54:02.948, 2, 73720, 100, 950.14
2026/08/07 12:54:02.948, 3, 73720, 100, 958.54
2026/08/07 12:54:02.948, 4, 0, 0, 134.23
2026/08/07 12:54:02.948, 5, 0, 0, 134.09
2026/08/07 12:54:02.948, 6, 0, 0, 131.99
2026/08/07 12:54:02.948, 7, 0, 0, 132.50
2026/08/07 12:54:03.448, 0, 72558, 100, 958.08
2026/08/07 12:54:03.448, 1, 73718, 100, 970.14
2026/08/07 12:54:03.448, 2, 73720, 100, 949.23
2026/08/07 12:54:03.448, 3, 73720, 100, 957.76
2026/08/07 12:54:03.448, 4, 0, 0, 134.35
2026/08/07 12:54:03.448, 5, 0, 0, 134.09
2026/08/07 12:54:03.448, 6, 0, 0, 132.27
2026/08/07 12:54:03.448, 7, 0, 0, 132.54
2026/08/07 12:54:03.948, 0, 72558, 100, 953.62
2026/08/07 12:54:03.948, 1, 73718, 100, 959.99
2026/08/07 12:54:03.948, 2, 73720, 100, 947.14
2026/08/07 12:54:03.948, 3, 73720, 100, 954.05
2026/08/07 12:54:03.948, 4, 0, 0, 134.36
2026/08/07 12:54:03.948, 5, 0, 0, 134.10
2026/08/07 12:54:03.948, 6, 0, 0, 132.19
2026/08/07 12:54:03.948, 7, 0, 0, 132.50
2026/08/07 12:54:04.448, 0, 72558, 100, 953.45
2026/08/07 12:54:04.448, 1, 73718, 100, 959.66
2026/08/07 12:54:04.448, 2, 73720, 100, 943.84
2026/08/07 12:54:04.448, 3, 73720, 100, 952.28
2026/08/07 12:54:04.448, 4, 0, 0, 134.24
2026/08/07 12:54:04.448, 5, 0, 0, 134.02
2026/08/07 12:54:04.448, 6, 0, 0, 132.11
2026/08/07 12:54:04.448, 7, 0, 0, 132.43
2026/08/07 12:54:04.948, 0, 72558, 99, 950.47
2026/08/07 12:54:04.948, 1, 73718, 99, 955.34
2026/08/07 12:54:04.948, 2, 73720, 100, 938.67
2026/08/07 12:54:04.948, 3, 73720, 100, 947.24
2026/08/07 12:54:04.948, 4, 0, 0, 134.24
2026/08/07 12:54:04.948, 5, 0, 0, 133.98
2026/08/07 12:54:04.948, 6, 0, 0, 131.89
2026/08/07 12:54:04.948, 7, 0, 0, 132.54
2026/08/07 12:54:05.448, 0, 72558, 100, 949.79
2026/08/07 12:54:05.448, 1, 73718, 100, 958.61
2026/08/07 12:54:05.448, 2, 73720, 100, 932.43
2026/08/07 12:54:05.448, 3, 73720, 100, 939.28
2026/08/07 12:54:05.448, 4, 0, 0, 134.24
2026/08/07 12:54:05.448, 5, 0, 0, 134.09
2026/08/07 12:54:05.448, 6, 0, 0, 131.87
2026/08/07 12:54:05.448, 7, 0, 0, 132.62
2026/08/07 12:54:05.948, 0, 72558, 100, 949.80
2026/08/07 12:54:05.949, 1, 73718, 100, 963.93
2026/08/07 12:54:05.949, 2, 73720, 100, 946.93
2026/08/07 12:54:05.949, 3, 73720, 100, 951.72
2026/08/07 12:54:05.949, 4, 0, 0, 134.24
2026/08/07 12:54:05.949, 5, 0, 0, 134.29
2026/08/07 12:54:05.949, 6, 0, 0, 131.98
2026/08/07 12:54:05.949, 7, 0, 0, 132.62
2026/08/07 12:54:06.449, 0, 72558, 100, 958.72
2026/08/07 12:54:06.449, 1, 73718, 100, 971.55
2026/08/07 12:54:06.449, 2, 73720, 100, 952.10
2026/08/07 12:54:06.449, 3, 73720, 100, 959.08
2026/08/07 12:54:06.449, 4, 0, 0, 134.24
2026/08/07 12:54:06.449, 5, 0, 0, 134.17
2026/08/07 12:54:06.449, 6, 0, 0, 131.97
2026/08/07 12:54:06.449, 7, 0, 0, 132.70
2026/08/07 12:54:06.949, 0, 72558, 100, 961.56
2026/08/07 12:54:06.949, 1, 73718, 100, 974.95
2026/08/07 12:54:06.949, 2, 73720, 100, 954.54
2026/08/07 12:54:06.949, 3, 73720, 100, 963.67
2026/08/07 12:54:06.949, 4, 0, 0, 134.24
2026/08/07 12:54:06.949, 5, 0, 0, 133.90
2026/08/07 12:54:06.949, 6, 0, 0, 131.93
2026/08/07 12:54:06.949, 7, 0, 0, 132.70
2026/08/07 12:54:07.449, 0, 72558, 100, 956.89
2026/08/07 12:54:07.453, 1, 73718, 100, 970.70
2026/08/07 12:54:07.454, 2, 73720, 100, 951.42
2026/08/07 12:54:07.454, 3, 73720, 100, 962.11
2026/08/07 12:54:07.455, 4, 0, 0, 134.24
2026/08/07 12:54:07.456, 5, 0, 0, 133.94
2026/08/07 12:54:07.458, 6, 0, 0, 131.93
2026/08/07 12:54:07.459, 7, 0, 0, 132.58
2026/08/07 12:54:07.960, 0, 72558, 100, 952.45
2026/08/07 12:54:07.960, 1, 73718, 100, 966.67
2026/08/07 12:54:07.960, 2, 73720, 100, 947.93
2026/08/07 12:54:07.960, 3, 73720, 100, 956.46
2026/08/07 12:54:07.960, 4, 0, 0, 134.24
2026/08/07 12:54:07.960, 5, 0, 0, 134.01
2026/08/07 12:54:07.960, 6, 0, 0, 132.04
2026/08/07 12:54:07.960, 7, 0, 0, 132.54
2026/08/07 12:54:08.460, 0, 72558, 100, 952.45
2026/08/07 12:54:08.460, 1, 73718, 100, 962.78
2026/08/07 12:54:08.460, 2, 73720, 100, 944.65
2026/08/07 12:54:08.460, 3, 73720, 100, 950.91
2026/08/07 12:54:08.460, 4, 0, 0, 134.36
2026/08/07 12:54:08.460, 5, 0, 0, 133.90
2026/08/07 12:54:08.460, 6, 0, 0, 132.11
2026/08/07 12:54:08.460, 7, 0, 0, 132.54
2026/08/07 12:54:08.960, 0, 72558, 100, 955.32
2026/08/07 12:54:08.960, 1, 73718, 100, 959.22
2026/08/07 12:54:08.960, 2, 73720, 100, 940.39
2026/08/07 12:54:08.960, 3, 73720, 100, 946.59
2026/08/07 12:54:08.960, 4, 0, 0, 134.36
2026/08/07 12:54:08.960, 5, 0, 0, 133.86
2026/08/07 12:54:08.960, 6, 0, 0, 132.07
2026/08/07 12:54:08.960, 7, 0, 0, 132.51
2026/08/07 12:54:09.460, 0, 72558, 100, 942.49
2026/08/07 12:54:09.461, 1, 73718, 100, 952.65
2026/08/07 12:54:09.461, 2, 73720, 100, 942.61
2026/08/07 12:54:09.461, 3, 73720, 100, 947.33
2026/08/07 12:54:09.461, 4, 0, 0, 134.24
2026/08/07 12:54:09.461, 5, 0, 0, 134.13
2026/08/07 12:54:09.461, 6, 0, 0, 131.92
2026/08/07 12:54:09.461, 7, 0, 0, 132.46
2026/08/07 12:54:09.961, 0, 72558, 100, 944.53
2026/08/07 12:54:09.962, 1, 73718, 100, 957.90
2026/08/07 12:54:09.962, 2, 73720, 100, 943.07
2026/08/07 12:54:09.962, 3, 73720, 100, 950.95
2026/08/07 12:54:09.962, 4, 0, 0, 134.24
2026/08/07 12:54:09.962, 5, 0, 0, 134.17
2026/08/07 12:54:09.962, 6, 0, 0, 131.92
2026/08/07 12:54:09.962, 7, 0, 0, 132.46
2026/08/07 12:54:10.462, 0, 72558, 100, 957.70
2026/08/07 12:54:10.462, 1, 73718, 100, 964.53
2026/08/07 12:54:10.462, 2, 73720, 100, 947.13
2026/08/07 12:54:10.462, 3, 73720, 100, 954.59
2026/08/07 12:54:10.462, 4, 0, 0, 134.24
2026/08/07 12:54:10.462, 5, 0, 0, 134.13
2026/08/07 12:54:10.462, 6, 0, 0, 132.12
2026/08/07 12:54:10.462, 7, 0, 0, 132.46
2026/08/07 12:54:10.962, 0, 72558, 100, 963.08
2026/08/07 12:54:10.962, 1, 73718, 100, 966.93
2026/08/07 12:54:10.962, 2, 73720, 100, 948.84
2026/08/07 12:54:10.962, 3, 73720, 100, 955.91
2026/08/07 12:54:10.962, 4, 0, 0, 134.24
2026/08/07 12:54:10.962, 5, 0, 0, 134.13
2026/08/07 12:54:10.962, 6, 0, 0, 131.96
2026/08/07 12:54:10.962, 7, 0, 0, 132.51
2026/08/07 12:54:11.462, 0, 72558, 100, 962.47
2026/08/07 12:54:11.462, 1, 73718, 100, 967.57
2026/08/07 12:54:11.462, 2, 73720, 100, 944.54
2026/08/07 12:54:11.462, 3, 73720, 100, 953.95
2026/08/07 12:54:11.462, 4, 0, 0, 134.24
2026/08/07 12:54:11.462, 5, 0, 0, 133.90
2026/08/07 12:54:11.462, 6, 0, 0, 131.84
2026/08/07 12:54:11.462, 7, 0, 0, 132.74
2026/08/07 12:54:11.962, 0, 72558, 100, 955.53
2026/08/07 12:54:11.962, 1, 73718, 100, 969.10
2026/08/07 12:54:11.962, 2, 73720, 100, 945.44
2026/08/07 12:54:11.962, 3, 73720, 100, 956.10
2026/08/07 12:54:11.962, 4, 0, 0, 134.24
2026/08/07 12:54:11.962, 5, 0, 0, 133.86
2026/08/07 12:54:11.962, 6, 0, 0, 132.00
2026/08/07 12:54:11.962, 7, 0, 0, 132.70
2026/08/07 12:54:12.463, 0, 72558, 100, 953.11
2026/08/07 12:54:12.464, 1, 73718, 100, 967.53
2026/08/07 12:54:12.465, 2, 73720, 100, 943.43
2026/08/07 12:54:12.466, 3, 73720, 100, 953.11
2026/08/07 12:54:12.467, 4, 0, 0, 134.24
2026/08/07 12:54:12.467, 5, 0, 0, 133.97
2026/08/07 12:54:12.467, 6, 0, 0, 131.93
2026/08/07 12:54:12.467, 7, 0, 0, 132.51
2026/08/07 12:54:12.967, 0, 72558, 100, 949.73
2026/08/07 12:54:12.967, 1, 73718, 100, 960.22
2026/08/07 12:54:12.967, 2, 73720, 100, 946.03
2026/08/07 12:54:12.967, 3, 73720, 100, 950.80
2026/08/07 12:54:12.967, 4, 0, 0, 134.24
2026/08/07 12:54:12.968, 5, 0, 0, 134.09
2026/08/07 12:54:12.968, 6, 0, 0, 131.92
2026/08/07 12:54:12.968, 7, 0, 0, 132.50
2026/08/07 12:54:13.468, 0, 72558, 100, 949.54
2026/08/07 12:54:13.468, 1, 73718, 100, 953.05
2026/08/07 12:54:13.468, 2, 73720, 100, 937.22
2026/08/07 12:54:13.468, 3, 73720, 100, 943.91
2026/08/07 12:54:13.468, 4, 0, 0, 134.32
2026/08/07 12:54:13.468, 5, 0, 0, 134.21
2026/08/07 12:54:13.468, 6, 0, 0, 132.04
2026/08/07 12:54:13.468, 7, 0, 0, 132.43
2026/08/07 12:54:13.968, 0, 72558, 100, 942.85
2026/08/07 12:54:13.968, 1, 73718, 100, 953.78
2026/08/07 12:54:13.968, 2, 73720, 100, 936.92
2026/08/07 12:54:13.968, 3, 73720, 100, 941.43
2026/08/07 12:54:13.968, 4, 0, 0, 134.31
2026/08/07 12:54:13.968, 5, 0, 0, 134.01
2026/08/07 12:54:13.968, 6, 0, 0, 132.11
2026/08/07 12:54:13.968, 7, 0, 0, 132.39
2026/08/07 12:54:14.468, 0, 72558, 100, 946.06
2026/08/07 12:54:14.468, 1, 73718, 100, 967.44
2026/08/07 12:54:14.468, 2, 73720, 100, 943.92
2026/08/07 12:54:14.468, 3, 73720, 100, 957.85
2026/08/07 12:54:14.468, 4, 0, 0, 134.23
2026/08/07 12:54:14.468, 5, 0, 0, 133.90
2026/08/07 12:54:14.468, 6, 0, 0, 132.03
2026/08/07 12:54:14.468, 7, 0, 0, 132.46
2026/08/07 12:54:14.968, 0, 72558, 100, 957.60
2026/08/07 12:54:14.968, 1, 73718, 100, 966.51
2026/08/07 12:54:14.968, 2, 73720, 100, 945.91
2026/08/07 12:54:14.968, 3, 73720, 100, 957.86
2026/08/07 12:54:14.968, 4, 0, 0, 134.23
2026/08/07 12:54:14.968, 5, 0, 0, 134.05
2026/08/07 12:54:14.968, 6, 0, 0, 131.82
2026/08/07 12:54:14.968, 7, 0, 0, 132.50
2026/08/07 12:54:15.468, 0, 72558, 100, 958.10
2026/08/07 12:54:15.468, 1, 73718, 100, 966.23
2026/08/07 12:54:15.468, 2, 73720, 100, 953.31
2026/08/07 12:54:15.468, 3, 73720, 100, 959.77
2026/08/07 12:54:15.468, 4, 0, 0, 134.23
2026/08/07 12:54:15.468, 5, 0, 0, 134.09
2026/08/07 12:54:15.468, 6, 0, 0, 131.70
2026/08/07 12:54:15.468, 7, 0, 0, 132.46
2026/08/07 12:54:15.968, 0, 72558, 100, 953.88
2026/08/07 12:54:15.969, 1, 73718, 100, 969.67
2026/08/07 12:54:15.969, 2, 73720, 100, 950.84
2026/08/07 12:54:15.969, 3, 73720, 100, 956.22
2026/08/07 12:54:15.969, 4, 0, 0, 134.24
2026/08/07 12:54:15.969, 5, 0, 0, 134.09
2026/08/07 12:54:15.969, 6, 0, 0, 131.73
2026/08/07 12:54:15.969, 7, 0, 0, 132.54
2026/08/07 12:54:16.469, 0, 72558, 100, 950.61
2026/08/07 12:54:16.469, 1, 73718, 100, 966.57
2026/08/07 12:54:16.469, 2, 73720, 100, 946.95
2026/08/07 12:54:16.469, 3, 73720, 100, 953.31
2026/08/07 12:54:16.469, 4, 0, 0, 134.24
2026/08/07 12:54:16.469, 5, 0, 0, 133.98
2026/08/07 12:54:16.469, 6, 0, 0, 131.84
2026/08/07 12:54:16.469, 7, 0, 0, 132.66
2026/08/07 12:54:16.969, 0, 72558, 100, 951.67
2026/08/07 12:54:16.969, 1, 73718, 100, 964.64
2026/08/07 12:54:16.969, 2, 73720, 100, 941.11
2026/08/07 12:54:16.969, 3, 73720, 100, 950.88
2026/08/07 12:54:16.969, 4, 0, 0, 134.24
2026/08/07 12:54:16.969, 5, 0, 0, 133.94
2026/08/07 12:54:16.969, 6, 0, 0, 131.89
2026/08/07 12:54:16.969, 7, 0, 0, 132.70
2026/08/07 12:54:17.469, 0, 72558, 100, 943.62
2026/08/07 12:54:17.469, 1, 73718, 100, 958.36
2026/08/07 12:54:17.469, 2, 73720, 100, 937.78
2026/08/07 12:54:17.469, 3, 73720, 100, 948.82
2026/08/07 12:54:17.469, 4, 0, 0, 134.25
2026/08/07 12:54:17.469, 5, 0, 0, 134.05
2026/08/07 12:54:17.469, 6, 0, 0, 131.96
2026/08/07 12:54:17.469, 7, 0, 0, 132.62
2026/08/07 12:54:17.969, 0, 72558, 100, 940.36
2026/08/07 12:54:17.969, 1, 73718, 100, 954.95
2026/08/07 12:54:17.969, 2, 73720, 100, 938.38
2026/08/07 12:54:17.969, 3, 73720, 100, 948.88
2026/08/07 12:54:17.969, 4, 0, 0, 134.24
2026/08/07 12:54:17.969, 5, 0, 0, 134.09
2026/08/07 12:54:17.969, 6, 0, 0, 132.04
2026/08/07 12:54:17.969, 7, 0, 0, 132.54
2026/08/07 12:54:18.469, 0, 72558, 100, 948.19
2026/08/07 12:54:18.469, 1, 73718, 100, 959.85
2026/08/07 12:54:18.469, 2, 73720, 100, 938.55
2026/08/07 12:54:18.469, 3, 73720, 100, 946.74
2026/08/07 12:54:18.469, 4, 0, 0, 134.32
2026/08/07 12:54:18.470, 5, 0, 0, 133.94
2026/08/07 12:54:18.470, 6, 0, 0, 132.12
2026/08/07 12:54:18.470, 7, 0, 0, 132.58
2026/08/07 12:54:18.970, 0, 72558, 100, 953.38
2026/08/07 12:54:18.970, 1, 73718, 100, 966.19
2026/08/07 12:54:18.970, 2, 73720, 100, 947.23
2026/08/07 12:54:18.970, 3, 73720, 100, 956.32
2026/08/07 12:54:18.970, 4, 0, 0, 134.32
2026/08/07 12:54:18.970, 5, 0, 0, 133.83
2026/08/07 12:54:18.970, 6, 0, 0, 132.05
2026/08/07 12:54:18.970, 7, 0, 0, 132.58
2026/08/07 12:54:19.470, 0, 72558, 100, 962.16
2026/08/07 12:54:19.470, 1, 73718, 100, 973.18
2026/08/07 12:54:19.470, 2, 73720, 100, 953.22
2026/08/07 12:54:19.470, 3, 73720, 100, 964.17
2026/08/07 12:54:19.470, 4, 0, 0, 134.24
2026/08/07 12:54:19.470, 5, 0, 0, 133.90
2026/08/07 12:54:19.470, 6, 0, 0, 132.01
2026/08/07 12:54:19.470, 7, 0, 0, 132.50
2026/08/07 12:54:19.970, 0, 72558, 100, 963.24
2026/08/07 12:54:19.970, 1, 73718, 100, 971.22
2026/08/07 12:54:19.970, 2, 73720, 100, 955.84
2026/08/07 12:54:19.970, 3, 73720, 100, 963.64
2026/08/07 12:54:19.970, 4, 0, 0, 134.24
2026/08/07 12:54:19.970, 5, 0, 0, 133.86
2026/08/07 12:54:19.970, 6, 0, 0, 132.09
2026/08/07 12:54:19.970, 7, 0, 0, 132.54
2026/08/07 12:54:20.470, 0, 72558, 100, 959.22
2026/08/07 12:54:20.470, 1, 73718, 100, 970.47
2026/08/07 12:54:20.470, 2, 73720, 100, 949.51
2026/08/07 12:54:20.470, 3, 73720, 100, 951.47
2026/08/07 12:54:20.470, 4, 0, 0, 134.24
2026/08/07 12:54:20.470, 5, 0, 0, 133.94
2026/08/07 12:54:20.470, 6, 0, 0, 132.06
2026/08/07 12:54:20.470, 7, 0, 0, 132.58
2026/08/07 12:54:20.970, 0, 72558, 100, 952.77
2026/08/07 12:54:20.970, 1, 73718, 100, 968.08
2026/08/07 12:54:20.970, 2, 73720, 100, 946.32
2026/08/07 12:54:20.970, 3, 73720, 100, 951.00
2026/08/07 12:54:20.970, 4, 0, 0, 134.24
2026/08/07 12:54:20.970, 5, 0, 0, 134.09
2026/08/07 12:54:20.970, 6, 0, 0, 131.99
2026/08/07 12:54:20.970, 7, 0, 0, 132.58
2026/08/07 12:54:21.470, 0, 72558, 100, 948.13
2026/08/07 12:54:21.470, 1, 73718, 100, 964.65
2026/08/07 12:54:21.470, 2, 73720, 100, 942.51
2026/08/07 12:54:21.470, 3, 73720, 100, 956.23
2026/08/07 12:54:21.470, 4, 0, 0, 134.24
2026/08/07 12:54:21.470, 5, 0, 0, 134.13
2026/08/07 12:54:21.470, 6, 0, 0, 132.05
2026/08/07 12:54:21.470, 7, 0, 0, 132.70
2026/08/07 12:54:21.970, 0, 72558, 100, 943.82
2026/08/07 12:54:21.971, 1, 73718, 100, 955.29
2026/08/07 12:54:21.971, 2, 73720, 100, 933.85
2026/08/07 12:54:21.971, 3, 73720, 100, 948.11
2026/08/07 12:54:21.971, 4, 0, 0, 134.24
2026/08/07 12:54:21.971, 5, 0, 0, 134.05
2026/08/07 12:54:21.971, 6, 0, 0, 132.13
2026/08/07 12:54:21.971, 7, 0, 0, 132.69
2026/08/07 12:54:22.471, 0, 72558, 100, 942.54
2026/08/07 12:54:22.471, 1, 73718, 100, 953.48
2026/08/07 12:54:22.471, 2, 73720, 100, 934.58
2026/08/07 12:54:22.471, 3, 73720, 100, 947.15
2026/08/07 12:54:22.471, 4, 0, 0, 134.24
2026/08/07 12:54:22.471, 5, 0, 0, 134.13
2026/08/07 12:54:22.471, 6, 0, 0, 132.01
2026/08/07 12:54:22.471, 7, 0, 0, 132.46
2026/08/07 12:54:22.971, 0, 72558, 100, 953.51
2026/08/07 12:54:22.971, 1, 73718, 100, 960.50
2026/08/07 12:54:22.971, 2, 73720, 100, 935.63
2026/08/07 12:54:22.971, 3, 73720, 100, 952.93
2026/08/07 12:54:22.971, 4, 0, 0, 134.24
2026/08/07 12:54:22.971, 5, 0, 0, 134.21
2026/08/07 12:54:22.971, 6, 0, 0, 131.85
2026/08/07 12:54:22.971, 7, 0, 0, 132.47
2026/08/07 12:54:23.471, 0, 72558, 100, 960.51
2026/08/07 12:54:23.471, 1, 73718, 100, 963.54
2026/08/07 12:54:23.471, 2, 73720, 100, 946.99
2026/08/07 12:54:23.471, 3, 73720, 100, 959.30
2026/08/07 12:54:23.471, 4, 0, 0, 134.35
2026/08/07 12:54:23.471, 5, 0, 0, 134.21
2026/08/07 12:54:23.471, 6, 0, 0, 131.82
2026/08/07 12:54:23.471, 7, 0, 0, 132.54
2026/08/07 12:54:23.971, 0, 72558, 100, 961.16
2026/08/07 12:54:23.971, 1, 73718, 100, 967.64
2026/08/07 12:54:23.971, 2, 73720, 100, 950.08
2026/08/07 12:54:23.971, 3, 73720, 100, 956.98
2026/08/07 12:54:23.971, 4, 0, 0, 134.35
2026/08/07 12:54:23.971, 5, 0, 0, 134.13
2026/08/07 12:54:23.971, 6, 0, 0, 131.85
2026/08/07 12:54:23.971, 7, 0, 0, 132.54
2026/08/07 12:54:24.471, 0, 72558, 100, 959.17
2026/08/07 12:54:24.471, 1, 73718, 100, 968.41
2026/08/07 12:54:24.472, 2, 73720, 100, 949.68
2026/08/07 12:54:24.473, 3, 73720, 100, 954.95
2026/08/07 12:54:24.475, 4, 0, 0, 134.24
2026/08/07 12:54:24.476, 5, 0, 0, 134.05
2026/08/07 12:54:24.477, 6, 0, 0, 131.93
2026/08/07 12:54:24.479, 7, 0, 0, 132.58
2026/08/07 12:54:24.980, 0, 72558, 100, 957.84
2026/08/07 12:54:24.980, 1, 73718, 100, 964.68
2026/08/07 12:54:24.980, 2, 73720, 100, 947.62
2026/08/07 12:54:24.980, 3, 73720, 100, 956.07
2026/08/07 12:54:24.980, 4, 0, 0, 134.24
2026/08/07 12:54:24.980, 5, 0, 0, 134.09
2026/08/07 12:54:24.980, 6, 0, 0, 131.92
2026/08/07 12:54:24.980, 7, 0, 0, 132.58
2026/08/07 12:54:25.480, 0, 72558, 100, 952.29
2026/08/07 12:54:25.481, 1, 73718, 100, 961.68
2026/08/07 12:54:25.481, 2, 73720, 100, 944.88
2026/08/07 12:54:25.481, 3, 73720, 100, 949.12
2026/08/07 12:54:25.481, 4, 0, 0, 134.24
2026/08/07 12:54:25.481, 5, 0, 0, 134.02
2026/08/07 12:54:25.481, 6, 0, 0, 131.91
2026/08/07 12:54:25.481, 7, 0, 0, 132.50
2026/08/07 12:54:25.981, 0, 72558, 100, 949.21
2026/08/07 12:54:25.981, 1, 73718, 100, 958.25
2026/08/07 12:54:25.981, 2, 73720, 100, 943.99
2026/08/07 12:54:25.981, 3, 73720, 100, 946.09
2026/08/07 12:54:25.981, 4, 0, 0, 134.25
2026/08/07 12:54:25.981, 5, 0, 0, 134.05
2026/08/07 12:54:25.981, 6, 0, 0, 132.12
2026/08/07 12:54:25.981, 7, 0, 0, 132.54
2026/08/07 12:54:26.482, 0, 72558, 99, 951.69
2026/08/07 12:54:26.482, 1, 73718, 99, 959.86
2026/08/07 12:54:26.482, 2, 73720, 99, 930.17
2026/08/07 12:54:26.482, 3, 73720, 99, 940.42
2026/08/07 12:54:26.482, 4, 0, 0, 134.24
2026/08/07 12:54:26.482, 5, 0, 0, 134.13
2026/08/07 12:54:26.482, 6, 0, 0, 132.16
2026/08/07 12:54:26.482, 7, 0, 0, 132.78
2026/08/07 12:54:26.982, 0, 72558, 100, 946.37
2026/08/07 12:54:26.982, 1, 73718, 100, 960.74
2026/08/07 12:54:26.982, 2, 73720, 100, 936.21
2026/08/07 12:54:26.982, 3, 73720, 100, 946.95
2026/08/07 12:54:26.982, 4, 0, 0, 134.24
2026/08/07 12:54:26.982, 5, 0, 0, 134.05
2026/08/07 12:54:26.982, 6, 0, 0, 132.12
2026/08/07 12:54:26.982, 7, 0, 0, 132.69
2026/08/07 12:54:27.482, 0, 72558, 100, 953.28
2026/08/07 12:54:27.482, 1, 73718, 100, 964.91
2026/08/07 12:54:27.482, 2, 73720, 100, 946.49
2026/08/07 12:54:27.482, 3, 73720, 100, 952.23
2026/08/07 12:54:27.482, 4, 0, 0, 134.24
2026/08/07 12:54:27.482, 5, 0, 0, 133.94
2026/08/07 12:54:27.482, 6, 0, 0, 131.85
2026/08/07 12:54:27.482, 7, 0, 0, 132.39
2026/08/07 12:54:27.982, 0, 72558, 100, 957.16
2026/08/07 12:54:27.982, 1, 73718, 100, 968.94
2026/08/07 12:54:27.982, 2, 73720, 100, 946.20
2026/08/07 12:54:27.982, 3, 73720, 100, 951.64
2026/08/07 12:54:27.982, 4, 0, 0, 134.24
2026/08/07 12:54:27.982, 5, 0, 0, 133.83
2026/08/07 12:54:27.982, 6, 0, 0, 131.66
2026/08/07 12:54:27.982, 7, 0, 0, 132.39
2026/08/07 12:54:28.483, 0, 72558, 100, 958.20
2026/08/07 12:54:28.483, 1, 73718, 100, 972.18
2026/08/07 12:54:28.483, 2, 73720, 100, 946.30
2026/08/07 12:54:28.483, 3, 73720, 100, 958.66
2026/08/07 12:54:28.483, 4, 0, 0, 134.36
2026/08/07 12:54:28.483, 5, 0, 0, 133.82
2026/08/07 12:54:28.483, 6, 0, 0, 131.76
2026/08/07 12:54:28.483, 7, 0, 0, 132.46
2026/08/07 12:54:28.983, 0, 72558, 100, 956.81
2026/08/07 12:54:28.983, 1, 73718, 100, 968.84
2026/08/07 12:54:28.983, 2, 73720, 100, 946.20
2026/08/07 12:54:28.983, 3, 73720, 100, 958.50
2026/08/07 12:54:28.983, 4, 0, 0, 134.36
2026/08/07 12:54:28.983, 5, 0, 0, 133.97
2026/08/07 12:54:28.983, 6, 0, 0, 131.96
2026/08/07 12:54:28.983, 7, 0, 0, 132.58
2026/08/07 12:54:29.483, 0, 72558, 100, 948.87
2026/08/07 12:54:29.483, 1, 73718, 100, 966.15
2026/08/07 12:54:29.483, 2, 73720, 100, 946.41
2026/08/07 12:54:29.483, 3, 73720, 100, 958.22
2026/08/07 12:54:29.483, 4, 0, 0, 134.24
2026/08/07 12:54:29.483, 5, 0, 0, 134.09
2026/08/07 12:54:29.483, 6, 0, 0, 131.82
2026/08/07 12:54:29.483, 7, 0, 0, 132.54
2026/08/07 12:54:29.983, 0, 72558, 100, 950.39
2026/08/07 12:54:29.983, 1, 73718, 100, 967.41
2026/08/07 12:54:29.983, 2, 73720, 100, 943.53
2026/08/07 12:54:29.983, 3, 73720, 100, 956.28
2026/08/07 12:54:29.983, 4, 0, 0, 134.24
2026/08/07 12:54:29.983, 5, 0, 0, 134.09
2026/08/07 12:54:29.983, 6, 0, 0, 131.73
2026/08/07 12:54:29.983, 7, 0, 0, 132.50
2026/08/07 12:54:30.483, 0, 72558, 100, 948.35
2026/08/07 12:54:30.484, 1, 73718, 100, 959.22
2026/08/07 12:54:30.485, 2, 73720, 100, 945.71
2026/08/07 12:54:30.486, 3, 73720, 100, 951.59
2026/08/07 12:54:30.487, 4, 0, 0, 134.24
2026/08/07 12:54:30.488, 5, 0, 0, 133.87
2026/08/07 12:54:30.489, 6, 0, 0, 131.98
2026/08/07 12:54:30.490, 7, 0, 0, 132.54
2026/08/07 12:54:30.991, 0, 72558, 100, 944.07
2026/08/07 12:54:30.991, 1, 73718, 100, 953.65
2026/08/07 12:54:30.991, 2, 73720, 100, 929.96
2026/08/07 12:54:30.991, 3, 73720, 100, 942.86
2026/08/07 12:54:30.991, 4, 0, 0, 134.24
2026/08/07 12:54:30.991, 5, 0, 0, 133.78
2026/08/07 12:54:30.991, 6, 0, 0, 132.08
2026/08/07 12:54:30.991, 7, 0, 0, 132.58
2026/08/07 12:54:31.491, 0, 72558, 100, 947.56
2026/08/07 12:54:31.491, 1, 73718, 100, 960.05
2026/08/07 12:54:31.491, 2, 73720, 100, 930.52
2026/08/07 12:54:31.491, 3, 73720, 100, 940.21
2026/08/07 12:54:31.491, 4, 0, 0, 134.24
2026/08/07 12:54:31.491, 5, 0, 0, 133.79
2026/08/07 12:54:31.491, 6, 0, 0, 131.96
2026/08/07 12:54:31.491, 7, 0, 0, 132.66
2026/08/07 12:54:31.991, 0, 72558, 100, 952.35
2026/08/07 12:54:31.991, 1, 73718, 100, 966.37
2026/08/07 12:54:31.991, 2, 73720, 100, 951.35
2026/08/07 12:54:31.991, 3, 73720, 100, 957.52
2026/08/07 12:54:31.991, 4, 0, 0, 134.24
2026/08/07 12:54:31.991, 5, 0, 0, 133.60
2026/08/07 12:54:31.991, 6, 0, 0, 131.93
2026/08/07 12:54:31.991, 7, 0, 0, 132.62
2026/08/07 12:54:32.491, 0, 72558, 100, 957.50
2026/08/07 12:54:32.491, 1, 73718, 100, 973.64
2026/08/07 12:54:32.491, 2, 73720, 100, 952.08
2026/08/07 12:54:32.491, 3, 73720, 100, 962.44
2026/08/07 12:54:32.491, 4, 0, 0, 134.24
2026/08/07 12:54:32.491, 5, 0, 0, 133.74
2026/08/07 12:54:32.491, 6, 0, 0, 131.97
2026/08/07 12:54:32.491, 7, 0, 0, 132.50
2026/08/07 12:54:32.991, 0, 72558, 100, 958.45
2026/08/07 12:54:32.991, 1, 73718, 100, 971.84
2026/08/07 12:54:32.991, 2, 73720, 100, 951.40
2026/08/07 12:54:32.991, 3, 73720, 100, 956.49
2026/08/07 12:54:32.991, 4, 0, 0, 134.24
2026/08/07 12:54:32.991, 5, 0, 0, 134.02
2026/08/07 12:54:32.991, 6, 0, 0, 131.89
2026/08/07 12:54:32.991, 7, 0, 0, 132.50
2026/08/07 12:54:33.491, 0, 72558, 100, 958.30
2026/08/07 12:54:33.491, 1, 73718, 100, 964.14
2026/08/07 12:54:33.491, 2, 73720, 100, 945.01
2026/08/07 12:54:33.491, 3, 73720, 100, 952.61
2026/08/07 12:54:33.491, 4, 0, 0, 134.36
2026/08/07 12:54:33.491, 5, 0, 0, 133.98
2026/08/07 12:54:33.491, 6, 0, 0, 132.01
2026/08/07 12:54:33.492, 7, 0, 0, 132.46
2026/08/07 12:54:33.992, 0, 72558, 100, 952.57
2026/08/07 12:54:33.992, 1, 73718, 100, 960.48
2026/08/07 12:54:33.992, 2, 73720, 100, 943.75
2026/08/07 12:54:33.992, 3, 73720, 100, 947.32
2026/08/07 12:54:33.992, 4, 0, 0, 134.36
2026/08/07 12:54:33.992, 5, 0, 0, 133.86
2026/08/07 12:54:33.992, 6, 0, 0, 132.01
2026/08/07 12:54:33.992, 7, 0, 0, 132.43
2026/08/07 12:54:34.492, 0, 72558, 100, 953.22
2026/08/07 12:54:34.492, 1, 73718, 100, 963.72
2026/08/07 12:54:34.492, 2, 73720, 100, 943.99
2026/08/07 12:54:34.492, 3, 73720, 100, 947.12
2026/08/07 12:54:34.492, 4, 0, 0, 134.24
2026/08/07 12:54:34.492, 5, 0, 0, 133.94
2026/08/07 12:54:34.492, 6, 0, 0, 131.77
2026/08/07 12:54:34.492, 7, 0, 0, 132.43
2026/08/07 12:54:34.992, 0, 72558, 99, 945.73
2026/08/07 12:54:34.992, 1, 73718, 99, 954.29
2026/08/07 12:54:34.992, 2, 73720, 99, 939.65
2026/08/07 12:54:34.992, 3, 73720, 99, 950.72
2026/08/07 12:54:34.992, 4, 0, 0, 134.24
2026/08/07 12:54:34.992, 5, 0, 0, 133.82
2026/08/07 12:54:34.992, 6, 0, 0, 131.89
2026/08/07 12:54:34.992, 7, 0, 0, 132.46
2026/08/07 12:54:35.492, 0, 72558, 100, 941.72
2026/08/07 12:54:35.492, 1, 73718, 100, 947.82
2026/08/07 12:54:35.493, 2, 73720, 100, 943.12
2026/08/07 12:54:35.493, 3, 73720, 100, 954.51
2026/08/07 12:54:35.493, 4, 0, 0, 134.24
2026/08/07 12:54:35.493, 5, 0, 0, 133.89
2026/08/07 12:54:35.493, 6, 0, 0, 132.08
2026/08/07 12:54:35.493, 7, 0, 0, 132.43
2026/08/07 12:54:35.993, 0, 72558, 100, 958.63
2026/08/07 12:54:35.993, 1, 73718, 100, 963.02
2026/08/07 12:54:35.993, 2, 73720, 100, 945.85
2026/08/07 12:54:35.993, 3, 73720, 100, 956.48
2026/08/07 12:54:35.993, 4, 0, 0, 134.25
2026/08/07 12:54:35.993, 5, 0, 0, 134.13
2026/08/07 12:54:35.993, 6, 0, 0, 132.08
2026/08/07 12:54:35.994, 7, 0, 0, 132.47
2026/08/07 12:54:36.494, 0, 72558, 100, 963.23
2026/08/07 12:54:36.494, 1, 73718, 100, 969.95
2026/08/07 12:54:36.494, 2, 73720, 100, 950.48
2026/08/07 12:54:36.494, 3, 73720, 100, 957.85
2026/08/07 12:54:36.494, 4, 0, 0, 134.25
2026/08/07 12:54:36.494, 5, 0, 0, 134.13
2026/08/07 12:54:36.494, 6, 0, 0, 132.04
2026/08/07 12:54:36.494, 7, 0, 0, 132.58
2026/08/07 12:54:36.994, 0, 72558, 100, 959.58
2026/08/07 12:54:36.994, 1, 73718, 100, 971.45
2026/08/07 12:54:36.994, 2, 73720, 100, 951.04
2026/08/07 12:54:36.994, 3, 73720, 100, 956.98
2026/08/07 12:54:36.994, 4, 0, 0, 134.24
2026/08/07 12:54:36.994, 5, 0, 0, 133.94
2026/08/07 12:54:36.994, 6, 0, 0, 132.12
2026/08/07 12:54:36.994, 7, 0, 0, 132.54
2026/08/07 12:54:37.494, 0, 72558, 100, 958.09
2026/08/07 12:54:37.494, 1, 73718, 100, 967.43
2026/08/07 12:54:37.494, 2, 73720, 100, 948.26
2026/08/07 12:54:37.494, 3, 73720, 100, 958.20
2026/08/07 12:54:37.494, 4, 0, 0, 134.24
2026/08/07 12:54:37.494, 5, 0, 0, 133.94
2026/08/07 12:54:37.494, 6, 0, 0, 131.93
2026/08/07 12:54:37.494, 7, 0, 0, 132.43
2026/08/07 12:54:37.994, 0, 72558, 100, 956.92
2026/08/07 12:54:37.994, 1, 73718, 100, 966.06
2026/08/07 12:54:37.994, 2, 73720, 100, 942.85
2026/08/07 12:54:37.994, 3, 73720, 100, 957.92
2026/08/07 12:54:37.994, 4, 0, 0, 134.25
2026/08/07 12:54:37.994, 5, 0, 0, 133.90
2026/08/07 12:54:37.994, 6, 0, 0, 131.74
2026/08/07 12:54:37.994, 7, 0, 0, 132.54
2026/08/07 12:54:38.494, 0, 72558, 100, 953.20
2026/08/07 12:54:38.494, 1, 73718, 100, 964.16
2026/08/07 12:54:38.494, 2, 73720, 100, 943.46
2026/08/07 12:54:38.494, 3, 73720, 100, 956.12
2026/08/07 12:54:38.494, 4, 0, 0, 134.32
2026/08/07 12:54:38.494, 5, 0, 0, 133.82
2026/08/07 12:54:38.494, 6, 0, 0, 131.94
2026/08/07 12:54:38.494, 7, 0, 0, 132.50
2026/08/07 12:54:38.994, 0, 72558, 100, 949.83
2026/08/07 12:54:38.994, 1, 73718, 100, 961.73
2026/08/07 12:54:38.994, 2, 73720, 100, 944.99
2026/08/07 12:54:38.994, 3, 73720, 100, 954.67
2026/08/07 12:54:38.994, 4, 0, 0, 134.32
2026/08/07 12:54:38.994, 5, 0, 0, 133.79
2026/08/07 12:54:38.994, 6, 0, 0, 131.94
2026/08/07 12:54:38.994, 7, 0, 0, 132.43
2026/08/07 12:54:39.494, 0, 72558, 100, 943.49
2026/08/07 12:54:39.495, 1, 73718, 100, 949.28
2026/08/07 12:54:39.495, 2, 73720, 100, 935.24
2026/08/07 12:54:39.495, 3, 73720, 100, 942.33
2026/08/07 12:54:39.495, 4, 0, 0, 134.25
2026/08/07 12:54:39.495, 5, 0, 0, 133.82
2026/08/07 12:54:39.495, 6, 0, 0, 131.82
2026/08/07 12:54:39.495, 7, 0, 0, 132.50
2026/08/07 12:54:39.995, 0, 72558, 100, 942.05
2026/08/07 12:54:39.995, 1, 73718, 100, 951.49
2026/08/07 12:54:39.995, 2, 73720, 100, 937.32
2026/08/07 12:54:39.995, 3, 73720, 100, 946.99
2026/08/07 12:54:39.995, 4, 0, 0, 134.24
2026/08/07 12:54:39.995, 5, 0, 0, 134.01
2026/08/07 12:54:39.995, 6, 0, 0, 131.89
2026/08/07 12:54:39.995, 7, 0, 0, 132.47
2026/08/07 12:54:40.495, 0, 72558, 100, 956.29
2026/08/07 12:54:40.495, 1, 73718, 100, 970.24
2026/08/07 12:54:40.495, 2, 73720, 100, 945.21
2026/08/07 12:54:40.495, 3, 73720, 100, 956.24
2026/08/07 12:54:40.495, 4, 0, 0, 134.24
2026/08/07 12:54:40.495, 5, 0, 0, 134.02
2026/08/07 12:54:40.495, 6, 0, 0, 132.00
2026/08/07 12:54:40.495, 7, 0, 0, 132.46
2026/08/07 12:54:40.995, 0, 72558, 100, 961.14
2026/08/07 12:54:40.995, 1, 73718, 100, 973.45
2026/08/07 12:54:40.995, 2, 73720, 100, 951.28
2026/08/07 12:54:40.995, 3, 73720, 100, 962.44
2026/08/07 12:54:40.995, 4, 0, 0, 134.24
2026/08/07 12:54:40.995, 5, 0, 0, 134.09
2026/08/07 12:54:40.995, 6, 0, 0, 131.85
2026/08/07 12:54:40.995, 7, 0, 0, 132.58
2026/08/07 12:54:41.495, 0, 72558, 100, 961.22
2026/08/07 12:54:41.495, 1, 73718, 100, 973.40
2026/08/07 12:54:41.495, 2, 73720, 100, 954.18
2026/08/07 12:54:41.495, 3, 73720, 100, 963.48
2026/08/07 12:54:41.495, 4, 0, 0, 134.24
2026/08/07 12:54:41.495, 5, 0, 0, 134.10
2026/08/07 12:54:41.495, 6, 0, 0, 132.01
2026/08/07 12:54:41.495, 7, 0, 0, 132.62
2026/08/07 12:54:41.995, 0, 72558, 100, 956.90
2026/08/07 12:54:41.995, 1, 73718, 100, 964.73
2026/08/07 12:54:41.995, 2, 73720, 100, 953.64
2026/08/07 12:54:41.995, 3, 73720, 100, 958.16
2026/08/07 12:54:41.995, 4, 0, 0, 134.24
2026/08/07 12:54:41.995, 5, 0, 0, 133.97
2026/08/07 12:54:41.995, 6, 0, 0, 132.05
2026/08/07 12:54:41.995, 7, 0, 0, 132.65
2026/08/07 12:54:42.495, 0, 72558, 100, 954.24
2026/08/07 12:54:42.495, 1, 73718, 100, 963.28
2026/08/07 12:54:42.495, 2, 73720, 100, 947.89
2026/08/07 12:54:42.495, 3, 73720, 100, 950.81
2026/08/07 12:54:42.496, 4, 0, 0, 134.24
2026/08/07 12:54:42.496, 5, 0, 0, 133.82
2026/08/07 12:54:42.496, 6, 0, 0, 132.04
2026/08/07 12:54:42.496, 7, 0, 0, 132.58
2026/08/07 12:54:42.996, 0, 72558, 100, 950.94
2026/08/07 12:54:42.996, 1, 73718, 100, 963.24
2026/08/07 12:54:42.997, 2, 73720, 100, 948.19
2026/08/07 12:54:42.998, 3, 73720, 100, 952.87
2026/08/07 12:54:42.999, 4, 0, 0, 134.24
2026/08/07 12:54:43.000, 5, 0, 0, 133.82
2026/08/07 12:54:43.001, 6, 0, 0, 132.19
2026/08/07 12:54:43.002, 7, 0, 0, 132.46
2026/08/07 12:54:43.503, 0, 72558, 100, 946.27
2026/08/07 12:54:43.503, 1, 73718, 100, 960.16
2026/08/07 12:54:43.503, 2, 73720, 100, 942.50
2026/08/07 12:54:43.503, 3, 73720, 100, 948.77
2026/08/07 12:54:43.503, 4, 0, 0, 134.32
2026/08/07 12:54:43.503, 5, 0, 0, 133.94
2026/08/07 12:54:43.503, 6, 0, 0, 132.08
2026/08/07 12:54:43.503, 7, 0, 0, 132.46
2026/08/07 12:54:44.003, 0, 72558, 100, 943.59
2026/08/07 12:54:44.003, 1, 73718, 100, 957.17
2026/08/07 12:54:44.003, 2, 73720, 100, 939.18
2026/08/07 12:54:44.003, 3, 73720, 100, 943.45
2026/08/07 12:54:44.003, 4, 0, 0, 134.32
2026/08/07 12:54:44.003, 5, 0, 0, 134.02
2026/08/07 12:54:44.003, 6, 0, 0, 131.81
2026/08/07 12:54:44.003, 7, 0, 0, 132.62
2026/08/07 12:54:44.503, 0, 72558, 100, 950.19
2026/08/07 12:54:44.503, 1, 73718, 100, 967.55
2026/08/07 12:54:44.503, 2, 73720, 100, 939.07
2026/08/07 12:54:44.503, 3, 73720, 100, 950.15
2026/08/07 12:54:44.503, 4, 0, 0, 134.24
2026/08/07 12:54:44.503, 5, 0, 0, 133.90
2026/08/07 12:54:44.503, 6, 0, 0, 131.69
2026/08/07 12:54:44.503, 7, 0, 0, 132.58
2026/08/07 12:54:45.003, 0, 72558, 100, 957.66
2026/08/07 12:54:45.003, 1, 73718, 100, 970.47
2026/08/07 12:54:45.003, 2, 73720, 100, 939.13
2026/08/07 12:54:45.003, 3, 73720, 100, 949.19
2026/08/07 12:54:45.003, 4, 0, 0, 134.24
2026/08/07 12:54:45.003, 5, 0, 0, 133.94
2026/08/07 12:54:45.003, 6, 0, 0, 131.77
2026/08/07 12:54:45.003, 7, 0, 0, 132.46
2026/08/07 12:54:45.504, 0, 72558, 100, 958.05
2026/08/07 12:54:45.504, 1, 73718, 100, 966.91
2026/08/07 12:54:45.504, 2, 73720, 100, 948.25
2026/08/07 12:54:45.504, 3, 73720, 100, 958.54
2026/08/07 12:54:45.504, 4, 0, 0, 134.24
2026/08/07 12:54:45.504, 5, 0, 0, 133.94
2026/08/07 12:54:45.504, 6, 0, 0, 131.77
2026/08/07 12:54:45.504, 7, 0, 0, 132.47
2026/08/07 12:54:46.004, 0, 72558, 100, 959.24
2026/08/07 12:54:46.004, 1, 73718, 100, 968.22
2026/08/07 12:54:46.004, 2, 73720, 100, 948.13
2026/08/07 12:54:46.004, 3, 73720, 100, 958.37
2026/08/07 12:54:46.004, 4, 0, 0, 134.25
2026/08/07 12:54:46.004, 5, 0, 0, 134.05
2026/08/07 12:54:46.004, 6, 0, 0, 131.91
2026/08/07 12:54:46.004, 7, 0, 0, 132.54
2026/08/07 12:54:46.504, 0, 72558, 100, 953.63
2026/08/07 12:54:46.504, 1, 73718, 100, 965.79
2026/08/07 12:54:46.504, 2, 73720, 100, 949.08
2026/08/07 12:54:46.504, 3, 73720, 100, 956.49
2026/08/07 12:54:46.504, 4, 0, 0, 134.25
2026/08/07 12:54:46.504, 5, 0, 0, 134.21
2026/08/07 12:54:46.504, 6, 0, 0, 131.99
2026/08/07 12:54:46.504, 7, 0, 0, 132.66
2026/08/07 12:54:47.004, 0, 72558, 100, 952.07
2026/08/07 12:54:47.004, 1, 73718, 100, 963.58
2026/08/07 12:54:47.004, 2, 73720, 100, 945.32
2026/08/07 12:54:47.004, 3, 73720, 100, 948.91
2026/08/07 12:54:47.004, 4, 0, 0, 134.24
2026/08/07 12:54:47.004, 5, 0, 0, 133.97
2026/08/07 12:54:47.004, 6, 0, 0, 132.08
2026/08/07 12:54:47.004, 7, 0, 0, 132.62
2026/08/07 12:54:47.504, 0, 72558, 100, 950.92
2026/08/07 12:54:47.504, 1, 73718, 100, 955.91
2026/08/07 12:54:47.504, 2, 73720, 100, 939.82
2026/08/07 12:54:47.504, 3, 73720, 100, 943.62
2026/08/07 12:54:47.504, 4, 0, 0, 134.24
2026/08/07 12:54:47.504, 5, 0, 0, 133.74
2026/08/07 12:54:47.504, 6, 0, 0, 132.21
2026/08/07 12:54:47.504, 7, 0, 0, 132.51
2026/08/07 12:54:48.004, 0, 72558, 100, 941.51
2026/08/07 12:54:48.004, 1, 73718, 100, 949.28
2026/08/07 12:54:48.004, 2, 73720, 100, 941.75
2026/08/07 12:54:48.004, 3, 73720, 100, 951.55
2026/08/07 12:54:48.004, 4, 0, 0, 134.24
2026/08/07 12:54:48.004, 5, 0, 0, 133.86
2026/08/07 12:54:48.005, 6, 0, 0, 132.02
2026/08/07 12:54:48.005, 7, 0, 0, 132.46
2026/08/07 12:54:48.505, 0, 72558, 100, 942.27
2026/08/07 12:54:48.505, 1, 73718, 100, 956.87
2026/08/07 12:54:48.505, 2, 73720, 100, 937.85
2026/08/07 12:54:48.505, 3, 73720, 100, 952.15
2026/08/07 12:54:48.505, 4, 0, 0, 134.32
2026/08/07 12:54:48.505, 5, 0, 0, 133.94
2026/08/07 12:54:48.505, 6, 0, 0, 132.02
2026/08/07 12:54:48.505, 7, 0, 0, 132.43
2026/08/07 12:54:49.005, 0, 72558, 100, 948.77
2026/08/07 12:54:49.005, 1, 73718, 100, 967.18
2026/08/07 12:54:49.005, 2, 73720, 100, 945.19
2026/08/07 12:54:49.005, 3, 73720, 100, 957.28
2026/08/07 12:54:49.005, 4, 0, 0, 134.32
2026/08/07 12:54:49.005, 5, 0, 0, 133.90
2026/08/07 12:54:49.005, 6, 0, 0, 132.09
2026/08/07 12:54:49.005, 7, 0, 0, 132.46
2026/08/07 12:54:49.505, 0, 72558, 100, 960.81
2026/08/07 12:54:49.505, 1, 73718, 100, 972.71
2026/08/07 12:54:49.505, 2, 73720, 100, 952.08
2026/08/07 12:54:49.505, 3, 73720, 100, 960.44
2026/08/07 12:54:49.505, 4, 0, 0, 134.24
2026/08/07 12:54:49.505, 5, 0, 0, 133.78
2026/08/07 12:54:49.505, 6, 0, 0, 132.08
2026/08/07 12:54:49.505, 7, 0, 0, 132.46
2026/08/07 12:54:50.005, 0, 72558, 100, 961.69
2026/08/07 12:54:50.005, 1, 73718, 100, 971.87
2026/08/07 12:54:50.005, 2, 73720, 100, 955.09
2026/08/07 12:54:50.005, 3, 73720, 100, 960.72
2026/08/07 12:54:50.005, 4, 0, 0, 134.25
2026/08/07 12:54:50.005, 5, 0, 0, 133.78
2026/08/07 12:54:50.005, 6, 0, 0, 132.04
2026/08/07 12:54:50.005, 7, 0, 0, 132.43
2026/08/07 12:54:50.505, 0, 72558, 100, 958.21
2026/08/07 12:54:50.505, 1, 73718, 100, 968.57
2026/08/07 12:54:50.505, 2, 73720, 100, 951.17
2026/08/07 12:54:50.505, 3, 73720, 100, 957.12
2026/08/07 12:54:50.505, 4, 0, 0, 134.25
2026/08/07 12:54:50.505, 5, 0, 0, 133.98
2026/08/07 12:54:50.505, 6, 0, 0, 131.81
2026/08/07 12:54:50.505, 7, 0, 0, 132.43
2026/08/07 12:54:51.005, 0, 72558, 100, 956.17
2026/08/07 12:54:51.005, 1, 73718, 100, 961.46
2026/08/07 12:54:51.005, 2, 73720, 100, 942.44
2026/08/07 12:54:51.005, 3, 73720, 100, 952.66
2026/08/07 12:54:51.005, 4, 0, 0, 134.24
2026/08/07 12:54:51.005, 5, 0, 0, 134.05
2026/08/07 12:54:51.005, 6, 0, 0, 131.70
2026/08/07 12:54:51.005, 7, 0, 0, 132.62
2026/08/07 12:54:51.506, 0, 72558, 100, 953.46
2026/08/07 12:54:51.506, 1, 73718, 100, 959.31
2026/08/07 12:54:51.506, 2, 73720, 100, 939.65
2026/08/07 12:54:51.506, 3, 73720, 100, 949.27
2026/08/07 12:54:51.506, 4, 0, 0, 134.24
2026/08/07 12:54:51.506, 5, 0, 0, 134.13
2026/08/07 12:54:51.506, 6, 0, 0, 131.64
2026/08/07 12:54:51.506, 7, 0, 0, 132.74
2026/08/07 12:54:52.006, 0, 72558, 100, 948.39
2026/08/07 12:54:52.006, 1, 73718, 100, 950.84
2026/08/07 12:54:52.006, 2, 73720, 100, 935.60
2026/08/07 12:54:52.006, 3, 73720, 100, 941.59
2026/08/07 12:54:52.006, 4, 0, 0, 134.24
2026/08/07 12:54:52.006, 5, 0, 0, 134.05
2026/08/07 12:54:52.006, 6, 0, 0, 131.81
2026/08/07 12:54:52.006, 7, 0, 0, 132.58
2026/08/07 12:54:52.506, 0, 72558, 100, 942.41
2026/08/07 12:54:52.506, 1, 73718, 100, 945.81
2026/08/07 12:54:52.506, 2, 73720, 100, 930.92
2026/08/07 12:54:52.506, 3, 73720, 100, 944.94
2026/08/07 12:54:52.506, 4, 0, 0, 134.24
2026/08/07 12:54:52.506, 5, 0, 0, 133.82
2026/08/07 12:54:52.506, 6, 0, 0, 131.87
2026/08/07 12:54:52.506, 7, 0, 0, 132.46
2026/08/07 12:54:53.006, 0, 72558, 100, 950.96
2026/08/07 12:54:53.006, 1, 73718, 100, 958.72
2026/08/07 12:54:53.006, 2, 73720, 100, 938.62
2026/08/07 12:54:53.006, 3, 73720, 100, 950.53
2026/08/07 12:54:53.006, 4, 0, 0, 134.25
2026/08/07 12:54:53.006, 5, 0, 0, 133.86
2026/08/07 12:54:53.006, 6, 0, 0, 131.78
2026/08/07 12:54:53.006, 7, 0, 0, 132.46
2026/08/07 12:54:53.506, 0, 72558, 100, 957.46
2026/08/07 12:54:53.506, 1, 73718, 100, 963.74
2026/08/07 12:54:53.506, 2, 73720, 100, 953.10
2026/08/07 12:54:53.506, 3, 73720, 100, 960.55
2026/08/07 12:54:53.506, 4, 0, 0, 134.32
2026/08/07 12:54:53.506, 5, 0, 0, 133.98
2026/08/07 12:54:53.506, 6, 0, 0, 132.01
2026/08/07 12:54:53.506, 7, 0, 0, 132.54
2026/08/07 12:54:54.006, 0, 72558, 100, 962.41
2026/08/07 12:54:54.006, 1, 73718, 100, 971.03
2026/08/07 12:54:54.006, 2, 73720, 100, 951.95
2026/08/07 12:54:54.006, 3, 73720, 100, 959.12
2026/08/07 12:54:54.006, 4, 0, 0, 134.32
2026/08/07 12:54:54.006, 5, 0, 0, 133.90
2026/08/07 12:54:54.006, 6, 0, 0, 132.05
2026/08/07 12:54:54.006, 7, 0, 0, 132.50
2026/08/07 12:54:54.506, 0, 72558, 100, 959.01
2026/08/07 12:54:54.507, 1, 73718, 100, 969.82
2026/08/07 12:54:54.507, 2, 73720, 100, 945.76
2026/08/07 12:54:54.507, 3, 73720, 100, 955.20
2026/08/07 12:54:54.507, 4, 0, 0, 134.25
2026/08/07 12:54:54.507, 5, 0, 0, 133.86
2026/08/07 12:54:54.507, 6, 0, 0, 131.95
2026/08/07 12:54:54.507, 7, 0, 0, 132.43
2026/08/07 12:54:55.007, 0, 72558, 100, 951.95
2026/08/07 12:54:55.007, 1, 73718, 100, 962.75
2026/08/07 12:54:55.007, 2, 73720, 100, 942.91
2026/08/07 12:54:55.007, 3, 73720, 100, 952.27
2026/08/07 12:54:55.007, 4, 0, 0, 134.25
2026/08/07 12:54:55.007, 5, 0, 0, 133.90
2026/08/07 12:54:55.007, 6, 0, 0, 131.95
2026/08/07 12:54:55.007, 7, 0, 0, 132.50
2026/08/07 12:54:55.507, 0, 72558, 100, 949.64
2026/08/07 12:54:55.507, 1, 73718, 100, 958.47
2026/08/07 12:54:55.507, 2, 73720, 100, 939.84
2026/08/07 12:54:55.507, 3, 73720, 100, 952.39
2026/08/07 12:54:55.507, 4, 0, 0, 134.24
2026/08/07 12:54:55.507, 5, 0, 0, 133.90
2026/08/07 12:54:55.507, 6, 0, 0, 132.10
2026/08/07 12:54:55.507, 7, 0, 0, 132.54
2026/08/07 12:54:56.007, 0, 72558, 100, 948.05
2026/08/07 12:54:56.007, 1, 73718, 100, 959.22
2026/08/07 12:54:56.007, 2, 73720, 100, 939.33
2026/08/07 12:54:56.007, 3, 73720, 100, 953.69
2026/08/07 12:54:56.007, 4, 0, 0, 134.24
2026/08/07 12:54:56.007, 5, 0, 0, 133.93
2026/08/07 12:54:56.007, 6, 0, 0, 132.10
2026/08/07 12:54:56.007, 7, 0, 0, 132.58
2026/08/07 12:54:56.507, 0, 72558, 100, 946.49
2026/08/07 12:54:56.508, 1, 73718, 99, 961.08
2026/08/07 12:54:56.508, 2, 73720, 99, 933.40
2026/08/07 12:54:56.508, 3, 73720, 100, 944.51
2026/08/07 12:54:56.508, 4, 0, 0, 134.24
2026/08/07 12:54:56.508, 5, 0, 0, 133.90
2026/08/07 12:54:56.508, 6, 0, 0, 132.05
2026/08/07 12:54:56.508, 7, 0, 0, 132.62
2026/08/07 12:54:57.008, 0, 72558, 100, 939.83
2026/08/07 12:54:57.008, 1, 73718, 100, 959.55
2026/08/07 12:54:57.008, 2, 73720, 100, 934.53
2026/08/07 12:54:57.008, 3, 73720, 100, 947.49
2026/08/07 12:54:57.008, 4, 0, 0, 134.24
2026/08/07 12:54:57.008, 5, 0, 0, 134.01
2026/08/07 12:54:57.008, 6, 0, 0, 132.04
2026/08/07 12:54:57.008, 7, 0, 0, 132.54
2026/08/07 12:54:57.508, 0, 72558, 100, 952.70
2026/08/07 12:54:57.508, 1, 73718, 100, 968.76
2026/08/07 12:54:57.508, 2, 73720, 100, 944.13
2026/08/07 12:54:57.508, 3, 73720, 100, 955.17
2026/08/07 12:54:57.508, 4, 0, 0, 134.24
2026/08/07 12:54:57.508, 5, 0, 0, 134.09
2026/08/07 12:54:57.508, 6, 0, 0, 132.00
2026/08/07 12:54:57.508, 7, 0, 0, 132.46
2026/08/07 12:54:58.008, 0, 72558, 100, 961.08
2026/08/07 12:54:58.008, 1, 73718, 100, 972.67
2026/08/07 12:54:58.008, 2, 73720, 100, 951.12
2026/08/07 12:54:58.008, 3, 73720, 100, 961.44
2026/08/07 12:54:58.008, 4, 0, 0, 134.25
2026/08/07 12:54:58.008, 5, 0, 0, 134.09
2026/08/07 12:54:58.008, 6, 0, 0, 131.98
2026/08/07 12:54:58.008, 7, 0, 0, 132.54
2026/08/07 12:54:58.508, 0, 72558, 100, 958.43
2026/08/07 12:54:58.508, 1, 73718, 100, 973.29
2026/08/07 12:54:58.508, 2, 73720, 100, 951.94
2026/08/07 12:54:58.508, 3, 73720, 100, 961.95
2026/08/07 12:54:58.508, 4, 0, 0, 134.32
2026/08/07 12:54:58.508, 5, 0, 0, 134.02
2026/08/07 12:54:58.508, 6, 0, 0, 131.97
2026/08/07 12:54:58.508, 7, 0, 0, 132.50
2026/08/07 12:54:59.008, 0, 72558, 100, 955.20
2026/08/07 12:54:59.008, 1, 73718, 100, 962.75
2026/08/07 12:54:59.008, 2, 73720, 100, 948.26
2026/08/07 12:54:59.008, 3, 73720, 100, 953.18
2026/08/07 12:54:59.008, 4, 0, 0, 134.31
2026/08/07 12:54:59.008, 5, 0, 0, 133.86
2026/08/07 12:54:59.008, 6, 0, 0, 131.93
2026/08/07 12:54:59.008, 7, 0, 0, 132.50
2026/08/07 12:54:59.508, 0, 72558, 100, 957.45
2026/08/07 12:54:59.508, 1, 73718, 100, 959.74
2026/08/07 12:54:59.509, 2, 73720, 100, 944.67
2026/08/07 12:54:59.509, 3, 73720, 100, 949.57
2026/08/07 12:54:59.509, 4, 0, 0, 134.24
2026/08/07 12:54:59.509, 5, 0, 0, 133.70
2026/08/07 12:54:59.509, 6, 0, 0, 131.85
2026/08/07 12:54:59.509, 7, 0, 0, 132.54
2026/08/07 12:55:00.009, 0, 72558, 100, 956.32
2026/08/07 12:55:00.009, 1, 73718, 100, 961.80
2026/08/07 12:55:00.009, 2, 73720, 100, 941.66
2026/08/07 12:55:00.009, 3, 73720, 100, 950.49
2026/08/07 12:55:00.009, 4, 0, 0, 134.24
2026/08/07 12:55:00.009, 5, 0, 0, 133.93
2026/08/07 12:55:00.009, 6, 0, 0, 131.95
2026/08/07 12:55:00.009, 7, 0, 0, 132.54
2026/08/07 12:55:00.509, 0, 72558, 100, 946.73
2026/08/07 12:55:00.509, 1, 73718, 100, 956.70
2026/08/07 12:55:00.509, 2, 73720, 100, 946.49
2026/08/07 12:55:00.509, 3, 73720, 100, 954.60
2026/08/07 12:55:00.509, 4, 0, 0, 134.24
2026/08/07 12:55:00.509, 5, 0, 0, 134.13
2026/08/07 12:55:00.509, 6, 0, 0, 131.88
2026/08/07 12:55:00.509, 7, 0, 0, 132.54
2026/08/07 12:55:01.009, 0, 72558, 100, 942.82
2026/08/07 12:55:01.010, 1, 73718, 100, 953.40
2026/08/07 12:55:01.011, 2, 73720, 100, 941.24
2026/08/07 12:55:01.011, 3, 73720, 100, 950.56
2026/08/07 12:55:01.011, 4, 0, 0, 134.24
2026/08/07 12:55:01.011, 5, 0, 0, 134.21
2026/08/07 12:55:01.011, 6, 0, 0, 131.90
2026/08/07 12:55:01.011, 7, 0, 0, 132.54
2026/08/07 12:55:01.511, 0, 72558, 100, 943.22
2026/08/07 12:55:01.511, 1, 73718, 100, 952.47
2026/08/07 12:55:01.511, 2, 73720, 100, 940.30
2026/08/07 12:55:01.511, 3, 73720, 100, 954.66
2026/08/07 12:55:01.511, 4, 0, 0, 134.24
2026/08/07 12:55:01.511, 5, 0, 0, 134.21
2026/08/07 12:55:01.511, 6, 0, 0, 132.06
2026/08/07 12:55:01.511, 7, 0, 0, 132.58
2026/08/07 12:55:02.011, 0, 72558, 100, 955.87
2026/08/07 12:55:02.011, 1, 73718, 100, 967.45
2026/08/07 12:55:02.011, 2, 73720, 100, 944.80
2026/08/07 12:55:02.011, 3, 73720, 100, 958.24
2026/08/07 12:55:02.011, 4, 0, 0, 134.24
2026/08/07 12:55:02.011, 5, 0, 0, 133.93
2026/08/07 12:55:02.012, 6, 0, 0, 131.90
2026/08/07 12:55:02.012, 7, 0, 0, 132.58
2026/08/07 12:55:02.512, 0, 72558, 100, 959.45
2026/08/07 12:55:02.512, 1, 73718, 100, 971.56
2026/08/07 12:55:02.512, 2, 73720, 100, 952.24
2026/08/07 12:55:02.512, 3, 73720, 100, 957.81
2026/08/07 12:55:02.512, 4, 0, 0, 134.24
2026/08/07 12:55:02.512, 5, 0, 0, 133.86
2026/08/07 12:55:02.512, 6, 0, 0, 131.95
2026/08/07 12:55:02.512, 7, 0, 0, 132.54
2026/08/07 12:55:03.012, 0, 72558, 100, 949.25
2026/08/07 12:55:03.012, 1, 73718, 100, 964.21
2026/08/07 12:55:03.012, 2, 73720, 100, 953.80
2026/08/07 12:55:03.012, 3, 73720, 100, 960.32
2026/08/07 12:55:03.012, 4, 0, 0, 134.25
2026/08/07 12:55:03.012, 5, 0, 0, 133.82
2026/08/07 12:55:03.012, 6, 0, 0, 131.99
2026/08/07 12:55:03.012, 7, 0, 0, 132.58
2026/08/07 12:55:03.512, 0, 72558, 100, 950.08
2026/08/07 12:55:03.512, 1, 73718, 100, 962.09
2026/08/07 12:55:03.514, 2, 73720, 100, 945.39
2026/08/07 12:55:03.515, 3, 73720, 100, 953.43
2026/08/07 12:55:03.517, 4, 0, 0, 134.32
2026/08/07 12:55:03.518, 5, 0, 0, 133.90
2026/08/07 12:55:03.519, 6, 0, 0, 132.01
2026/08/07 12:55:03.520, 7, 0, 0, 132.50
2026/08/07 12:55:04.021, 0, 72558, 100, 950.01
2026/08/07 12:55:04.021, 1, 73718, 100, 963.15
2026/08/07 12:55:04.021, 2, 73720, 100, 942.86
2026/08/07 12:55:04.021, 3, 73720, 100, 951.54
2026/08/07 12:55:04.021, 4, 0, 0, 134.32
2026/08/07 12:55:04.021, 5, 0, 0, 134.05
2026/08/07 12:55:04.021, 6, 0, 0, 132.16
2026/08/07 12:55:04.021, 7, 0, 0, 132.50
2026/08/07 12:55:04.521, 0, 72558, 100, 952.03
2026/08/07 12:55:04.521, 1, 73718, 100, 963.02
2026/08/07 12:55:04.521, 2, 73720, 100, 941.93
2026/08/07 12:55:04.521, 3, 73720, 100, 952.64
2026/08/07 12:55:04.521, 4, 0, 0, 134.24
2026/08/07 12:55:04.521, 5, 0, 0, 134.05
2026/08/07 12:55:04.521, 6, 0, 0, 132.08
2026/08/07 12:55:04.521, 7, 0, 0, 132.50
2026/08/07 12:55:05.021, 0, 72558, 100, 946.62
2026/08/07 12:55:05.022, 1, 73718, 99, 956.33
2026/08/07 12:55:05.023, 2, 73720, 99, 938.18
2026/08/07 12:55:05.024, 3, 73720, 100, 939.05
2026/08/07 12:55:05.025, 4, 0, 0, 134.24
2026/08/07 12:55:05.027, 5, 0, 0, 134.13
2026/08/07 12:55:05.028, 6, 0, 0, 132.04
2026/08/07 12:55:05.029, 7, 0, 0, 132.39
2026/08/07 12:55:05.531, 0, 72558, 100, 942.86
2026/08/07 12:55:05.531, 1, 73718, 100, 954.74
2026/08/07 12:55:05.531, 2, 73720, 100, 936.70
2026/08/07 12:55:05.531, 3, 73720, 100, 938.39
2026/08/07 12:55:05.531, 4, 0, 0, 134.25
2026/08/07 12:55:05.531, 5, 0, 0, 134.05
2026/08/07 12:55:05.531, 6, 0, 0, 131.97
2026/08/07 12:55:05.531, 7, 0, 0, 132.43
2026/08/07 12:55:06.031, 0, 72558, 100, 950.60
2026/08/07 12:55:06.032, 1, 73718, 100, 961.00
2026/08/07 12:55:06.032, 2, 73720, 100, 942.76
2026/08/07 12:55:06.032, 3, 73720, 100, 949.26
2026/08/07 12:55:06.033, 4, 0, 0, 134.24
2026/08/07 12:55:06.033, 5, 0, 0, 133.94
2026/08/07 12:55:06.034, 6, 0, 0, 131.87
2026/08/07 12:55:06.035, 7, 0, 0, 132.62
2026/08/07 12:55:06.536, 0, 72558, 100, 962.09
2026/08/07 12:55:06.536, 1, 73718, 100, 962.94
2026/08/07 12:55:06.536, 2, 73720, 100, 947.22
2026/08/07 12:55:06.536, 3, 73720, 100, 957.00
2026/08/07 12:55:06.536, 4, 0, 0, 134.24
2026/08/07 12:55:06.536, 5, 0, 0, 133.90
2026/08/07 12:55:06.536, 6, 0, 0, 131.74
2026/08/07 12:55:06.536, 7, 0, 0, 132.65
2026/08/07 12:55:07.036, 0, 72558, 100, 962.19
2026/08/07 12:55:07.036, 1, 73718, 100, 965.19
2026/08/07 12:55:07.036, 2, 73720, 100, 947.63
2026/08/07 12:55:07.036, 3, 73720, 100, 955.76
2026/08/07 12:55:07.036, 4, 0, 0, 134.24
2026/08/07 12:55:07.036, 5, 0, 0, 133.86
2026/08/07 12:55:07.036, 6, 0, 0, 131.67
2026/08/07 12:55:07.036, 7, 0, 0, 132.51
2026/08/07 12:55:07.536, 0, 72558, 100, 954.91
2026/08/07 12:55:07.536, 1, 73718, 100, 964.16
2026/08/07 12:55:07.536, 2, 73720, 100, 944.02
2026/08/07 12:55:07.536, 3, 73720, 100, 955.43
2026/08/07 12:55:07.536, 4, 0, 0, 134.25
2026/08/07 12:55:07.536, 5, 0, 0, 133.86
2026/08/07 12:55:07.536, 6, 0, 0, 131.79
2026/08/07 12:55:07.536, 7, 0, 0, 132.58
2026/08/07 12:55:08.036, 0, 72558, 100, 950.09
2026/08/07 12:55:08.036, 1, 73718, 100, 962.16
2026/08/07 12:55:08.036, 2, 73720, 100, 939.24
2026/08/07 12:55:08.036, 3, 73720, 100, 952.24
2026/08/07 12:55:08.036, 4, 0, 0, 134.24
2026/08/07 12:55:08.036, 5, 0, 0, 133.90
2026/08/07 12:55:08.036, 6, 0, 0, 131.93
2026/08/07 12:55:08.036, 7, 0, 0, 132.50
2026/08/07 12:55:08.536, 0, 72558, 100, 949.30
2026/08/07 12:55:08.536, 1, 73718, 100, 960.45
2026/08/07 12:55:08.536, 2, 73720, 100, 935.19
2026/08/07 12:55:08.536, 3, 73720, 100, 946.46
2026/08/07 12:55:08.536, 4, 0, 0, 134.36
2026/08/07 12:55:08.536, 5, 0, 0, 133.82
2026/08/07 12:55:08.537, 6, 0, 0, 131.89
2026/08/07 12:55:08.537, 7, 0, 0, 132.50
2026/08/07 12:55:09.037, 0, 72558, 100, 946.01
2026/08/07 12:55:09.037, 1, 73718, 100, 956.19
2026/08/07 12:55:09.037, 2, 73720, 100, 936.92
2026/08/07 12:55:09.037, 3, 73720, 100, 949.30
2026/08/07 12:55:09.037, 4, 0, 0, 134.36
2026/08/07 12:55:09.037, 5, 0, 0, 133.94
2026/08/07 12:55:09.037, 6, 0, 0, 131.95
2026/08/07 12:55:09.037, 7, 0, 0, 132.43
2026/08/07 12:55:09.537, 0, 72558, 100, 946.66
2026/08/07 12:55:09.537, 1, 73718, 100, 955.50
2026/08/07 12:55:09.537, 2, 73720, 100, 932.46
2026/08/07 12:55:09.537, 3, 73720, 100, 944.66
2026/08/07 12:55:09.537, 4, 0, 0, 134.24
2026/08/07 12:55:09.537, 5, 0, 0, 133.98
2026/08/07 12:55:09.537, 6, 0, 0, 131.94
2026/08/07 12:55:09.537, 7, 0, 0, 132.46
2026/08/07 12:55:10.037, 0, 72558, 100, 947.54
2026/08/07 12:55:10.037, 1, 73718, 100, 954.28
2026/08/07 12:55:10.037, 2, 73720, 100, 935.23
2026/08/07 12:55:10.037, 3, 73720, 100, 944.99
2026/08/07 12:55:10.037, 4, 0, 0, 134.24
2026/08/07 12:55:10.037, 5, 0, 0, 133.86
2026/08/07 12:55:10.037, 6, 0, 0, 131.77
2026/08/07 12:55:10.037, 7, 0, 0, 132.50
2026/08/07 12:55:10.537, 0, 72558, 100, 957.45
2026/08/07 12:55:10.537, 1, 73718, 100, 962.68
2026/08/07 12:55:10.537, 2, 73720, 100, 946.08
2026/08/07 12:55:10.537, 3, 73720, 100, 955.73
2026/08/07 12:55:10.537, 4, 0, 0, 134.24
2026/08/07 12:55:10.537, 5, 0, 0, 133.97
2026/08/07 12:55:10.537, 6, 0, 0, 131.89
2026/08/07 12:55:10.537, 7, 0, 0, 132.43
2026/08/07 12:55:11.037, 0, 72558, 100, 965.70
2026/08/07 12:55:11.037, 1, 73718, 100, 967.29
2026/08/07 12:55:11.037, 2, 73720, 100, 948.45
2026/08/07 12:55:11.037, 3, 73720, 100, 956.29
2026/08/07 12:55:11.037, 4, 0, 0, 134.25
2026/08/07 12:55:11.037, 5, 0, 0, 134.02
2026/08/07 12:55:11.037, 6, 0, 0, 132.01
2026/08/07 12:55:11.037, 7, 0, 0, 132.50
2026/08/07 12:55:11.537, 0, 72558, 100, 958.96
2026/08/07 12:55:11.537, 1, 73718, 100, 965.50
2026/08/07 12:55:11.537, 2, 73720, 100, 952.65
2026/08/07 12:55:11.537, 3, 73720, 100, 958.85
2026/08/07 12:55:11.537, 4, 0, 0, 134.25
2026/08/07 12:55:11.538, 5, 0, 0, 134.05
2026/08/07 12:55:11.538, 6, 0, 0, 131.90
2026/08/07 12:55:11.538, 7, 0, 0, 132.58
2026/08/07 12:55:12.038, 0, 72558, 100, 955.56
2026/08/07 12:55:12.038, 1, 73718, 100, 965.98
2026/08/07 12:55:12.038, 2, 73720, 100, 947.90
2026/08/07 12:55:12.038, 3, 73720, 100, 954.82
2026/08/07 12:55:12.038, 4, 0, 0, 134.24
2026/08/07 12:55:12.038, 5, 0, 0, 134.05
2026/08/07 12:55:12.038, 6, 0, 0, 131.87
2026/08/07 12:55:12.038, 7, 0, 0, 132.46
2026/08/07 12:55:12.538, 0, 72558, 100, 954.22
2026/08/07 12:55:12.538, 1, 73718, 100, 962.28
2026/08/07 12:55:12.538, 2, 73720, 100, 947.98
2026/08/07 12:55:12.538, 3, 73720, 100, 953.51
2026/08/07 12:55:12.538, 4, 0, 0, 134.24
2026/08/07 12:55:12.538, 5, 0, 0, 134.05
2026/08/07 12:55:12.538, 6, 0, 0, 131.83
2026/08/07 12:55:12.538, 7, 0, 0, 132.39
2026/08/07 12:55:13.038, 0, 72558, 100, 954.41
2026/08/07 12:55:13.038, 1, 73718, 100, 963.12
2026/08/07 12:55:13.038, 2, 73720, 100, 940.17
2026/08/07 12:55:13.038, 3, 73720, 100, 950.03
2026/08/07 12:55:13.038, 4, 0, 0, 134.24
2026/08/07 12:55:13.038, 5, 0, 0, 133.98
2026/08/07 12:55:13.038, 6, 0, 0, 131.83
2026/08/07 12:55:13.038, 7, 0, 0, 132.39
2026/08/07 12:55:13.538, 0, 72558, 100, 945.02
2026/08/07 12:55:13.539, 1, 73718, 100, 948.13
2026/08/07 12:55:13.539, 2, 73720, 100, 937.03
2026/08/07 12:55:13.541, 3, 73720, 100, 943.49
2026/08/07 12:55:13.542, 4, 0, 0, 134.36
2026/08/07 12:55:13.543, 5, 0, 0, 133.94
2026/08/07 12:55:13.545, 6, 0, 0, 131.98
2026/08/07 12:55:13.546, 7, 0, 0, 132.43
2026/08/07 12:55:14.047, 0, 72558, 100, 934.79
2026/08/07 12:55:14.047, 1, 73718, 100, 946.46
2026/08/07 12:55:14.047, 2, 73720, 100, 943.54
2026/08/07 12:55:14.047, 3, 73720, 100, 943.67
2026/08/07 12:55:14.047, 4, 0, 0, 134.36
2026/08/07 12:55:14.047, 5, 0, 0, 134.01
2026/08/07 12:55:14.047, 6, 0, 0, 132.09
2026/08/07 12:55:14.047, 7, 0, 0, 132.46
2026/08/07 12:55:14.547, 0, 72558, 100, 945.68
2026/08/07 12:55:14.547, 1, 73718, 100, 958.95
2026/08/07 12:55:14.547, 2, 73720, 100, 943.49
2026/08/07 12:55:14.547, 3, 73720, 100, 945.66
2026/08/07 12:55:14.547, 4, 0, 0, 134.25
2026/08/07 12:55:14.547, 5, 0, 0, 134.06
2026/08/07 12:55:14.547, 6, 0, 0, 131.83
2026/08/07 12:55:14.547, 7, 0, 0, 132.54
2026/08/07 12:55:15.047, 0, 72558, 100, 958.70
2026/08/07 12:55:15.047, 1, 73718, 100, 967.54
2026/08/07 12:55:15.047, 2, 73720, 100, 947.61
2026/08/07 12:55:15.047, 3, 73720, 100, 957.22
2026/08/07 12:55:15.047, 4, 0, 0, 134.24
2026/08/07 12:55:15.047, 5, 0, 0, 134.05
2026/08/07 12:55:15.047, 6, 0, 0, 131.99
2026/08/07 12:55:15.047, 7, 0, 0, 132.54
2026/08/07 12:55:15.547, 0, 72558, 100, 964.53
2026/08/07 12:55:15.548, 1, 73718, 100, 970.37
2026/08/07 12:55:15.548, 2, 73720, 100, 946.35
2026/08/07 12:55:15.548, 3, 73720, 100, 954.75
2026/08/07 12:55:15.548, 4, 0, 0, 134.24
2026/08/07 12:55:15.548, 5, 0, 0, 133.90
2026/08/07 12:55:15.548, 6, 0, 0, 132.05
2026/08/07 12:55:15.548, 7, 0, 0, 132.43
2026/08/07 12:55:16.048, 0, 72558, 100, 960.83
2026/08/07 12:55:16.048, 1, 73718, 100, 964.63
2026/08/07 12:55:16.048, 2, 73720, 100, 942.45
2026/08/07 12:55:16.048, 3, 73720, 100, 947.24
2026/08/07 12:55:16.048, 4, 0, 0, 134.24
2026/08/07 12:55:16.048, 5, 0, 0, 133.86
2026/08/07 12:55:16.048, 6, 0, 0, 131.93
2026/08/07 12:55:16.048, 7, 0, 0, 132.62
2026/08/07 12:55:16.548, 0, 72558, 100, 954.30
2026/08/07 12:55:16.548, 1, 73718, 100, 964.39
2026/08/07 12:55:16.548, 2, 73720, 100, 939.07
2026/08/07 12:55:16.548, 3, 73720, 100, 952.91
2026/08/07 12:55:16.548, 4, 0, 0, 134.24
2026/08/07 12:55:16.548, 5, 0, 0, 133.90
2026/08/07 12:55:16.548, 6, 0, 0, 132.02
2026/08/07 12:55:16.548, 7, 0, 0, 132.65
2026/08/07 12:55:17.049, 0, 72558, 100, 951.26
2026/08/07 12:55:17.049, 1, 73718, 100, 960.62
2026/08/07 12:55:17.049, 2, 73720, 100, 939.24
2026/08/07 12:55:17.049, 3, 73720, 100, 948.89
2026/08/07 12:55:17.049, 4, 0, 0, 134.24
2026/08/07 12:55:17.049, 5, 0, 0, 133.70
2026/08/07 12:55:17.049, 6, 0, 0, 132.04
2026/08/07 12:55:17.049, 7, 0, 0, 132.50
2026/08/07 12:55:17.549, 0, 72558, 100, 946.59
2026/08/07 12:55:17.549, 1, 73718, 100, 956.38
2026/08/07 12:55:17.549, 2, 73720, 100, 942.20
2026/08/07 12:55:17.549, 3, 73720, 100, 950.83
2026/08/07 12:55:17.549, 4, 0, 0, 134.24
2026/08/07 12:55:17.549, 5, 0, 0, 133.78
2026/08/07 12:55:17.549, 6, 0, 0, 132.09
2026/08/07 12:55:17.549, 7, 0, 0, 132.51
2026/08/07 12:55:18.049, 0, 72558, 100, 949.54
2026/08/07 12:55:18.049, 1, 73718, 100, 962.23
2026/08/07 12:55:18.049, 2, 73720, 100, 936.80
2026/08/07 12:55:18.049, 3, 73720, 100, 946.98
2026/08/07 12:55:18.049, 4, 0, 0, 134.24
2026/08/07 12:55:18.049, 5, 0, 0, 133.94
2026/08/07 12:55:18.049, 6, 0, 0, 132.17
2026/08/07 12:55:18.049, 7, 0, 0, 132.46
2026/08/07 12:55:18.549, 0, 72558, 100, 949.60
2026/08/07 12:55:18.549, 1, 73718, 100, 960.79
2026/08/07 12:55:18.549, 2, 73720, 100, 938.86
2026/08/07 12:55:18.549, 3, 73720, 100, 947.18
2026/08/07 12:55:18.549, 4, 0, 0, 134.32
2026/08/07 12:55:18.549, 5, 0, 0, 134.02
2026/08/07 12:55:18.549, 6, 0, 0, 132.05
2026/08/07 12:55:18.549, 7, 0, 0, 132.46
2026/08/07 12:55:19.049, 0, 72558, 100, 953.29
2026/08/07 12:55:19.049, 1, 73718, 100, 967.74
2026/08/07 12:55:19.049, 2, 73720, 100, 941.21
2026/08/07 12:55:19.049, 3, 73720, 100, 961.16
2026/08/07 12:55:19.049, 4, 0, 0, 134.32
2026/08/07 12:55:19.049, 5, 0, 0, 134.05
2026/08/07 12:55:19.049, 6, 0, 0, 131.86
2026/08/07 12:55:19.049, 7, 0, 0, 132.50
2026/08/07 12:55:19.549, 0, 72558, 100, 957.04
2026/08/07 12:55:19.549, 1, 73718, 100, 972.39
2026/08/07 12:55:19.549, 2, 73720, 100, 947.41
2026/08/07 12:55:19.549, 3, 73720, 100, 961.83
2026/08/07 12:55:19.549, 4, 0, 0, 134.24
2026/08/07 12:55:19.549, 5, 0, 0, 133.86
2026/08/07 12:55:19.549, 6, 0, 0, 131.74
2026/08/07 12:55:19.549, 7, 0, 0, 132.46
2026/08/07 12:55:20.050, 0, 72558, 100, 959.74
2026/08/07 12:55:20.050, 1, 73718, 100, 968.67
2026/08/07 12:55:20.051, 2, 73720, 100, 953.99
2026/08/07 12:55:20.052, 3, 73720, 100, 961.52
2026/08/07 12:55:20.052, 4, 0, 0, 134.24
2026/08/07 12:55:20.052, 5, 0, 0, 133.90
2026/08/07 12:55:20.052, 6, 0, 0, 131.89
2026/08/07 12:55:20.052, 7, 0, 0, 132.39
2026/08/07 12:55:20.552, 0, 72558, 100, 958.55
2026/08/07 12:55:20.552, 1, 73718, 100, 965.74
2026/08/07 12:55:20.552, 2, 73720, 100, 943.00
2026/08/07 12:55:20.552, 3, 73720, 100, 955.35
2026/08/07 12:55:20.552, 4, 0, 0, 134.24
2026/08/07 12:55:20.552, 5, 0, 0, 134.05
2026/08/07 12:55:20.552, 6, 0, 0, 132.00
2026/08/07 12:55:20.552, 7, 0, 0, 132.43
2026/08/07 12:55:21.052, 0, 72558, 100, 953.71
2026/08/07 12:55:21.052, 1, 73718, 100, 961.03
2026/08/07 12:55:21.052, 2, 73720, 100, 936.48
2026/08/07 12:55:21.052, 3, 73720, 100, 953.59
2026/08/07 12:55:21.052, 4, 0, 0, 134.24
2026/08/07 12:55:21.052, 5, 0, 0, 133.94
2026/08/07 12:55:21.052, 6, 0, 0, 132.05
2026/08/07 12:55:21.052, 7, 0, 0, 132.62
2026/08/07 12:55:21.552, 0, 72558, 100, 951.61
2026/08/07 12:55:21.553, 1, 73718, 100, 959.79
2026/08/07 12:55:21.553, 2, 73720, 100, 940.54
2026/08/07 12:55:21.553, 3, 73720, 100, 950.23
2026/08/07 12:55:21.553, 4, 0, 0, 134.24
2026/08/07 12:55:21.553, 5, 0, 0, 133.90
2026/08/07 12:55:21.553, 6, 0, 0, 132.05
2026/08/07 12:55:21.553, 7, 0, 0, 132.62
2026/08/07 12:55:22.053, 0, 72558, 100, 941.41
2026/08/07 12:55:22.053, 1, 73718, 100, 957.35
2026/08/07 12:55:22.053, 2, 73720, 100, 938.75
2026/08/07 12:55:22.053, 3, 73720, 100, 948.48
2026/08/07 12:55:22.053, 4, 0, 0, 134.24
2026/08/07 12:55:22.053, 5, 0, 0, 134.05
2026/08/07 12:55:22.053, 6, 0, 0, 132.02
2026/08/07 12:55:22.053, 7, 0, 0, 132.47
2026/08/07 12:55:22.553, 0, 72558, 100, 933.30
2026/08/07 12:55:22.553, 1, 73718, 100, 952.79
2026/08/07 12:55:22.553, 2, 73720, 100, 931.57
2026/08/07 12:55:22.553, 3, 73720, 100, 942.96
2026/08/07 12:55:22.553, 4, 0, 0, 134.24
2026/08/07 12:55:22.553, 5, 0, 0, 134.05
2026/08/07 12:55:22.553, 6, 0, 0, 132.01
2026/08/07 12:55:22.553, 7, 0, 0, 132.46
2026/08/07 12:55:23.053, 0, 72558, 100, 941.55
2026/08/07 12:55:23.054, 1, 73718, 100, 952.09
2026/08/07 12:55:23.054, 2, 73720, 100, 935.99
2026/08/07 12:55:23.054, 3, 73720, 100, 940.99
2026/08/07 12:55:23.054, 4, 0, 0, 134.24
2026/08/07 12:55:23.054, 5, 0, 0, 133.86
2026/08/07 12:55:23.054, 6, 0, 0, 132.01
2026/08/07 12:55:23.054, 7, 0, 0, 132.46
2026/08/07 12:55:23.554, 0, 72558, 100, 957.50
2026/08/07 12:55:23.554, 1, 73718, 100, 959.69
2026/08/07 12:55:23.555, 2, 73720, 100, 946.78
2026/08/07 12:55:23.557, 3, 73720, 100, 957.45
2026/08/07 12:55:23.558, 4, 0, 0, 134.32
2026/08/07 12:55:23.559, 5, 0, 0, 133.75
2026/08/07 12:55:23.560, 6, 0, 0, 132.17
2026/08/07 12:55:23.560, 7, 0, 0, 132.46
2026/08/07 12:55:24.060, 0, 72558, 100, 961.75
2026/08/07 12:55:24.060, 1, 73718, 100, 964.56
2026/08/07 12:55:24.060, 2, 73720, 100, 949.48
2026/08/07 12:55:24.060, 3, 73720, 100, 960.58
2026/08/07 12:55:24.060, 4, 0, 0, 134.32
2026/08/07 12:55:24.061, 5, 0, 0, 133.79
2026/08/07 12:55:24.061, 6, 0, 0, 132.01
2026/08/07 12:55:24.061, 7, 0, 0, 132.50
2026/08/07 12:55:24.561, 0, 72558, 100, 955.41
2026/08/07 12:55:24.561, 1, 73718, 100, 965.29
2026/08/07 12:55:24.561, 2, 73720, 100, 948.60
2026/08/07 12:55:24.561, 3, 73720, 100, 957.52
2026/08/07 12:55:24.561, 4, 0, 0, 134.24
2026/08/07 12:55:24.561, 5, 0, 0, 133.93
2026/08/07 12:55:24.561, 6, 0, 0, 131.74
2026/08/07 12:55:24.561, 7, 0, 0, 132.50
2026/08/07 12:55:25.061, 0, 72558, 100, 953.66
2026/08/07 12:55:25.061, 1, 73718, 100, 968.74
2026/08/07 12:55:25.061, 2, 73720, 100, 941.24
2026/08/07 12:55:25.061, 3, 73720, 100, 956.38
2026/08/07 12:55:25.061, 4, 0, 0, 134.24
2026/08/07 12:55:25.061, 5, 0, 0, 134.02
2026/08/07 12:55:25.061, 6, 0, 0, 131.89
2026/08/07 12:55:25.061, 7, 0, 0, 132.43
2026/08/07 12:55:25.561, 0, 72558, 100, 947.51
2026/08/07 12:55:25.561, 1, 73718, 100, 963.57
2026/08/07 12:55:25.561, 2, 73720, 100, 941.65
2026/08/07 12:55:25.561, 3, 73720, 100, 954.78
2026/08/07 12:55:25.561, 4, 0, 0, 134.24
2026/08/07 12:55:25.561, 5, 0, 0, 134.02
2026/08/07 12:55:25.561, 6, 0, 0, 131.86
2026/08/07 12:55:25.561, 7, 0, 0, 132.54
2026/08/07 12:55:26.061, 0, 72558, 100, 944.18
2026/08/07 12:55:26.061, 1, 73718, 100, 956.40
2026/08/07 12:55:26.062, 2, 73720, 100, 945.34
2026/08/07 12:55:26.063, 3, 73720, 100, 952.91
2026/08/07 12:55:26.064, 4, 0, 0, 134.24
2026/08/07 12:55:26.065, 5, 0, 0, 134.05
2026/08/07 12:55:26.066, 6, 0, 0, 131.64
2026/08/07 12:55:26.067, 7, 0, 0, 132.66
2026/08/07 12:55:26.568, 0, 72558, 99, 941.99
2026/08/07 12:55:26.568, 1, 73718, 100, 951.05
2026/08/07 12:55:26.568, 2, 73720, 99, 935.38
2026/08/07 12:55:26.568, 3, 73720, 99, 944.54
2026/08/07 12:55:26.568, 4, 0, 0, 134.24
2026/08/07 12:55:26.568, 5, 0, 0, 134.17
2026/08/07 12:55:26.568, 6, 0, 0, 131.71
2026/08/07 12:55:26.568, 7, 0, 0, 132.54
2026/08/07 12:55:27.068, 0, 72558, 100, 939.06
2026/08/07 12:55:27.069, 1, 73718, 100, 953.71
2026/08/07 12:55:27.069, 2, 73720, 100, 935.45
2026/08/07 12:55:27.069, 3, 73720, 100, 947.48
2026/08/07 12:55:27.069, 4, 0, 0, 134.24
2026/08/07 12:55:27.069, 5, 0, 0, 134.05
2026/08/07 12:55:27.069, 6, 0, 0, 131.88
2026/08/07 12:55:27.069, 7, 0, 0, 132.43
2026/08/07 12:55:27.569, 0, 72558, 100, 950.93
2026/08/07 12:55:27.569, 1, 73718, 100, 967.26
2026/08/07 12:55:27.569, 2, 73720, 100, 943.19
2026/08/07 12:55:27.569, 3, 73720, 100, 955.56
2026/08/07 12:55:27.569, 4, 0, 0, 134.24
2026/08/07 12:55:27.569, 5, 0, 0, 133.71
2026/08/07 12:55:27.569, 6, 0, 0, 132.00
2026/08/07 12:55:27.569, 7, 0, 0, 132.47
2026/08/07 12:55:28.069, 0, 72558, 100, 956.78
2026/08/07 12:55:28.069, 1, 73718, 100, 969.81
2026/08/07 12:55:28.069, 2, 73720, 100, 949.69
2026/08/07 12:55:28.069, 3, 73720, 100, 957.38
2026/08/07 12:55:28.069, 4, 0, 0, 134.24
2026/08/07 12:55:28.069, 5, 0, 0, 133.59
2026/08/07 12:55:28.069, 6, 0, 0, 132.04
2026/08/07 12:55:28.069, 7, 0, 0, 132.50
2026/08/07 12:55:28.569, 0, 72558, 100, 958.76
2026/08/07 12:55:28.570, 1, 73718, 100, 968.72
2026/08/07 12:55:28.571, 2, 73720, 100, 951.67
2026/08/07 12:55:28.572, 3, 73720, 100, 953.61
2026/08/07 12:55:28.573, 4, 0, 0, 134.36
2026/08/07 12:55:28.573, 5, 0, 0, 133.82
2026/08/07 12:55:28.573, 6, 0, 0, 132.16
2026/08/07 12:55:28.573, 7, 0, 0, 132.46
2026/08/07 12:55:29.073, 0, 72558, 100, 956.90
2026/08/07 12:55:29.073, 1, 73718, 100, 962.91
2026/08/07 12:55:29.073, 2, 73720, 100, 947.16
2026/08/07 12:55:29.073, 3, 73720, 100, 948.78
2026/08/07 12:55:29.073, 4, 0, 0, 134.36
2026/08/07 12:55:29.073, 5, 0, 0, 133.98
2026/08/07 12:55:29.073, 6, 0, 0, 132.12
2026/08/07 12:55:29.073, 7, 0, 0, 132.43
2026/08/07 12:55:29.573, 0, 72558, 100, 950.06
2026/08/07 12:55:29.573, 1, 73718, 100, 959.81
2026/08/07 12:55:29.573, 2, 73720, 100, 943.74
2026/08/07 12:55:29.573, 3, 73720, 100, 950.89
2026/08/07 12:55:29.573, 4, 0, 0, 134.24
2026/08/07 12:55:29.573, 5, 0, 0, 133.94
2026/08/07 12:55:29.573, 6, 0, 0, 131.91
2026/08/07 12:55:29.573, 7, 0, 0, 132.46
2026/08/07 12:55:30.073, 0, 72558, 100, 943.12
2026/08/07 12:55:30.073, 1, 73718, 100, 959.16
2026/08/07 12:55:30.073, 2, 73720, 100, 941.04
2026/08/07 12:55:30.073, 3, 73720, 100, 947.66
2026/08/07 12:55:30.073, 4, 0, 0, 134.24
2026/08/07 12:55:30.073, 5, 0, 0, 133.90
2026/08/07 12:55:30.073, 6, 0, 0, 131.98
2026/08/07 12:55:30.073, 7, 0, 0, 132.46
2026/08/07 12:55:30.573, 0, 72558, 100, 943.22
2026/08/07 12:55:30.573, 1, 73718, 100, 959.38
2026/08/07 12:55:30.573, 2, 73720, 100, 938.31
2026/08/07 12:55:30.573, 3, 73720, 100, 950.29
2026/08/07 12:55:30.573, 4, 0, 0, 134.24
2026/08/07 12:55:30.573, 5, 0, 0, 133.98
2026/08/07 12:55:30.573, 6, 0, 0, 132.06
2026/08/07 12:55:30.573, 7, 0, 0, 132.47
2026/08/07 12:55:31.073, 0, 72558, 100, 939.66
2026/08/07 12:55:31.073, 1, 73718, 100, 955.56
2026/08/07 12:55:31.073, 2, 73720, 100, 932.88
2026/08/07 12:55:31.073, 3, 73720, 100, 938.83
2026/08/07 12:55:31.074, 4, 0, 0, 134.24
2026/08/07 12:55:31.074, 5, 0, 0, 134.05
2026/08/07 12:55:31.074, 6, 0, 0, 131.98
2026/08/07 12:55:31.074, 7, 0, 0, 132.66
2026/08/07 12:55:31.574, 0, 72558, 100, 948.60
2026/08/07 12:55:31.574, 1, 73718, 100, 951.29
2026/08/07 12:55:31.574, 2, 73720, 100, 932.39
2026/08/07 12:55:31.574, 3, 73720, 100, 941.97
2026/08/07 12:55:31.574, 4, 0, 0, 134.24
2026/08/07 12:55:31.574, 5, 0, 0, 133.93
2026/08/07 12:55:31.574, 6, 0, 0, 131.86
2026/08/07 12:55:31.574, 7, 0, 0, 132.62
2026/08/07 12:55:32.074, 0, 72558, 100, 955.29
2026/08/07 12:55:32.074, 1, 73718, 100, 956.41
2026/08/07 12:55:32.074, 2, 73720, 100, 939.07
2026/08/07 12:55:32.074, 3, 73720, 100, 959.55
2026/08/07 12:55:32.074, 4, 0, 0, 134.25
2026/08/07 12:55:32.074, 5, 0, 0, 133.83
2026/08/07 12:55:32.074, 6, 0, 0, 132.01
2026/08/07 12:55:32.074, 7, 0, 0, 132.50
2026/08/07 12:55:32.574, 0, 72558, 100, 953.82
2026/08/07 12:55:32.574, 1, 73718, 100, 963.30
2026/08/07 12:55:32.574, 2, 73720, 100, 941.49
2026/08/07 12:55:32.574, 3, 73720, 100, 958.39
2026/08/07 12:55:32.574, 4, 0, 0, 134.25
2026/08/07 12:55:32.574, 5, 0, 0, 133.87
2026/08/07 12:55:32.574, 6, 0, 0, 132.06
2026/08/07 12:55:32.574, 7, 0, 0, 132.54
2026/08/07 12:55:33.074, 0, 72558, 100, 957.11
2026/08/07 12:55:33.074, 1, 73718, 100, 962.26
2026/08/07 12:55:33.074, 2, 73720, 100, 944.84
2026/08/07 12:55:33.074, 3, 73720, 100, 955.48
2026/08/07 12:55:33.074, 4, 0, 0, 134.24
2026/08/07 12:55:33.074, 5, 0, 0, 133.98
2026/08/07 12:55:33.074, 6, 0, 0, 132.08
2026/08/07 12:55:33.074, 7, 0, 0, 132.46
2026/08/07 12:55:33.574, 0, 72558, 100, 953.13
2026/08/07 12:55:33.574, 1, 73718, 100, 961.38
2026/08/07 12:55:33.574, 2, 73720, 100, 948.29
2026/08/07 12:55:33.574, 3, 73720, 100, 949.04
2026/08/07 12:55:33.574, 4, 0, 0, 134.36
2026/08/07 12:55:33.574, 5, 0, 0, 134.01
2026/08/07 12:55:33.574, 6, 0, 0, 132.12
2026/08/07 12:55:33.574, 7, 0, 0, 132.43
2026/08/07 12:55:34.074, 0, 72558, 100, 953.44
2026/08/07 12:55:34.074, 1, 73718, 100, 961.78
2026/08/07 12:55:34.074, 2, 73720, 100, 943.82
2026/08/07 12:55:34.074, 3, 73720, 100, 948.18
2026/08/07 12:55:34.074, 4, 0, 0, 134.36
2026/08/07 12:55:34.074, 5, 0, 0, 133.86
2026/08/07 12:55:34.074, 6, 0, 0, 131.94
2026/08/07 12:55:34.075, 7, 0, 0, 132.46
2026/08/07 12:55:34.575, 0, 72558, 100, 952.77
2026/08/07 12:55:34.575, 1, 73718, 100, 959.28
2026/08/07 12:55:34.575, 2, 73720, 100, 944.45
2026/08/07 12:55:34.575, 3, 73720, 100, 949.91
2026/08/07 12:55:34.575, 4, 0, 0, 134.24
2026/08/07 12:55:34.575, 5, 0, 0, 133.94
2026/08/07 12:55:34.575, 6, 0, 0, 131.74
2026/08/07 12:55:34.575, 7, 0, 0, 132.46
2026/08/07 12:55:35.075, 0, 72558, 99, 938.43
2026/08/07 12:55:35.075, 1, 73718, 100, 951.00
2026/08/07 12:55:35.075, 2, 73720, 99, 942.68
2026/08/07 12:55:35.075, 3, 73720, 99, 943.53
2026/08/07 12:55:35.075, 4, 0, 0, 134.25
2026/08/07 12:55:35.075, 5, 0, 0, 134.05
2026/08/07 12:55:35.075, 6, 0, 0, 131.74
2026/08/07 12:55:35.075, 7, 0, 0, 132.43
2026/08/07 12:55:35.575, 0, 72558, 100, 938.55
2026/08/07 12:55:35.575, 1, 73718, 100, 944.28
2026/08/07 12:55:35.575, 2, 73720, 100, 941.35
2026/08/07 12:55:35.575, 3, 73720, 100, 939.63
2026/08/07 12:55:35.575, 4, 0, 0, 134.24
2026/08/07 12:55:35.575, 5, 0, 0, 133.93
2026/08/07 12:55:35.575, 6, 0, 0, 131.87
2026/08/07 12:55:35.575, 7, 0, 0, 132.43
2026/08/07 12:55:36.075, 0, 72558, 100, 951.63
2026/08/07 12:55:36.075, 1, 73718, 100, 961.75
2026/08/07 12:55:36.075, 2, 73720, 100, 948.86
2026/08/07 12:55:36.075, 3, 73720, 100, 948.04
2026/08/07 12:55:36.075, 4, 0, 0, 134.24
2026/08/07 12:55:36.075, 5, 0, 0, 134.05
2026/08/07 12:55:36.075, 6, 0, 0, 132.06
2026/08/07 12:55:36.075, 7, 0, 0, 132.58
2026/08/07 12:55:36.575, 0, 72558, 100, 963.40
2026/08/07 12:55:36.575, 1, 73718, 100, 970.39
2026/08/07 12:55:36.575, 2, 73720, 100, 949.72
2026/08/07 12:55:36.575, 3, 73720, 100, 954.93
2026/08/07 12:55:36.575, 4, 0, 0, 134.24
2026/08/07 12:55:36.575, 5, 0, 0, 134.13
2026/08/07 12:55:36.575, 6, 0, 0, 132.01
2026/08/07 12:55:36.575, 7, 0, 0, 132.58
2026/08/07 12:55:37.075, 0, 72558, 100, 959.85
2026/08/07 12:55:37.075, 1, 73718, 100, 966.45
2026/08/07 12:55:37.076, 2, 73720, 100, 949.94
2026/08/07 12:55:37.077, 3, 73720, 100, 953.41
2026/08/07 12:55:37.078, 4, 0, 0, 134.24
2026/08/07 12:55:37.078, 5, 0, 0, 133.94
2026/08/07 12:55:37.079, 6, 0, 0, 131.89
2026/08/07 12:55:37.079, 7, 0, 0, 132.50
2026/08/07 12:55:37.579, 0, 72558, 100, 956.81
2026/08/07 12:55:37.579, 1, 73718, 100, 966.60
2026/08/07 12:55:37.579, 2, 73720, 100, 944.70
2026/08/07 12:55:37.579, 3, 73720, 100, 952.24
2026/08/07 12:55:37.579, 4, 0, 0, 134.24
2026/08/07 12:55:37.579, 5, 0, 0, 133.90
2026/08/07 12:55:37.579, 6, 0, 0, 131.92
2026/08/07 12:55:37.579, 7, 0, 0, 132.51
2026/08/07 12:55:38.079, 0, 72558, 100, 949.69
2026/08/07 12:55:38.079, 1, 73718, 100, 960.23
2026/08/07 12:55:38.079, 2, 73720, 100, 935.72
2026/08/07 12:55:38.079, 3, 73720, 100, 952.06
2026/08/07 12:55:38.079, 4, 0, 0, 134.24
2026/08/07 12:55:38.079, 5, 0, 0, 133.82
2026/08/07 12:55:38.079, 6, 0, 0, 132.00
2026/08/07 12:55:38.079, 7, 0, 0, 132.47
2026/08/07 12:55:38.579, 0, 72558, 100, 942.12
2026/08/07 12:55:38.579, 1, 73718, 100, 955.99
2026/08/07 12:55:38.579, 2, 73720, 100, 937.65
2026/08/07 12:55:38.579, 3, 73720, 100, 947.78
2026/08/07 12:55:38.579, 4, 0, 0, 134.36
2026/08/07 12:55:38.579, 5, 0, 0, 133.83
2026/08/07 12:55:38.579, 6, 0, 0, 132.15
2026/08/07 12:55:38.579, 7, 0, 0, 132.50
2026/08/07 12:55:39.079, 0, 72558, 100, 942.76
2026/08/07 12:55:39.079, 1, 73718, 100, 957.15
2026/08/07 12:55:39.079, 2, 73720, 100, 941.84
2026/08/07 12:55:39.079, 3, 73720, 100, 950.69
2026/08/07 12:55:39.079, 4, 0, 0, 134.35
2026/08/07 12:55:39.079, 5, 0, 0, 134.02
2026/08/07 12:55:39.079, 6, 0, 0, 132.11
2026/08/07 12:55:39.079, 7, 0, 0, 132.43
2026/08/07 12:55:39.579, 0, 72558, 100, 901.20
2026/08/07 12:55:39.579, 1, 73718, 100, 929.97
2026/08/07 12:55:39.579, 2, 73720, 100, 896.23
2026/08/07 12:55:39.579, 3, 73720, 100, 916.31
2026/08/07 12:55:39.579, 4, 0, 0, 134.24
2026/08/07 12:55:39.579, 5, 0, 0, 133.94
2026/08/07 12:55:39.579, 6, 0, 0, 131.85
2026/08/07 12:55:39.579, 7, 0, 0, 132.43
2026/08/07 12:55:40.079, 0, 72558, 100, 849.26
2026/08/07 12:55:40.079, 1, 73718, 100, 874.77
2026/08/07 12:55:40.079, 2, 73720, 100, 838.04
2026/08/07 12:55:40.079, 3, 73720, 100, 860.98
2026/08/07 12:55:40.079, 4, 0, 0, 134.24
2026/08/07 12:55:40.079, 5, 0, 0, 133.94
2026/08/07 12:55:40.079, 6, 0, 0, 131.85
2026/08/07 12:55:40.079, 7, 0, 0, 132.46
2026/08/07 12:55:40.579, 0, 72558, 99, 771.96
2026/08/07 12:55:40.580, 1, 73718, 100, 837.03
2026/08/07 12:55:40.580, 2, 73720, 60, 762.32
2026/08/07 12:55:40.580, 3, 73720, 100, 825.33
2026/08/07 12:55:40.580, 4, 0, 0, 134.24
2026/08/07 12:55:40.580, 5, 0, 0, 134.06
2026/08/07 12:55:40.580, 6, 0, 0, 131.96
2026/08/07 12:55:40.580, 7, 0, 0, 132.46
2026/08/07 12:55:41.080, 0, 72558, 0, 462.45
2026/08/07 12:55:41.080, 1, 73718, 0, 530.71
2026/08/07 12:55:41.080, 2, 73720, 0, 448.70
2026/08/07 12:55:41.080, 3, 73720, 0, 517.47
2026/08/07 12:55:41.080, 4, 0, 0, 134.24
2026/08/07 12:55:41.080, 5, 0, 0, 134.06
2026/08/07 12:55:41.080, 6, 0, 0, 131.79
2026/08/07 12:55:41.080, 7, 0, 0, 132.66
2026/08/07 12:55:41.580, 0, 72558, 0, 204.88
2026/08/07 12:55:41.580, 1, 73718, 0, 221.97
2026/08/07 12:55:41.580, 2, 73720, 0, 199.05
2026/08/07 12:55:41.580, 3, 73720, 0, 219.14
2026/08/07 12:55:41.580, 4, 0, 0, 134.23
2026/08/07 12:55:41.580, 5, 0, 0, 133.94
2026/08/07 12:55:41.580, 6, 0, 0, 131.75
2026/08/07 12:55:41.580, 7, 0, 0, 132.70
2026/08/07 12:55:42.080, 0, 72558, 0, 203.90
2026/08/07 12:55:42.080, 1, 73718, 0, 209.55
2026/08/07 12:55:42.080, 2, 73720, 0, 198.35
2026/08/07 12:55:42.080, 3, 73720, 0, 215.48
2026/08/07 12:55:42.080, 4, 0, 0, 134.24
2026/08/07 12:55:42.080, 5, 0, 0, 133.90
2026/08/07 12:55:42.080, 6, 0, 0, 131.97
2026/08/07 12:55:42.080, 7, 0, 0, 132.51
2026/08/07 12:55:42.580, 0, 72558, 0, 203.16
2026/08/07 12:55:42.580, 1, 73718, 0, 208.81
2026/08/07 12:55:42.580, 2, 73720, 0, 198.07
2026/08/07 12:55:42.580, 3, 73720, 0, 214.37
2026/08/07 12:55:42.580, 4, 0, 0, 134.24
2026/08/07 12:55:42.580, 5, 0, 0, 133.97
2026/08/07 12:55:42.580, 6, 0, 0, 131.86
2026/08/07 12:55:42.580, 7, 0, 0, 132.46
2026/08/07 12:55:43.081, 0, 72558, 0, 202.35
2026/08/07 12:55:43.081, 1, 73718, 0, 207.98
2026/08/07 12:55:43.081, 2, 73720, 0, 197.38
2026/08/07 12:55:43.081, 3, 73720, 0, 213.56
2026/08/07 12:55:43.081, 4, 0, 0, 134.24
2026/08/07 12:55:43.081, 5, 0, 0, 134.01
2026/08/07 12:55:43.081, 6, 0, 0, 131.88
2026/08/07 12:55:43.081, 7, 0, 0, 132.46
